# metres; Z up; applied/baked transforms
mtllib low_grass_patch.mtl
o low_grass_patch
g blade_000
usemtl foliage
s 1
v 0.01413212 -0.01277388 0.00000000
v 0.02519951 0.02272121 0.00000000
v 0.02193390 0.00421656 0.00000000
v 0.12425845 -0.02994010 0.09545082
vn -0.65656877 0.11586817 0.74531337
vn -0.60419194 0.27743661 0.74698127
vn 0.62489072 -0.19484130 -0.75600824
vn 0.00000000 -0.00000000 1.00000000
vt 0.82400000 0.00000000
vt 0.90000000 1.00000000
vt 0.97600000 0.00000000
f 1/1/1 4/2/4 2/3/2
vt 0.90000000 0.00000000
vt 0.90000000 1.00000000
vt 0.82400000 0.00000000
f 3/4/3 4/5/4 1/6/1
vt 0.82400000 0.00000000
vt 0.97600000 0.00000000
vt 0.90000000 0.00000000
f 1/7/1 2/8/2 3/9/3
vt 0.90000000 0.00000000
vt 0.97600000 0.00000000
vt 0.90000000 1.00000000
f 3/10/3 2/11/2 4/12/4
g blade_001
usemtl foliage
s 1
v -0.38407556 0.30593817 0.00000000
v -0.41896515 0.29470085 0.00000000
v -0.40250535 0.30359357 0.00000000
v -0.43812444 0.42198883 0.20855467
vn 0.41106251 -0.76084752 0.50213410
vn 0.10894445 -0.85635950 0.50475689
vn -0.26182642 0.81291730 -0.52020418
vn -0.00000000 -0.00000000 1.00000000
vt 0.17600000 0.00000000
vt 0.02400000 0.00000000
vt 0.10000000 1.00000000
f 6/13/6 5/14/5 8/15/8
vt 0.10000000 1.00000000
vt 0.02400000 0.00000000
vt 0.10000000 0.00000000
f 8/16/8 5/17/5 7/18/7
vt 0.10000000 0.00000000
vt 0.17600000 0.00000000
vt 0.10000000 1.00000000
f 7/19/7 6/20/6 8/21/8
vt 0.02400000 0.00000000
vt 0.17600000 0.00000000
vt 0.10000000 0.00000000
f 5/22/5 6/23/6 7/24/7
g blade_002
usemtl foliage
s 1
v -0.32309391 -0.24444067 0.00000000
v -0.35985113 -0.25512158 0.00000000
v -0.34215118 -0.24728077 0.00000000
v -0.36463743 -0.16443503 0.18587232
vn 0.36844581 -0.83173495 0.41528865
vn 0.13398049 -0.89901784 0.41691264
vn -0.25198012 0.86716291 -0.42957480
vn -0.00000000 0.00000000 1.00000000
vt 0.17600000 0.00000000
vt 0.02400000 0.00000000
vt 0.10000000 1.00000000
f 10/25/10 9/26/9 12/27/12
vt 0.10000000 1.00000000
vt 0.02400000 0.00000000
vt 0.10000000 0.00000000
f 12/28/12 9/29/9 11/30/11
vt 0.10000000 0.00000000
vt 0.17600000 0.00000000
vt 0.10000000 1.00000000
f 11/31/11 10/32/10 12/33/12
vt 0.02400000 0.00000000
vt 0.17600000 0.00000000
vt 0.10000000 0.00000000
f 9/34/9 10/35/10 11/36/11
g blade_003
usemtl foliage
s 1
v 0.36376853 -0.33457120 0.00000000
v 0.34212442 -0.32721582 0.00000000
v 0.35364582 -0.32869036 0.00000000
v 0.36802375 -0.28339543 0.20047408
vn -0.12362918 -0.96598752 0.22712096
vn -0.48940532 -0.84241429 0.22543426
vn 0.31226170 0.91886861 -0.24119103
vn 0.00000000 0.00000000 1.00000000
vt 0.22400000 0.00000000
vt 0.30000000 1.00000000
vt 0.37600000 0.00000000
f 13/37/13 16/38/16 14/39/14
vt 0.37600000 0.00000000
vt 0.30000000 1.00000000
vt 0.30000000 0.00000000
f 14/40/14 16/41/16 15/42/15
vt 0.30000000 0.00000000
vt 0.22400000 0.00000000
vt 0.37600000 0.00000000
f 15/43/15 13/44/13 14/45/14
vt 0.30000000 1.00000000
vt 0.22400000 0.00000000
vt 0.30000000 0.00000000
f 16/46/16 13/47/13 15/48/15
g blade_004
usemtl foliage
s 1
v 0.38863320 0.34408495 0.00000000
v 0.37465586 0.31113787 0.00000000
v 0.37917790 0.32873170 0.00000000
v 0.28634039 0.37089647 0.13685868
vn 0.78088864 -0.20070735 0.59154839
vn 0.68473249 -0.42169256 0.59440458
vn -0.73131536 0.31025041 -0.60738993
vn -0.00000000 0.00000000 1.00000000
vt 0.57600000 0.00000000
vt 0.42400000 0.00000000
vt 0.50000000 1.00000000
f 18/49/18 17/50/17 20/51/20
vt 0.50000000 1.00000000
vt 0.42400000 0.00000000
vt 0.50000000 0.00000000
f 20/52/20 17/53/17 19/54/19
vt 0.50000000 0.00000000
vt 0.57600000 0.00000000
vt 0.50000000 1.00000000
f 19/55/19 18/56/18 20/57/20
vt 0.42400000 0.00000000
vt 0.57600000 0.00000000
vt 0.50000000 0.00000000
f 17/58/17 18/59/18 19/60/19
g blade_005
usemtl foliage
s 1
v 0.05204121 0.32969536 0.00000000
v 0.05732247 0.30486052 0.00000000
v 0.05127885 0.31650320 0.00000000
v -0.00423469 0.30386478 0.18698535
vn 0.85136093 0.44193400 0.28262856
vn 0.95818787 -0.05537298 0.28073091
vn -0.93074729 -0.19792793 -0.30746384
vn -0.00000000 -0.00000000 1.00000000
vt 0.50000000 1.00000000
vt 0.57600000 0.00000000
vt 0.42400000 0.00000000
f 24/61/24 22/62/22 21/63/21
vt 0.50000000 0.00000000
vt 0.57600000 0.00000000
vt 0.50000000 1.00000000
f 23/64/23 22/65/22 24/66/24
vt 0.50000000 1.00000000
vt 0.42400000 0.00000000
vt 0.50000000 0.00000000
f 24/67/24 21/68/21 23/69/23
vt 0.50000000 0.00000000
vt 0.42400000 0.00000000
vt 0.57600000 0.00000000
f 23/70/23 21/71/21 22/72/22
g blade_006
usemtl foliage
s 1
v -0.35952721 0.00552227 0.00000000
v -0.35069445 0.03937487 0.00000000
v -0.35193907 0.02156260 0.00000000
v -0.29572881 0.00586120 0.19355321
vn -0.95670948 0.06684948 0.28326333
vn -0.86649346 0.40990855 0.28489306
vn 0.92197251 -0.24055922 -0.30347644
vn -0.00000000 -0.00000000 1.00000000
vt 0.02400000 0.00000000
vt 0.10000000 1.00000000
vt 0.17600000 0.00000000
f 25/73/25 28/74/28 26/75/26
vt 0.10000000 0.00000000
vt 0.10000000 1.00000000
vt 0.02400000 0.00000000
f 27/76/27 28/77/28 25/78/25
vt 0.02400000 0.00000000
vt 0.17600000 0.00000000
vt 0.10000000 0.00000000
f 25/79/25 26/80/26 27/81/27
vt 0.10000000 0.00000000
vt 0.17600000 0.00000000
vt 0.10000000 1.00000000
f 27/82/27 26/83/26 28/84/28
g blade_007
usemtl foliage
s 1
v 0.39159839 -0.03319521 0.00000000
v 0.41507077 -0.01060300 0.00000000
v 0.40508829 -0.02384973 0.00000000
v 0.43944714 -0.06206664 0.18125394
vn -0.76938950 0.57979697 0.26809563
vn -0.54819854 0.79130655 0.27076246
vn 0.66461864 -0.69051125 -0.28544050
vn 0.00000000 0.00000000 1.00000000
vt 0.82400000 0.00000000
vt 0.90000000 1.00000000
vt 0.97600000 0.00000000
f 29/85/29 32/86/32 30/87/30
vt 0.90000000 0.00000000
vt 0.90000000 1.00000000
vt 0.82400000 0.00000000
f 31/88/31 32/89/32 29/90/29
vt 0.82400000 0.00000000
vt 0.97600000 0.00000000
vt 0.90000000 0.00000000
f 29/91/29 30/92/30 31/93/31
vt 0.90000000 0.00000000
vt 0.97600000 0.00000000
vt 0.90000000 1.00000000
f 31/94/31 30/95/30 32/96/32
g blade_008
usemtl foliage
s 1
v 0.01285247 -0.25597681 0.00000000
v 0.01271980 -0.28426710 0.00000000
v 0.01012340 -0.27010859 0.00000000
v -0.10163522 -0.26954748 0.13118436
vn 0.75419396 0.13830456 0.64192159
vn 0.75282296 -0.14538208 0.64196700
vn -0.75360240 0.00353418 -0.65732102
vn -0.00000000 0.00000000 1.00000000
vt 0.37600000 0.00000000
vt 0.22400000 0.00000000
vt 0.30000000 1.00000000
f 34/97/34 33/98/33 36/99/36
vt 0.30000000 1.00000000
vt 0.22400000 0.00000000
vt 0.30000000 0.00000000
f 36/100/36 33/101/33 35/102/35
vt 0.30000000 0.00000000
vt 0.37600000 0.00000000
vt 0.30000000 1.00000000
f 35/103/35 34/104/34 36/105/36
vt 0.22400000 0.00000000
vt 0.37600000 0.00000000
vt 0.30000000 0.00000000
f 33/106/33 34/107/34 35/108/35
g blade_009
usemtl foliage
s 1
v -0.19958310 0.25716174 0.00000000
v -0.17519417 0.24628088 0.00000000
v -0.18871424 0.24854031 0.00000000
v -0.20735905 0.20379929 0.17338926
vn 0.15904266 0.95168695 0.26267352
vn 0.60012131 0.75655979 0.25975314
vn -0.39031965 -0.87488264 -0.28675937
vn 0.00000000 -0.00000000 1.00000000
vt 0.50000000 1.00000000
vt 0.57600000 0.00000000
vt 0.42400000 0.00000000
f 40/109/40 38/110/38 37/111/37
vt 0.50000000 0.00000000
vt 0.57600000 0.00000000
vt 0.50000000 1.00000000
f 39/112/39 38/113/38 40/114/40
vt 0.50000000 1.00000000
vt 0.42400000 0.00000000
vt 0.50000000 0.00000000
f 40/115/40 37/116/37 39/117/39
vt 0.50000000 0.00000000
vt 0.42400000 0.00000000
vt 0.57600000 0.00000000
f 39/118/39 37/119/37 38/120/38
g blade_010
usemtl foliage
s 1
v 0.21381228 -0.15749257 0.00000000
v 0.24653887 -0.15586538 0.00000000
v 0.23029359 -0.15922009 0.00000000
v 0.23599412 -0.28196296 0.16532834
vn -0.16302907 0.78947164 0.59173985
vn 0.08400663 0.80145830 0.59212117
vn 0.03956356 -0.79571559 -0.60437689
vn 0.00000000 0.00000000 1.00000000
vt 0.90000000 1.00000000
vt 0.97600000 0.00000000
vt 0.82400000 0.00000000
f 44/121/44 42/122/42 41/123/41
vt 0.82400000 0.00000000
vt 0.97600000 0.00000000
vt 0.90000000 0.00000000
f 41/124/41 42/125/42 43/126/43
vt 0.90000000 0.00000000
vt 0.90000000 1.00000000
vt 0.82400000 0.00000000
f 43/127/43 44/128/44 41/129/41
vt 0.97600000 0.00000000
vt 0.90000000 1.00000000
vt 0.90000000 0.00000000
f 42/130/42 44/131/44 43/132/43
g blade_011
usemtl foliage
s 1
v 0.26535578 0.17072486 0.00000000
v 0.25091888 0.19788340 0.00000000
v 0.26008906 0.18541486 0.00000000
v 0.34542657 0.23398019 0.12989155
vn -0.64422542 -0.47380525 0.60040170
vn -0.75500537 -0.27068815 0.59723933
vn 0.69864299 0.37138388 -0.61153249
vn 0.00000000 -0.00000000 1.00000000
vt 0.42400000 0.00000000
vt 0.50000000 1.00000000
vt 0.57600000 0.00000000
f 45/133/45 48/134/48 46/135/46
vt 0.57600000 0.00000000
vt 0.50000000 1.00000000
vt 0.50000000 0.00000000
f 46/136/46 48/137/48 47/138/47
vt 0.50000000 0.00000000
vt 0.42400000 0.00000000
vt 0.57600000 0.00000000
f 47/139/47 45/140/45 46/141/46
vt 0.50000000 1.00000000
vt 0.42400000 0.00000000
vt 0.50000000 0.00000000
f 48/142/48 45/143/45 47/144/47
g blade_012
usemtl foliage
s 1
v -0.15270084 -0.25022317 0.00000000
v -0.17528939 -0.22955611 0.00000000
v -0.16205493 -0.23761941 0.00000000
v -0.13053102 -0.20073284 0.14594731
vn -0.49435540 -0.81139543 0.31184963
vn -0.76389765 -0.56693933 0.30828587
vn 0.63659086 0.69577679 -0.33263604
vn 0.00000000 0.00000000 1.00000000
vt 0.22400000 0.00000000
vt 0.30000000 1.00000000
vt 0.37600000 0.00000000
f 49/145/49 52/146/52 50/147/50
vt 0.37600000 0.00000000
vt 0.30000000 1.00000000
vt 0.30000000 0.00000000
f 50/148/50 52/149/52 51/150/51
vt 0.30000000 0.00000000
vt 0.22400000 0.00000000
vt 0.37600000 0.00000000
f 51/151/51 49/152/49 50/153/50
vt 0.30000000 1.00000000
vt 0.22400000 0.00000000
vt 0.30000000 0.00000000
f 52/154/52 49/155/49 51/156/51
g blade_013
usemtl foliage
s 1
v 0.45166012 0.15376623 0.00000000
v 0.43291392 0.17636974 0.00000000
v 0.44427901 0.16683664 0.00000000
v 0.48679953 0.20458990 0.18489421
vn -0.61483156 -0.73298406 0.29106102
vn -0.83387575 -0.47090583 0.28792173
vn 0.73273099 0.60768968 -0.30629813
vn 0.00000000 -0.00000000 1.00000000
vt 0.22400000 0.00000000
vt 0.30000000 1.00000000
vt 0.37600000 0.00000000
f 53/157/53 56/158/56 54/159/54
vt 0.37600000 0.00000000
vt 0.30000000 1.00000000
vt 0.30000000 0.00000000
f 54/160/54 56/161/56 55/162/55
vt 0.30000000 0.00000000
vt 0.22400000 0.00000000
vt 0.37600000 0.00000000
f 55/163/55 53/164/53 54/165/54
vt 0.30000000 1.00000000
vt 0.22400000 0.00000000
vt 0.30000000 0.00000000
f 56/166/56 53/167/53 55/168/55
g blade_014
usemtl foliage
s 1
v -0.15501991 -0.07436337 0.00000000
v -0.18791631 -0.07575134 0.00000000
v -0.17157022 -0.07246639 0.00000000
v -0.17497426 0.01390766 0.15448071
vn 0.17245220 -0.85813097 0.48360261
vn -0.09965253 -0.86942042 0.48391890
vn -0.03652277 0.86563326 -0.49934472
vn 0.00000000 0.00000000 1.00000000
vt 0.57600000 0.00000000
vt 0.42400000 0.00000000
vt 0.50000000 1.00000000
f 58/169/58 57/170/57 60/171/60
vt 0.50000000 0.00000000
vt 0.42400000 0.00000000
vt 0.57600000 0.00000000
f 59/172/59 57/173/57 58/174/58
vt 0.57600000 0.00000000
vt 0.50000000 1.00000000
vt 0.50000000 0.00000000
f 58/175/58 60/176/60 59/177/59
vt 0.50000000 0.00000000
vt 0.50000000 1.00000000
vt 0.42400000 0.00000000
f 59/178/59 60/179/60 57/180/57
g blade_015
usemtl foliage
s 1
v 0.15807028 -0.36536204 0.00000000
v 0.18845972 -0.38854151 0.00000000
v 0.17177721 -0.37904001 0.00000000
v 0.12122085 -0.45000000 0.16276678
vn 0.43682494 0.76696711 0.47004831
vn 0.62463656 0.62595890 0.46690965
vn -0.53122709 -0.69646514 -0.48242522
vn 0.00000000 0.00000000 1.00000000
vt 0.30000000 1.00000000
vt 0.37600000 0.00000000
vt 0.22400000 0.00000000
f 64/181/64 62/182/62 61/183/61
vt 0.30000000 0.00000000
vt 0.37600000 0.00000000
vt 0.30000000 1.00000000
f 63/184/63 62/185/62 64/186/64
vt 0.30000000 1.00000000
vt 0.22400000 0.00000000
vt 0.30000000 0.00000000
f 64/187/64 61/188/61 63/189/63
vt 0.30000000 0.00000000
vt 0.22400000 0.00000000
vt 0.37600000 0.00000000
f 63/190/63 61/191/61 62/192/62
g blade_016
usemtl foliage
s 1
v -0.14268725 0.11404026 0.00000000
v -0.11706705 0.08404537 0.00000000
v -0.13181503 0.09727074 0.00000000
v -0.19729644 0.03739211 0.17230237
vn 0.59415798 0.66256226 0.45605652
vn 0.74810859 0.48502262 0.45286488
vn -0.67187490 -0.57388331 -0.46823291
vn -0.00000000 0.00000000 1.00000000
vt 0.90000000 1.00000000
vt 0.97600000 0.00000000
vt 0.82400000 0.00000000
f 68/193/68 66/194/66 65/195/65
vt 0.90000000 0.00000000
vt 0.97600000 0.00000000
vt 0.90000000 1.00000000
f 67/196/67 66/197/66 68/198/68
vt 0.90000000 1.00000000
vt 0.82400000 0.00000000
vt 0.90000000 0.00000000
f 68/199/68 65/200/65 67/201/67
vt 0.90000000 0.00000000
vt 0.82400000 0.00000000
vt 0.97600000 0.00000000
f 67/202/67 65/203/65 66/204/66
g blade_017
usemtl foliage
s 1
v 0.10736367 0.16538261 0.00000000
v 0.09233890 0.18300100 0.00000000
v 0.10218283 0.17632045 0.00000000
v 0.13554224 0.20677684 0.21016706
vn -0.54966287 -0.80993927 0.20461940
vn -0.88524965 -0.41930911 0.20127821
vn 0.74155958 0.63239360 -0.22398152
vn 0.00000000 0.00000000 1.00000000
vt 0.22400000 0.00000000
vt 0.30000000 1.00000000
vt 0.37600000 0.00000000
f 69/205/69 72/206/72 70/207/70
vt 0.37600000 0.00000000
vt 0.30000000 1.00000000
vt 0.30000000 0.00000000
f 70/208/70 72/209/72 71/210/71
vt 0.30000000 0.00000000
vt 0.22400000 0.00000000
vt 0.37600000 0.00000000
f 71/211/71 69/212/69 70/213/70
vt 0.30000000 1.00000000
vt 0.22400000 0.00000000
vt 0.30000000 0.00000000
f 72/214/72 69/215/69 71/216/71
g blade_018
usemtl foliage
s 1
v -0.32249289 0.19474521 0.00000000
v -0.34885489 0.19404330 0.00000000
v -0.33573567 0.19687856 0.00000000
v -0.33769299 0.27557898 0.18219759
vn 0.19444637 -0.89973379 0.39072972
vn -0.14638776 -0.90869997 0.39094116
vn -0.02431073 0.91305394 -0.40711361
vn 0.00000000 0.00000000 1.00000000
vt 0.37600000 0.00000000
vt 0.22400000 0.00000000
vt 0.30000000 1.00000000
f 74/217/74 73/218/73 76/219/76
vt 0.30000000 0.00000000
vt 0.22400000 0.00000000
vt 0.37600000 0.00000000
f 75/220/75 73/221/73 74/222/74
vt 0.37600000 0.00000000
vt 0.30000000 1.00000000
vt 0.30000000 0.00000000
f 74/223/74 76/224/76 75/225/75
vt 0.30000000 0.00000000
vt 0.30000000 1.00000000
vt 0.22400000 0.00000000
f 75/226/75 76/227/76 73/228/73
g blade_019
usemtl foliage
s 1
v 0.16822232 0.03211318 0.00000000
v 0.19448667 0.02151765 0.00000000
v 0.18029968 0.02401619 0.00000000
v 0.15863078 -0.03348800 0.20269080
vn 0.16622492 0.94384063 0.28554183
vn 0.53407906 0.79662580 0.28310229
vn -0.35654478 -0.88380802 -0.30291783
vn -0.00000000 0.00000000 1.00000000
vt 0.90000000 1.00000000
vt 0.97600000 0.00000000
vt 0.82400000 0.00000000
f 80/229/80 78/230/78 77/231/77
vt 0.90000000 0.00000000
vt 0.97600000 0.00000000
vt 0.90000000 1.00000000
f 79/232/79 78/233/78 80/234/80
vt 0.90000000 1.00000000
vt 0.82400000 0.00000000
vt 0.90000000 0.00000000
f 80/235/80 77/236/77 79/237/79
vt 0.90000000 0.00000000
vt 0.82400000 0.00000000
vt 0.97600000 0.00000000
f 79/238/79 77/239/77 78/240/78
g blade_020
usemtl foliage
s 1
v 0.22296278 0.35923282 0.00000000
v 0.20189940 0.34719716 0.00000000
v 0.21117799 0.35556279 0.00000000
v 0.17398219 0.42525287 0.12806971
vn 0.57454495 -0.63724619 0.51362962
vn 0.25429852 -0.81657680 0.51820323
vn -0.41837568 0.73219165 -0.53745435
vn -0.00000000 0.00000000 1.00000000
vt 0.17600000 0.00000000
vt 0.02400000 0.00000000
vt 0.10000000 1.00000000
f 82/241/82 81/242/81 84/243/84
vt 0.10000000 1.00000000
vt 0.02400000 0.00000000
vt 0.10000000 0.00000000
f 84/244/84 81/245/81 83/246/83
vt 0.10000000 0.00000000
vt 0.17600000 0.00000000
vt 0.10000000 1.00000000
f 83/247/83 82/248/82 84/249/84
vt 0.02400000 0.00000000
vt 0.17600000 0.00000000
vt 0.10000000 0.00000000
f 81/250/81 82/251/82 83/252/83
g blade_021
usemtl foliage
s 1
v -0.26344528 -0.12852619 0.00000000
v -0.27716472 -0.15637029 0.00000000
v -0.27228039 -0.14140623 0.00000000
v -0.32164135 -0.11536837 0.14898738
vn 0.89180612 -0.29108924 0.34633640
vn 0.77287399 -0.53015532 0.34871354
vn -0.83587934 0.41185714 -0.36287660
vn -0.00000000 0.00000000 1.00000000
vt 0.17600000 0.00000000
vt 0.02400000 0.00000000
vt 0.10000000 1.00000000
f 86/253/86 85/254/85 88/255/88
vt 0.10000000 1.00000000
vt 0.02400000 0.00000000
vt 0.10000000 0.00000000
f 88/256/88 85/257/85 87/258/87
vt 0.10000000 0.00000000
vt 0.17600000 0.00000000
vt 0.10000000 1.00000000
f 87/259/87 86/260/86 88/261/88
vt 0.02400000 0.00000000
vt 0.17600000 0.00000000
vt 0.10000000 0.00000000
f 85/262/85 86/263/86 87/264/87
g blade_022
usemtl foliage
s 1
v 0.32330324 -0.11854514 0.00000000
v 0.35247202 -0.10423705 0.00000000
v 0.33939457 -0.11468001 0.00000000
v 0.38105224 -0.20559809 0.09343156
vn -0.43279984 0.54198414 0.72037316
vn -0.16104774 0.67047452 0.72424273
vn 0.29496151 -0.60131492 -0.74257529
vn -0.00000000 0.00000000 1.00000000
vt 0.82400000 0.00000000
vt 0.90000000 1.00000000
vt 0.97600000 0.00000000
f 89/265/89 92/266/92 90/267/90
vt 0.90000000 0.00000000
vt 0.90000000 1.00000000
vt 0.82400000 0.00000000
f 91/268/91 92/269/92 89/270/89
vt 0.82400000 0.00000000
vt 0.97600000 0.00000000
vt 0.90000000 0.00000000
f 89/271/89 90/272/90 91/273/91
vt 0.90000000 0.00000000
vt 0.97600000 0.00000000
vt 0.90000000 1.00000000
f 91/274/91 90/275/90 92/276/92
g blade_023
usemtl foliage
s 1
v -0.02650588 0.19096672 0.00000000
v -0.04882007 0.18190433 0.00000000
v -0.03860204 0.18891096 0.00000000
v -0.06290479 0.25297471 0.13172478
vn 0.50471989 -0.73605148 0.45109428
vn 0.14923539 -0.87810642 0.45459643
vn -0.33107371 0.81519767 -0.47522938
vn 0.00000000 -0.00000000 1.00000000
vt 0.97600000 0.00000000
vt 0.82400000 0.00000000
vt 0.90000000 1.00000000
f 94/277/94 93/278/93 96/279/96
vt 0.90000000 1.00000000
vt 0.82400000 0.00000000
vt 0.90000000 0.00000000
f 96/280/96 93/281/93 95/282/95
vt 0.90000000 0.00000000
vt 0.97600000 0.00000000
vt 0.90000000 1.00000000
f 95/283/95 94/284/94 96/285/96
vt 0.82400000 0.00000000
vt 0.97600000 0.00000000
vt 0.90000000 0.00000000
f 93/286/93 94/287/94 95/288/95
g blade_024
usemtl foliage
s 1
v 0.11010219 -0.10472768 0.00000000
v 0.12399256 -0.12580519 0.00000000
v 0.11431226 -0.11719613 0.00000000
v 0.06052439 -0.15514490 0.13179716
vn 0.59761579 0.67197873 0.43737851
vn 0.85455255 0.28854642 0.43183436
vn -0.73942014 -0.48728833 -0.46455133
vn -0.00000000 0.00000000 1.00000000
vt 0.50000000 1.00000000
vt 0.57600000 0.00000000
vt 0.42400000 0.00000000
f 100/289/100 98/290/98 97/291/97
vt 0.50000000 0.00000000
vt 0.57600000 0.00000000
vt 0.50000000 1.00000000
f 99/292/99 98/293/98 100/294/100
vt 0.50000000 1.00000000
vt 0.42400000 0.00000000
vt 0.50000000 0.00000000
f 100/295/100 97/296/97 99/297/99
vt 0.50000000 0.00000000
vt 0.42400000 0.00000000
vt 0.57600000 0.00000000
f 99/298/99 97/299/97 98/300/98
g blade_025
usemtl foliage
s 1
v -0.12912940 0.36693854 0.00000000
v -0.13386086 0.40289366 0.00000000
v -0.12916373 0.38524455 0.00000000
v -0.03928644 0.39790657 0.17985600
vn -0.86398915 -0.22994202 0.44793908
vn -0.89447958 -0.00167732 0.44710566
vn 0.88045286 0.11586187 -0.45975949
vn 0.00000000 0.00000000 1.00000000
vt 0.02400000 0.00000000
vt 0.10000000 1.00000000
vt 0.17600000 0.00000000
f 101/301/101 104/302/104 102/303/102
vt 0.17600000 0.00000000
vt 0.10000000 1.00000000
vt 0.10000000 0.00000000
f 102/304/102 104/305/104 103/306/103
vt 0.10000000 0.00000000
vt 0.02400000 0.00000000
vt 0.17600000 0.00000000
f 103/307/103 101/308/101 102/309/102
vt 0.10000000 1.00000000
vt 0.02400000 0.00000000
vt 0.10000000 0.00000000
f 104/310/104 101/311/101 103/312/103
g blade_026
usemtl foliage
s 1
v -0.37342737 -0.12273183 0.00000000
v -0.37961409 -0.16066307 0.00000000
v -0.37998432 -0.14109265 0.00000000
v -0.43549469 -0.13139970 0.12802919
vn 0.91781519 0.01736304 0.39662803
vn 0.86396640 -0.30853637 0.39795399
vn -0.89405540 0.14582357 -0.42355688
vn 0.00000000 0.00000000 1.00000000
vt 0.57600000 0.00000000
vt 0.42400000 0.00000000
vt 0.50000000 1.00000000
f 106/313/106 105/314/105 108/315/108
vt 0.50000000 1.00000000
vt 0.42400000 0.00000000
vt 0.50000000 0.00000000
f 108/316/108 105/317/105 107/318/107
vt 0.50000000 0.00000000
vt 0.57600000 0.00000000
vt 0.50000000 1.00000000
f 107/319/107 106/320/106 108/321/108
vt 0.42400000 0.00000000
vt 0.57600000 0.00000000
vt 0.50000000 0.00000000
f 105/322/105 106/323/106 107/324/107
g blade_027
usemtl foliage
s 1
v -0.06259457 -0.13331851 0.00000000
v -0.04583114 -0.16137876 0.00000000
v -0.05597335 -0.14847459 0.00000000
v -0.13630868 -0.19985490 0.20245075
vn 0.71187542 0.55950822 0.42448078
vn 0.83085547 0.36297522 0.42181533
vn -0.77359140 -0.46215010 -0.43355926
vn 0.00000000 0.00000000 1.00000000
vt 0.90000000 1.00000000
vt 0.97600000 0.00000000
vt 0.82400000 0.00000000
f 112/325/112 110/326/110 109/327/109
vt 0.90000000 0.00000000
vt 0.97600000 0.00000000
vt 0.90000000 1.00000000
f 111/328/111 110/329/110 112/330/112
vt 0.90000000 1.00000000
vt 0.82400000 0.00000000
vt 0.90000000 0.00000000
f 112/331/112 109/332/109 111/333/111
vt 0.90000000 0.00000000
vt 0.82400000 0.00000000
vt 0.97600000 0.00000000
f 111/334/111 109/335/109 110/336/110
g blade_028
usemtl foliage
s 1
v -0.16761097 -0.37327850 0.00000000
v -0.15434584 -0.34542998 0.00000000
v -0.15795248 -0.36089732 0.00000000
v -0.07640636 -0.40248180 0.12372737
vn -0.79101366 0.18444650 0.58333257
vn -0.63792939 0.49764534 0.58770334
vn 0.71636087 -0.34122530 -0.60859872
vn 0.00000000 -0.00000000 1.00000000
vt 0.22400000 0.00000000
vt 0.30000000 1.00000000
vt 0.37600000 0.00000000
f 113/337/113 116/338/116 114/339/114
vt 0.30000000 0.00000000
vt 0.30000000 1.00000000
vt 0.22400000 0.00000000
f 115/340/115 116/341/116 113/342/113
vt 0.22400000 0.00000000
vt 0.37600000 0.00000000
vt 0.30000000 0.00000000
f 113/343/113 114/344/114 115/345/115
vt 0.30000000 0.00000000
vt 0.37600000 0.00000000
vt 0.30000000 1.00000000
f 115/346/115 114/347/114 116/348/116
g blade_029
usemtl foliage
s 1
v 0.23732770 -0.29653398 0.00000000
v 0.26890998 -0.30919960 0.00000000
v 0.25219786 -0.30532538 0.00000000
v 0.21893976 -0.39410903 0.19722601
vn 0.20386169 0.87939134 0.43024561
vn 0.45999578 0.77805743 0.42782067
vn -0.33373455 -0.83218159 -0.44282621
vn -0.00000000 0.00000000 1.00000000
vt 0.30000000 1.00000000
vt 0.37600000 0.00000000
vt 0.22400000 0.00000000
f 120/349/120 118/350/118 117/351/117
vt 0.30000000 0.00000000
vt 0.37600000 0.00000000
vt 0.30000000 1.00000000
f 119/352/119 118/353/118 120/354/120
vt 0.30000000 1.00000000
vt 0.22400000 0.00000000
vt 0.30000000 0.00000000
f 120/355/120 117/356/117 119/357/119
vt 0.30000000 0.00000000
vt 0.22400000 0.00000000
vt 0.37600000 0.00000000
f 119/358/119 117/359/117 118/360/118
g blade_030
usemtl foliage
s 1
v -0.09205498 -0.04503412 0.00000000
v -0.07365723 -0.06655994 0.00000000
v -0.08439913 -0.05720891 0.00000000
v -0.15889609 -0.12537399 0.16351263
vn 0.55964044 0.64288122 0.52297832
vn 0.72346332 0.45493361 0.51926509
vn -0.64318867 -0.54972213 -0.53302337
vn -0.00000000 0.00000000 1.00000000
vt 0.30000000 1.00000000
vt 0.37600000 0.00000000
vt 0.22400000 0.00000000
f 124/361/124 122/362/122 121/363/121
vt 0.30000000 0.00000000
vt 0.37600000 0.00000000
vt 0.30000000 1.00000000
f 123/364/123 122/365/122 124/366/124
vt 0.30000000 1.00000000
vt 0.22400000 0.00000000
vt 0.30000000 0.00000000
f 124/367/124 121/368/121 123/369/123
vt 0.30000000 0.00000000
vt 0.22400000 0.00000000
vt 0.37600000 0.00000000
f 123/370/123 121/371/121 122/372/122
g blade_031
usemtl foliage
s 1
v -0.26247038 -0.36186527 0.00000000
v -0.27899075 -0.34593895 0.00000000
v -0.26867697 -0.35162157 0.00000000
v -0.18846172 -0.26254167 0.12852803
vn -0.35723147 -0.64836372 0.67231701
vn -0.63795003 -0.38652954 0.66604404
vn 0.50167882 0.52039116 -0.69102200
vn 0.00000000 -0.00000000 1.00000000
vt 0.82400000 0.00000000
vt 0.90000000 1.00000000
vt 0.97600000 0.00000000
f 125/373/125 128/374/128 126/375/126
vt 0.97600000 0.00000000
vt 0.90000000 1.00000000
vt 0.90000000 0.00000000
f 126/376/126 128/377/128 127/378/127
vt 0.90000000 0.00000000
vt 0.82400000 0.00000000
vt 0.97600000 0.00000000
f 127/379/127 125/380/125 126/381/126
vt 0.90000000 1.00000000
vt 0.82400000 0.00000000
vt 0.90000000 0.00000000
f 128/382/128 125/383/125 127/384/127
g blade_032
usemtl foliage
s 1
v 0.32103368 0.06876488 0.00000000
v 0.29479956 0.07972189 0.00000000
v 0.30892613 0.07683103 0.00000000
v 0.32797538 0.12565922 0.21343626
vn -0.19485966 -0.95220635 0.23522923
vn -0.53914211 -0.80926951 0.23325661
vn 0.37313261 0.89338263 -0.25027890
vn 0.00000000 0.00000000 1.00000000
vt 0.22400000 0.00000000
vt 0.30000000 1.00000000
vt 0.37600000 0.00000000
f 129/385/129 132/386/132 130/387/130
vt 0.37600000 0.00000000
vt 0.30000000 1.00000000
vt 0.30000000 0.00000000
f 130/388/130 132/389/132 131/390/131
vt 0.30000000 0.00000000
vt 0.22400000 0.00000000
vt 0.37600000 0.00000000
f 131/391/131 129/392/129 130/393/130
vt 0.30000000 1.00000000
vt 0.22400000 0.00000000
vt 0.30000000 0.00000000
f 132/394/132 129/395/129 131/396/131
g blade_033
usemtl foliage
s 1
v -0.02234692 0.36258196 0.00000000
v -0.01070984 0.38821040 0.00000000
v -0.01458576 0.37445184 0.00000000
v 0.06448628 0.33601360 0.12785063
vn -0.79712131 0.22455710 0.56051023
vn -0.69141102 0.45208128 0.56353644
vn 0.74441845 -0.33801745 -0.57583450
vn 0.00000000 0.00000000 1.00000000
vt 0.82400000 0.00000000
vt 0.90000000 1.00000000
vt 0.97600000 0.00000000
f 133/397/133 136/398/136 134/399/134
vt 0.90000000 0.00000000
vt 0.90000000 1.00000000
vt 0.82400000 0.00000000
f 135/400/135 136/401/136 133/402/133
vt 0.82400000 0.00000000
vt 0.97600000 0.00000000
vt 0.90000000 0.00000000
f 133/403/133 134/404/134 135/405/135
vt 0.90000000 0.00000000
vt 0.97600000 0.00000000
vt 0.90000000 1.00000000
f 135/406/135 134/407/134 136/408/136
g blade_034
usemtl foliage
s 1
v 0.36413424 0.21152816 0.00000000
v 0.36503131 0.23948010 0.00000000
v 0.36686707 0.22542564 0.00000000
v 0.46393293 0.22209062 0.15826607
vn -0.84823801 -0.11079469 0.51789653
vn -0.83920657 0.16502308 0.51816958
vn 0.84637674 -0.02716300 -0.53189151
vn 0.00000000 0.00000000 1.00000000
vt 0.42400000 0.00000000
vt 0.50000000 1.00000000
vt 0.57600000 0.00000000
f 137/409/137 140/410/140 138/411/138
vt 0.50000000 0.00000000
vt 0.50000000 1.00000000
vt 0.42400000 0.00000000
f 139/412/139 140/413/140 137/414/137
vt 0.42400000 0.00000000
vt 0.57600000 0.00000000
vt 0.50000000 0.00000000
f 137/415/137 138/416/138 139/417/139
vt 0.50000000 0.00000000
vt 0.57600000 0.00000000
vt 0.50000000 1.00000000
f 139/418/139 138/419/138 140/420/140
g blade_035
usemtl foliage
s 1
v -0.27579800 0.32060066 0.00000000
v -0.29940398 0.29546456 0.00000000
v -0.28981799 0.31026161 0.00000000
v -0.36897279 0.38984453 0.12913933
vn 0.63963739 -0.41437694 0.64742239
vn 0.45004732 -0.61027417 0.65193776
vn -0.54370859 0.51061107 -0.66607605
vn 0.00000000 0.00000000 1.00000000
vt 0.17600000 0.00000000
vt 0.02400000 0.00000000
vt 0.10000000 1.00000000
f 142/421/142 141/422/141 144/423/144
vt 0.10000000 1.00000000
vt 0.02400000 0.00000000
vt 0.10000000 0.00000000
f 144/424/144 141/425/141 143/426/143
vt 0.10000000 0.00000000
vt 0.17600000 0.00000000
vt 0.10000000 1.00000000
f 143/427/143 142/428/142 144/429/144
vt 0.02400000 0.00000000
vt 0.17600000 0.00000000
vt 0.10000000 0.00000000
f 141/430/141 142/431/142 143/432/143
g blade_036
usemtl foliage
s 1
v -0.24165733 0.07054450 0.00000000
v -0.26693260 0.06889912 0.00000000
v -0.25443477 0.07202097 0.00000000
v -0.25895708 0.14639300 0.16519647
vn 0.22154188 -0.88690875 0.40535424
vn -0.10490965 -0.90789213 0.40586431
vn -0.05890446 0.90485509 -0.42162486
vn 0.00000000 0.00000000 1.00000000
vt 0.17600000 0.00000000
vt 0.02400000 0.00000000
vt 0.10000000 1.00000000
f 146/433/146 145/434/145 148/435/148
vt 0.10000000 0.00000000
vt 0.02400000 0.00000000
vt 0.17600000 0.00000000
f 147/436/147 145/437/145 146/438/146
vt 0.17600000 0.00000000
vt 0.10000000 1.00000000
vt 0.10000000 0.00000000
f 146/439/146 148/440/148 147/441/147
vt 0.10000000 0.00000000
vt 0.10000000 1.00000000
vt 0.02400000 0.00000000
f 147/442/147 148/443/148 145/444/145
g blade_037
usemtl foliage
s 1
v -0.11261625 0.30470617 0.00000000
v -0.08700027 0.31335875 0.00000000
v -0.09907799 0.30671790 0.00000000
v -0.06058906 0.18472909 0.19859788
vn -0.40735867 0.74086328 0.53402296
vn -0.12401949 0.83461170 0.53669589
vn 0.26755740 -0.79210461 -0.54861947
vn 0.00000000 -0.00000000 1.00000000
vt 0.22400000 0.00000000
vt 0.30000000 1.00000000
vt 0.37600000 0.00000000
f 149/445/149 152/446/152 150/447/150
vt 0.30000000 0.00000000
vt 0.30000000 1.00000000
vt 0.22400000 0.00000000
f 151/448/151 152/449/152 149/450/149
vt 0.22400000 0.00000000
vt 0.37600000 0.00000000
vt 0.30000000 0.00000000
f 149/451/149 150/452/150 151/453/151
vt 0.30000000 0.00000000
vt 0.37600000 0.00000000
vt 0.30000000 1.00000000
f 151/454/151 150/455/150 152/456/152
g blade_038
usemtl foliage
s 1
v -0.06767814 -0.29067952 0.00000000
v -0.09908782 -0.28444786 0.00000000
v -0.08286021 -0.28474275 0.00000000
v -0.06605388 -0.19405442 0.21144880
vn -0.01668992 -0.91842966 0.39523208
vn -0.33476110 -0.85608284 0.39377301
vn 0.17748384 0.89457885 -0.41015627
vn 0.00000000 0.00000000 1.00000000
vt 0.62400000 0.00000000
vt 0.70000000 1.00000000
vt 0.77600000 0.00000000
f 153/457/153 156/458/156 154/459/154
vt 0.77600000 0.00000000
vt 0.70000000 1.00000000
vt 0.70000000 0.00000000
f 154/460/154 156/461/156 155/462/155
vt 0.70000000 0.00000000
vt 0.62400000 0.00000000
vt 0.77600000 0.00000000
f 155/463/155 153/464/153 154/465/154
vt 0.70000000 1.00000000
vt 0.62400000 0.00000000
vt 0.70000000 0.00000000
f 156/466/156 153/467/153 155/468/155
g blade_039
usemtl foliage
s 1
v 0.03920296 0.13134367 0.00000000
v 0.00894592 0.11908172 0.00000000
v 0.02308965 0.12781424 0.00000000
v -0.00485875 0.20164587 0.20976001
vn 0.49278555 -0.79814593 0.34659123
vn 0.20051690 -0.91544343 0.34893595
vn -0.34997669 0.86358713 -0.36295121
vn 0.00000000 -0.00000000 1.00000000
vt 0.37600000 0.00000000
vt 0.22400000 0.00000000
vt 0.30000000 1.00000000
f 158/469/158 157/470/157 160/471/160
vt 0.30000000 1.00000000
vt 0.22400000 0.00000000
vt 0.30000000 0.00000000
f 160/472/160 157/473/157 159/474/159
vt 0.30000000 0.00000000
vt 0.37600000 0.00000000
vt 0.30000000 1.00000000
f 159/475/159 158/476/158 160/477/160
vt 0.22400000 0.00000000
vt 0.37600000 0.00000000
vt 0.30000000 0.00000000
f 157/478/157 158/479/158 159/480/159
g blade_040
usemtl foliage
s 1
v -0.36024590 -0.33664838 0.00000000
v -0.38327487 -0.35519849 0.00000000
v -0.37360256 -0.34347506 0.00000000
v -0.42649449 -0.27317817 0.21268257
vn 0.71564955 -0.59044039 0.37312983
vn 0.42145973 -0.82460175 0.37736407
vn -0.57674741 0.71600112 -0.39332534
vn 0.00000000 -0.00000000 1.00000000
vt 0.17600000 0.00000000
vt 0.02400000 0.00000000
vt 0.10000000 1.00000000
f 162/481/162 161/482/161 164/483/164
vt 0.10000000 1.00000000
vt 0.02400000 0.00000000
vt 0.10000000 0.00000000
f 164/484/164 161/485/161 163/486/163
vt 0.10000000 0.00000000
vt 0.17600000 0.00000000
vt 0.10000000 1.00000000
f 163/487/163 162/488/162 164/489/164
vt 0.02400000 0.00000000
vt 0.17600000 0.00000000
vt 0.10000000 0.00000000
f 161/490/161 162/491/162 163/492/163
g blade_041
usemtl foliage
s 1
v -0.21626917 0.17900371 0.00000000
v -0.22612838 0.15258213 0.00000000
v -0.22319583 0.16659072 0.00000000
v -0.32929039 0.20897407 0.16491812
vn 0.80850658 -0.16925233 0.56362289
vn 0.71975619 -0.40163640 0.56625015
vn -0.76551534 0.28565210 -0.57653200
vn 0.00000000 -0.00000000 1.00000000
vt 0.57600000 0.00000000
vt 0.42400000 0.00000000
vt 0.50000000 1.00000000
f 166/493/166 165/494/165 168/495/168
vt 0.50000000 1.00000000
vt 0.42400000 0.00000000
vt 0.50000000 0.00000000
f 168/496/168 165/497/165 167/498/167
vt 0.50000000 0.00000000
vt 0.57600000 0.00000000
vt 0.50000000 1.00000000
f 167/499/167 166/500/166 168/501/168
vt 0.42400000 0.00000000
vt 0.57600000 0.00000000
vt 0.50000000 0.00000000
f 165/502/165 166/503/166 167/504/167
g blade_042
usemtl foliage
s 1
v 0.20210868 -0.23638484 0.00000000
v 0.17828393 -0.24490944 0.00000000
v 0.18924100 -0.23778880 0.00000000
v 0.15318320 -0.12990098 0.15258230
vn 0.44186648 -0.67993344 0.58518760
vn 0.08766535 -0.80348036 0.58884132
vn -0.26755835 0.74777862 -0.60765094
vn 0.00000000 -0.00000000 1.00000000
vt 0.17600000 0.00000000
vt 0.02400000 0.00000000
vt 0.10000000 1.00000000
f 170/505/170 169/506/169 172/507/172
vt 0.10000000 1.00000000
vt 0.02400000 0.00000000
vt 0.10000000 0.00000000
f 172/508/172 169/509/169 171/510/171
vt 0.10000000 0.00000000
vt 0.17600000 0.00000000
vt 0.10000000 1.00000000
f 171/511/171 170/512/170 172/513/172
vt 0.02400000 0.00000000
vt 0.17600000 0.00000000
vt 0.10000000 0.00000000
f 169/514/169 170/515/170 171/516/171
g blade_043
usemtl foliage
s 1
v 0.38741393 0.10058970 0.00000000
v 0.41588866 0.08613594 0.00000000
v 0.40012174 0.09013684 0.00000000
v 0.34649495 -0.02296749 0.19105701
vn 0.20689553 0.81534303 0.54074946
vn 0.53615180 0.65181353 0.53635843
vn -0.37540159 -0.73956251 -0.55867785
vn 0.00000000 0.00000000 1.00000000
vt 0.30000000 1.00000000
vt 0.37600000 0.00000000
vt 0.22400000 0.00000000
f 176/517/176 174/518/174 173/519/173
vt 0.30000000 0.00000000
vt 0.37600000 0.00000000
vt 0.30000000 1.00000000
f 175/520/175 174/521/174 176/522/176
vt 0.30000000 1.00000000
vt 0.22400000 0.00000000
vt 0.30000000 0.00000000
f 176/523/176 173/524/173 175/525/175
vt 0.30000000 0.00000000
vt 0.22400000 0.00000000
vt 0.37600000 0.00000000
f 175/526/175 173/527/173 174/528/174
g blade_044
usemtl foliage
s 1
v 0.11334329 -0.31651320 0.00000000
v 0.12207604 -0.28029943 0.00000000
v 0.12071458 -0.29918208 0.00000000
v 0.23725128 -0.32926769 0.11476879
vn -0.69421265 0.05005356 0.71802746
vn -0.63877259 0.27168348 0.71983170
vn 0.66192678 -0.15962005 -0.73237585
vn 0.00000000 0.00000000 1.00000000
vt 0.82400000 0.00000000
vt 0.90000000 1.00000000
vt 0.97600000 0.00000000
f 177/529/177 180/530/180 178/531/178
vt 0.90000000 0.00000000
vt 0.90000000 1.00000000
vt 0.82400000 0.00000000
f 179/532/179 180/533/180 177/534/177
vt 0.82400000 0.00000000
vt 0.97600000 0.00000000
vt 0.90000000 0.00000000
f 177/535/177 178/536/178 179/537/179
vt 0.90000000 0.00000000
vt 0.97600000 0.00000000
vt 0.90000000 1.00000000
f 179/538/179 178/539/178 180/540/180
g blade_045
usemtl foliage
s 1
v 0.02698900 -0.07981347 0.00000000
v 0.03174017 -0.10253413 0.00000000
v 0.02592733 -0.09194330 0.00000000
v -0.03710025 -0.10605337 0.16131210
vn 0.81821007 0.44907926 0.35897088
vn 0.93072701 -0.08146206 0.35652654
vn -0.90175737 -0.18856860 -0.38894155
vn 0.00000000 0.00000000 1.00000000
vt 0.10000000 1.00000000
vt 0.17600000 0.00000000
vt 0.02400000 0.00000000
f 184/541/184 182/542/182 181/543/181
vt 0.10000000 0.00000000
vt 0.17600000 0.00000000
vt 0.10000000 1.00000000
f 183/544/183 182/545/182 184/546/184
vt 0.10000000 1.00000000
vt 0.02400000 0.00000000
vt 0.10000000 0.00000000
f 184/547/184 181/548/181 183/549/183
vt 0.10000000 0.00000000
vt 0.02400000 0.00000000
vt 0.17600000 0.00000000
f 183/550/183 181/551/181 182/552/182
g blade_046
usemtl foliage
s 1
v 0.14241376 0.38479553 0.00000000
v 0.11616157 0.38345225 0.00000000
v 0.12911709 0.38769283 0.00000000
v 0.12684108 0.43531292 0.14370768
vn 0.29629107 -0.90520743 0.30464916
vn -0.20274850 -0.93048087 0.30512030
vn -0.04813259 0.94067102 -0.33588880
vn 0.00000000 0.00000000 1.00000000
vt 0.17600000 0.00000000
vt 0.02400000 0.00000000
vt 0.10000000 1.00000000
f 186/553/186 185/554/185 188/555/188
vt 0.10000000 0.00000000
vt 0.02400000 0.00000000
vt 0.17600000 0.00000000
f 187/556/187 185/557/185 186/558/186
vt 0.17600000 0.00000000
vt 0.10000000 1.00000000
vt 0.10000000 0.00000000
f 186/559/186 188/560/188 187/561/187
vt 0.10000000 0.00000000
vt 0.10000000 1.00000000
vt 0.02400000 0.00000000
f 187/562/187 188/563/188 185/564/185
g blade_047
usemtl foliage
s 1
v -0.20695259 0.37032628 0.00000000
v -0.22668778 0.35241916 0.00000000
v -0.21882372 0.36373663 0.00000000
v -0.27436298 0.42926577 0.16787595
vn 0.73614680 -0.51151924 0.44321097
vn 0.43377696 -0.78144144 0.44853854
vn -0.59377824 0.65439501 -0.46818220
vn -0.00000000 0.00000000 1.00000000
vt 0.57600000 0.00000000
vt 0.42400000 0.00000000
vt 0.50000000 1.00000000
f 190/565/190 189/566/189 192/567/192
vt 0.50000000 1.00000000
vt 0.42400000 0.00000000
vt 0.50000000 0.00000000
f 192/568/192 189/569/189 191/570/191
vt 0.50000000 0.00000000
vt 0.57600000 0.00000000
vt 0.50000000 1.00000000
f 191/571/191 190/572/190 192/573/192
vt 0.42400000 0.00000000
vt 0.57600000 0.00000000
vt 0.50000000 0.00000000
f 189/574/189 190/575/190 191/576/191
g blade_048
usemtl foliage
s 1
v 0.20221034 0.12922309 0.00000000
v 0.17584875 0.12772832 0.00000000
v 0.18889178 0.13107679 0.00000000
v 0.18599596 0.18575168 0.16163523
vn 0.23598859 -0.91922758 0.31516668
vn -0.13080938 -0.93984323 0.31556870
vn -0.05335205 0.94091376 -0.33441717
vn 0.00000000 -0.00000000 1.00000000
vt 0.57600000 0.00000000
vt 0.42400000 0.00000000
vt 0.50000000 1.00000000
f 194/577/194 193/578/193 196/579/196
vt 0.50000000 0.00000000
vt 0.42400000 0.00000000
vt 0.57600000 0.00000000
f 195/580/195 193/581/193 194/582/194
vt 0.57600000 0.00000000
vt 0.50000000 1.00000000
vt 0.50000000 0.00000000
f 194/583/194 196/584/196 195/585/195
vt 0.50000000 0.00000000
vt 0.50000000 1.00000000
vt 0.42400000 0.00000000
f 195/586/195 196/587/196 193/588/193
g blade_049
usemtl foliage
s 1
v 0.33061054 -0.19998401 0.00000000
v 0.34973359 -0.22889762 0.00000000
v 0.33761592 -0.21625073 0.00000000
v 0.25243024 -0.27656779 0.14119085
vn 0.58286045 0.55847031 0.59024115
vn 0.74425481 0.32051874 0.58596290
vn -0.66371982 -0.43897491 -0.60562120
vn 0.00000000 0.00000000 1.00000000
vt 0.70000000 1.00000000
vt 0.77600000 0.00000000
vt 0.62400000 0.00000000
f 200/589/200 198/590/198 197/591/197
vt 0.70000000 0.00000000
vt 0.77600000 0.00000000
vt 0.70000000 1.00000000
f 199/592/199 198/593/198 200/594/200
vt 0.70000000 1.00000000
vt 0.62400000 0.00000000
vt 0.70000000 0.00000000
f 200/595/200 197/596/197 199/597/199
vt 0.70000000 0.00000000
vt 0.62400000 0.00000000
vt 0.77600000 0.00000000
f 199/598/199 197/599/197 198/600/198
g blade_050
usemtl foliage
s 1
v 0.28791638 0.32294343 0.00000000
v 0.27300162 0.29591317 0.00000000
v 0.27817932 0.31077496 0.00000000
v 0.20763566 0.35244679 0.19182066
vn 0.87104246 -0.30346235 0.38625850
vn 0.71914085 -0.57544752 0.38948246
vn -0.80119054 0.44208083 -0.40330914
vn 0.00000000 0.00000000 1.00000000
vt 0.57600000 0.00000000
vt 0.42400000 0.00000000
vt 0.50000000 1.00000000
f 202/601/202 201/602/201 204/603/204
vt 0.50000000 1.00000000
vt 0.42400000 0.00000000
vt 0.50000000 0.00000000
f 204/604/204 201/605/201 203/606/203
vt 0.50000000 0.00000000
vt 0.57600000 0.00000000
vt 0.50000000 1.00000000
f 203/607/203 202/608/202 204/609/204
vt 0.42400000 0.00000000
vt 0.57600000 0.00000000
vt 0.50000000 0.00000000
f 201/610/201 202/611/202 203/612/203
g blade_051
usemtl foliage
s 1
v 0.27381922 0.00897452 0.00000000
v 0.25550046 -0.02618862 0.00000000
v 0.26203910 -0.00714537 0.00000000
v 0.22289826 0.01468481 0.15085138
vn 0.90778993 -0.31169615 0.28064737
vn 0.77441973 -0.56593217 0.28283361
vn -0.84544059 0.44044495 -0.30205704
vn 0.00000000 -0.00000000 1.00000000
vt 0.37600000 0.00000000
vt 0.22400000 0.00000000
vt 0.30000000 1.00000000
f 206/613/206 205/614/205 208/615/208
vt 0.30000000 1.00000000
vt 0.22400000 0.00000000
vt 0.30000000 0.00000000
f 208/616/208 205/617/205 207/618/207
vt 0.30000000 0.00000000
vt 0.37600000 0.00000000
vt 0.30000000 1.00000000
f 207/619/207 206/620/206 208/621/208
vt 0.22400000 0.00000000
vt 0.37600000 0.00000000
vt 0.30000000 0.00000000
f 205/622/205 206/623/206 207/624/207
g blade_052
usemtl foliage
s 1
v -0.23808304 -0.01906959 0.00000000
v -0.22323955 0.00670010 0.00000000
v -0.22862493 -0.00744049 0.00000000
v -0.17059243 -0.04322678 0.19758051
vn -0.88506291 0.33707181 0.32100817
vn -0.73402851 0.59699597 0.32372513
vn 0.81607903 -0.47006614 -0.33623330
vn 0.00000000 0.00000000 1.00000000
vt 0.22400000 0.00000000
vt 0.30000000 1.00000000
vt 0.37600000 0.00000000
f 209/625/209 212/626/212 210/627/210
vt 0.30000000 0.00000000
vt 0.30000000 1.00000000
vt 0.22400000 0.00000000
f 211/628/211 212/629/212 209/630/209
vt 0.22400000 0.00000000
vt 0.37600000 0.00000000
vt 0.30000000 0.00000000
f 209/631/209 210/632/210 211/633/211
vt 0.30000000 0.00000000
vt 0.37600000 0.00000000
vt 0.30000000 1.00000000
f 211/634/211 210/635/210 212/636/212
g blade_053
usemtl foliage
s 1
v 0.19233086 -0.07928851 0.00000000
v 0.15608816 -0.06905702 0.00000000
v 0.17495172 -0.07135810 0.00000000
v 0.20110365 0.02781732 0.17839493
vn -0.10521693 -0.86253593 0.49493552
vn -0.36118696 -0.79152524 0.49298253
vn 0.23387582 0.82845119 -0.50889167
vn 0.00000000 0.00000000 1.00000000
vt 0.42400000 0.00000000
vt 0.50000000 1.00000000
vt 0.57600000 0.00000000
f 213/637/213 216/638/216 214/639/214
vt 0.57600000 0.00000000
vt 0.50000000 1.00000000
vt 0.50000000 0.00000000
f 214/640/214 216/641/216 215/642/215
vt 0.50000000 0.00000000
vt 0.42400000 0.00000000
vt 0.57600000 0.00000000
f 215/643/215 213/644/213 214/645/214
vt 0.50000000 1.00000000
vt 0.42400000 0.00000000
vt 0.50000000 0.00000000
f 216/646/216 213/647/213 215/648/215
g blade_054
usemtl foliage
s 1
v -0.15751322 0.16260785 0.00000000
v -0.12608088 0.16752811 0.00000000
v -0.14132407 0.16183318 0.00000000
v -0.13239505 0.10076548 0.15772517
vn -0.32688050 0.87493636 0.35726112
vn 0.04461961 0.93246179 0.35850259
vn 0.14299108 -0.91347737 -0.38093653
vn 0.00000000 0.00000000 1.00000000
vt 0.50000000 1.00000000
vt 0.57600000 0.00000000
vt 0.42400000 0.00000000
f 220/649/220 218/650/218 217/651/217
vt 0.42400000 0.00000000
vt 0.57600000 0.00000000
vt 0.50000000 0.00000000
f 217/652/217 218/653/218 219/654/219
vt 0.50000000 0.00000000
vt 0.50000000 1.00000000
vt 0.42400000 0.00000000
f 219/655/219 220/656/220 217/657/217
vt 0.57600000 0.00000000
vt 0.50000000 1.00000000
vt 0.50000000 0.00000000
f 218/658/218 220/659/220 219/660/219
g blade_055
usemtl foliage
s 1
v 0.08962487 -0.22468332 0.00000000
v 0.10362267 -0.18844535 0.00000000
v 0.09889537 -0.20750372 0.00000000
v 0.21517821 -0.25559099 0.11550284
vn -0.66028949 0.16378025 0.73293508
vn -0.59680774 0.32205100 0.73491746
vn 0.62424325 -0.24112914 -0.74308620
vn 0.00000000 0.00000000 1.00000000
vt 0.22400000 0.00000000
vt 0.30000000 1.00000000
vt 0.37600000 0.00000000
f 221/661/221 224/662/224 222/663/222
vt 0.30000000 0.00000000
vt 0.30000000 1.00000000
vt 0.22400000 0.00000000
f 223/664/223 224/665/224 221/666/221
vt 0.22400000 0.00000000
vt 0.37600000 0.00000000
vt 0.30000000 0.00000000
f 221/667/221 222/668/222 223/669/223
vt 0.30000000 0.00000000
vt 0.37600000 0.00000000
vt 0.30000000 1.00000000
f 223/670/223 222/671/222 224/672/224
g blade_056
usemtl foliage
s 1
v 0.39164571 -0.16979193 0.00000000
v 0.40895415 -0.15101653 0.00000000
v 0.40190646 -0.16198977 0.00000000
v 0.48498000 -0.24397768 0.17143248
vn -0.70024950 0.44974278 0.55442048
vn -0.50191687 0.66007906 0.55890526
vn 0.60414629 -0.55694278 -0.56993158
vn 0.00000000 0.00000000 1.00000000
vt 0.82400000 0.00000000
vt 0.90000000 1.00000000
vt 0.97600000 0.00000000
f 225/673/225 228/674/228 226/675/226
vt 0.90000000 0.00000000
vt 0.90000000 1.00000000
vt 0.82400000 0.00000000
f 227/676/227 228/677/228 225/678/225
vt 0.82400000 0.00000000
vt 0.97600000 0.00000000
vt 0.90000000 0.00000000
f 225/679/225 226/680/226 227/681/227
vt 0.90000000 0.00000000
vt 0.97600000 0.00000000
vt 0.90000000 1.00000000
f 227/682/227 226/683/226 228/684/228
g blade_057
usemtl foliage
s 1
v -0.39415328 0.13459578 0.00000000
v -0.38942298 0.10569019 0.00000000
v -0.39382751 0.11978569 0.00000000
v -0.50000000 0.10118463 0.13506544
vn 0.74846532 0.23387876 0.62056457
vn 0.78490411 0.01726527 0.61937666
vn -0.76561386 -0.12529016 -0.63098161
vn 0.00000000 0.00000000 1.00000000
vt 0.50000000 1.00000000
vt 0.57600000 0.00000000
vt 0.42400000 0.00000000
f 232/685/232 230/686/230 229/687/229
vt 0.50000000 0.00000000
vt 0.57600000 0.00000000
vt 0.50000000 1.00000000
f 231/688/231 230/689/230 232/690/232
vt 0.50000000 1.00000000
vt 0.42400000 0.00000000
vt 0.50000000 0.00000000
f 232/691/232 229/692/229 231/693/231
vt 0.50000000 0.00000000
vt 0.42400000 0.00000000
vt 0.57600000 0.00000000
f 231/694/231 229/695/229 230/696/230
g blade_058
usemtl foliage
s 1
v 0.16591888 0.21109796 0.00000000
v 0.16582205 0.24197097 0.00000000
v 0.16815354 0.22654213 0.00000000
v 0.25998416 0.22685049 0.15579650
vn -0.85416701 -0.12907579 0.50372429
vn -0.85497497 0.12370896 0.50370020
vn 0.85594253 0.00268470 -0.51706400
vn 0.00000000 0.00000000 1.00000000
vt 0.02400000 0.00000000
vt 0.10000000 1.00000000
vt 0.17600000 0.00000000
f 233/697/233 236/698/236 234/699/234
vt 0.17600000 0.00000000
vt 0.10000000 1.00000000
vt 0.10000000 0.00000000
f 234/700/234 236/701/236 235/702/235
vt 0.10000000 0.00000000
vt 0.02400000 0.00000000
vt 0.17600000 0.00000000
f 235/703/235 233/704/233 234/705/234
vt 0.10000000 1.00000000
vt 0.02400000 0.00000000
vt 0.10000000 0.00000000
f 236/706/236 233/707/233 235/708/235
g blade_059
usemtl foliage
s 1
v 0.09398948 0.09963524 0.00000000
v 0.11885268 0.08900915 0.00000000
v 0.10516442 0.09117430 0.00000000
v 0.08870755 0.04995033 0.14878511
vn 0.15001242 0.94839424 0.27936472
vn 0.58010911 0.76618984 0.27645352
vn -0.37418690 -0.87553297 -0.30565696
vn 0.00000000 0.00000000 1.00000000
vt 0.50000000 1.00000000
vt 0.57600000 0.00000000
vt 0.42400000 0.00000000
f 240/709/240 238/710/238 237/711/237
vt 0.50000000 0.00000000
vt 0.57600000 0.00000000
vt 0.50000000 1.00000000
f 239/712/239 238/713/238 240/714/240
vt 0.50000000 1.00000000
vt 0.42400000 0.00000000
vt 0.50000000 0.00000000
f 240/715/240 237/716/237 239/717/239
vt 0.50000000 0.00000000
vt 0.42400000 0.00000000
vt 0.57600000 0.00000000
f 239/718/239 237/719/237 238/720/238
g blade_060
usemtl foliage
s 1
v 0.27642716 -0.07119930 0.00000000
v 0.25802522 -0.10604187 0.00000000
v 0.26450770 -0.08708349 0.00000000
v 0.22063016 -0.06227421 0.21484936
vn 0.92201688 -0.31526697 0.22470339
vn 0.77904077 -0.58459065 0.22660374
vn -0.85804198 0.45317083 -0.24166125
vn 0.00000000 -0.00000000 1.00000000
vt 0.37600000 0.00000000
vt 0.22400000 0.00000000
vt 0.30000000 1.00000000
f 242/721/242 241/722/241 244/723/244
vt 0.30000000 1.00000000
vt 0.22400000 0.00000000
vt 0.30000000 0.00000000
f 244/724/244 241/725/241 243/726/243
vt 0.30000000 0.00000000
vt 0.37600000 0.00000000
vt 0.30000000 1.00000000
f 243/727/243 242/728/242 244/729/244
vt 0.22400000 0.00000000
vt 0.37600000 0.00000000
vt 0.30000000 0.00000000
f 241/730/241 242/731/242 243/732/243
g blade_061
usemtl foliage
s 1
v -0.11232475 -0.18065517 0.00000000
v -0.09128061 -0.21144730 0.00000000
v -0.10362620 -0.19738544 0.00000000
v -0.13839507 -0.22282447 0.20797894
vn 0.73597535 0.64614841 0.20207057
vn 0.86921009 0.45192735 0.20058785
vn -0.80668118 -0.55130679 -0.21289973
vn 0.00000000 0.00000000 1.00000000
vt 0.70000000 1.00000000
vt 0.77600000 0.00000000
vt 0.62400000 0.00000000
f 248/733/248 246/734/246 245/735/245
vt 0.70000000 0.00000000
vt 0.77600000 0.00000000
vt 0.70000000 1.00000000
f 247/736/247 246/737/246 248/738/248
vt 0.70000000 1.00000000
vt 0.62400000 0.00000000
vt 0.70000000 0.00000000
f 248/739/248 245/740/245 247/741/247
vt 0.70000000 0.00000000
vt 0.62400000 0.00000000
vt 0.77600000 0.00000000
f 247/742/247 245/743/245 246/744/246
g blade_062
usemtl foliage
s 1
v 0.32583360 -0.02626765 0.00000000
v 0.34521995 -0.00520797 0.00000000
v 0.33723034 -0.01741669 0.00000000
v 0.37141250 -0.05110369 0.18888020
vn -0.81194012 0.53134884 0.24170570
vn -0.59479657 0.76587561 0.24423676
vn 0.71090243 -0.65441634 -0.25759851
vn 0.00000000 -0.00000000 1.00000000
vt 0.22400000 0.00000000
vt 0.30000000 1.00000000
vt 0.37600000 0.00000000
f 249/745/249 252/746/252 250/747/250
vt 0.30000000 0.00000000
vt 0.30000000 1.00000000
vt 0.22400000 0.00000000
f 251/748/251 252/749/252 249/750/249
vt 0.22400000 0.00000000
vt 0.37600000 0.00000000
vt 0.30000000 0.00000000
f 249/751/249 250/752/250 251/753/251
vt 0.30000000 0.00000000
vt 0.37600000 0.00000000
vt 0.30000000 1.00000000
f 251/754/251 250/755/250 252/756/252
g blade_063
usemtl foliage
s 1
v 0.08562047 -0.02835266 0.00000000
v 0.10437965 -0.01386297 0.00000000
v 0.09629402 -0.02290129 0.00000000
v 0.16934554 -0.12415302 0.19880259
vn -0.63528738 0.56832437 0.52289325
vn -0.38645233 0.75665656 0.52737600
vn 0.51514834 -0.66694021 -0.53834278
vn 0.00000000 0.00000000 1.00000000
vt 0.22400000 0.00000000
vt 0.30000000 1.00000000
vt 0.37600000 0.00000000
f 253/757/253 256/758/256 254/759/254
vt 0.30000000 0.00000000
vt 0.30000000 1.00000000
vt 0.22400000 0.00000000
f 255/760/255 256/761/256 253/762/253
vt 0.22400000 0.00000000
vt 0.37600000 0.00000000
vt 0.30000000 0.00000000
f 253/763/253 254/764/254 255/765/255
vt 0.30000000 0.00000000
vt 0.37600000 0.00000000
vt 0.30000000 1.00000000
f 255/766/255 254/767/254 256/768/256
g blade_064
usemtl foliage
s 1
v 0.31707177 -0.39642852 0.00000000
v 0.28224432 -0.38009392 0.00000000
v 0.30106395 -0.38505208 0.00000000
v 0.34751442 -0.27902376 0.14588309
vn -0.20049818 -0.76102780 0.61695800
vn -0.45746210 -0.64369651 0.61350080
vn 0.32879797 0.70103923 -0.63280004
vn 0.00000000 -0.00000000 1.00000000
vt 0.22400000 0.00000000
vt 0.30000000 1.00000000
vt 0.37600000 0.00000000
f 257/769/257 260/770/260 258/771/258
vt 0.37600000 0.00000000
vt 0.30000000 1.00000000
vt 0.30000000 0.00000000
f 258/772/258 260/773/260 259/774/259
vt 0.30000000 0.00000000
vt 0.22400000 0.00000000
vt 0.37600000 0.00000000
f 259/775/259 257/776/257 258/777/258
vt 0.30000000 1.00000000
vt 0.22400000 0.00000000
vt 0.30000000 0.00000000
f 260/778/260 257/779/257 259/780/259
g blade_065
usemtl foliage
s 1
v 0.04082829 -0.34595779 0.00000000
v 0.05637636 -0.36502855 0.00000000
v 0.04684877 -0.35702371 0.00000000
v -0.03275275 -0.42650191 0.14024652
vn 0.51599820 0.61415605 0.59712495
vn 0.70768243 0.38501890 0.59240698
vn -0.61423855 -0.50077839 -0.60986229
vn -0.00000000 -0.00000000 1.00000000
vt 0.30000000 1.00000000
vt 0.37600000 0.00000000
vt 0.22400000 0.00000000
f 264/781/264 262/782/262 261/783/261
vt 0.30000000 0.00000000
vt 0.37600000 0.00000000
vt 0.30000000 1.00000000
f 263/784/263 262/785/262 264/786/264
vt 0.30000000 1.00000000
vt 0.22400000 0.00000000
vt 0.30000000 0.00000000
f 264/787/264 261/788/261 263/789/263
vt 0.30000000 0.00000000
vt 0.22400000 0.00000000
vt 0.37600000 0.00000000
f 263/790/263 261/791/261 262/792/262
g blade_066
usemtl foliage
s 1
v 0.01245717 -0.19694675 0.00000000
v -0.00541474 -0.17038940 0.00000000
v 0.00522243 -0.18244243 0.00000000
v 0.05392076 -0.14735765 0.12693383
vn -0.67841875 -0.59872533 0.42576517
vn -0.81089814 -0.40447489 0.42289983
vn 0.74526348 0.50152884 -0.43937589
vn 0.00000000 0.00000000 1.00000000
vt 0.82400000 0.00000000
vt 0.90000000 1.00000000
vt 0.97600000 0.00000000
f 265/793/265 268/794/268 266/795/266
vt 0.97600000 0.00000000
vt 0.90000000 1.00000000
vt 0.90000000 0.00000000
f 266/796/266 268/797/268 267/798/267
vt 0.90000000 0.00000000
vt 0.82400000 0.00000000
vt 0.97600000 0.00000000
f 267/799/267 265/800/265 266/801/266
vt 0.90000000 1.00000000
vt 0.82400000 0.00000000
vt 0.90000000 0.00000000
f 268/802/268 265/803/265 267/804/267
g blade_067
usemtl foliage
s 1
v -0.05656077 0.12208325 0.00000000
v -0.04333646 0.08883965 0.00000000
v -0.05316242 0.10409277 0.00000000
v -0.10406273 0.08241553 0.12597656
vn 0.77149351 0.49699084 0.39723780
vn 0.90304427 0.17058252 0.39422410
vn -0.84197872 -0.33493918 -0.42295104
vn 0.00000000 0.00000000 1.00000000
vt 0.90000000 1.00000000
vt 0.97600000 0.00000000
vt 0.82400000 0.00000000
f 272/805/272 270/806/270 269/807/269
vt 0.90000000 0.00000000
vt 0.97600000 0.00000000
vt 0.90000000 1.00000000
f 271/808/271 270/809/270 272/810/272
vt 0.90000000 1.00000000
vt 0.82400000 0.00000000
vt 0.90000000 0.00000000
f 272/811/272 269/812/269 271/813/271
vt 0.90000000 0.00000000
vt 0.82400000 0.00000000
vt 0.97600000 0.00000000
f 271/814/271 269/815/269 270/816/270
g blade_068
usemtl foliage
s 1
v -0.17804134 -0.15508740 0.00000000
v -0.20567969 -0.15270422 0.00000000
v -0.19164972 -0.15127861 0.00000000
v -0.18251804 -0.03790137 0.16629294
vn 0.08387709 -0.82546353 0.55818868
vn -0.22377453 -0.79952163 0.55739584
vn 0.07038613 0.81628822 -0.57334050
vn 0.00000000 0.00000000 1.00000000
vt 0.37600000 0.00000000
vt 0.22400000 0.00000000
vt 0.30000000 1.00000000
f 274/817/274 273/818/273 276/819/276
vt 0.30000000 0.00000000
vt 0.22400000 0.00000000
vt 0.37600000 0.00000000
f 275/820/275 273/821/273 274/822/274
vt 0.37600000 0.00000000
vt 0.30000000 1.00000000
vt 0.30000000 0.00000000
f 274/823/274 276/824/276 275/825/275
vt 0.30000000 0.00000000
vt 0.30000000 1.00000000
vt 0.22400000 0.00000000
f 275/826/275 276/827/276 273/828/273
g blade_069
usemtl foliage
s 1
v -0.07078388 0.25668648 0.00000000
v -0.03905378 0.26649196 0.00000000
v -0.05422808 0.25919621 0.00000000
v -0.03258633 0.18422171 0.20060113
vn -0.40457131 0.84146076 0.35814222
vn -0.13983911 0.92246798 0.35985810
vn 0.27400568 -0.88667019 -0.37247397
vn 0.00000000 0.00000000 1.00000000
vt 0.82400000 0.00000000
vt 0.90000000 1.00000000
vt 0.97600000 0.00000000
f 277/829/277 280/830/280 278/831/278
vt 0.90000000 0.00000000
vt 0.90000000 1.00000000
vt 0.82400000 0.00000000
f 279/832/279 280/833/280 277/834/277
vt 0.82400000 0.00000000
vt 0.97600000 0.00000000
vt 0.90000000 0.00000000
f 277/835/277 278/836/278 279/837/279
vt 0.90000000 0.00000000
vt 0.97600000 0.00000000
vt 0.90000000 1.00000000
f 279/838/279 278/839/278 280/840/280
g blade_070
usemtl foliage
s 1
v 0.08849541 0.26220382 0.00000000
v 0.08929280 0.22737057 0.00000000
v 0.08647361 0.24472787 0.00000000
v -0.00627328 0.24245489 0.14911299
vn 0.84026523 0.13647677 0.52471748
vn 0.84573862 -0.09784387 0.52455005
vn -0.84265702 -0.01928985 -0.53810505
vn 0.00000000 0.00000000 1.00000000
vt 0.90000000 1.00000000
vt 0.97600000 0.00000000
vt 0.82400000 0.00000000
f 284/841/284 282/842/282 281/843/281
vt 0.90000000 0.00000000
vt 0.97600000 0.00000000
vt 0.90000000 1.00000000
f 283/844/283 282/845/282 284/846/284
vt 0.90000000 1.00000000
vt 0.82400000 0.00000000
vt 0.90000000 0.00000000
f 284/847/284 281/848/281 283/849/283
vt 0.90000000 0.00000000
vt 0.82400000 0.00000000
vt 0.97600000 0.00000000
f 283/850/283 281/851/281 282/852/282
g blade_071
usemtl foliage
s 1
v -0.06641291 -0.33264836 0.00000000
v -0.03997228 -0.36066333 0.00000000
v -0.05501927 -0.34850154 0.00000000
v -0.14332076 -0.43772277 0.14721594
vn 0.47933741 0.59305253 0.64693458
vn 0.62154504 0.44670283 0.64353581
vn -0.54871415 -0.51787819 -0.65628878
vn -0.00000000 -0.00000000 1.00000000
vt 0.30000000 1.00000000
vt 0.37600000 0.00000000
vt 0.22400000 0.00000000
f 288/853/288 286/854/286 285/855/285
vt 0.30000000 0.00000000
vt 0.37600000 0.00000000
vt 0.30000000 1.00000000
f 287/856/287 286/857/286 288/858/288
vt 0.30000000 1.00000000
vt 0.22400000 0.00000000
vt 0.30000000 0.00000000
f 288/859/288 285/860/285 287/861/287
vt 0.30000000 0.00000000
vt 0.22400000 0.00000000
vt 0.37600000 0.00000000
f 287/862/287 285/863/285 286/864/286
g blade_072
usemtl foliage
s 1
v -0.21615369 -0.29222316 0.00000000
v -0.21736082 -0.26884324 0.00000000
v -0.21340670 -0.28034800 0.00000000
v -0.11491629 -0.27490393 0.21880338
vn -0.86759414 -0.29818669 0.39795113
vn -0.89407672 0.20681934 0.39730667
vn 0.90515597 0.04673419 -0.42250275
vn -0.00000000 -0.00000000 1.00000000
vt 0.02400000 0.00000000
vt 0.10000000 1.00000000
vt 0.17600000 0.00000000
f 289/865/289 292/866/292 290/867/290
vt 0.17600000 0.00000000
vt 0.10000000 1.00000000
vt 0.10000000 0.00000000
f 290/868/290 292/869/292 291/870/291
vt 0.10000000 0.00000000
vt 0.02400000 0.00000000
vt 0.17600000 0.00000000
f 291/871/291 289/872/289 290/873/290
vt 0.10000000 1.00000000
vt 0.02400000 0.00000000
vt 0.10000000 0.00000000
f 292/874/292 289/875/289 291/876/291
g blade_073
usemtl foliage
s 1
v -0.34965136 -0.07471284 0.00000000
v -0.33276594 -0.05803536 0.00000000
v -0.33931234 -0.06842957 0.00000000
v -0.26174503 -0.15250690 0.17271744
vn -0.71288225 0.44898174 0.53871541
vn -0.43559075 0.71675811 0.54453513
vn 0.58160219 -0.58885399 -0.56123958
vn -0.00000000 0.00000000 1.00000000
vt 0.82400000 0.00000000
vt 0.90000000 1.00000000
vt 0.97600000 0.00000000
f 293/877/293 296/878/296 294/879/294
vt 0.90000000 0.00000000
vt 0.90000000 1.00000000
vt 0.82400000 0.00000000
f 295/880/295 296/881/296 293/882/293
vt 0.82400000 0.00000000
vt 0.97600000 0.00000000
vt 0.90000000 0.00000000
f 293/883/293 294/884/294 295/885/295
vt 0.90000000 0.00000000
vt 0.97600000 0.00000000
vt 0.90000000 1.00000000
f 295/886/295 294/887/294 296/888/296
g blade_074
usemtl foliage
s 1
v 0.33527556 0.37476298 0.00000000
v 0.32170766 0.34494795 0.00000000
v 0.32594899 0.36109420 0.00000000
v 0.28476529 0.38115836 0.13815770
vn 0.91977239 -0.24160752 0.30926455
vn 0.78486939 -0.53553695 0.31173741
vn -0.85856782 0.39070757 -0.33197724
vn 0.00000000 -0.00000000 1.00000000
vt 0.37600000 0.00000000
vt 0.22400000 0.00000000
vt 0.30000000 1.00000000
f 298/889/298 297/890/297 300/891/300
vt 0.30000000 1.00000000
vt 0.22400000 0.00000000
vt 0.30000000 0.00000000
f 300/892/300 297/893/297 299/894/299
vt 0.30000000 0.00000000
vt 0.37600000 0.00000000
vt 0.30000000 1.00000000
f 299/895/299 298/896/298 300/897/300
vt 0.22400000 0.00000000
vt 0.37600000 0.00000000
vt 0.30000000 0.00000000
f 297/898/297 298/899/298 299/900/299
g blade_075
usemtl foliage
s 1
v -0.09730794 0.02094661 0.00000000
v -0.07963432 0.03905560 0.00000000
v -0.08647626 0.02791678 0.00000000
v -0.04161729 -0.01895369 0.19034576
vn -0.80924524 0.49707310 0.31311416
vn -0.51317401 0.79747549 0.31730944
vn 0.67425191 -0.65804204 -0.33520895
vn 0.00000000 0.00000000 1.00000000
vt 0.22400000 0.00000000
vt 0.30000000 1.00000000
vt 0.37600000 0.00000000
f 301/901/301 304/902/304 302/903/302
vt 0.30000000 0.00000000
vt 0.30000000 1.00000000
vt 0.22400000 0.00000000
f 303/904/303 304/905/304 301/906/301
vt 0.22400000 0.00000000
vt 0.37600000 0.00000000
vt 0.30000000 0.00000000
f 301/907/301 302/908/302 303/909/303
vt 0.30000000 0.00000000
vt 0.37600000 0.00000000
vt 0.30000000 1.00000000
f 303/910/303 302/911/302 304/912/304
g blade_076
usemtl foliage
s 1
v 0.35684296 0.18774847 0.00000000
v 0.35321799 0.14872563 0.00000000
v 0.35154292 0.16858389 0.00000000
v 0.29432376 0.17427432 0.14504141
vn 0.92841788 0.07831320 0.36319042
vn 0.89773969 -0.24827330 0.36390084
vn -0.91783189 0.08526064 -0.38770511
vn -0.00000000 0.00000000 1.00000000
vt 0.37600000 0.00000000
vt 0.22400000 0.00000000
vt 0.30000000 1.00000000
f 306/913/306 305/914/305 308/915/308
vt 0.30000000 1.00000000
vt 0.22400000 0.00000000
vt 0.30000000 0.00000000
f 308/916/308 305/917/305 307/918/307
vt 0.30000000 0.00000000
vt 0.37600000 0.00000000
vt 0.30000000 1.00000000
f 307/919/307 306/920/306 308/921/308
vt 0.22400000 0.00000000
vt 0.37600000 0.00000000
vt 0.30000000 0.00000000
f 305/922/305 306/923/306 307/924/307
g blade_077
usemtl foliage
s 1
v 0.25081047 -0.24028571 0.00000000
v 0.27448325 -0.21639342 0.00000000
v 0.26439344 -0.23019224 0.00000000
v 0.32337925 -0.29276097 0.12126613
vn -0.66217505 0.48418741 0.57191499
vn -0.48765168 0.65624165 0.57579748
vn 0.57384119 -0.56856870 -0.58943695
vn 0.00000000 0.00000000 1.00000000
vt 0.22400000 0.00000000
vt 0.30000000 1.00000000
vt 0.37600000 0.00000000
f 309/925/309 312/926/312 310/927/310
vt 0.30000000 0.00000000
vt 0.30000000 1.00000000
vt 0.22400000 0.00000000
f 311/928/311 312/929/312 309/930/309
vt 0.22400000 0.00000000
vt 0.37600000 0.00000000
vt 0.30000000 0.00000000
f 309/931/309 310/932/310 311/933/311
vt 0.30000000 0.00000000
vt 0.37600000 0.00000000
vt 0.30000000 1.00000000
f 311/934/311 310/935/310 312/936/312
g blade_078
usemtl foliage
s 1
v -0.17002824 0.01210520 0.00000000
v -0.15856386 0.04331110 0.00000000
v -0.16175775 0.02670982 0.00000000
v -0.06310203 -0.01209227 0.20777082
vn -0.87777131 0.16887314 0.44832955
vn -0.77667261 0.43982414 0.45092614
vn 0.83169306 -0.30554642 -0.46360332
vn 0.00000000 -0.00000000 1.00000000
vt 0.02400000 0.00000000
vt 0.10000000 1.00000000
vt 0.17600000 0.00000000
f 313/937/313 316/938/316 314/939/314
vt 0.10000000 0.00000000
vt 0.10000000 1.00000000
vt 0.02400000 0.00000000
f 315/940/315 316/941/316 313/942/313
vt 0.02400000 0.00000000
vt 0.17600000 0.00000000
vt 0.10000000 0.00000000
f 313/943/313 314/944/314 315/945/315
vt 0.10000000 0.00000000
vt 0.17600000 0.00000000
vt 0.10000000 1.00000000
f 315/946/315 314/947/314 316/948/316
g blade_079
usemtl foliage
s 1
v -0.31495805 0.09918774 0.00000000
v -0.34617492 0.12306947 0.00000000
v -0.32905482 0.11324403 0.00000000
v -0.26788353 0.19884720 0.19173246
vn -0.43687560 -0.76122344 0.47924793
vn -0.62091997 -0.62270795 0.47612310
vn 0.52968900 0.69237997 -0.48993829
vn 0.00000000 -0.00000000 1.00000000
vt 0.02400000 0.00000000
vt 0.10000000 1.00000000
vt 0.17600000 0.00000000
f 317/949/317 320/950/320 318/951/318
vt 0.17600000 0.00000000
vt 0.10000000 1.00000000
vt 0.10000000 0.00000000
f 318/952/318 320/953/320 319/954/319
vt 0.10000000 0.00000000
vt 0.02400000 0.00000000
vt 0.17600000 0.00000000
f 319/955/319 317/956/317 318/957/318
vt 0.10000000 1.00000000
vt 0.02400000 0.00000000
vt 0.10000000 0.00000000
f 320/958/320 317/959/317 319/960/319
g blade_080
usemtl foliage
s 1
v 0.03859900 0.40911719 0.00000000
v 0.07455972 0.39538737 0.00000000
v 0.05536098 0.39883590 0.00000000
v 0.01396217 0.28275260 0.13398052
vn 0.13092678 0.72889803 0.67198649
vn 0.38861051 0.63356611 0.66901110
vn -0.25902349 -0.67842587 -0.68749194
vn 0.00000000 -0.00000000 1.00000000
vt 0.30000000 1.00000000
vt 0.37600000 0.00000000
vt 0.22400000 0.00000000
f 324/961/324 322/962/322 321/963/321
vt 0.30000000 0.00000000
vt 0.37600000 0.00000000
vt 0.30000000 1.00000000
f 323/964/323 322/965/322 324/966/324
vt 0.30000000 1.00000000
vt 0.22400000 0.00000000
vt 0.30000000 0.00000000
f 324/967/324 321/968/321 323/969/323
vt 0.30000000 0.00000000
vt 0.22400000 0.00000000
vt 0.37600000 0.00000000
f 323/970/323 321/971/321 322/972/322
g blade_081
usemtl foliage
s 1
v 0.24440688 0.07629596 0.00000000
v 0.22742037 0.09948913 0.00000000
v 0.23822002 0.08970095 0.00000000
v 0.28029608 0.12269212 0.20346590
vn -0.65010292 -0.71728230 0.25074350
vn -0.87965675 -0.40599132 0.24773989
vn 0.77748179 0.56942203 -0.26698429
vn 0.00000000 0.00000000 1.00000000
vt 0.22400000 0.00000000
vt 0.30000000 1.00000000
vt 0.37600000 0.00000000
f 325/973/325 328/974/328 326/975/326
vt 0.37600000 0.00000000
vt 0.30000000 1.00000000
vt 0.30000000 0.00000000
f 326/976/326 328/977/328 327/978/327
vt 0.30000000 0.00000000
vt 0.22400000 0.00000000
vt 0.37600000 0.00000000
f 327/979/327 325/980/325 326/981/326
vt 0.30000000 1.00000000
vt 0.22400000 0.00000000
vt 0.30000000 0.00000000
f 328/982/328 325/983/325 327/984/327
g blade_082
usemtl foliage
s 1
v -0.26192453 -0.25981125 0.00000000
v -0.29625919 -0.25880865 0.00000000
v -0.27900313 -0.25605667 0.00000000
v -0.27737907 -0.19651434 0.15968528
vn 0.14786480 -0.92717441 0.34421449
vn -0.20160966 -0.91706971 0.34400100
vn 0.02716214 0.93018563 -0.36608320
vn 0.00000000 0.00000000 1.00000000
vt 0.97600000 0.00000000
vt 0.82400000 0.00000000
vt 0.90000000 1.00000000
f 330/985/330 329/986/329 332/987/332
vt 0.90000000 0.00000000
vt 0.82400000 0.00000000
vt 0.97600000 0.00000000
f 331/988/331 329/989/329 330/990/330
vt 0.97600000 0.00000000
vt 0.90000000 1.00000000
vt 0.90000000 0.00000000
f 330/991/330 332/992/332 331/993/331
vt 0.90000000 0.00000000
vt 0.90000000 1.00000000
vt 0.82400000 0.00000000
f 331/994/331 332/995/332 329/996/329
g blade_083
usemtl foliage
s 1
v -0.42258357 0.18753873 0.00000000
v -0.38716315 0.19692272 0.00000000
v -0.40421477 0.18956938 0.00000000
v -0.38321738 0.10471974 0.18655539
vn -0.35944892 0.83352461 0.41956311
vn -0.09965634 0.90146512 0.42122353
vn 0.23059073 -0.87037789 -0.43505200
vn -0.00000000 0.00000000 1.00000000
vt 0.42400000 0.00000000
vt 0.50000000 1.00000000
vt 0.57600000 0.00000000
f 333/997/333 336/998/336 334/999/334
vt 0.50000000 0.00000000
vt 0.50000000 1.00000000
vt 0.42400000 0.00000000
f 335/1000/335 336/1001/336 333/1002/333
vt 0.42400000 0.00000000
vt 0.57600000 0.00000000
vt 0.50000000 0.00000000
f 333/1003/333 334/1004/334 335/1005/335
vt 0.50000000 0.00000000
vt 0.57600000 0.00000000
vt 0.50000000 1.00000000
f 335/1006/335 334/1007/334 336/1008/336
g blade_084
usemtl foliage
s 1
v 0.00712035 0.24869661 0.00000000
v 0.01733263 0.21962711 0.00000000
v 0.01028390 0.23343125 0.00000000
v -0.10567008 0.18982092 0.19383367
vn 0.75180592 0.38389079 0.53611166
vn 0.82795610 0.17158280 0.53389891
vn -0.79116671 -0.27794129 -0.54479711
vn 0.00000000 0.00000000 1.00000000
vt 0.90000000 1.00000000
vt 0.97600000 0.00000000
vt 0.82400000 0.00000000
f 340/1009/340 338/1010/338 337/1011/337
vt 0.90000000 0.00000000
vt 0.97600000 0.00000000
vt 0.90000000 1.00000000
f 339/1012/339 338/1013/338 340/1014/340
vt 0.90000000 1.00000000
vt 0.82400000 0.00000000
vt 0.90000000 0.00000000
f 340/1015/340 337/1016/337 339/1017/339
vt 0.90000000 0.00000000
vt 0.82400000 0.00000000
vt 0.97600000 0.00000000
f 339/1018/339 337/1019/337 338/1020/338
g blade_085
usemtl foliage
s 1
v -0.02076978 -0.00800164 0.00000000
v -0.02156052 -0.04509896 0.00000000
v -0.02350002 -0.02649702 0.00000000
v -0.06857027 -0.02546853 0.21799525
vn 0.97431797 0.10158570 0.20095977
vn 0.96908303 -0.14305367 0.20103165
vn -0.97692920 0.02082355 -0.21254580
vn -0.00000000 0.00000000 1.00000000
vt 0.37600000 0.00000000
vt 0.22400000 0.00000000
vt 0.30000000 1.00000000
f 342/1021/342 341/1022/341 344/1023/344
vt 0.30000000 1.00000000
vt 0.22400000 0.00000000
vt 0.30000000 0.00000000
f 344/1024/344 341/1025/341 343/1026/343
vt 0.30000000 0.00000000
vt 0.37600000 0.00000000
vt 0.30000000 1.00000000
f 343/1027/343 342/1028/342 344/1029/344
vt 0.22400000 0.00000000
vt 0.37600000 0.00000000
vt 0.30000000 0.00000000
f 341/1030/341 342/1031/342 343/1032/343
g blade_086
usemtl foliage
s 1
v -0.30420390 0.23376345 0.00000000
v -0.29062683 0.26995397 0.00000000
v -0.29433129 0.25062004 0.00000000
v -0.20433274 0.21447362 0.19799626
vn -0.88514710 0.16959780 0.43330267
vn -0.77655488 0.45481440 0.43601189
vn 0.83525604 -0.31335076 -0.45183918
vn 0.00000000 0.00000000 1.00000000
vt 0.22400000 0.00000000
vt 0.30000000 1.00000000
vt 0.37600000 0.00000000
f 345/1033/345 348/1034/348 346/1035/346
vt 0.30000000 0.00000000
vt 0.30000000 1.00000000
vt 0.22400000 0.00000000
f 347/1036/347 348/1037/348 345/1038/345
vt 0.22400000 0.00000000
vt 0.37600000 0.00000000
vt 0.30000000 0.00000000
f 345/1039/345 346/1040/346 347/1041/347
vt 0.30000000 0.00000000
vt 0.37600000 0.00000000
vt 0.30000000 1.00000000
f 347/1042/347 346/1043/346 348/1044/348
g blade_087
usemtl foliage
s 1
v -0.01623337 0.06908605 0.00000000
v 0.01938629 0.06839055 0.00000000
v 0.00153393 0.06640597 0.00000000
v 0.00017981 -0.00783870 0.20268465
vn -0.10384401 0.93413296 0.34148504
vn 0.14019551 0.92940919 0.34138510
vn -0.01826181 -0.93526343 -0.35348101
vn -0.00000000 -0.00000000 1.00000000
vt 0.10000000 1.00000000
vt 0.17600000 0.00000000
vt 0.02400000 0.00000000
f 352/1045/352 350/1046/350 349/1047/349
vt 0.02400000 0.00000000
vt 0.17600000 0.00000000
vt 0.10000000 0.00000000
f 349/1048/349 350/1049/350 351/1050/351
vt 0.10000000 0.00000000
vt 0.10000000 1.00000000
vt 0.02400000 0.00000000
f 351/1051/351 352/1052/352 349/1053/349
vt 0.17600000 0.00000000
vt 0.10000000 1.00000000
vt 0.10000000 0.00000000
f 350/1054/350 352/1055/352 351/1056/351
g blade_088
usemtl foliage
s 1
v 0.19121118 0.30572726 0.00000000
v 0.15832122 0.29987570 0.00000000
v 0.17433554 0.30539290 0.00000000
v 0.15803486 0.40348086 0.13251146
vn 0.26184375 -0.76003141 0.59480257
vn 0.01590435 -0.80271818 0.59614644
vn -0.13877667 0.78002345 -0.61016756
vn -0.00000000 0.00000000 1.00000000
vt 0.97600000 0.00000000
vt 0.82400000 0.00000000
vt 0.90000000 1.00000000
f 354/1057/354 353/1058/353 356/1059/356
vt 0.90000000 1.00000000
vt 0.82400000 0.00000000
vt 0.90000000 0.00000000
f 356/1060/356 353/1061/353 355/1062/355
vt 0.90000000 0.00000000
vt 0.97600000 0.00000000
vt 0.90000000 1.00000000
f 355/1063/355 354/1064/354 356/1065/356
vt 0.82400000 0.00000000
vt 0.97600000 0.00000000
vt 0.90000000 0.00000000
f 353/1066/353 354/1067/354 355/1068/355
g blade_089
usemtl foliage
s 1
v -0.22408447 -0.18596859 0.00000000
v -0.23555012 -0.20875079 0.00000000
v -0.23201960 -0.19617310 0.00000000
v -0.33905663 -0.13850232 0.18510833
vn 0.81059114 -0.22753023 0.53960355
vn 0.66257015 -0.51522177 0.54364264
vn -0.74206087 0.37345880 -0.55666345
vn -0.00000000 -0.00000000 1.00000000
vt 0.37600000 0.00000000
vt 0.22400000 0.00000000
vt 0.30000000 1.00000000
f 358/1069/358 357/1070/357 360/1071/360
vt 0.30000000 1.00000000
vt 0.22400000 0.00000000
vt 0.30000000 0.00000000
f 360/1072/360 357/1073/357 359/1074/359
vt 0.30000000 0.00000000
vt 0.37600000 0.00000000
vt 0.30000000 1.00000000
f 359/1075/359 358/1076/358 360/1077/360
vt 0.22400000 0.00000000
vt 0.37600000 0.00000000
vt 0.30000000 0.00000000
f 357/1078/357 358/1079/358 359/1080/359
g blade_090
usemtl foliage
s 1
v -0.30801301 -0.32756128 0.00000000
v -0.31083523 -0.30306913 0.00000000
v -0.30648875 -0.31495309 0.00000000
v -0.21181472 -0.30327387 0.12863644
vn -0.76129469 -0.27843826 0.58557880
vn -0.80575814 0.09741134 0.58417878
vn 0.78920386 0.09093968 -0.60736088
vn 0.00000000 0.00000000 1.00000000
vt 0.22400000 0.00000000
vt 0.30000000 1.00000000
vt 0.37600000 0.00000000
f 361/1081/361 364/1082/364 362/1083/362
vt 0.37600000 0.00000000
vt 0.30000000 1.00000000
vt 0.30000000 0.00000000
f 362/1084/362 364/1085/364 363/1086/363
vt 0.30000000 0.00000000
vt 0.22400000 0.00000000
vt 0.37600000 0.00000000
f 363/1087/363 361/1088/361 362/1089/362
vt 0.30000000 1.00000000
vt 0.22400000 0.00000000
vt 0.30000000 0.00000000
f 364/1090/364 361/1091/361 363/1092/363
g blade_091
usemtl foliage
s 1
v -0.30805340 -0.22536782 0.00000000
v -0.29763767 -0.19662088 0.00000000
v -0.30043860 -0.21192799 0.00000000
v -0.21061389 -0.24677076 0.18943471
vn -0.87998309 0.16102104 0.44688029
vn -0.77719358 0.44034632 0.44951670
vn 0.83343619 -0.30197465 -0.46281253
vn 0.00000000 0.00000000 1.00000000
vt 0.82400000 0.00000000
vt 0.90000000 1.00000000
vt 0.97600000 0.00000000
f 365/1093/365 368/1094/368 366/1095/366
vt 0.90000000 0.00000000
vt 0.90000000 1.00000000
vt 0.82400000 0.00000000
f 367/1096/367 368/1097/368 365/1098/365
vt 0.82400000 0.00000000
vt 0.97600000 0.00000000
vt 0.90000000 0.00000000
f 365/1099/365 366/1100/366 367/1101/367
vt 0.90000000 0.00000000
vt 0.97600000 0.00000000
vt 0.90000000 1.00000000
f 367/1102/367 366/1103/366 368/1104/368
g blade_092
usemtl foliage
s 1
v -0.06860623 0.39525735 0.00000000
v -0.06759033 0.42020250 0.00000000
v -0.06521692 0.40760430 0.00000000
v -0.01839736 0.40556299 0.16637398
vn -0.94771241 -0.17854255 0.26450659
vn -0.92989950 0.25526302 0.26481638
vn 0.95729271 -0.03898596 -0.28647995
vn 0.00000000 -0.00000000 1.00000000
vt 0.02400000 0.00000000
vt 0.10000000 1.00000000
vt 0.17600000 0.00000000
f 369/1105/369 372/1106/372 370/1107/370
vt 0.10000000 0.00000000
vt 0.10000000 1.00000000
vt 0.02400000 0.00000000
f 371/1108/371 372/1109/372 369/1110/369
vt 0.02400000 0.00000000
vt 0.17600000 0.00000000
vt 0.10000000 0.00000000
f 369/1111/369 370/1112/370 371/1113/371
vt 0.10000000 0.00000000
vt 0.17600000 0.00000000
vt 0.10000000 1.00000000
f 371/1114/371 370/1115/370 372/1116/372
g blade_093
usemtl foliage
s 1
v 0.39719948 -0.24738072 0.00000000
v 0.42895239 -0.23874581 0.00000000
v 0.41381364 -0.24596748 0.00000000
v 0.42927966 -0.30685422 0.19576314
vn -0.41069192 0.86093145 0.30021525
vn -0.08080362 0.94993018 0.30183345
vn 0.24873331 -0.91465956 -0.31863716
vn 0.00000000 0.00000000 1.00000000
vt 0.82400000 0.00000000
vt 0.90000000 1.00000000
vt 0.97600000 0.00000000
f 373/1117/373 376/1118/376 374/1119/374
vt 0.90000000 0.00000000
vt 0.90000000 1.00000000
vt 0.82400000 0.00000000
f 375/1120/375 376/1121/376 373/1122/373
vt 0.82400000 0.00000000
vt 0.97600000 0.00000000
vt 0.90000000 0.00000000
f 373/1123/373 374/1124/374 375/1125/375
vt 0.90000000 0.00000000
vt 0.97600000 0.00000000
vt 0.90000000 1.00000000
f 375/1126/375 374/1127/374 376/1128/376
g blade_094
usemtl foliage
s 1
v 0.23662680 0.25570151 0.00000000
v 0.20955265 0.27312526 0.00000000
v 0.22437101 0.26654484 0.00000000
v 0.27405537 0.34919647 0.18601118
vn -0.36088973 -0.81268226 0.45749989
vn -0.59034875 -0.66724817 0.45416762
vn 0.47785753 0.74252581 -0.46936937
vn 0.00000000 0.00000000 1.00000000
vt 0.22400000 0.00000000
vt 0.30000000 1.00000000
vt 0.37600000 0.00000000
f 377/1129/377 380/1130/380 378/1131/378
vt 0.37600000 0.00000000
vt 0.30000000 1.00000000
vt 0.30000000 0.00000000
f 378/1132/378 380/1133/380 379/1134/379
vt 0.30000000 0.00000000
vt 0.22400000 0.00000000
vt 0.37600000 0.00000000
f 379/1135/379 377/1136/377 378/1137/378
vt 0.30000000 1.00000000
vt 0.22400000 0.00000000
vt 0.30000000 0.00000000
f 380/1138/380 377/1139/377 379/1140/379
g blade_095
usemtl foliage
s 1
v -0.36586785 0.32844082 0.00000000
v -0.33610266 0.34186407 0.00000000
v -0.35013832 0.33314187 0.00000000
v -0.32401271 0.27112125 0.14222423
vn -0.47817586 0.76947456 0.42338724
vn -0.25911402 0.86698631 0.42566966
vn 0.36940163 -0.81912438 -0.43883674
vn 0.00000000 0.00000000 1.00000000
vt 0.02400000 0.00000000
vt 0.10000000 1.00000000
vt 0.17600000 0.00000000
f 381/1141/381 384/1142/384 382/1143/382
vt 0.10000000 0.00000000
vt 0.10000000 1.00000000
vt 0.02400000 0.00000000
f 383/1144/383 384/1145/384 381/1146/381
vt 0.02400000 0.00000000
vt 0.17600000 0.00000000
vt 0.10000000 0.00000000
f 381/1147/381 382/1148/382 383/1149/383
vt 0.10000000 0.00000000
vt 0.17600000 0.00000000
vt 0.10000000 1.00000000
f 383/1150/383 382/1151/382 384/1152/384
g blade_096
usemtl foliage
s 1
v -0.28496463 -0.01272254 0.00000000
v -0.32243245 -0.01936587 0.00000000
v -0.30426446 -0.01262720 0.00000000
v -0.31989249 0.08173430 0.18489528
vn 0.31006012 -0.83594553 0.45283307
vn -0.00440085 -0.89085081 0.45427465
vn -0.15387459 0.86783874 -0.47241775
vn 0.00000000 0.00000000 1.00000000
vt 0.37600000 0.00000000
vt 0.22400000 0.00000000
vt 0.30000000 1.00000000
f 386/1153/386 385/1154/385 388/1155/388
vt 0.30000000 0.00000000
vt 0.22400000 0.00000000
vt 0.37600000 0.00000000
f 387/1156/387 385/1157/385 386/1158/386
vt 0.37600000 0.00000000
vt 0.30000000 1.00000000
vt 0.30000000 0.00000000
f 386/1159/386 388/1160/388 387/1161/387
vt 0.30000000 0.00000000
vt 0.30000000 1.00000000
vt 0.22400000 0.00000000
f 387/1162/387 388/1163/388 385/1164/385
g blade_097
usemtl foliage
s 1
v 0.11443508 0.30587535 0.00000000
v 0.11140954 0.33184801 0.00000000
v 0.11563666 0.31920019 0.00000000
v 0.23474252 0.33405402 0.14663259
vn -0.73969888 -0.24722015 0.62588159
vn -0.77775348 0.07013455 0.62464443
vn 0.76161358 0.08871998 -0.64192953
vn 0.00000000 -0.00000000 1.00000000
vt 0.82400000 0.00000000
vt 0.90000000 1.00000000
vt 0.97600000 0.00000000
f 389/1165/389 392/1166/392 390/1167/390
vt 0.97600000 0.00000000
vt 0.90000000 1.00000000
vt 0.90000000 0.00000000
f 390/1168/390 392/1169/392 391/1170/391
vt 0.90000000 0.00000000
vt 0.82400000 0.00000000
vt 0.97600000 0.00000000
f 391/1171/391 389/1172/389 390/1173/390
vt 0.90000000 1.00000000
vt 0.82400000 0.00000000
vt 0.90000000 0.00000000
f 392/1174/392 389/1175/389 391/1176/391
g blade_098
usemtl foliage
s 1
v 0.37029871 -0.28130000 0.00000000
v 0.34936098 -0.26022535 0.00000000
v 0.36140752 -0.26908462 0.00000000
v 0.41628028 -0.21072067 0.21121306
vn -0.55445490 -0.75392953 0.35237769
vn -0.75760903 -0.55143962 0.34920324
vn 0.66093246 0.65663851 -0.36330998
vn 0.00000000 0.00000000 1.00000000
vt 0.22400000 0.00000000
vt 0.30000000 1.00000000
vt 0.37600000 0.00000000
f 393/1177/393 396/1178/396 394/1179/394
vt 0.37600000 0.00000000
vt 0.30000000 1.00000000
vt 0.30000000 0.00000000
f 394/1180/394 396/1181/396 395/1182/395
vt 0.30000000 0.00000000
vt 0.22400000 0.00000000
vt 0.37600000 0.00000000
f 395/1183/395 393/1184/393 394/1185/394
vt 0.30000000 1.00000000
vt 0.22400000 0.00000000
vt 0.30000000 0.00000000
f 396/1186/396 393/1187/393 395/1188/395
g blade_099
usemtl foliage
s 1
v 0.38854357 -0.08128889 0.00000000
v 0.41126247 -0.10493444 0.00000000
v 0.39776421 -0.09531169 0.00000000
v 0.30288021 -0.19291167 0.11273042
vn 0.37279465 0.52293606 0.76652595
vn 0.54048244 0.35539235 0.76261065
vn -0.45400217 -0.43621038 -0.77691861
vn -0.00000000 0.00000000 1.00000000
vt 0.90000000 1.00000000
vt 0.97600000 0.00000000
vt 0.82400000 0.00000000
f 400/1189/400 398/1190/398 397/1191/397
vt 0.90000000 0.00000000
vt 0.97600000 0.00000000
vt 0.90000000 1.00000000
f 399/1192/399 398/1193/398 400/1194/400
vt 0.90000000 1.00000000
vt 0.82400000 0.00000000
vt 0.90000000 0.00000000
f 400/1195/400 397/1196/397 399/1197/399
vt 0.90000000 0.00000000
vt 0.82400000 0.00000000
vt 0.97600000 0.00000000
f 399/1198/399 397/1199/397 398/1200/398
g blade_100
usemtl foliage
s 1
v -0.24097879 -0.06532391 0.00000000
v -0.24303946 -0.09919414 0.00000000
v -0.24450809 -0.08209626 0.00000000
v -0.35315135 -0.07501989 0.17443011
vn 0.84788774 0.07283001 0.52514966
vn 0.83248877 -0.17517540 0.52561966
vn -0.84128260 0.05118360 -0.53816709
vn 0.00000000 -0.00000000 1.00000000
vt 0.77600000 0.00000000
vt 0.62400000 0.00000000
vt 0.70000000 1.00000000
f 402/1201/402 401/1202/401 404/1203/404
vt 0.70000000 1.00000000
vt 0.62400000 0.00000000
vt 0.70000000 0.00000000
f 404/1204/404 401/1205/401 403/1206/403
vt 0.70000000 0.00000000
vt 0.77600000 0.00000000
vt 0.70000000 1.00000000
f 403/1207/403 402/1208/402 404/1209/404
vt 0.62400000 0.00000000
vt 0.77600000 0.00000000
vt 0.70000000 0.00000000
f 401/1210/401 402/1211/402 403/1212/403
g blade_101
usemtl foliage
s 1
v 0.14309433 -0.17532629 0.00000000
v 0.16428454 -0.14841707 0.00000000
v 0.15612461 -0.16392466 0.00000000
v 0.21747528 -0.21564627 0.20498363
vn -0.82660029 0.43494829 0.35714414
vn -0.61412909 0.70185327 0.36089813
vn 0.72774313 -0.57307601 -0.37679415
vn 0.00000000 -0.00000000 1.00000000
vt 0.02400000 0.00000000
vt 0.10000000 1.00000000
vt 0.17600000 0.00000000
f 405/1213/405 408/1214/408 406/1215/406
vt 0.10000000 0.00000000
vt 0.10000000 1.00000000
vt 0.02400000 0.00000000
f 407/1216/407 408/1217/408 405/1218/405
vt 0.02400000 0.00000000
vt 0.17600000 0.00000000
vt 0.10000000 0.00000000
f 405/1219/405 406/1220/406 407/1221/407
vt 0.10000000 0.00000000
vt 0.17600000 0.00000000
vt 0.10000000 1.00000000
f 407/1222/407 406/1223/406 408/1224/408
g blade_102
usemtl foliage
s 1
v -0.26613461 0.13304701 0.00000000
v -0.28238629 0.16537108 0.00000000
v -0.27139174 0.15075315 0.00000000
v -0.23155598 0.17219509 0.19058968
vn -0.77804772 -0.58519111 0.22845812
vn -0.93375549 -0.27724145 0.22635780
vn 0.86586215 0.43533237 -0.24651260
vn 0.00000000 0.00000000 1.00000000
vt 0.42400000 0.00000000
vt 0.50000000 1.00000000
vt 0.57600000 0.00000000
f 409/1225/409 412/1226/412 410/1227/410
vt 0.57600000 0.00000000
vt 0.50000000 1.00000000
vt 0.50000000 0.00000000
f 410/1228/410 412/1229/412 411/1230/411
vt 0.50000000 0.00000000
vt 0.42400000 0.00000000
vt 0.57600000 0.00000000
f 411/1231/411 409/1232/409 410/1233/410
vt 0.50000000 1.00000000
vt 0.42400000 0.00000000
vt 0.50000000 0.00000000
f 412/1234/412 409/1235/409 411/1236/411
g blade_103
usemtl foliage
s 1
v 0.43630016 0.06413042 0.00000000
v 0.43148935 0.02628675 0.00000000
v 0.43078301 0.04563208 0.00000000
v 0.34182464 0.05773890 0.21760542
vn 0.92576776 0.03380185 0.37657868
vn 0.88738502 -0.26466344 0.37749317
vn -0.91232872 0.11597811 -0.39268992
vn -0.00000000 -0.00000000 1.00000000
vt 0.97600000 0.00000000
vt 0.82400000 0.00000000
vt 0.90000000 1.00000000
f 414/1237/414 413/1238/413 416/1239/416
vt 0.90000000 1.00000000
vt 0.82400000 0.00000000
vt 0.90000000 0.00000000
f 416/1240/416 413/1241/413 415/1242/415
vt 0.90000000 0.00000000
vt 0.97600000 0.00000000
vt 0.90000000 1.00000000
f 415/1243/415 414/1244/414 416/1245/416
vt 0.82400000 0.00000000
vt 0.97600000 0.00000000
vt 0.90000000 0.00000000
f 413/1246/413 414/1247/414 415/1248/415
g blade_104
usemtl foliage
s 1
v 0.17496849 -0.29524367 0.00000000
v 0.19485070 -0.32862803 0.00000000
v 0.18198107 -0.31380304 0.00000000
v 0.09072391 -0.37198750 0.14502934
vn 0.60755482 0.52742048 0.59388953
vn 0.75540073 0.28542486 0.58983251
vn -0.68080108 -0.40545407 -0.61001384
vn 0.00000000 -0.00000000 1.00000000
vt 0.50000000 1.00000000
vt 0.57600000 0.00000000
vt 0.42400000 0.00000000
f 420/1249/420 418/1250/418 417/1251/417
vt 0.50000000 0.00000000
vt 0.57600000 0.00000000
vt 0.50000000 1.00000000
f 419/1252/419 418/1253/418 420/1254/420
vt 0.50000000 1.00000000
vt 0.42400000 0.00000000
vt 0.50000000 0.00000000
f 420/1255/420 417/1256/417 419/1257/419
vt 0.50000000 0.00000000
vt 0.42400000 0.00000000
vt 0.57600000 0.00000000
f 419/1258/419 417/1259/417 418/1260/418
g blade_105
usemtl foliage
s 1
v 0.28800306 0.39372336 0.00000000
v 0.25232144 0.39389066 0.00000000
v 0.27017337 0.39634555 0.00000000
v 0.27040835 0.45000000 0.16028306
vn 0.12931485 -0.94037495 0.31459916
vn -0.13811687 -0.93913070 0.31457472
vn 0.00442459 0.94367445 -0.33084583
vn 0.00000000 -0.00000000 1.00000000
vt 0.97600000 0.00000000
vt 0.82400000 0.00000000
vt 0.90000000 1.00000000
f 422/1261/422 421/1262/421 424/1263/424
vt 0.90000000 0.00000000
vt 0.82400000 0.00000000
vt 0.97600000 0.00000000
f 423/1264/423 421/1265/421 422/1266/422
vt 0.97600000 0.00000000
vt 0.90000000 1.00000000
vt 0.90000000 0.00000000
f 422/1267/422 424/1268/424 423/1269/423
vt 0.90000000 0.00000000
vt 0.90000000 1.00000000
vt 0.82400000 0.00000000
f 423/1270/423 424/1271/424 421/1272/421
g blade_106
usemtl foliage
s 1
v -0.39401287 -0.23177099 0.00000000
v -0.40809217 -0.20972614 0.00000000
v -0.39929765 -0.21954869 0.00000000
v -0.30737155 -0.15669491 0.20746717
vn -0.65767964 -0.58884675 0.46980527
vn -0.81203428 -0.35111425 0.46617498
vn 0.73947524 0.47227783 -0.47971869
vn 0.00000000 0.00000000 1.00000000
vt 0.62400000 0.00000000
vt 0.70000000 1.00000000
vt 0.77600000 0.00000000
f 425/1273/425 428/1274/428 426/1275/426
vt 0.77600000 0.00000000
vt 0.70000000 1.00000000
vt 0.70000000 0.00000000
f 426/1276/426 428/1277/428 427/1278/427
vt 0.70000000 0.00000000
vt 0.62400000 0.00000000
vt 0.77600000 0.00000000
f 427/1279/427 425/1280/425 426/1281/426
vt 0.70000000 1.00000000
vt 0.62400000 0.00000000
vt 0.70000000 0.00000000
f 428/1282/428 425/1283/425 427/1284/427
g blade_107
usemtl foliage
s 1
v -0.12471305 -0.15308668 0.00000000
v -0.12753017 -0.11913037 0.00000000
v -0.12261065 -0.13579669 0.00000000
v -0.04923407 -0.12927948 0.21062708
vn -0.90724084 -0.26779727 0.32434347
vn -0.93925020 0.11420949 0.32367461
vn 0.93572069 0.07763035 -0.34409348
vn -0.00000000 -0.00000000 1.00000000
vt 0.22400000 0.00000000
vt 0.30000000 1.00000000
vt 0.37600000 0.00000000
f 429/1285/429 432/1286/432 430/1287/430
vt 0.37600000 0.00000000
vt 0.30000000 1.00000000
vt 0.30000000 0.00000000
f 430/1288/430 432/1289/432 431/1290/431
vt 0.30000000 0.00000000
vt 0.22400000 0.00000000
vt 0.37600000 0.00000000
f 431/1291/431 429/1292/429 430/1293/430
vt 0.30000000 1.00000000
vt 0.22400000 0.00000000
vt 0.30000000 0.00000000
f 432/1294/432 429/1295/429 431/1296/431
g blade_108
usemtl foliage
s 1
v 0.23314807 -0.02314694 0.00000000
v 0.20842807 -0.04226465 0.00000000
v 0.21943267 -0.03082951 0.00000000
v 0.16891753 0.03909879 0.12940539
vn 0.60248143 -0.57979763 0.54849871
vn 0.40745359 -0.72741211 0.55213512
vn -0.50490866 0.65286833 -0.56465051
vn 0.00000000 0.00000000 1.00000000
vt 0.97600000 0.00000000
vt 0.82400000 0.00000000
vt 0.90000000 1.00000000
f 434/1297/434 433/1298/433 436/1299/436
vt 0.90000000 1.00000000
vt 0.82400000 0.00000000
vt 0.90000000 0.00000000
f 436/1300/436 433/1301/433 435/1302/435
vt 0.90000000 0.00000000
vt 0.97600000 0.00000000
vt 0.90000000 1.00000000
f 435/1303/435 434/1304/434 436/1305/436
vt 0.82400000 0.00000000
vt 0.97600000 0.00000000
vt 0.90000000 0.00000000
f 433/1306/433 434/1307/434 435/1308/435
g blade_109
usemtl foliage
s 1
v -0.37988407 -0.27325167 0.00000000
v -0.38632512 -0.30473598 0.00000000
v -0.38510778 -0.28855509 0.00000000
v -0.48098296 -0.26755664 0.20025790
vn 0.89712783 -0.06749370 0.43658477
vn 0.85086287 -0.29043581 0.43781207
vn -0.87617291 0.17924714 -0.44742765
vn 0.00000000 0.00000000 1.00000000
vt 0.57600000 0.00000000
vt 0.42400000 0.00000000
vt 0.50000000 1.00000000
f 438/1309/438 437/1310/437 440/1311/440
vt 0.50000000 1.00000000
vt 0.42400000 0.00000000
vt 0.50000000 0.00000000
f 440/1312/440 437/1313/437 439/1314/439
vt 0.50000000 0.00000000
vt 0.57600000 0.00000000
vt 0.50000000 1.00000000
f 439/1315/439 438/1316/438 440/1317/440
vt 0.42400000 0.00000000
vt 0.57600000 0.00000000
vt 0.50000000 0.00000000
f 437/1318/437 438/1319/438 439/1320/439
g blade_110
usemtl foliage
s 1
v -0.33435007 -0.17362873 0.00000000
v -0.33162341 -0.13694503 0.00000000
v -0.33062336 -0.15547495 0.00000000
v -0.26501426 -0.16069581 0.10161535
vn -0.84030106 -0.04535043 0.54021983
vn -0.82401513 0.16915866 0.54072583
vn 0.82809188 -0.06155139 -0.55720308
vn 0.00000000 0.00000000 1.00000000
vt 0.02400000 0.00000000
vt 0.10000000 1.00000000
vt 0.17600000 0.00000000
f 441/1321/441 444/1322/444 442/1323/442
vt 0.10000000 0.00000000
vt 0.10000000 1.00000000
vt 0.02400000 0.00000000
f 443/1324/443 444/1325/444 441/1326/441
vt 0.02400000 0.00000000
vt 0.17600000 0.00000000
vt 0.10000000 0.00000000
f 441/1327/441 442/1328/442 443/1329/443
vt 0.10000000 0.00000000
vt 0.17600000 0.00000000
vt 0.10000000 1.00000000
f 443/1330/443 442/1331/442 444/1332/444
g blade_111
usemtl foliage
s 1
v 0.24036901 -0.36555035 0.00000000
v 0.21406531 -0.35181552 0.00000000
v 0.22814199 -0.35678679 0.00000000
v 0.26569460 -0.27979360 0.12634957
vn -0.27619127 -0.78206554 0.55865184
vn -0.48432217 -0.67573171 0.55571458
vn 0.38018500 0.72809584 -0.57038216
vn 0.00000000 -0.00000000 1.00000000
vt 0.22400000 0.00000000
vt 0.30000000 1.00000000
vt 0.37600000 0.00000000
f 445/1333/445 448/1334/448 446/1335/446
vt 0.37600000 0.00000000
vt 0.30000000 1.00000000
vt 0.30000000 0.00000000
f 446/1336/446 448/1337/448 447/1338/447
vt 0.30000000 0.00000000
vt 0.22400000 0.00000000
vt 0.37600000 0.00000000
f 447/1339/447 445/1340/445 446/1341/446
vt 0.30000000 1.00000000
vt 0.22400000 0.00000000
vt 0.30000000 0.00000000
f 448/1342/448 445/1343/445 447/1344/447
g blade_112
usemtl foliage
s 1
v -0.16724264 0.30499277 0.00000000
v -0.16573763 0.33286302 0.00000000
v -0.16432211 0.31880256 0.00000000
v -0.06810504 0.31324003 0.18707797
vn -0.88680320 -0.08927740 0.45344198
vn -0.87179185 0.18436903 0.45385794
vn 0.88346222 -0.04770780 -0.46606703
vn 0.00000000 0.00000000 1.00000000
vt 0.02400000 0.00000000
vt 0.10000000 1.00000000
vt 0.17600000 0.00000000
f 449/1345/449 452/1346/452 450/1347/450
vt 0.10000000 0.00000000
vt 0.10000000 1.00000000
vt 0.02400000 0.00000000
f 451/1348/451 452/1349/452 449/1350/449
vt 0.02400000 0.00000000
vt 0.17600000 0.00000000
vt 0.10000000 0.00000000
f 449/1351/449 450/1352/450 451/1353/451
vt 0.10000000 0.00000000
vt 0.17600000 0.00000000
vt 0.10000000 1.00000000
f 451/1354/451 450/1355/450 452/1356/452
g blade_113
usemtl foliage
s 1
v 0.07529251 -0.15686546 0.00000000
v 0.05538771 -0.17733415 0.00000000
v 0.06357922 -0.16526656 0.00000000
v 0.00593824 -0.10525736 0.15045458
vn 0.72772072 -0.49397849 0.47582330
vn 0.51123794 -0.71279713 0.48016249
vn -0.62294247 0.60578116 -0.49494633
vn -0.00000000 0.00000000 1.00000000
vt 0.37600000 0.00000000
vt 0.22400000 0.00000000
vt 0.30000000 1.00000000
f 454/1357/454 453/1358/453 456/1359/456
vt 0.30000000 1.00000000
vt 0.22400000 0.00000000
vt 0.30000000 0.00000000
f 456/1360/456 453/1361/453 455/1362/455
vt 0.30000000 0.00000000
vt 0.37600000 0.00000000
vt 0.30000000 1.00000000
f 455/1363/455 454/1364/454 456/1365/456
vt 0.22400000 0.00000000
vt 0.37600000 0.00000000
vt 0.30000000 0.00000000
f 453/1366/453 454/1367/454 455/1368/455
g blade_114
usemtl foliage
s 1
v 0.04391030 0.05665813 0.00000000
v 0.06450988 0.03061506 0.00000000
v 0.05256331 0.04224209 0.00000000
v -0.01865589 -0.01806686 0.12604137
vn 0.56145282 0.57688257 0.59327669
vn 0.69227584 0.41552810 0.58999200
vn -0.62530246 -0.49460235 -0.60362683
vn -0.00000000 -0.00000000 1.00000000
vt 0.30000000 1.00000000
vt 0.37600000 0.00000000
vt 0.22400000 0.00000000
f 460/1369/460 458/1370/458 457/1371/457
vt 0.30000000 0.00000000
vt 0.37600000 0.00000000
vt 0.30000000 1.00000000
f 459/1372/459 458/1373/458 460/1374/460
vt 0.30000000 1.00000000
vt 0.22400000 0.00000000
vt 0.30000000 0.00000000
f 460/1375/460 457/1376/457 459/1377/459
vt 0.30000000 0.00000000
vt 0.22400000 0.00000000
vt 0.37600000 0.00000000
f 459/1378/459 457/1379/457 458/1380/458
g blade_115
usemtl foliage
s 1
v 0.11040763 -0.37478662 0.00000000
v 0.09937788 -0.33763964 0.00000000
v 0.10804131 -0.35521227 0.00000000
v 0.15680510 -0.33971132 0.13911848
vn -0.84291533 -0.41556312 0.34176167
vn -0.93368179 -0.11287163 0.33985043
vn 0.89266850 0.26505275 -0.36454079
vn 0.00000000 -0.00000000 1.00000000
vt 0.02400000 0.00000000
vt 0.10000000 1.00000000
vt 0.17600000 0.00000000
f 461/1381/461 464/1382/464 462/1383/462
vt 0.17600000 0.00000000
vt 0.10000000 1.00000000
vt 0.10000000 0.00000000
f 462/1384/462 464/1385/464 463/1386/463
vt 0.10000000 0.00000000
vt 0.02400000 0.00000000
vt 0.17600000 0.00000000
f 463/1387/463 461/1388/461 462/1389/462
vt 0.10000000 1.00000000
vt 0.02400000 0.00000000
vt 0.10000000 0.00000000
f 464/1390/464 461/1391/461 463/1392/463
g blade_116
usemtl foliage
s 1
v 0.09096032 0.03160119 0.00000000
v 0.12599120 0.02924022 0.00000000
v 0.10830937 0.02777769 0.00000000
v 0.10163791 -0.07819660 0.12515042
vn -0.06313442 0.76328714 0.64296718
vn 0.16492602 0.74834850 0.64247485
vn -0.05074188 -0.75288319 -0.65619522
vn -0.00000000 -0.00000000 1.00000000
vt 0.10000000 1.00000000
vt 0.17600000 0.00000000
vt 0.02400000 0.00000000
f 468/1393/468 466/1394/466 465/1395/465
vt 0.02400000 0.00000000
vt 0.17600000 0.00000000
vt 0.10000000 0.00000000
f 465/1396/465 466/1397/466 467/1398/467
vt 0.10000000 0.00000000
vt 0.10000000 1.00000000
vt 0.02400000 0.00000000
f 467/1399/467 468/1400/468 465/1401/465
vt 0.17600000 0.00000000
vt 0.10000000 1.00000000
vt 0.10000000 0.00000000
f 466/1402/466 468/1403/468 467/1404/467
g blade_117
usemtl foliage
s 1
v 0.41887611 0.22085846 0.00000000
v 0.42183454 0.24836679 0.00000000
v 0.42368693 0.23422903 0.00000000
v 0.50000000 0.22544255 0.20675214
vn -0.93277826 -0.12221708 0.33909836
vn -0.88484459 0.31837351 0.34012991
vn 0.92701656 -0.09969764 -0.36152550
vn 0.00000000 0.00000000 1.00000000
vt 0.02400000 0.00000000
vt 0.10000000 1.00000000
vt 0.17600000 0.00000000
f 469/1405/469 472/1406/472 470/1407/470
vt 0.10000000 0.00000000
vt 0.10000000 1.00000000
vt 0.02400000 0.00000000
f 471/1408/471 472/1409/472 469/1410/469
vt 0.02400000 0.00000000
vt 0.17600000 0.00000000
vt 0.10000000 0.00000000
f 469/1411/469 470/1412/470 471/1413/471
vt 0.10000000 0.00000000
vt 0.17600000 0.00000000
vt 0.10000000 1.00000000
f 471/1414/471 470/1415/470 472/1416/472
g blade_118
usemtl foliage
s 1
v 0.31816069 0.26475253 0.00000000
v 0.30722861 0.22771460 0.00000000
v 0.31001588 0.24708003 0.00000000
v 0.20112180 0.28148961 0.18009928
vn 0.83909047 -0.12077032 0.53041654
vn 0.76872540 -0.35428666 0.53248683
vn -0.80430005 0.23739658 -0.54474241
vn 0.00000000 -0.00000000 1.00000000
vt 0.57600000 0.00000000
vt 0.42400000 0.00000000
vt 0.50000000 1.00000000
f 474/1417/474 473/1418/473 476/1419/476
vt 0.50000000 1.00000000
vt 0.42400000 0.00000000
vt 0.50000000 0.00000000
f 476/1420/476 473/1421/473 475/1422/475
vt 0.50000000 0.00000000
vt 0.57600000 0.00000000
vt 0.50000000 1.00000000
f 475/1423/475 474/1424/474 476/1425/476
vt 0.42400000 0.00000000
vt 0.57600000 0.00000000
vt 0.50000000 0.00000000
f 473/1426/473 474/1427/474 475/1428/475
g blade_119
usemtl foliage
s 1
v -0.02500344 0.03805868 0.00000000
v -0.05063626 0.03605567 0.00000000
v -0.03799686 0.03948231 0.00000000
v -0.04138996 0.08596901 0.16573393
vn 0.25222668 -0.93035594 0.26611937
vn -0.10497240 -0.95807863 0.26658231
vn -0.07470295 0.95598626 -0.28374239
vn 0.00000000 0.00000000 1.00000000
vt 0.57600000 0.00000000
vt 0.42400000 0.00000000
vt 0.50000000 1.00000000
f 478/1429/478 477/1430/477 480/1431/480
vt 0.50000000 0.00000000
vt 0.42400000 0.00000000
vt 0.57600000 0.00000000
f 479/1432/479 477/1433/477 478/1434/478
vt 0.57600000 0.00000000
vt 0.50000000 1.00000000
vt 0.50000000 0.00000000
f 478/1435/478 480/1436/480 479/1437/479
vt 0.50000000 0.00000000
vt 0.50000000 1.00000000
vt 0.42400000 0.00000000
f 479/1438/479 480/1439/480 477/1440/477
g blade_120
usemtl foliage
s 1
v -0.20014849 0.10189107 0.00000000
v -0.21903801 0.11644653 0.00000000
v -0.20831011 0.11095154 0.00000000
v -0.13839483 0.20808884 0.12461340
vn -0.33059037 -0.64541379 0.68858627
vn -0.54175315 -0.48800855 0.68436188
vn 0.43647263 0.56643788 -0.69902774
vn -0.00000000 0.00000000 1.00000000
vt 0.82400000 0.00000000
vt 0.90000000 1.00000000
vt 0.97600000 0.00000000
f 481/1441/481 484/1442/484 482/1443/482
vt 0.97600000 0.00000000
vt 0.90000000 1.00000000
vt 0.90000000 0.00000000
f 482/1444/482 484/1445/484 483/1446/483
vt 0.90000000 0.00000000
vt 0.82400000 0.00000000
vt 0.97600000 0.00000000
f 483/1447/483 481/1448/481 482/1449/482
vt 0.90000000 1.00000000
vt 0.82400000 0.00000000
vt 0.90000000 0.00000000
f 484/1450/484 481/1451/481 483/1452/483
g blade_121
usemtl foliage
s 1
v 0.04138594 -0.03840433 0.00000000
v 0.05895181 -0.05398437 0.00000000
v 0.04824131 -0.04852098 0.00000000
v -0.01841693 -0.12897979 0.13206176
vn 0.35966838 0.70509894 0.61112531
vn 0.65921230 0.44670362 0.60489256
vn -0.51471726 -0.58032308 -0.63110322
vn 0.00000000 0.00000000 1.00000000
vt 0.50000000 1.00000000
vt 0.57600000 0.00000000
vt 0.42400000 0.00000000
f 488/1453/488 486/1454/486 485/1455/485
vt 0.50000000 0.00000000
vt 0.57600000 0.00000000
vt 0.50000000 1.00000000
f 487/1456/487 486/1457/486 488/1458/488
vt 0.50000000 1.00000000
vt 0.42400000 0.00000000
vt 0.50000000 0.00000000
f 488/1459/488 485/1460/485 487/1461/487
vt 0.50000000 0.00000000
vt 0.42400000 0.00000000
vt 0.57600000 0.00000000
f 487/1462/487 485/1463/485 486/1464/486
g blade_122
usemtl foliage
s 1
v -0.09251711 0.23861507 0.00000000
v -0.11978902 0.21659887 0.00000000
v -0.10824442 0.23038042 0.00000000
v -0.13389837 0.26440135 0.20374866
vn 0.75114596 -0.62922420 0.19964132
vn 0.45428499 -0.86763581 0.20207239
vn -0.61268630 0.75894697 -0.22048806
vn 0.00000000 0.00000000 1.00000000
vt 0.37600000 0.00000000
vt 0.22400000 0.00000000
vt 0.30000000 1.00000000
f 490/1465/490 489/1466/489 492/1467/492
vt 0.30000000 1.00000000
vt 0.22400000 0.00000000
vt 0.30000000 0.00000000
f 492/1468/492 489/1469/489 491/1470/491
vt 0.30000000 0.00000000
vt 0.37600000 0.00000000
vt 0.30000000 1.00000000
f 491/1471/491 490/1472/490 492/1473/492
vt 0.22400000 0.00000000
vt 0.37600000 0.00000000
vt 0.30000000 0.00000000
f 489/1474/489 490/1475/490 491/1476/491
g blade_123
usemtl foliage
s 1
v 0.16550096 0.15941738 0.00000000
v 0.14209198 0.18125721 0.00000000
v 0.15600581 0.17287250 0.00000000
v 0.20139440 0.22495582 0.20140810
vn -0.48899611 -0.81145483 0.32003730
vn -0.77513874 -0.54700793 0.31613646
vn 0.64195215 0.68807525 -0.33830443
vn 0.00000000 0.00000000 1.00000000
vt 0.82400000 0.00000000
vt 0.90000000 1.00000000
vt 0.97600000 0.00000000
f 493/1477/493 496/1478/496 494/1479/494
vt 0.97600000 0.00000000
vt 0.90000000 1.00000000
vt 0.90000000 0.00000000
f 494/1480/494 496/1481/496 495/1482/495
vt 0.90000000 0.00000000
vt 0.82400000 0.00000000
vt 0.97600000 0.00000000
f 495/1483/495 493/1484/493 494/1485/494
vt 0.90000000 1.00000000
vt 0.82400000 0.00000000
vt 0.90000000 0.00000000
f 496/1486/496 493/1487/493 495/1488/495
g blade_124
usemtl foliage
s 1
v -0.09613767 0.14544833 0.00000000
v -0.06093295 0.15814721 0.00000000
v -0.07769102 0.14929197 0.00000000
v -0.05825709 0.09161332 0.19838363
vn -0.44714671 0.84620217 0.28983049
vn -0.19513201 0.93648995 0.29139332
vn 0.32316610 -0.89590404 -0.30482721
vn 0.00000000 0.00000000 1.00000000
vt 0.22400000 0.00000000
vt 0.30000000 1.00000000
vt 0.37600000 0.00000000
f 497/1489/497 500/1490/500 498/1491/498
vt 0.30000000 0.00000000
vt 0.30000000 1.00000000
vt 0.22400000 0.00000000
f 499/1492/499 500/1493/500 497/1494/497
vt 0.22400000 0.00000000
vt 0.37600000 0.00000000
vt 0.30000000 0.00000000
f 497/1495/497 498/1496/498 499/1497/499
vt 0.30000000 0.00000000
vt 0.37600000 0.00000000
vt 0.30000000 1.00000000
f 499/1498/499 498/1499/498 500/1500/500
g blade_125
usemtl foliage
s 1
v -0.25971996 0.19275465 0.00000000
v -0.27788825 0.21448108 0.00000000
v -0.26680597 0.20540669 0.00000000
v -0.19090990 0.27335263 0.13911322
vn -0.51327185 -0.62684375 0.58619018
vn -0.70983886 -0.39755820 0.58144326
vn 0.61337510 0.51292251 -0.60056764
vn 0.00000000 0.00000000 1.00000000
vt 0.82400000 0.00000000
vt 0.90000000 1.00000000
vt 0.97600000 0.00000000
f 501/1501/501 504/1502/504 502/1503/502
vt 0.97600000 0.00000000
vt 0.90000000 1.00000000
vt 0.90000000 0.00000000
f 502/1504/502 504/1505/504 503/1506/503
vt 0.90000000 0.00000000
vt 0.82400000 0.00000000
vt 0.97600000 0.00000000
f 503/1507/503 501/1508/501 502/1509/502
vt 0.90000000 1.00000000
vt 0.82400000 0.00000000
vt 0.90000000 0.00000000
f 504/1510/504 501/1511/501 503/1512/503
g blade_126
usemtl foliage
s 1
v 0.34185725 0.30924247 0.00000000
v 0.33688460 0.28620188 0.00000000
v 0.33645132 0.29839676 0.00000000
v 0.23405010 0.32205696 0.19856233
vn 0.88985661 0.03161621 0.45514352
vn 0.79576148 -0.39663919 0.45764728
vn -0.85854159 0.18529171 -0.47809342
vn 0.00000000 0.00000000 1.00000000
vt 0.37600000 0.00000000
vt 0.22400000 0.00000000
vt 0.30000000 1.00000000
f 506/1513/506 505/1514/505 508/1515/508
vt 0.30000000 1.00000000
vt 0.22400000 0.00000000
vt 0.30000000 0.00000000
f 508/1516/508 505/1517/505 507/1518/507
vt 0.30000000 0.00000000
vt 0.37600000 0.00000000
vt 0.30000000 1.00000000
f 507/1519/507 506/1520/506 508/1521/508
vt 0.22400000 0.00000000
vt 0.37600000 0.00000000
vt 0.30000000 0.00000000
f 505/1522/505 506/1523/506 507/1524/507
g blade_127
usemtl foliage
s 1
v 0.29759532 -0.14987163 0.00000000
v 0.28405332 -0.17509631 0.00000000
v 0.28859099 -0.16120037 0.00000000
v 0.24632750 -0.13690961 0.21328320
vn 0.92766913 -0.30292671 0.21832406
vn 0.76358630 -0.60691523 0.22043111
vn -0.85662950 0.45988589 -0.23386080
vn 0.00000000 -0.00000000 1.00000000
vt 0.57600000 0.00000000
vt 0.42400000 0.00000000
vt 0.50000000 1.00000000
f 510/1525/510 509/1526/509 512/1527/512
vt 0.50000000 1.00000000
vt 0.42400000 0.00000000
vt 0.50000000 0.00000000
f 512/1528/512 509/1529/509 511/1530/511
vt 0.50000000 0.00000000
vt 0.57600000 0.00000000
vt 0.50000000 1.00000000
f 511/1531/511 510/1532/510 512/1533/512
vt 0.42400000 0.00000000
vt 0.57600000 0.00000000
vt 0.50000000 0.00000000
f 509/1534/509 510/1535/510 511/1536/511
g blade_128
usemtl foliage
s 1
v 0.29152972 0.11471456 0.00000000
v 0.29652191 0.14365906 0.00000000
v 0.29669332 0.12869426 0.00000000
v 0.38510387 0.11236949 0.16193753
vn -0.87809267 -0.01005785 0.47838489
vn -0.82295750 0.30397052 0.47994049
vn 0.85543845 -0.14754117 -0.49644402
vn 0.00000000 0.00000000 1.00000000
vt 0.22400000 0.00000000
vt 0.30000000 1.00000000
vt 0.37600000 0.00000000
f 513/1537/513 516/1538/516 514/1539/514
vt 0.30000000 0.00000000
vt 0.30000000 1.00000000
vt 0.22400000 0.00000000
f 515/1540/515 516/1541/516 513/1542/513
vt 0.22400000 0.00000000
vt 0.37600000 0.00000000
vt 0.30000000 0.00000000
f 513/1543/513 514/1544/514 515/1545/515
vt 0.30000000 0.00000000
vt 0.37600000 0.00000000
vt 0.30000000 1.00000000
f 515/1546/515 514/1547/514 516/1548/516
g blade_129
usemtl foliage
s 1
v -0.03487808 -0.32831637 0.00000000
v -0.03370657 -0.28808394 0.00000000
v -0.03178704 -0.30827825 0.00000000
v 0.09031583 -0.31208465 0.13274641
vn -0.73519512 -0.06988238 0.67424371
vn -0.72970896 0.11256330 0.67442890
vn 0.72862899 -0.02121660 -0.68457991
vn 0.00000000 0.00000000 1.00000000
vt 0.02400000 0.00000000
vt 0.10000000 1.00000000
vt 0.17600000 0.00000000
f 517/1549/517 520/1550/520 518/1551/518
vt 0.10000000 0.00000000
vt 0.10000000 1.00000000
vt 0.02400000 0.00000000
f 519/1552/519 520/1553/520 517/1554/517
vt 0.02400000 0.00000000
vt 0.17600000 0.00000000
vt 0.10000000 0.00000000
f 517/1555/517 518/1556/518 519/1557/519
vt 0.10000000 0.00000000
vt 0.17600000 0.00000000
vt 0.10000000 1.00000000
f 519/1558/519 518/1559/518 520/1560/520
g blade_130
usemtl foliage
s 1
v -0.27700287 0.34282563 0.00000000
v -0.26844598 0.38007393 0.00000000
v -0.27072131 0.36095714 0.00000000
v -0.17172718 0.33661060 0.20892659
vn -0.89370888 0.10637128 0.43585502
vn -0.84989671 0.29444201 0.43701200
vn 0.87250239 -0.20043604 -0.44560630
vn 0.00000000 -0.00000000 1.00000000
vt 0.22400000 0.00000000
vt 0.30000000 1.00000000
vt 0.37600000 0.00000000
f 521/1561/521 524/1562/524 522/1563/522
vt 0.30000000 0.00000000
vt 0.30000000 1.00000000
vt 0.22400000 0.00000000
f 523/1564/523 524/1565/524 521/1566/521
vt 0.22400000 0.00000000
vt 0.37600000 0.00000000
vt 0.30000000 0.00000000
f 521/1567/521 522/1568/522 523/1569/523
vt 0.30000000 0.00000000
vt 0.37600000 0.00000000
vt 0.30000000 1.00000000
f 523/1570/523 522/1571/522 524/1572/524
g blade_131
usemtl foliage
s 1
v -0.25889271 0.00804959 0.00000000
v -0.28165073 0.01134186 0.00000000
v -0.26992228 0.01228176 0.00000000
v -0.25893077 0.09362385 0.22000000
vn 0.07505105 -0.93651072 0.34251279
vn -0.33673391 -0.87756993 0.34129356
vn 0.13361590 0.92362884 -0.35924442
vn 0.00000000 -0.00000000 1.00000000
vt 0.97600000 0.00000000
vt 0.82400000 0.00000000
vt 0.90000000 1.00000000
f 526/1573/526 525/1574/525 528/1575/528
vt 0.90000000 0.00000000
vt 0.82400000 0.00000000
vt 0.97600000 0.00000000
f 527/1576/527 525/1577/525 526/1578/526
vt 0.97600000 0.00000000
vt 0.90000000 1.00000000
vt 0.90000000 0.00000000
f 526/1579/526 528/1580/528 527/1581/527
vt 0.90000000 0.00000000
vt 0.90000000 1.00000000
vt 0.82400000 0.00000000
f 527/1582/527 528/1583/528 525/1584/525
g blade_132
usemtl foliage
s 1
v 0.20845715 -0.11508943 0.00000000
v 0.21896862 -0.08297867 0.00000000
v 0.21611958 -0.09987749 0.00000000
v 0.31472416 -0.13443390 0.09662096
vn -0.67471957 0.11375376 0.72925550
vn -0.60910395 0.30681261 0.73134015
vn 0.63689720 -0.20848857 -0.74222266
vn 0.00000000 0.00000000 1.00000000
vt 0.22400000 0.00000000
vt 0.30000000 1.00000000
vt 0.37600000 0.00000000
f 529/1585/529 532/1586/532 530/1587/530
vt 0.30000000 0.00000000
vt 0.30000000 1.00000000
vt 0.22400000 0.00000000
f 531/1588/531 532/1589/532 529/1590/529
vt 0.22400000 0.00000000
vt 0.37600000 0.00000000
vt 0.30000000 0.00000000
f 529/1591/529 530/1592/530 531/1593/531
vt 0.30000000 0.00000000
vt 0.37600000 0.00000000
vt 0.30000000 1.00000000
f 531/1594/531 530/1595/530 532/1596/532
g blade_133
usemtl foliage
s 1
v -0.02988179 0.32688433 0.00000000
v -0.05045300 0.31264720 0.00000000
v -0.04137745 0.32163757 0.00000000
v -0.09690716 0.40753521 0.13828584
vn 0.57007468 -0.57547609 0.58638053
vn 0.33507006 -0.73413797 0.59056710
vn -0.45409233 0.65611710 -0.60275244
vn 0.00000000 0.00000000 1.00000000
vt 0.97600000 0.00000000
vt 0.82400000 0.00000000
vt 0.90000000 1.00000000
f 534/1597/534 533/1598/533 536/1599/536
vt 0.90000000 1.00000000
vt 0.82400000 0.00000000
vt 0.90000000 0.00000000
f 536/1600/536 533/1601/533 535/1602/535
vt 0.90000000 0.00000000
vt 0.97600000 0.00000000
vt 0.90000000 1.00000000
f 535/1603/535 534/1604/534 536/1605/536
vt 0.82400000 0.00000000
vt 0.97600000 0.00000000
vt 0.90000000 0.00000000
f 533/1606/533 534/1607/534 535/1608/535
g blade_134
usemtl foliage
s 1
v -0.13170131 -0.29206164 0.00000000
v -0.14219070 -0.31534241 0.00000000
v -0.13935631 -0.30253939 0.00000000
v -0.18079680 -0.28255013 0.16628496
vn 0.94277075 -0.20871487 0.26004119
vn 0.77912089 -0.56922299 0.26259439
vn -0.87502109 0.39425000 -0.28090038
vn 0.00000000 -0.00000000 1.00000000
vt 0.97600000 0.00000000
vt 0.82400000 0.00000000
vt 0.90000000 1.00000000
f 538/1609/538 537/1610/537 540/1611/540
vt 0.90000000 1.00000000
vt 0.82400000 0.00000000
vt 0.90000000 0.00000000
f 540/1612/540 537/1613/537 539/1614/539
vt 0.90000000 0.00000000
vt 0.97600000 0.00000000
vt 0.90000000 1.00000000
f 539/1615/539 538/1616/538 540/1617/540
vt 0.82400000 0.00000000
vt 0.97600000 0.00000000
vt 0.90000000 0.00000000
f 537/1618/537 538/1619/538 539/1620/539
g blade_135
usemtl foliage
s 1
v -0.37876996 -0.02714633 0.00000000
v -0.40585332 -0.02239239 0.00000000
v -0.39177563 -0.02150013 0.00000000
v -0.37476768 0.08223352 0.20534302
vn 0.05660083 -0.89302090 0.44644150
vn -0.35669992 -0.82163570 0.44461212
vn 0.15288317 0.87098124 -0.46692442
vn -0.00000000 0.00000000 1.00000000
vt 0.82400000 0.00000000
vt 0.90000000 1.00000000
vt 0.97600000 0.00000000
f 541/1621/541 544/1622/544 542/1623/542
vt 0.97600000 0.00000000
vt 0.90000000 1.00000000
vt 0.90000000 0.00000000
f 542/1624/542 544/1625/544 543/1626/543
vt 0.90000000 0.00000000
vt 0.82400000 0.00000000
vt 0.97600000 0.00000000
f 543/1627/543 541/1628/541 542/1629/542
vt 0.90000000 1.00000000
vt 0.82400000 0.00000000
vt 0.90000000 0.00000000
f 544/1630/544 541/1631/541 543/1632/543
g blade_136
usemtl foliage
s 1
v 0.16435806 0.05996395 0.00000000
v 0.15166869 0.08963818 0.00000000
v 0.16100465 0.07617048 0.00000000
v 0.22471914 0.10533920 0.18707279
vn -0.77109235 -0.53453001 0.34596856
vn -0.91986113 -0.19033471 0.34296969
vn 0.85602670 0.36605618 -0.36499475
vn 0.00000000 0.00000000 1.00000000
vt 0.02400000 0.00000000
vt 0.10000000 1.00000000
vt 0.17600000 0.00000000
f 545/1633/545 548/1634/548 546/1635/546
vt 0.17600000 0.00000000
vt 0.10000000 1.00000000
vt 0.10000000 0.00000000
f 546/1636/546 548/1637/548 547/1638/547
vt 0.10000000 0.00000000
vt 0.02400000 0.00000000
vt 0.17600000 0.00000000
f 547/1639/547 545/1640/545 546/1641/546
vt 0.10000000 1.00000000
vt 0.02400000 0.00000000
vt 0.10000000 0.00000000
f 548/1642/548 545/1643/545 547/1644/547
g blade_137
usemtl foliage
s 1
v -0.12294370 0.28436289 0.00000000
v -0.14921768 0.26947671 0.00000000
v -0.13720972 0.27905318 0.00000000
v -0.19492497 0.38810977 0.13283572
vn 0.46051409 -0.57744008 0.67415853
vn 0.25657928 -0.68937180 0.67744637
vn -0.35798824 0.63184635 -0.68746972
vn -0.00000000 0.00000000 1.00000000
vt 0.97600000 0.00000000
vt 0.82400000 0.00000000
vt 0.90000000 1.00000000
f 550/1645/550 549/1646/549 552/1647/552
vt 0.90000000 1.00000000
vt 0.82400000 0.00000000
vt 0.90000000 0.00000000
f 552/1648/552 549/1649/549 551/1650/551
vt 0.90000000 0.00000000
vt 0.97600000 0.00000000
vt 0.90000000 1.00000000
f 551/1651/551 550/1652/550 552/1653/552
vt 0.82400000 0.00000000
vt 0.97600000 0.00000000
vt 0.90000000 0.00000000
f 549/1654/549 550/1655/550 551/1656/551
g blade_138
usemtl foliage
s 1
v 0.28205312 -0.26057403 0.00000000
v 0.31661630 -0.25531119 0.00000000
v 0.29972864 -0.26071233 0.00000000
v 0.30695471 -0.31151827 0.17567234
vn -0.29272912 0.91527137 0.27674534
vn 0.00751697 0.96068761 0.27752985
vn 0.14386176 -0.94479849 -0.29438004
vn 0.00000000 0.00000000 1.00000000
vt 0.30000000 1.00000000
vt 0.37600000 0.00000000
vt 0.22400000 0.00000000
f 556/1657/556 554/1658/554 553/1659/553
vt 0.22400000 0.00000000
vt 0.37600000 0.00000000
vt 0.30000000 0.00000000
f 553/1660/553 554/1661/554 555/1662/555
vt 0.30000000 0.00000000
vt 0.30000000 1.00000000
vt 0.22400000 0.00000000
f 555/1663/555 556/1664/556 553/1665/553
vt 0.37600000 0.00000000
vt 0.30000000 1.00000000
vt 0.30000000 0.00000000
f 554/1666/554 556/1667/556 555/1668/555
g blade_139
usemtl foliage
s 1
v 0.06418455 0.16756783 0.00000000
v 0.04145453 0.17998990 0.00000000
v 0.05392786 0.17595001 0.00000000
v 0.09400820 0.25446555 0.13657724
vn -0.25983861 -0.80226157 0.53745723
vn -0.53520430 -0.65489224 0.53354711
vn 0.39968855 0.73135348 -0.55260397
vn 0.00000000 0.00000000 1.00000000
vt 0.42400000 0.00000000
vt 0.50000000 1.00000000
vt 0.57600000 0.00000000
f 557/1669/557 560/1670/560 558/1671/558
vt 0.57600000 0.00000000
vt 0.50000000 1.00000000
vt 0.50000000 0.00000000
f 558/1672/558 560/1673/560 559/1674/559
vt 0.50000000 0.00000000
vt 0.42400000 0.00000000
vt 0.57600000 0.00000000
f 559/1675/559 557/1676/557 558/1677/558
vt 0.50000000 1.00000000
vt 0.42400000 0.00000000
vt 0.50000000 0.00000000
f 560/1678/560 557/1679/557 559/1680/559
g blade_140
usemtl foliage
s 1
v -0.37725179 0.22613200 0.00000000
v -0.40058633 0.25194311 0.00000000
v -0.38697165 0.24092237 0.00000000
v -0.34728253 0.27933578 0.18739093
vn -0.60385770 -0.74598782 0.28081677
vn -0.80271458 -0.52752365 0.27815123
vn 0.70872669 0.64072472 -0.29525972
vn 0.00000000 -0.00000000 1.00000000
vt 0.82400000 0.00000000
vt 0.90000000 1.00000000
vt 0.97600000 0.00000000
f 561/1681/561 564/1682/564 562/1683/562
vt 0.97600000 0.00000000
vt 0.90000000 1.00000000
vt 0.90000000 0.00000000
f 562/1684/562 564/1685/564 563/1686/563
vt 0.90000000 0.00000000
vt 0.82400000 0.00000000
vt 0.97600000 0.00000000
f 563/1687/563 561/1688/561 562/1689/562
vt 0.90000000 1.00000000
vt 0.82400000 0.00000000
vt 0.90000000 0.00000000
f 564/1690/564 561/1691/561 563/1692/563
g blade_141
usemtl foliage
s 1
v -0.38007999 0.05965791 0.00000000
v -0.41509258 0.05189327 0.00000000
v -0.39819419 0.05871023 0.00000000
v -0.41740659 0.15145794 0.13253043
vn 0.30602070 -0.75858606 0.57523779
vn 0.04267129 -0.81563779 0.57698714
vn -0.17426876 0.78581886 -0.59339626
vn 0.00000000 -0.00000000 1.00000000
vt 0.37600000 0.00000000
vt 0.22400000 0.00000000
vt 0.30000000 1.00000000
f 566/1693/566 565/1694/565 568/1695/568
vt 0.30000000 1.00000000
vt 0.22400000 0.00000000
vt 0.30000000 0.00000000
f 568/1696/568 565/1697/565 567/1698/567
vt 0.30000000 0.00000000
vt 0.37600000 0.00000000
vt 0.30000000 1.00000000
f 567/1699/567 566/1700/566 568/1701/568
vt 0.22400000 0.00000000
vt 0.37600000 0.00000000
vt 0.30000000 0.00000000
f 565/1702/565 566/1703/566 567/1704/567
g blade_142
usemtl foliage
s 1
v -0.00649517 0.30461051 0.00000000
v 0.02100079 0.28201722 0.00000000
v 0.00566976 0.29125133 0.00000000
v -0.04504071 0.22518110 0.16312111
vn 0.46011998 0.76391926 0.45245658
vn 0.66064536 0.60158693 0.44904441
vn -0.56181948 -0.68373263 -0.46569148
vn 0.00000000 -0.00000000 1.00000000
vt 0.10000000 1.00000000
vt 0.17600000 0.00000000
vt 0.02400000 0.00000000
f 572/1705/572 570/1706/570 569/1707/569
vt 0.10000000 0.00000000
vt 0.17600000 0.00000000
vt 0.10000000 1.00000000
f 571/1708/571 570/1709/570 572/1710/572
vt 0.10000000 1.00000000
vt 0.02400000 0.00000000
vt 0.10000000 0.00000000
f 572/1711/572 569/1712/569 571/1713/571
vt 0.10000000 0.00000000
vt 0.02400000 0.00000000
vt 0.17600000 0.00000000
f 571/1714/571 569/1715/569 570/1716/570
g blade_143
usemtl foliage
s 1
v 0.34915617 -0.17675455 0.00000000
v 0.33672035 -0.15653457 0.00000000
v 0.34531987 -0.16507643 0.00000000
v 0.39281857 -0.13380166 0.09273042
vn -0.60422656 -0.60830570 0.51465955
vn -0.81757003 -0.26857441 0.50935943
vn 0.71622654 0.44049831 -0.54127699
vn 0.00000000 -0.00000000 1.00000000
vt 0.02400000 0.00000000
vt 0.10000000 1.00000000
vt 0.17600000 0.00000000
f 573/1717/573 576/1718/576 574/1719/574
vt 0.17600000 0.00000000
vt 0.10000000 1.00000000
vt 0.10000000 0.00000000
f 574/1720/574 576/1721/576 575/1722/575
vt 0.10000000 0.00000000
vt 0.02400000 0.00000000
vt 0.17600000 0.00000000
f 575/1723/575 573/1724/573 574/1725/574
vt 0.10000000 1.00000000
vt 0.02400000 0.00000000
vt 0.10000000 0.00000000
f 576/1726/576 573/1727/573 575/1728/575
g blade_144
usemtl foliage
s 1
v 0.11897520 -0.08062272 0.00000000
v 0.10135853 -0.06574344 0.00000000
v 0.11204238 -0.07080580 0.00000000
v 0.16054611 -0.00932555 0.17379350
vn -0.39205116 -0.82740513 0.40211521
vn -0.74985139 -0.52955284 0.39660645
vn 0.58447674 0.69200476 -0.42369370
vn -0.00000000 0.00000000 1.00000000
vt 0.82400000 0.00000000
vt 0.90000000 1.00000000
vt 0.97600000 0.00000000
f 577/1729/577 580/1730/580 578/1731/578
vt 0.97600000 0.00000000
vt 0.90000000 1.00000000
vt 0.90000000 0.00000000
f 578/1732/578 580/1733/580 579/1734/579
vt 0.90000000 0.00000000
vt 0.82400000 0.00000000
vt 0.97600000 0.00000000
f 579/1735/579 577/1736/577 578/1737/578
vt 0.90000000 1.00000000
vt 0.82400000 0.00000000
vt 0.90000000 0.00000000
f 580/1738/580 577/1739/577 579/1740/579
g blade_145
usemtl foliage
s 1
v 0.36120768 -0.07587076 0.00000000
v 0.36460680 -0.05296432 0.00000000
v 0.36599489 -0.06490806 0.00000000
v 0.46348892 -0.08039642 0.21307462
vn -0.90714118 -0.10542771 0.40740628
vn -0.83621091 0.36515849 0.40915839
vn 0.89247294 -0.13243531 -0.43122261
vn 0.00000000 0.00000000 1.00000000
vt 0.42400000 0.00000000
vt 0.50000000 1.00000000
vt 0.57600000 0.00000000
f 581/1741/581 584/1742/584 582/1743/582
vt 0.50000000 0.00000000
vt 0.50000000 1.00000000
vt 0.42400000 0.00000000
f 583/1744/583 584/1745/584 581/1746/581
vt 0.42400000 0.00000000
vt 0.57600000 0.00000000
vt 0.50000000 0.00000000
f 581/1747/581 582/1748/582 583/1749/583
vt 0.50000000 0.00000000
vt 0.57600000 0.00000000
vt 0.50000000 1.00000000
f 583/1750/583 582/1751/582 584/1752/584
g blade_146
usemtl foliage
s 1
v -0.12333088 -0.00223294 0.00000000
v -0.13685499 -0.03914271 0.00000000
v -0.13303796 -0.01953258 0.00000000
v -0.19635874 0.00530632 0.16671186
vn 0.91096648 -0.17731541 0.37242357
vn 0.80855461 -0.45369231 0.37470354
vn -0.86356736 0.31641976 -0.39259387
vn 0.00000000 -0.00000000 1.00000000
vt 0.37600000 0.00000000
vt 0.22400000 0.00000000
vt 0.30000000 1.00000000
f 586/1753/586 585/1754/585 588/1755/588
vt 0.30000000 1.00000000
vt 0.22400000 0.00000000
vt 0.30000000 0.00000000
f 588/1756/588 585/1757/585 587/1758/587
vt 0.30000000 0.00000000
vt 0.37600000 0.00000000
vt 0.30000000 1.00000000
f 587/1759/587 586/1760/586 588/1761/588
vt 0.22400000 0.00000000
vt 0.37600000 0.00000000
vt 0.30000000 0.00000000
f 585/1762/585 586/1763/586 587/1764/587
g blade_147
usemtl foliage
s 1
v -0.35939340 0.17691224 0.00000000
v -0.37699100 0.14410411 0.00000000
v -0.37058011 0.16187940 0.00000000
v -0.41490573 0.18733279 0.16056784
vn 0.89762165 -0.32373898 0.29911277
vn 0.76493979 -0.56923155 0.30140098
vn -0.83550907 0.44814996 -0.31794058
vn 0.00000000 0.00000000 1.00000000
vt 0.37600000 0.00000000
vt 0.22400000 0.00000000
vt 0.30000000 1.00000000
f 590/1765/590 589/1766/589 592/1767/592
vt 0.30000000 1.00000000
vt 0.22400000 0.00000000
vt 0.30000000 0.00000000
f 592/1768/592 589/1769/589 591/1770/591
vt 0.30000000 0.00000000
vt 0.37600000 0.00000000
vt 0.30000000 1.00000000
f 591/1771/591 590/1772/590 592/1773/592
vt 0.22400000 0.00000000
vt 0.37600000 0.00000000
vt 0.30000000 0.00000000
f 589/1774/589 590/1775/590 591/1776/591
g blade_148
usemtl foliage
s 1
v 0.27586020 0.25603875 0.00000000
v 0.26124915 0.23068988 0.00000000
v 0.26665470 0.24453675 0.00000000
v 0.21876653 0.27408759 0.13517483
vn 0.86205158 -0.33652826 0.37896675
vn 0.72156948 -0.57750051 0.38187780
vn -0.79516309 0.45833090 -0.39704968
vn -0.00000000 0.00000000 1.00000000
vt 0.57600000 0.00000000
vt 0.42400000 0.00000000
vt 0.50000000 1.00000000
f 594/1777/594 593/1778/593 596/1779/596
vt 0.50000000 1.00000000
vt 0.42400000 0.00000000
vt 0.50000000 0.00000000
f 596/1780/596 593/1781/593 595/1782/595
vt 0.50000000 0.00000000
vt 0.57600000 0.00000000
vt 0.50000000 1.00000000
f 595/1783/595 594/1784/594 596/1785/596
vt 0.42400000 0.00000000
vt 0.57600000 0.00000000
vt 0.50000000 0.00000000
f 593/1786/593 594/1787/594 595/1788/595
g blade_149
usemtl foliage
s 1
v 0.43731325 0.12530430 0.00000000
v 0.46632429 0.11778987 0.00000000
v 0.45125616 0.11922171 0.00000000
v 0.42583323 0.01414379 0.21345441
vn 0.08456591 0.88994129 0.44816638
vn 0.35781016 0.82019517 0.44637626
vn -0.22268177 -0.85970978 -0.45968677
vn -0.00000000 -0.00000000 1.00000000
vt 0.50000000 1.00000000
vt 0.57600000 0.00000000
vt 0.42400000 0.00000000
f 600/1789/600 598/1790/598 597/1791/597
vt 0.50000000 0.00000000
vt 0.57600000 0.00000000
vt 0.50000000 1.00000000
f 599/1792/599 598/1793/598 600/1794/600
vt 0.50000000 1.00000000
vt 0.42400000 0.00000000
vt 0.50000000 0.00000000
f 600/1795/600 597/1796/597 599/1797/599
vt 0.50000000 0.00000000
vt 0.42400000 0.00000000
vt 0.57600000 0.00000000
f 599/1798/599 597/1799/597 598/1800/598
