# metres; Z up; applied/baked transforms
mtllib broadleaf_sapling.mtl
o broadleaf_sapling
g stem_00
usemtl wood
s 1
v -0.07140832 -0.00421164 0.00279556
v -0.04490040 -0.04517309 0.00121135
v 0.00816904 -0.04517309 0.00000000
v 0.03473056 -0.00421164 0.00037287
v 0.00822263 0.03674981 0.00195709
v -0.04484681 0.03674981 0.00316844
v -0.04699141 -0.01745874 0.58422915
v -0.02472475 -0.05186636 0.58289841
v 0.01985358 -0.05186636 0.58188088
v 0.04216525 -0.01745874 0.58219409
v 0.01989859 0.01694888 0.58352483
v -0.02467973 0.01694888 0.58454236
vn -0.99837511 0.00201352 -0.05694811
vn -0.31452886 -0.94538758 -0.08552147
vn 0.45605896 -0.88785021 -0.06109198
vn 0.98713028 0.00317389 -0.15988664
vn 0.31323751 0.94967141 -0.00254380
vn -0.45666287 0.88616594 -0.07854262
vn -0.98784242 -0.00306692 0.15542827
vn -0.62691294 -0.77831397 0.03474951
vn 0.45672888 -0.88634403 0.07611168
vn 0.99967475 -0.00126242 0.02547166
vn 0.62821597 0.77396683 0.07949869
vn -0.45374523 0.88434810 0.10974379
vt 0.83333333 0.00000000
vt 0.66666667 0.00000000
vt 0.50000000 0.00000000
f 6/1/6 5/2/5 4/3/4
vt 1.00000000 0.00000000
vt 0.83333333 0.00000000
vt 0.50000000 0.00000000
f 1/4/1 6/5/6 4/6/4
vt 0.50000000 0.00000000
vt 0.16666667 0.00000000
vt 0.00000000 0.00000000
f 4/7/4 2/8/2 1/9/1
vt 0.33333333 0.00000000
vt 0.16666667 0.00000000
vt 0.50000000 0.00000000
f 3/10/3 2/11/2 4/12/4
vt 0.66666667 1.00000000
vt 0.50000000 0.00000000
vt 0.66666667 0.00000000
f 11/13/11 4/14/4 5/15/5
vt 0.50000000 1.00000000
vt 0.50000000 0.00000000
vt 0.66666667 1.00000000
f 10/16/10 4/17/4 11/18/11
vt 0.00000000 0.00000000
vt 0.16666667 0.00000000
vt 0.16666667 1.00000000
f 1/19/1 2/20/2 8/21/8
vt 0.16666667 1.00000000
vt 0.00000000 1.00000000
vt 0.00000000 0.00000000
f 8/22/8 7/23/7 1/24/1
vt 0.83333333 1.00000000
vt 0.83333333 0.00000000
vt 1.00000000 0.00000000
f 12/25/12 6/26/6 1/27/1
vt 1.00000000 0.00000000
vt 1.00000000 1.00000000
vt 0.83333333 1.00000000
f 1/28/1 7/29/7 12/30/12
vt 0.83333333 1.00000000
vt 0.66666667 0.00000000
vt 0.83333333 0.00000000
f 12/31/12 5/32/5 6/33/6
vt 0.83333333 1.00000000
vt 0.66666667 1.00000000
vt 0.66666667 0.00000000
f 12/34/12 11/35/11 5/36/5
vt 0.50000000 1.00000000
vt 0.66666667 1.00000000
vt 0.33333333 1.00000000
f 10/37/10 11/38/11 9/39/9
vt 1.33333333 1.00000000
vt 0.83333333 1.00000000
vt 1.00000000 1.00000000
f 9/40/9 12/41/12 7/42/7
vt 0.00000000 1.00000000
vt 0.16666667 1.00000000
vt 0.33333333 1.00000000
f 7/43/7 8/44/8 9/45/9
vt 0.66666667 1.00000000
vt 0.83333333 1.00000000
vt 0.33333333 1.00000000
f 11/46/11 12/47/12 9/48/9
vt 0.33333333 1.00000000
vt 0.50000000 0.00000000
vt 0.50000000 1.00000000
f 9/49/9 4/50/4 10/51/10
vt 0.33333333 0.00000000
vt 0.50000000 0.00000000
vt 0.33333333 1.00000000
f 3/52/3 4/53/4 9/54/9
vt 0.33333333 1.00000000
vt 0.16666667 0.00000000
vt 0.33333333 0.00000000
f 9/55/9 2/56/2 3/57/3
vt 0.33333333 1.00000000
vt 0.16666667 1.00000000
vt 0.16666667 0.00000000
f 9/58/9 8/59/8 2/60/2
g stem_01
usemtl wood
s 1
v -0.04680695 -0.01745874 0.57937548
v -0.02479736 -0.05183007 0.58310087
v 0.01959652 -0.05183007 0.58693701
v 0.04198080 -0.01745874 0.58704776
v 0.01997120 0.01691259 0.58332237
v -0.02442267 0.01691259 0.57948623
v -0.09462216 0.00998169 1.12295842
v -0.07680487 -0.01784273 1.12597421
v -0.04086697 -0.01784273 1.12907965
v -0.02274636 0.00998169 1.12916931
v -0.04056365 0.03780610 1.12615352
v -0.07650155 0.03780610 1.12304807
vn -0.98798006 -0.00274187 -0.15455704
vn -0.44318694 -0.88608506 -0.13578883
vn 0.45513161 -0.88932620 0.04420549
vn 0.99695217 -0.00133236 0.07800380
vn 0.46657951 0.87812726 -0.10581151
vn -0.44926725 0.88601645 -0.11460273
vn -0.99849425 0.00256105 -0.05479662
vn -0.46370915 -0.88447474 0.05175189
vn 0.43554052 -0.87189235 0.22384856
vn 0.98675704 0.00314909 0.16217466
vn 0.45496087 0.88927573 0.04689649
vn -0.45779111 0.88905417 0.00316012
vt 0.00000000 0.00000000
vt 0.16666667 0.00000000
vt 0.16666667 1.00000000
f 13/61/13 14/62/14 20/63/20
vt 0.00000000 1.00000000
vt 0.00000000 0.00000000
vt 0.16666667 1.00000000
f 19/64/19 13/65/13 20/66/20
vt 0.16666667 1.00000000
vt 0.16666667 0.00000000
vt 0.33333333 0.00000000
f 20/67/20 14/68/14 15/69/15
vt 0.33333333 0.00000000
vt 0.33333333 1.00000000
vt 0.16666667 1.00000000
f 15/70/15 21/71/21 20/72/20
vt 0.50000000 1.00000000
vt 0.33333333 0.00000000
vt 0.50000000 0.00000000
f 22/73/22 15/74/15 16/75/16
vt 0.50000000 1.00000000
vt 0.33333333 1.00000000
vt 0.33333333 0.00000000
f 22/76/22 21/77/21 15/78/15
vt 1.00000000 0.00000000
vt 0.83333333 0.00000000
vt 0.66666667 0.00000000
f 13/79/13 18/80/18 17/81/17
vt 0.33333333 0.00000000
vt 0.16666667 0.00000000
vt 0.66666667 0.00000000
f 15/82/15 14/83/14 17/84/17
vt 0.50000000 0.00000000
vt 0.33333333 0.00000000
vt 0.66666667 0.00000000
f 16/85/16 15/86/15 17/87/17
vt 0.66666667 0.00000000
vt 1.16666667 0.00000000
vt 1.00000000 0.00000000
f 17/88/17 14/89/14 13/90/13
vt 0.66666667 1.00000000
vt 0.50000000 1.00000000
vt 0.66666667 0.00000000
f 23/91/23 22/92/22 17/93/17
vt 0.66666667 0.00000000
vt 0.50000000 1.00000000
vt 0.50000000 0.00000000
f 17/94/17 22/95/22 16/96/16
vt 1.00000000 1.00000000
vt 1.16666667 1.00000000
vt 0.83333333 1.00000000
f 19/97/19 20/98/20 24/99/24
vt 0.33333333 1.00000000
vt 0.50000000 1.00000000
vt 0.83333333 1.00000000
f 21/100/21 22/101/22 24/102/24
vt 0.83333333 1.00000000
vt 1.16666667 1.00000000
vt 1.33333333 1.00000000
f 24/103/24 20/104/20 21/105/21
vt 0.83333333 1.00000000
vt 0.50000000 1.00000000
vt 0.66666667 1.00000000
f 24/106/24 22/107/22 23/108/23
vt 0.83333333 1.00000000
vt 0.83333333 0.00000000
vt 1.00000000 0.00000000
f 24/109/24 18/110/18 13/111/13
vt 0.83333333 1.00000000
vt 1.00000000 0.00000000
vt 1.00000000 1.00000000
f 24/112/24 13/113/13 19/114/19
vt 0.83333333 1.00000000
vt 0.66666667 0.00000000
vt 0.83333333 0.00000000
f 24/115/24 17/116/17 18/117/18
vt 0.66666667 1.00000000
vt 0.66666667 0.00000000
vt 0.83333333 1.00000000
f 23/118/23 17/119/17 24/120/24
g stem_02
usemtl wood
s 1
v -0.09446039 0.00998169 1.13045873
v -0.07641469 -0.01785975 1.12933098
v -0.04063856 -0.01785975 1.12493612
v -0.02290813 0.00998169 1.12166899
v -0.04095383 0.03782312 1.12279674
v -0.07672996 0.03782312 1.12719161
v -0.00747516 0.02985234 1.66258309
v 0.00632449 0.00856183 1.66172070
v 0.03368270 0.00856183 1.65835992
v 0.04724127 0.02985234 1.65586153
v 0.03344162 0.05114285 1.65672393
v 0.00608340 0.05114285 1.66008471
vn -0.99173844 -0.00068658 0.12827467
vn -0.45355411 -0.88907457 0.06192807
vn 0.44109893 -0.88638922 -0.14052006
vn 0.98251137 -0.00159104 -0.18619581
vn 0.44703054 0.88705418 -0.11531945
vn -0.46703728 0.88255295 -0.05455707
vn -0.98102431 0.00189452 0.19387553
vn -0.43301479 -0.87775657 0.20504046
vn 0.46271361 -0.88644907 0.01020588
vn 0.99448588 0.00160180 -0.10485832
vn 0.45732750 0.88895886 -0.02457029
vn -0.45229510 0.88897828 0.07174088
vt 0.33333333 0.00000000
vt 0.50000000 0.00000000
vt 0.33333333 1.00000000
f 27/121/27 28/122/28 33/123/33
vt 0.33333333 1.00000000
vt 0.50000000 0.00000000
vt 0.50000000 1.00000000
f 33/124/33 28/125/28 34/126/34
vt 0.33333333 1.00000000
vt 0.16666667 0.00000000
vt 0.33333333 0.00000000
f 33/127/33 26/128/26 27/129/27
vt 0.16666667 1.00000000
vt 0.16666667 0.00000000
vt 0.33333333 1.00000000
f 32/130/32 26/131/26 33/132/33
vt 0.00000000 1.00000000
vt 0.16666667 0.00000000
vt 0.16666667 1.00000000
f 31/133/31 26/134/26 32/135/32
vt 0.00000000 0.00000000
vt 0.16666667 0.00000000
vt 0.00000000 1.00000000
f 25/136/25 26/137/26 31/138/31
vt 0.16666667 1.00000000
vt 0.33333333 1.00000000
vt 0.66666667 1.00000000
f 32/139/32 33/140/33 35/141/35
vt 0.66666667 1.00000000
vt 0.33333333 1.00000000
vt 0.50000000 1.00000000
f 35/142/35 33/143/33 34/144/34
vt 0.66666667 1.00000000
vt 1.00000000 1.00000000
vt 1.16666667 1.00000000
f 35/145/35 31/146/31 32/147/32
vt 0.83333333 1.00000000
vt 1.00000000 1.00000000
vt 0.66666667 1.00000000
f 36/148/36 31/149/31 35/150/35
vt 0.50000000 1.00000000
vt 0.50000000 0.00000000
vt 0.66666667 1.00000000
f 34/151/34 28/152/28 35/153/35
vt 0.50000000 0.00000000
vt 0.66666667 0.00000000
vt 0.66666667 1.00000000
f 28/154/28 29/155/29 35/156/35
vt 0.83333333 0.00000000
vt 1.16666667 0.00000000
vt 1.00000000 0.00000000
f 30/157/30 26/158/26 25/159/25
vt 0.83333333 0.00000000
vt 0.66666667 0.00000000
vt 0.50000000 0.00000000
f 30/160/30 29/161/29 28/162/28
vt 0.83333333 0.00000000
vt 0.50000000 0.00000000
vt 0.33333333 0.00000000
f 30/163/30 28/164/28 27/165/27
vt 1.33333333 0.00000000
vt 1.16666667 0.00000000
vt 0.83333333 0.00000000
f 27/166/27 26/167/26 30/168/30
vt 0.83333333 0.00000000
vt 1.00000000 1.00000000
vt 0.83333333 1.00000000
f 30/169/30 31/170/31 36/171/36
vt 1.00000000 0.00000000
vt 1.00000000 1.00000000
vt 0.83333333 0.00000000
f 25/172/25 31/173/31 30/174/30
vt 0.83333333 1.00000000
vt 0.66666667 1.00000000
vt 0.83333333 0.00000000
f 36/175/36 35/176/35 30/177/30
vt 0.83333333 0.00000000
vt 0.66666667 1.00000000
vt 0.66666667 0.00000000
f 30/178/30 35/179/35 29/180/29
g stem_03
usemtl wood
s 1
v -0.00757884 0.02985234 1.65666162
v 0.00641784 0.00867448 1.65556632
v 0.03387973 0.00867448 1.65812701
v 0.04734494 0.02985234 1.66178300
v 0.03334826 0.05103019 1.66287831
v 0.00588638 0.05103019 1.66031762
v -0.05009160 -0.01935118 2.11305766
v -0.04040160 -0.03401277 2.11229937
v -0.02138952 -0.03401277 2.11407216
v -0.01206745 -0.01935118 2.11660323
v -0.02175746 -0.00468959 2.11736152
v -0.04076953 -0.00468959 2.11558873
vn -0.98938996 0.00387715 -0.14523248
vn -0.44499062 -0.88190169 -0.15566878
vn 0.47074356 -0.87368033 -0.12281359
vn 0.99500712 0.00129025 0.09979564
vn 0.44875129 0.88637177 0.11387435
vn -0.45328566 0.89007382 -0.04796561
vn -0.99987582 -0.01131563 -0.01096841
vn -0.44940571 -0.88707447 -0.10551491
vn 0.46052699 -0.88760870 -0.00810491
vn 0.98381770 -0.00773557 0.17900529
vn 0.44236121 0.87847567 0.18054657
vn -0.46792645 0.87983181 0.08331161
vt 0.83333333 0.00000000
vt 1.00000000 0.00000000
vt 0.83333333 1.00000000
f 42/181/42 37/182/37 48/183/48
vt 0.83333333 1.00000000
vt 1.00000000 0.00000000
vt 1.00000000 1.00000000
f 48/184/48 37/185/37 43/186/43
vt 0.83333333 0.00000000
vt 0.83333333 1.00000000
vt 0.66666667 0.00000000
f 42/187/42 48/188/48 41/189/41
vt 0.66666667 0.00000000
vt 0.83333333 1.00000000
vt 0.66666667 1.00000000
f 41/190/41 48/191/48 47/192/47
vt 0.33333333 0.00000000
vt 0.66666667 0.00000000
vt 0.50000000 0.00000000
f 39/193/39 41/194/41 40/195/40
vt 1.33333333 0.00000000
vt 1.00000000 0.00000000
vt 0.83333333 0.00000000
f 39/196/39 37/197/37 42/198/42
vt 0.16666667 0.00000000
vt 0.00000000 0.00000000
vt 0.33333333 0.00000000
f 38/199/38 37/200/37 39/201/39
vt 0.83333333 0.00000000
vt 0.66666667 0.00000000
vt 0.33333333 0.00000000
f 42/202/42 41/203/41 39/204/39
vt 0.00000000 1.00000000
vt 0.00000000 0.00000000
vt 0.16666667 1.00000000
f 43/205/43 37/206/37 44/207/44
vt 0.16666667 1.00000000
vt 0.00000000 0.00000000
vt 0.16666667 0.00000000
f 44/208/44 37/209/37 38/210/38
vt 0.16666667 0.00000000
vt 0.33333333 0.00000000
vt 0.16666667 1.00000000
f 38/211/38 39/212/39 44/213/44
vt 0.16666667 1.00000000
vt 0.33333333 0.00000000
vt 0.33333333 1.00000000
f 44/214/44 39/215/39 45/216/45
vt 0.66666667 1.00000000
vt 0.83333333 1.00000000
vt 0.50000000 1.00000000
f 47/217/47 48/218/48 46/219/46
vt 0.50000000 1.00000000
vt 0.83333333 1.00000000
vt 1.00000000 1.00000000
f 46/220/46 48/221/48 43/222/43
vt 0.00000000 1.00000000
vt 0.16666667 1.00000000
vt 0.50000000 1.00000000
f 43/223/43 44/224/44 46/225/46
vt 0.50000000 1.00000000
vt 0.16666667 1.00000000
vt 0.33333333 1.00000000
f 46/226/46 44/227/44 45/228/45
vt 0.50000000 1.00000000
vt 0.66666667 0.00000000
vt 0.66666667 1.00000000
f 46/229/46 41/230/41 47/231/47
vt 0.50000000 0.00000000
vt 0.66666667 0.00000000
vt 0.50000000 1.00000000
f 40/232/40 41/233/41 46/234/46
vt 0.50000000 1.00000000
vt 0.33333333 0.00000000
vt 0.50000000 0.00000000
f 46/235/46 39/236/39 40/237/40
vt 0.33333333 1.00000000
vt 0.33333333 0.00000000
vt 0.50000000 1.00000000
f 45/238/45 39/239/39 46/240/46
g stem_04
usemtl wood
s 1
v -0.05006241 -0.01935118 2.11684724
v -0.04048813 -0.03408748 2.11648882
v -0.02150525 -0.03408748 2.11447202
v -0.01209665 -0.01935118 2.11281364
v -0.02167093 -0.00461488 2.11317207
v -0.04065381 -0.00461488 2.11518887
v 0.02632453 0.00335813 2.64910934
v 0.03164358 -0.00482870 2.64891022
v 0.04218962 -0.00482870 2.64778977
v 0.04741662 0.00335813 2.64686845
v 0.04209758 0.01154497 2.64706758
v 0.03155153 0.01154497 2.64818802
vn -0.99141547 0.00019385 0.13074907
vn -0.34724570 -0.93581152 0.06064006
vn 0.45230246 -0.88905711 -0.07071032
vn 0.98947947 -0.00081879 -0.14467103
vn 0.34502189 0.93499817 -0.08208727
vn -0.46609227 0.88257412 -0.06181354
vn -0.98841752 0.00113720 0.15175481
vn -0.65718070 -0.73985671 0.14396379
vn 0.46134307 -0.88719737 0.00658721
vn 0.99668160 0.00201355 -0.08137399
vn 0.66272794 0.74256659 -0.09688420
vn -0.45447796 0.88911209 0.05412460
vt 0.00000000 0.00000000
vt 0.16666667 0.00000000
vt 0.16666667 1.00000000
f 49/241/49 50/242/50 56/243/56
vt 0.16666667 1.00000000
vt 0.00000000 1.00000000
vt 0.00000000 0.00000000
f 56/244/56 55/245/55 49/246/49
vt 0.50000000 0.00000000
vt 0.66666667 0.00000000
vt 0.66666667 1.00000000
f 52/247/52 53/248/53 59/249/59
vt 0.50000000 1.00000000
vt 0.50000000 0.00000000
vt 0.66666667 1.00000000
f 58/250/58 52/251/52 59/252/59
vt 0.33333333 1.00000000
vt 0.33333333 0.00000000
vt 0.50000000 0.00000000
f 57/253/57 51/254/51 52/255/52
vt 0.33333333 1.00000000
vt 0.50000000 0.00000000
vt 0.50000000 1.00000000
f 57/256/57 52/257/52 58/258/58
vt 0.16666667 0.00000000
vt 0.33333333 0.00000000
vt 0.33333333 1.00000000
f 50/259/50 51/260/51 57/261/57
vt 0.33333333 1.00000000
vt 0.16666667 1.00000000
vt 0.16666667 0.00000000
f 57/262/57 56/263/56 50/264/50
vt 0.50000000 0.00000000
vt 0.33333333 0.00000000
vt 0.83333333 0.00000000
f 52/265/52 51/266/51 54/267/54
vt 0.83333333 0.00000000
vt 1.33333333 0.00000000
vt 1.16666667 0.00000000
f 54/268/54 51/269/51 50/270/50
vt 0.83333333 0.00000000
vt 1.16666667 0.00000000
vt 1.00000000 0.00000000
f 54/271/54 50/272/50 49/273/49
vt 0.83333333 0.00000000
vt 0.66666667 0.00000000
vt 0.50000000 0.00000000
f 54/274/54 53/275/53 52/276/52
vt 1.00000000 1.00000000
vt 1.16666667 1.00000000
vt 0.83333333 1.00000000
f 55/277/55 56/278/56 60/279/60
vt 0.50000000 1.00000000
vt 0.66666667 1.00000000
vt 0.83333333 1.00000000
f 58/280/58 59/281/59 60/282/60
vt 0.83333333 1.00000000
vt 0.33333333 1.00000000
vt 0.50000000 1.00000000
f 60/283/60 57/284/57 58/285/58
vt 1.16666667 1.00000000
vt 1.33333333 1.00000000
vt 0.83333333 1.00000000
f 56/286/56 57/287/57 60/288/60
vt 1.00000000 0.00000000
vt 1.00000000 1.00000000
vt 0.83333333 1.00000000
f 49/289/49 55/290/55 60/291/60
vt 0.83333333 1.00000000
vt 0.83333333 0.00000000
vt 1.00000000 0.00000000
f 60/292/60 54/293/54 49/294/49
vt 0.83333333 1.00000000
vt 0.66666667 1.00000000
vt 0.66666667 0.00000000
f 60/295/60 59/296/59 53/297/53
vt 0.66666667 0.00000000
vt 0.83333333 0.00000000
vt 0.83333333 1.00000000
f 53/298/53 54/299/54 60/300/60
g stem_05
usemtl wood
s 1
v -0.04594861 0.01503967 1.28102342
v -0.03835544 -0.00175876 1.27264644
v -0.03109214 -0.00175876 1.25339994
v -0.03142200 0.01503967 1.24253042
v -0.03901517 0.03183810 1.25090741
v -0.04627848 0.03183810 1.27015391
v 0.25632776 0.07780080 1.36791506
v 0.26102829 0.06740177 1.36272931
v 0.26552463 0.06740177 1.35081481
v 0.26532042 0.07780080 1.34408606
v 0.26061989 0.08819983 1.34927181
v 0.25612356 0.08819983 1.36118631
vn -0.38633397 -0.02269924 0.92207961
vn 0.00650107 -0.85284229 0.52212810
vn 0.27634550 -0.86498098 -0.41885685
vn 0.20328117 -0.02467823 -0.97880935
vn -0.04430550 0.84282158 -0.53636629
vn -0.31544942 0.85778047 0.40583780
vn -0.25888252 0.01060455 0.96585060
vn 0.05512254 -0.83968154 0.54027439
vn 0.40204740 -0.83589057 -0.37369085
vn 0.34358461 0.01135855 -0.93905303
vn 0.02597254 0.86026855 -0.50917920
vn -0.24412314 0.86972895 0.42892359
vt 0.50000000 1.00000000
vt 0.33333333 0.00000000
vt 0.50000000 0.00000000
f 70/301/70 63/302/63 64/303/64
vt 0.33333333 1.00000000
vt 0.33333333 0.00000000
vt 0.50000000 1.00000000
f 69/304/69 63/305/63 70/306/70
vt 0.50000000 0.00000000
vt 0.66666667 0.00000000
vt 0.50000000 1.00000000
f 64/307/64 65/308/65 70/309/70
vt 0.50000000 1.00000000
vt 0.66666667 0.00000000
vt 0.66666667 1.00000000
f 70/310/70 65/311/65 71/312/71
vt 0.16666667 1.00000000
vt 0.33333333 0.00000000
vt 0.33333333 1.00000000
f 68/313/68 63/314/63 69/315/69
vt 0.16666667 0.00000000
vt 0.33333333 0.00000000
vt 0.16666667 1.00000000
f 62/316/62 63/317/63 68/318/68
vt 0.83333333 0.00000000
vt 0.66666667 0.00000000
vt 1.00000000 0.00000000
f 66/319/66 65/320/65 61/321/61
vt 0.00000000 0.00000000
vt 0.33333333 0.00000000
vt 0.16666667 0.00000000
f 61/322/61 63/323/63 62/324/62
vt 0.50000000 0.00000000
vt 0.33333333 0.00000000
vt 0.00000000 0.00000000
f 64/325/64 63/326/63 61/327/61
vt 1.00000000 0.00000000
vt 0.66666667 0.00000000
vt 0.50000000 0.00000000
f 61/328/61 65/329/65 64/330/64
vt 0.00000000 0.00000000
vt 0.16666667 1.00000000
vt 0.00000000 1.00000000
f 61/331/61 68/332/68 67/333/67
vt 0.16666667 0.00000000
vt 0.16666667 1.00000000
vt 0.00000000 0.00000000
f 62/334/62 68/335/68 61/336/61
vt 0.83333333 1.00000000
vt 0.50000000 1.00000000
vt 0.66666667 1.00000000
f 72/337/72 70/338/70 71/339/71
vt 0.33333333 1.00000000
vt 0.50000000 1.00000000
vt 0.83333333 1.00000000
f 69/340/69 70/341/70 72/342/72
vt 0.83333333 1.00000000
vt 1.16666667 1.00000000
vt 1.33333333 1.00000000
f 72/343/72 68/344/68 69/345/69
vt 1.00000000 1.00000000
vt 1.16666667 1.00000000
vt 0.83333333 1.00000000
f 67/346/67 68/347/68 72/348/72
vt 0.66666667 1.00000000
vt 0.66666667 0.00000000
vt 0.83333333 1.00000000
f 71/349/71 65/350/65 72/351/72
vt 0.83333333 1.00000000
vt 0.66666667 0.00000000
vt 0.83333333 0.00000000
f 72/352/72 65/353/65 66/354/66
vt 0.83333333 0.00000000
vt 1.00000000 0.00000000
vt 0.83333333 1.00000000
f 66/355/66 61/356/61 72/357/72
vt 0.83333333 1.00000000
vt 1.00000000 0.00000000
vt 1.00000000 1.00000000
f 72/358/72 61/359/61 67/360/67
g stem_06
usemtl wood
s 1
v 0.25272981 0.07780080 1.36738317
v 0.26008440 0.06688005 1.36365251
v 0.26817869 0.06688005 1.35226989
v 0.26891838 0.07780080 1.34461795
v 0.26156378 0.08872156 1.34834862
v 0.25346949 0.08872156 1.35973123
v 0.55686103 0.18001994 1.53726826
v 0.55948767 0.17611967 1.53593588
v 0.56237848 0.17611967 1.53187066
v 0.56264266 0.18001994 1.52913782
v 0.56001602 0.18392021 1.53047021
v 0.55712520 0.18392021 1.53453542
vn -0.50546443 0.00182471 0.86284552
vn -0.05784844 -0.83631760 0.54518477
vn 0.41166242 -0.85976488 -0.30222243
vn 0.49543514 -0.00589977 -0.86862490
vn 0.04876303 0.83257240 -0.55176567
vn -0.50046869 0.83058184 0.24426399
vn -0.48529574 0.00998820 0.87429302
vn -0.02130581 -0.82056492 0.57115609
vn 0.48131886 -0.83791352 -0.25735789
vn 0.53537210 0.01051761 -0.84455083
vn 0.06697409 0.83996482 -0.53849194
vn -0.41166242 0.85976488 0.30222243
vt 0.83333333 0.00000000
vt 1.33333333 0.00000000
vt 1.16666667 0.00000000
f 78/361/78 75/362/75 74/363/74
vt 0.83333333 0.00000000
vt 1.16666667 0.00000000
vt 1.00000000 0.00000000
f 78/364/78 74/365/74 73/366/73
vt 0.83333333 0.00000000
vt 0.66666667 0.00000000
vt 0.50000000 0.00000000
f 78/367/78 77/368/77 76/369/76
vt 0.50000000 0.00000000
vt 0.33333333 0.00000000
vt 0.83333333 0.00000000
f 76/370/76 75/371/75 78/372/78
vt 0.50000000 0.00000000
vt 0.66666667 0.00000000
vt 0.66666667 1.00000000
f 76/373/76 77/374/77 83/375/83
vt 0.50000000 1.00000000
vt 0.50000000 0.00000000
vt 0.66666667 1.00000000
f 82/376/82 76/377/76 83/378/83
vt 0.66666667 0.00000000
vt 0.83333333 0.00000000
vt 0.66666667 1.00000000
f 77/379/77 78/380/78 83/381/83
vt 0.66666667 1.00000000
vt 0.83333333 0.00000000
vt 0.83333333 1.00000000
f 83/382/83 78/383/78 84/384/84
vt 0.00000000 0.00000000
vt 0.16666667 0.00000000
vt 0.00000000 1.00000000
f 73/385/73 74/386/74 79/387/79
vt 0.16666667 0.00000000
vt 0.16666667 1.00000000
vt 0.00000000 1.00000000
f 74/388/74 80/389/80 79/390/79
vt 1.00000000 1.00000000
vt 0.83333333 0.00000000
vt 1.00000000 0.00000000
f 79/391/79 78/392/78 73/393/73
vt 0.83333333 1.00000000
vt 0.83333333 0.00000000
vt 1.00000000 1.00000000
f 84/394/84 78/395/78 79/396/79
vt 0.50000000 1.00000000
vt 0.66666667 1.00000000
vt 0.33333333 1.00000000
f 82/397/82 83/398/83 81/399/81
vt 0.33333333 1.00000000
vt 0.00000000 1.00000000
vt 0.16666667 1.00000000
f 81/400/81 79/401/79 80/402/80
vt 0.33333333 1.00000000
vt 0.66666667 1.00000000
vt 0.83333333 1.00000000
f 81/403/81 83/404/83 84/405/84
vt 0.83333333 1.00000000
vt 1.00000000 1.00000000
vt 1.33333333 1.00000000
f 84/406/84 79/407/79 81/408/81
vt 0.33333333 1.00000000
vt 0.33333333 0.00000000
vt 0.50000000 0.00000000
f 81/409/81 75/410/75 76/411/76
vt 0.33333333 1.00000000
vt 0.50000000 0.00000000
vt 0.50000000 1.00000000
f 81/412/81 76/413/76 82/414/82
vt 0.16666667 0.00000000
vt 0.33333333 0.00000000
vt 0.33333333 1.00000000
f 74/415/74 75/416/75 81/417/81
vt 0.33333333 1.00000000
vt 0.16666667 1.00000000
vt 0.16666667 0.00000000
f 81/418/81 80/419/80 74/420/74
g foliage_spray_000
usemtl foliage
s 1
v 0.39429512 0.03573054 1.25691464
v 0.42984950 0.10067159 1.51501371
v 0.28274832 0.11765757 1.31450576
v 0.32091911 0.16836847 1.53388346
v 0.37217508 -0.05563174 1.38879289
v 0.18363711 0.07425195 1.43166844
v 0.53273901 0.14667407 1.38905159
v 0.33668036 0.25806437 1.43085533
v 0.20288365 -0.07820805 1.32804614
v 0.47687572 0.26325731 1.32602957
v 0.26225408 -0.00421705 1.47371631
v 0.46896418 0.25339748 1.47448366
vn 0.31899529 -0.25858479 -0.91179817
vn 0.47950978 -0.38533128 0.78840990
vn -0.53504098 0.42921064 -0.72767395
vn -0.32296364 0.26112101 0.90967593
vn 0.52764686 -0.83502250 0.15596865
vn -0.93906477 0.31988926 0.12581030
vn 0.95199186 -0.30438710 -0.03255753
vn -0.54676194 0.83485315 -0.06380905
vn -0.59407490 -0.60263656 -0.53282661
vn 0.17331743 0.64660086 -0.74287846
vn -0.20968350 -0.56575559 0.79746689
vn 0.48155200 0.60679245 0.63238485
vt 0.86701572 0.42216226
vt 0.75263349 0.19798025
vt 0.73643432 0.72606128
f 91/421/91 94/422/94 96/423/96
vt 0.35515023 0.15698776
vt 0.19162428 0.20515360
vt 0.15221626 0.57375896
f 87/424/87 93/425/93 90/426/90
vt 0.58354656 -0.04787542
vt 0.75263349 0.19798025
vt 0.86701572 0.42216226
f 85/427/85 94/428/94 91/429/91
vt 0.19162428 0.20515360
vt 0.35515023 0.15698776
vt 0.58354656 -0.04787542
f 93/430/93 87/431/87 85/432/85
vt 0.58354656 -0.04787542
vt 0.35515023 0.15698776
vt 0.75263349 0.19798025
f 85/433/85 87/434/87 94/435/94
vt 0.46557815 0.57086654
vt 0.73643432 0.72606128
vt 0.75263349 0.19798025
f 92/436/92 96/437/96 94/438/94
vt 0.46557815 0.57086654
vt 0.35515023 0.15698776
vt 0.15221626 0.57375896
f 92/439/92 87/440/87 90/441/90
vt 0.75263349 0.19798025
vt 0.35515023 0.15698776
vt 0.46557815 0.57086654
f 94/442/94 87/443/87 92/444/92
vt 0.86701572 0.42216226
vt 0.73643432 0.72606128
vt 0.65634552 0.87023482
f 91/445/91 96/446/96 86/447/86
vt 0.86701572 0.42216226
vt 0.65634552 0.87023482
vt 0.53825494 0.42124202
f 91/448/91 86/449/86 89/450/89
vt 0.53825494 0.42124202
vt 0.58354656 -0.04787542
vt 0.86701572 0.42216226
f 89/451/89 85/452/85 91/453/91
vt 0.19162428 0.20515360
vt 0.58354656 -0.04787542
vt 0.53825494 0.42124202
f 93/454/93 85/455/85 89/456/89
vt 0.73643432 0.72606128
vt 0.46557815 0.57086654
vt 0.43330640 0.93735831
f 96/457/96 92/458/92 88/459/88
vt 0.43330640 0.93735831
vt 0.65634552 0.87023482
vt 0.73643432 0.72606128
f 88/460/88 86/461/86 96/462/96
vt 0.43330640 0.93735831
vt 0.46557815 0.57086654
vt 0.15221626 0.57375896
f 88/463/88 92/464/92 90/465/90
vt 0.31318751 0.72333168
vt 0.53825494 0.42124202
vt 0.65634552 0.87023482
f 95/466/95 89/467/89 86/468/86
vt 0.31318751 0.72333168
vt 0.43330640 0.93735831
vt 0.15221626 0.57375896
f 95/469/95 88/470/88 90/471/90
vt 0.65634552 0.87023482
vt 0.43330640 0.93735831
vt 0.31318751 0.72333168
f 86/472/86 88/473/88 95/474/95
vt 0.15221626 0.57375896
vt 0.19162428 0.20515360
vt 0.31318751 0.72333168
f 90/475/90 93/476/93 95/477/95
vt 0.19162428 0.20515360
vt 0.53825494 0.42124202
vt 0.31318751 0.72333168
f 93/478/93 89/479/89 95/480/95
g foliage_spray_001
usemtl foliage
s 1
v 0.34297757 0.08389575 1.31416250
v 0.40744464 0.06664872 1.52945151
v 0.39306041 0.20567639 1.31768495
v 0.45066072 0.16131946 1.54510302
v 0.24985013 0.08091426 1.42030509
v 0.32805515 0.26118765 1.45933338
v 0.47952101 -0.01861823 1.41788746
v 0.58149762 0.17928864 1.46186368
v 0.20872310 0.19841432 1.37234554
v 0.56529355 0.06405865 1.36802676
v 0.25512666 0.18092947 1.50281795
v 0.56641368 0.06363658 1.49666664
vn -0.18636026 -0.45150317 -0.87259082
vn -0.22144643 -0.59349007 0.77377711
vn 0.21943876 0.61965975 -0.75357046
vn 0.13558663 0.35285638 0.92580162
vn -0.62731882 -0.76878540 0.12425822
vn 0.02098510 0.98499486 0.17130308
vn -0.05360251 -0.99740738 -0.04801336
vn 0.63813423 0.76986942 -0.00926139
vn -0.74288834 0.40078302 -0.53618084
vn 0.60358346 -0.16941582 -0.77909260
vn -0.56891013 0.08330921 0.81816920
vn 0.60976223 -0.44287092 0.65730919
vt 1.34998715 0.57131352
vt 0.60102672 0.87641337
vt 0.86892027 0.58031433
f 102/481/102 100/482/100 104/483/104
vt 0.34998715 0.57131352
vt 0.48308789 0.06744162
vt 0.10565022 0.26188031
f 102/484/102 99/485/99 105/486/105
vt 0.86892027 0.58031433
vt 1.48308789 0.06744162
vt 1.34998715 0.57131352
f 104/487/104 99/488/99 102/489/102
vt 0.86892027 0.58031433
vt 0.60102672 0.87641337
vt 0.83803533 0.70411542
f 104/490/104 100/491/100 108/492/108
vt 0.83574182 0.24651755
vt 0.48308789 0.06744162
vt 0.86892027 0.58031433
f 106/493/106 99/494/99 104/495/104
vt 0.86892027 0.58031433
vt 0.83803533 0.70411542
vt 0.83574182 0.24651755
f 104/496/104 108/497/108 106/498/106
vt 0.83574182 0.24651755
vt 0.83803533 0.70411542
vt 0.66011928 0.42388206
f 106/499/106 108/500/108 103/501/103
vt 0.51254016 0.82073781
vt 0.18985939 0.43248207
vt 0.66011928 0.42388206
f 98/502/98 101/503/101 103/504/103
vt 0.66011928 0.42388206
vt 0.83803533 0.70411542
vt 0.51254016 0.82073781
f 103/505/103 108/506/108 98/507/98
vt 0.51254016 0.82073781
vt 0.83803533 0.70411542
vt 0.60102672 0.87641337
f 98/508/98 108/509/108 100/510/100
vt 0.66011928 0.42388206
vt 0.18985939 0.43248207
vt 0.38054137 0.05491156
f 103/511/103 101/512/101 97/513/97
vt 0.38054137 0.05491156
vt 0.83574182 0.24651755
vt 0.66011928 0.42388206
f 97/514/97 106/515/106 103/516/103
vt 0.48308789 0.06744162
vt 0.83574182 0.24651755
vt 0.38054137 0.05491156
f 99/517/99 106/518/106 97/519/97
vt 0.10565022 0.26188031
vt 0.48308789 0.06744162
vt 0.38054137 0.05491156
f 105/520/105 99/521/99 97/522/97
vt 0.38054137 0.05491156
vt 0.18985939 0.43248207
vt 0.10565022 0.26188031
f 97/523/97 101/524/101 105/525/105
vt 0.18985939 0.43248207
vt 0.51254016 0.82073781
vt 0.20066329 0.72599688
f 101/526/101 98/527/98 107/528/107
vt 0.20066329 0.72599688
vt 0.34998715 0.57131352
vt 0.10565022 0.26188031
f 107/529/107 102/530/102 105/531/105
vt 0.10565022 0.26188031
vt 0.18985939 0.43248207
vt 0.20066329 0.72599688
f 105/532/105 101/533/101 107/534/107
vt 0.60102672 0.87641337
vt 0.34998715 0.57131352
vt 0.20066329 0.72599688
f 100/535/100 102/536/102 107/537/107
vt 0.20066329 0.72599688
vt 0.51254016 0.82073781
vt 0.60102672 0.87641337
f 107/538/107 98/539/98 100/540/100
g foliage_spray_002
usemtl foliage
s 1
v 0.47715770 0.09156825 1.36191346
v 0.51776862 0.13427521 1.56117146
v 0.37591102 0.15065570 1.36781084
v 0.40892348 0.21491164 1.61947382
v 0.46266278 0.02276271 1.45162334
v 0.25495298 0.10191246 1.49134468
v 0.62617122 0.17892268 1.44602797
v 0.43122953 0.30056429 1.48887280
v 0.30710057 -0.03482989 1.38946195
v 0.55088860 0.26899339 1.39762816
v 0.34956540 0.01809234 1.53616390
v 0.56150270 0.28222131 1.52947226
vn 0.35431339 -0.29621262 -0.88697244
vn 0.52830968 -0.43257800 0.73059234
vn -0.46006122 0.39369269 -0.79583274
vn -0.27098744 0.24413890 0.93110795
vn 0.54782730 -0.83201754 0.08736166
vn -0.94870277 0.30666182 0.07695183
vn 0.93577141 -0.33962094 -0.09481286
vn -0.50354402 0.85440142 -0.12822492
vn -0.39238094 -0.69311578 -0.60467158
vn 0.21984300 0.58117898 -0.78351774
vn -0.10386139 -0.65498182 0.74847286
vn 0.56615751 0.59621163 0.56920767
vt 0.41763759 1.04011007
vt 0.46331006 0.57553601
vt 0.10237711 0.58432899
f 112/541/112 116/542/116 114/543/114
vt 0.29609966 0.74375996
vt 0.41763759 1.04011007
vt 0.10237711 0.58432899
f 119/544/119 112/545/112 114/546/114
vt 0.10237711 0.58432899
vt 0.46331006 0.57553601
vt 0.35004331 0.14489429
f 114/547/114 116/548/116 111/549/111
vt 0.46331006 0.57553601
vt 0.41763759 1.04011007
vt 0.73004935 0.71995643
f 116/550/116 112/551/112 120/552/120
vt 0.41763759 1.04011007
vt 0.29609966 0.74375996
vt 0.64050215 0.83271686
f 112/553/112 119/554/119 110/555/110
vt 0.86246061 0.42312832
vt 0.73004935 0.71995643
vt 0.64050215 0.83271686
f 115/556/115 120/557/120 110/558/110
vt 0.64050215 0.83271686
vt 0.73004935 0.71995643
vt 0.41763759 1.04011007
f 110/559/110 120/560/120 112/561/112
vt 0.70831659 0.25096048
vt 0.35004331 0.14489429
vt 0.46331006 0.57553601
f 118/562/118 111/563/111 116/564/116
vt 0.70831659 0.25096048
vt 0.73004935 0.71995643
vt 0.86246061 0.42312832
f 118/565/118 120/566/120 115/567/115
vt 0.46331006 0.57553601
vt 0.73004935 0.71995643
vt 0.70831659 0.25096048
f 116/568/116 120/569/120 118/570/118
vt 0.20915129 0.22191164
vt 0.29609966 0.74375996
vt 0.10237711 0.58432899
f 117/571/117 119/572/119 114/573/114
vt 0.10237711 0.58432899
vt 0.35004331 0.14489429
vt 0.20915129 0.22191164
f 114/574/114 111/575/111 117/576/117
vt 0.29609966 0.74375996
vt 0.20915129 0.22191164
vt 0.52767084 0.44303221
f 119/577/119 117/578/117 113/579/113
vt 0.86246061 0.42312832
vt 0.64050215 0.83271686
vt 0.52767084 0.44303221
f 115/580/115 110/581/110 113/582/113
vt 0.52767084 0.44303221
vt 0.64050215 0.83271686
vt 0.29609966 0.74375996
f 113/583/113 110/584/110 119/585/119
vt 0.55734974 0.12391614
vt 0.70831659 0.25096048
vt 0.86246061 0.42312832
f 109/586/109 118/587/118 115/588/115
vt 0.86246061 0.42312832
vt 0.52767084 0.44303221
vt 0.55734974 0.12391614
f 115/589/115 113/590/113 109/591/109
vt 0.55734974 0.12391614
vt 0.52767084 0.44303221
vt 0.20915129 0.22191164
f 109/592/109 113/593/113 117/594/117
vt 0.35004331 0.14489429
vt 0.70831659 0.25096048
vt 0.55734974 0.12391614
f 111/595/111 118/596/118 109/597/109
vt 0.55734974 0.12391614
vt 0.20915129 0.22191164
vt 0.35004331 0.14489429
f 109/598/109 117/599/117 111/600/111
g foliage_spray_003
usemtl foliage
s 1
v 0.42873498 0.11174238 1.35891434
v 0.49924528 0.07680175 1.61385715
v 0.48301609 0.23366137 1.37492902
v 0.54541901 0.19563767 1.60915842
v 0.35513608 0.11620959 1.47542162
v 0.42418670 0.27993222 1.51072831
v 0.55714042 0.03432419 1.47434791
v 0.64271323 0.20151168 1.51145778
v 0.25880305 0.24400073 1.41174324
v 0.65366467 0.09521694 1.42175559
v 0.33678994 0.21461528 1.55946184
v 0.69831837 0.07839144 1.56450383
vn -0.17874079 -0.50705292 -0.84317796
vn -0.25164663 -0.63754563 0.72815489
vn 0.25553312 0.64813686 -0.71737120
vn 0.17099143 0.48470096 0.85780354
vn -0.60574375 -0.79062239 0.08939102
vn 0.06691777 0.98671912 0.14801148
vn -0.07024241 -0.99133802 -0.11097269
vn 0.61005895 0.79064966 -0.05197304
vn -0.74149047 0.41849333 -0.52445707
vn 0.60059647 -0.14160864 -0.78691224
vn -0.58342279 0.12274482 0.80283968
vn 0.70887979 -0.41883264 0.56751093
vt 0.02457104 0.21292238
vt 0.36320038 0.56503218
vt 0.48365580 0.08196681
f 129/601/129 126/602/126 123/603/123
vt 0.18425218 0.73838713
vt 0.36320038 0.56503218
vt 0.02457104 0.21292238
f 131/604/131 126/605/126 129/606/129
vt 0.61142815 0.91516784
vt 0.51688567 0.93188218
vt 0.92449542 0.75632250
f 124/607/124 122/608/122 132/609/132
vt 0.36320038 0.56503218
vt 0.18425218 0.73838713
vt 0.61142815 0.91516784
f 126/610/126 131/611/131 124/612/124
vt 0.61142815 0.91516784
vt 0.18425218 0.73838713
vt 0.51688567 0.93188218
f 124/613/124 131/614/131 122/615/122
vt 0.02457104 0.21292238
vt 0.48365580 0.08196681
vt 0.37251315 0.02499938
f 129/616/129 123/617/123 121/618/121
vt 0.81064178 0.56762704
vt 0.61142815 0.91516784
vt 0.92449542 0.75632250
f 128/619/128 124/620/124 132/621/132
vt 0.81064178 0.56762704
vt 0.48365580 0.08196681
vt 0.36320038 0.56503218
f 128/622/128 123/623/123 126/624/126
vt 0.36320038 0.56503218
vt 0.61142815 0.91516784
vt 0.81064178 0.56762704
f 126/625/126 124/626/124 128/627/128
vt 0.92449542 0.75632250
vt 0.51688567 0.93188218
vt 0.63542819 0.43561978
f 132/628/132 122/629/122 127/630/127
vt 0.02457104 0.21292238
vt 0.37251315 0.02499938
vt 0.22181659 0.43943918
f 129/631/129 121/632/121 125/633/125
vt 0.22181659 0.43943918
vt 0.18425218 0.73838713
vt 0.02457104 0.21292238
f 125/634/125 131/635/131 129/636/129
vt 0.51688567 0.93188218
vt 0.18425218 0.73838713
vt 0.22181659 0.43943918
f 122/637/122 131/638/131 125/639/125
vt 0.22181659 0.43943918
vt 0.63542819 0.43561978
vt 0.51688567 0.93188218
f 125/640/125 127/641/127 122/642/122
vt 0.37251315 0.02499938
vt 0.63542819 0.43561978
vt 0.22181659 0.43943918
f 121/643/121 127/644/127 125/645/125
vt 0.83306527 0.24853833
vt 0.37251315 0.02499938
vt 0.48365580 0.08196681
f 130/646/130 121/647/121 123/648/123
vt 0.83306527 0.24853833
vt 0.81064178 0.56762704
vt 0.92449542 0.75632250
f 130/649/130 128/650/128 132/651/132
vt 0.48365580 0.08196681
vt 0.81064178 0.56762704
vt 0.83306527 0.24853833
f 123/652/123 128/653/128 130/654/130
vt 0.92449542 0.75632250
vt 0.63542819 0.43561978
vt 0.83306527 0.24853833
f 132/655/132 127/656/127 130/657/130
vt 0.83306527 0.24853833
vt 0.63542819 0.43561978
vt 0.37251315 0.02499938
f 130/658/130 127/659/127 121/660/121
g foliage_spray_004
usemtl foliage
s 1
v 0.56867116 0.10606521 1.38203620
v 0.60483535 0.16250778 1.61537753
v 0.44888680 0.18051538 1.40281008
v 0.49596355 0.23749492 1.65648205
v 0.54924989 0.02586619 1.49781843
v 0.36204814 0.13538726 1.53810537
v 0.68480359 0.20234374 1.49870478
v 0.51462334 0.33188960 1.53885206
v 0.42940186 0.04189901 1.46032301
v 0.63209321 0.29450513 1.44896184
v 0.40715631 0.01417527 1.60374678
v 0.63857048 0.30257750 1.57543904
vn 0.35076454 -0.30555100 -0.88521344
vn 0.55612015 -0.38936334 0.73425239
vn -0.50914914 0.38225627 -0.77113377
vn -0.29676313 0.29656554 0.90773373
vn 0.54689527 -0.83491251 0.06186001
vn -0.95343930 0.29586379 0.05846463
vn 0.95397029 -0.29280752 -0.06484160
vn -0.50985234 0.85644475 -0.08095048
vn -0.49733318 -0.63004868 -0.59640454
vn 0.27473636 0.60730409 -0.74545401
vn -0.19782809 -0.64151310 0.74116462
vn 0.58802311 0.58367282 0.55995969
vt 0.42447698 0.99525923
vt 0.46268362 0.57682572
vt 0.15028008 0.57416960
f 136/661/136 140/662/140 138/663/138
vt 0.24264077 0.80766929
vt 0.42447698 0.99525923
vt 0.15028008 0.57416960
f 143/664/143 136/665/136 138/666/138
vt 0.15028008 0.57416960
vt 0.46268362 0.57682572
vt 0.32808554 0.09289707
f 138/667/138 140/668/140 135/669/135
vt 0.46268362 0.57682572
vt 0.42447698 0.99525923
vt 0.71647011 0.70697296
f 140/670/140 136/671/136 144/672/144
vt 0.42447698 0.99525923
vt 0.24264077 0.80766929
vt 0.64739614 0.84904219
f 136/673/136 143/674/143 134/675/134
vt 0.81113416 0.43401378
vt 0.71647011 0.70697296
vt 0.64739614 0.84904219
f 139/676/139 144/677/144 134/678/134
vt 0.64739614 0.84904219
vt 0.71647011 0.70697296
vt 0.42447698 0.99525923
f 134/679/134 144/680/144 136/681/136
vt 0.70320765 0.25706815
vt 0.32808554 0.09289707
vt 0.46268362 0.57682572
f 142/682/142 135/683/135 140/684/140
vt 0.70320765 0.25706815
vt 0.71647011 0.70697296
vt 0.81113416 0.43401378
f 142/685/142 144/686/144 139/687/139
vt 0.46268362 0.57682572
vt 0.71647011 0.70697296
vt 0.70320765 0.25706815
f 140/688/140 144/689/144 142/690/142
vt 0.81113416 0.43401378
vt 0.64739614 0.84904219
vt 0.53358280 0.43086087
f 139/691/139 134/692/134 137/693/137
vt 0.53358280 0.43086087
vt 0.64739614 0.84904219
vt 0.24264077 0.80766929
f 137/694/137 134/695/134 143/696/143
vt 0.57334857 0.01900022
vt 0.70320765 0.25706815
vt 0.81113416 0.43401378
f 133/697/133 142/698/142 139/699/139
vt 0.32808554 0.09289707
vt 0.70320765 0.25706815
vt 0.57334857 0.01900022
f 135/700/135 142/701/142 133/702/133
vt 0.81113416 0.43401378
vt 0.53358280 0.43086087
vt 0.57334857 0.01900022
f 139/703/139 137/704/137 133/705/133
vt 0.28818939 0.29748212
vt 0.53358280 0.43086087
vt 0.24264077 0.80766929
f 141/706/141 137/707/137 143/708/143
vt 0.28818939 0.29748212
vt 0.57334857 0.01900022
vt 0.53358280 0.43086087
f 141/709/141 133/710/133 137/711/137
vt 0.32808554 0.09289707
vt 0.57334857 0.01900022
vt 0.28818939 0.29748212
f 135/712/135 133/713/133 141/714/141
vt 0.28818939 0.29748212
vt 0.24264077 0.80766929
vt 0.15028008 0.57416960
f 141/715/141 143/716/143 138/717/138
vt 0.15028008 0.57416960
vt 0.32808554 0.09289707
vt 0.28818939 0.29748212
f 138/718/138 135/719/135 141/720/141
g foliage_spray_005
usemtl foliage
s 1
v 0.50960951 0.13720532 1.39783308
v 0.58491153 0.11633089 1.65018818
v 0.57110239 0.24980006 1.44688830
v 0.63247683 0.22554637 1.66133802
v 0.38329324 0.12849122 1.51947574
v 0.51368485 0.30438647 1.56134837
v 0.66229620 0.02985377 1.52068354
v 0.72398416 0.22954809 1.56216756
v 0.41388430 0.24787411 1.48690276
v 0.71526746 0.13431299 1.48404620
v 0.40889601 0.24975369 1.61718798
v 0.75000000 0.12122578 1.60372516
vn -0.12289550 -0.32181898 -0.93879137
vn -0.19889551 -0.58977577 0.78269095
vn 0.24002168 0.65676532 -0.71487685
vn 0.19421820 0.45753051 0.86772411
vn -0.64974757 -0.75371896 0.09867034
vn 0.05831836 0.99607625 0.06656629
vn 0.00653405 -0.99595697 -0.08959364
vn 0.62463189 0.77542877 -0.09244037
vn -0.59191052 0.57302613 -0.56681831
vn 0.63687955 -0.02647857 -0.77050848
vn -0.57013580 0.21752263 0.79223044
vn 0.73944271 -0.35312383 0.57317365
vt 1.10197032 0.41334852
vt 1.36060771 -0.01935885
vt 0.67323953 0.41764492
f 149/721/149 145/722/145 151/723/151
vt 1.10197032 0.41334852
vt 0.67323953 0.41764492
vt 0.51479146 0.87831894
f 149/724/149 151/725/151 146/726/146
vt 0.51479146 0.87831894
vt 0.67323953 0.41764492
vt 0.85281640 0.71304065
f 146/727/146 151/728/151 156/729/156
vt 0.16460668 0.29747990
vt 0.36060771 -0.01935885
vt 0.10197032 0.41334852
f 153/730/153 145/731/145 149/732/149
vt 0.10197032 0.41334852
vt 0.51479146 0.87831894
vt 0.15439297 0.76093060
f 149/733/149 146/734/146 155/735/155
vt 0.15439297 0.76093060
vt 0.16460668 0.29747990
vt 0.10197032 0.41334852
f 155/736/155 153/737/153 149/738/149
vt 0.36895211 0.56229790
vt 0.16460668 0.29747990
vt 0.15439297 0.76093060
f 150/739/150 153/740/153 155/741/155
vt 0.48651673 0.15514044
vt 0.16460668 0.29747990
vt 0.36895211 0.56229790
f 147/742/147 153/743/153 150/744/150
vt 0.36060771 -0.01935885
vt 0.16460668 0.29747990
vt 0.48651673 0.15514044
f 145/745/145 153/746/153 147/747/147
vt 0.36895211 0.56229790
vt 0.79954798 0.56521191
vt 0.48651673 0.15514044
f 150/748/150 152/749/152 147/750/147
vt 0.78170020 0.28731855
vt 0.67323953 0.41764492
vt 0.36060771 -0.01935885
f 154/751/154 151/752/151 145/753/145
vt 0.36060771 -0.01935885
vt 0.48651673 0.15514044
vt 0.78170020 0.28731855
f 145/754/145 147/755/147 154/756/154
vt 0.78170020 0.28731855
vt 0.48651673 0.15514044
vt 0.79954798 0.56521191
f 154/757/154 147/758/147 152/759/152
vt 0.85281640 0.71304065
vt 0.67323953 0.41764492
vt 0.78170020 0.28731855
f 156/760/156 151/761/151 154/762/154
vt 0.78170020 0.28731855
vt 0.79954798 0.56521191
vt 0.85281640 0.71304065
f 154/763/154 152/764/152 156/765/156
vt 0.61218323 0.91798117
vt 0.15439297 0.76093060
vt 0.51479146 0.87831894
f 148/766/148 155/767/155 146/768/146
vt 0.61218323 0.91798117
vt 0.51479146 0.87831894
vt 0.85281640 0.71304065
f 148/769/148 146/770/146 156/771/156
vt 0.85281640 0.71304065
vt 0.79954798 0.56521191
vt 0.61218323 0.91798117
f 156/772/156 152/773/152 148/774/148
vt 0.61218323 0.91798117
vt 0.79954798 0.56521191
vt 0.36895211 0.56229790
f 148/775/148 152/776/152 150/777/150
vt 0.36895211 0.56229790
vt 0.15439297 0.76093060
vt 0.61218323 0.91798117
f 150/778/150 155/779/155 148/780/148
g stem_07
usemtl wood
s 1
v -0.02311931 0.02118151 1.40889329
v -0.02642646 0.00660570 1.42088413
v -0.01770802 0.00660570 1.43856220
v -0.00568243 0.02118151 1.44424942
v -0.00237528 0.03575731 1.43225857
v -0.01109372 0.03575731 1.41458051
v -0.27813841 0.15085126 1.52117914
v -0.28028805 0.14137699 1.52897319
v -0.27462107 0.14137699 1.54046394
v -0.26680443 0.15085126 1.54416063
v -0.26465479 0.16032554 1.53636658
v -0.27032177 0.16032554 1.52487583
vn -0.29407961 -0.05169606 -0.95438184
vn -0.49334034 -0.81294712 -0.30940637
vn -0.13305568 -0.78354450 0.60692190
vn 0.45433171 -0.04659634 0.88961311
vn 0.53136956 0.79467479 0.29349338
vn 0.16784011 0.76258826 -0.62473102
vn -0.41773085 0.02331089 -0.90827173
vn -0.60894166 -0.75024913 -0.25751953
vn -0.17638422 -0.75717913 0.62894227
vn 0.34520730 0.02132377 0.93828419
vn 0.46297442 0.82605493 0.32138441
vn 0.10722054 0.79802032 -0.59301545
vt 0.00000000 0.00000000
vt 0.16666667 0.00000000
vt 0.00000000 1.00000000
f 157/781/157 158/782/158 163/783/163
vt 0.00000000 1.00000000
vt 0.16666667 0.00000000
vt 0.16666667 1.00000000
f 163/784/163 158/785/158 164/786/164
vt 1.00000000 0.00000000
vt 1.00000000 1.00000000
vt 0.83333333 0.00000000
f 157/787/157 163/788/163 162/789/162
vt 0.83333333 0.00000000
vt 1.00000000 1.00000000
vt 0.83333333 1.00000000
f 162/790/162 163/791/163 168/792/168
vt 0.50000000 0.00000000
vt 0.83333333 0.00000000
vt 0.66666667 0.00000000
f 160/793/160 162/794/162 161/795/161
vt 0.33333333 0.00000000
vt 0.16666667 0.00000000
vt 0.50000000 0.00000000
f 159/796/159 158/797/158 160/798/160
vt 0.50000000 0.00000000
vt 0.16666667 0.00000000
vt 0.00000000 0.00000000
f 160/799/160 158/800/158 157/801/157
vt 1.00000000 0.00000000
vt 0.83333333 0.00000000
vt 0.50000000 0.00000000
f 157/802/157 162/803/162 160/804/160
vt 0.16666667 1.00000000
vt 0.16666667 0.00000000
vt 0.33333333 1.00000000
f 164/805/164 158/806/158 165/807/165
vt 0.33333333 1.00000000
vt 0.16666667 0.00000000
vt 0.33333333 0.00000000
f 165/808/165 158/809/158 159/810/159
vt 0.33333333 0.00000000
vt 0.50000000 0.00000000
vt 0.33333333 1.00000000
f 159/811/159 160/812/160 165/813/165
vt 0.33333333 1.00000000
vt 0.50000000 0.00000000
vt 0.50000000 1.00000000
f 165/814/165 160/815/160 166/816/166
vt 0.83333333 1.00000000
vt 1.00000000 1.00000000
vt 0.66666667 1.00000000
f 168/817/168 163/818/163 167/819/167
vt 0.66666667 1.00000000
vt 1.00000000 1.00000000
vt 1.16666667 1.00000000
f 167/820/167 163/821/163 164/822/164
vt 0.16666667 1.00000000
vt 0.33333333 1.00000000
vt 0.66666667 1.00000000
f 164/823/164 165/824/165 167/825/167
vt 0.66666667 1.00000000
vt 0.33333333 1.00000000
vt 0.50000000 1.00000000
f 167/826/167 165/827/165 166/828/166
vt 0.66666667 1.00000000
vt 0.83333333 0.00000000
vt 0.83333333 1.00000000
f 167/829/167 162/830/162 168/831/168
vt 0.66666667 0.00000000
vt 0.83333333 0.00000000
vt 0.66666667 1.00000000
f 161/832/161 162/833/162 167/834/167
vt 0.66666667 1.00000000
vt 0.50000000 0.00000000
vt 0.66666667 0.00000000
f 167/835/167 160/836/160 161/837/161
vt 0.50000000 1.00000000
vt 0.50000000 0.00000000
vt 0.66666667 1.00000000
f 166/838/166 160/839/160 167/840/167
g stem_08
usemtl wood
s 1
v -0.28118110 0.15085126 1.52167246
v -0.27997679 0.13991470 1.52925117
v -0.27126711 0.13991470 1.54024859
v -0.26376174 0.15085126 1.54366731
v -0.26496605 0.16178783 1.53608860
v -0.27367573 0.16178783 1.52509118
v -0.56270837 0.25089790 1.71830430
v -0.56227826 0.24699198 1.72101098
v -0.55916766 0.24699198 1.72493863
v -0.55648717 0.25089790 1.72615960
v -0.55691728 0.25480381 1.72345292
v -0.56002788 0.25480381 1.71952527
vn -0.53664890 -0.00588295 -0.84378513
vn -0.46727263 -0.84805826 -0.24990694
vn 0.11609453 -0.84982336 0.51412286
vn 0.56319023 0.09051952 0.82135436
vn 0.44694766 0.87858567 0.16830035
vn -0.03508401 0.81480333 -0.57867490
vn -0.57603636 0.01048985 -0.81735676
vn -0.48620034 -0.84140683 -0.23588932
vn 0.03508401 -0.81480333 0.57867490
vn 0.41856594 -0.30596392 0.85509569
vn 0.53950636 0.66590035 0.51527625
vn -0.09839878 0.84299437 -0.52884607
vt 0.16666667 0.00000000
vt 0.00000000 0.00000000
vt 0.33333333 0.00000000
f 170/841/170 169/842/169 171/843/171
vt 1.00000000 0.00000000
vt 0.83333333 0.00000000
vt 1.33333333 0.00000000
f 169/844/169 174/845/174 171/846/171
vt 0.33333333 0.00000000
vt 0.66666667 0.00000000
vt 0.50000000 0.00000000
f 171/847/171 173/848/173 172/849/172
vt 0.33333333 0.00000000
vt 0.83333333 0.00000000
vt 0.66666667 0.00000000
f 171/850/171 174/851/174 173/852/173
vt 0.16666667 1.00000000
vt 0.00000000 0.00000000
vt 0.16666667 0.00000000
f 176/853/176 169/854/169 170/855/170
vt 0.00000000 1.00000000
vt 0.00000000 0.00000000
vt 0.16666667 1.00000000
f 175/856/175 169/857/169 176/858/176
vt 0.16666667 0.00000000
vt 0.33333333 0.00000000
vt 0.16666667 1.00000000
f 170/859/170 171/860/171 176/861/176
vt 0.16666667 1.00000000
vt 0.33333333 0.00000000
vt 0.33333333 1.00000000
f 176/862/176 171/863/171 177/864/177
vt 0.50000000 1.00000000
vt 0.33333333 0.00000000
vt 0.50000000 0.00000000
f 178/865/178 171/866/171 172/867/172
vt 0.33333333 1.00000000
vt 0.33333333 0.00000000
vt 0.50000000 1.00000000
f 177/868/177 171/869/171 178/870/178
vt 0.50000000 0.00000000
vt 0.66666667 0.00000000
vt 0.66666667 1.00000000
f 172/871/172 173/872/173 179/873/179
vt 0.66666667 1.00000000
vt 0.50000000 1.00000000
vt 0.50000000 0.00000000
f 179/874/179 178/875/178 172/876/172
vt 1.00000000 1.00000000
vt 1.16666667 1.00000000
vt 0.83333333 1.00000000
f 175/877/175 176/878/176 180/879/180
vt 0.83333333 1.00000000
vt 1.16666667 1.00000000
vt 1.33333333 1.00000000
f 180/880/180 176/881/176 177/882/177
vt 0.33333333 1.00000000
vt 0.50000000 1.00000000
vt 0.83333333 1.00000000
f 177/883/177 178/884/178 180/885/180
vt 0.50000000 1.00000000
vt 0.66666667 1.00000000
vt 0.83333333 1.00000000
f 178/886/178 179/887/179 180/888/180
vt 0.83333333 1.00000000
vt 0.83333333 0.00000000
vt 1.00000000 0.00000000
f 180/889/180 174/890/174 169/891/169
vt 0.83333333 1.00000000
vt 1.00000000 0.00000000
vt 1.00000000 1.00000000
f 180/892/180 169/893/169 175/894/175
vt 0.66666667 0.00000000
vt 0.83333333 0.00000000
vt 0.83333333 1.00000000
f 173/895/173 174/896/174 180/897/180
vt 0.83333333 1.00000000
vt 0.66666667 1.00000000
vt 0.66666667 0.00000000
f 180/898/180 179/899/179 173/900/173
g foliage_spray_006
usemtl foliage
s 1
v -0.33776471 0.25438945 1.44995362
v -0.40556261 0.22847856 1.68389686
v -0.30535689 0.12251988 1.47371378
v -0.38067979 0.12315408 1.70596976
v -0.27637763 0.28349331 1.57451648
v -0.19997067 0.10079690 1.61347340
v -0.48430217 0.24351519 1.57467417
v -0.44731372 0.07936618 1.60849692
v -0.17063819 0.21782714 1.52898915
v -0.50678524 0.15448521 1.53198700
v -0.21227886 0.20998058 1.65247562
v -0.55026922 0.14629130 1.65320709
vn -0.10419137 0.51986064 -0.84787326
vn -0.12680911 0.67612993 0.72578768
vn 0.10848960 -0.67410788 -0.73062205
vn 0.06267237 -0.42421836 0.90338860
vn 0.10329635 0.98623318 0.12912775
vn 0.47896165 -0.86572237 0.14532902
vn -0.48001769 0.87522227 -0.05974114
vn -0.14667332 -0.98727118 -0.06150250
vn 0.83482407 0.19795179 -0.51369627
vn -0.59272881 -0.28639197 -0.75276304
vn 0.50575420 0.35418568 0.78661630
vn -0.81355490 -0.06626615 0.57769995
vt 0.11344808 0.71973884
vt 0.32425339 0.56069579
vt 0.46068890 0.90742625
f 192/901/192 188/902/188 184/903/184
vt 0.20248317 0.28853462
vt 0.32425339 0.56069579
vt 0.11344808 0.71973884
f 190/904/190 188/905/188 192/906/192
vt 0.83069771 0.57839812
vt 1.46068890 0.90742625
vt 1.32425339 0.56069579
f 186/907/186 184/908/184 188/909/188
vt 0.11344808 0.71973884
vt 0.46068890 0.90742625
vt 0.40974037 0.82890854
f 192/910/192 184/911/184 182/912/182
vt 0.32425339 0.56069579
vt 0.20248317 0.28853462
vt 0.61491542 0.08124509
f 188/913/188 190/914/190 183/915/183
vt 0.61491542 0.08124509
vt 0.20248317 0.28853462
vt 0.54855916 -0.00327457
f 183/916/183 190/917/190 181/918/181
vt 0.61491542 0.08124509
vt 0.83069771 0.57839812
vt 1.32425339 0.56069579
f 183/919/183 186/920/186 188/921/188
vt 0.61491542 0.08124509
vt 0.54855916 -0.00327457
vt 0.89075708 0.27787070
f 183/922/183 181/923/181 189/924/189
vt 0.89075708 0.27787070
vt 0.83069771 0.57839812
vt 0.61491542 0.08124509
f 189/925/189 186/926/186 183/927/183
vt 0.89075708 0.27787070
vt 0.54855916 -0.00327457
vt 0.67425155 0.43982054
f 189/928/189 181/929/181 185/930/185
vt 0.11344808 0.71973884
vt 0.40974037 0.82890854
vt 0.24851814 0.44038149
f 192/931/192 182/932/182 187/933/187
vt 0.24851814 0.44038149
vt 0.20248317 0.28853462
vt 0.11344808 0.71973884
f 187/934/187 190/935/190 192/936/192
vt 0.54855916 -0.00327457
vt 0.20248317 0.28853462
vt 0.24851814 0.44038149
f 181/937/181 190/938/190 187/939/187
vt 0.24851814 0.44038149
vt 0.67425155 0.43982054
vt 0.54855916 -0.00327457
f 187/940/187 185/941/185 181/942/181
vt 0.40974037 0.82890854
vt 0.67425155 0.43982054
vt 0.24851814 0.44038149
f 182/943/182 185/944/185 187/945/187
vt 0.46068890 0.90742625
vt 0.83069771 0.57839812
vt 0.80549623 0.71713688
f 184/946/184 186/947/186 191/948/191
vt 0.80549623 0.71713688
vt 0.40974037 0.82890854
vt 0.46068890 0.90742625
f 191/949/191 182/950/182 184/951/184
vt 0.80549623 0.71713688
vt 0.67425155 0.43982054
vt 0.40974037 0.82890854
f 191/952/191 185/953/185 182/954/182
vt 0.80549623 0.71713688
vt 0.83069771 0.57839812
vt 0.89075708 0.27787070
f 191/955/191 186/956/186 189/957/189
vt 0.89075708 0.27787070
vt 0.67425155 0.43982054
vt 0.80549623 0.71713688
f 189/958/189 185/959/185 191/960/191
g foliage_spray_007
usemtl foliage
s 1
v -0.32148032 0.19305811 1.47803265
v -0.35589362 0.25831992 1.73690445
v -0.44933384 0.14870483 1.52810699
v -0.50084487 0.20310754 1.77801140
v -0.24181854 0.13190544 1.60019709
v -0.46185537 0.03656038 1.64423693
v -0.36288823 0.32984215 1.60337914
v -0.56080409 0.25897349 1.64173970
v -0.31603831 0.01990148 1.55146005
v -0.47245710 0.32453442 1.55920335
v -0.32718826 0.04161654 1.69894256
v -0.49507519 0.36858422 1.68919989
vn 0.34094476 0.20555335 -0.91733554
vn 0.59110522 0.33067250 0.73569716
vn -0.57699534 -0.27432514 -0.76929974
vn -0.39999628 -0.17609081 0.89944150
vn 0.98784723 0.12946303 0.08600689
vn -0.68732631 -0.72586349 0.02654669
vn 0.64746288 0.75364262 -0.11320167
vn -0.98123285 -0.07972065 -0.17557536
vn 0.17578988 -0.78978988 -0.58764773
vn -0.37626485 0.51413506 -0.77077228
vn 0.38970969 -0.52224314 0.75854364
vn -0.21326157 0.86331130 0.45739819
vt 0.18594188 0.57105739
vt 0.30871067 1.05580318
vt 0.32052429 0.73988282
f 200/961/200 196/962/196 204/963/204
vt 0.38854314 0.57994053
vt 0.30871067 1.05580318
vt 0.18594188 0.57105739
f 198/964/198 196/965/196 200/966/200
vt 0.60550387 0.90957753
vt 0.32052429 0.73988282
vt 0.30871067 1.05580318
f 194/967/194 204/968/204 196/969/196
vt 0.83907694 0.42328197
vt 0.68710914 0.24991452
vt 0.67596642 -0.01128150
f 197/970/197 201/971/201 193/972/193
vt 0.66427919 0.77453946
vt 0.68710914 0.24991452
vt 0.83907694 0.42328197
f 203/973/203 201/974/201 197/975/197
vt 0.66427919 0.77453946
vt 0.38854314 0.57994053
vt 0.68710914 0.24991452
f 203/976/203 198/977/198 201/978/201
vt 0.30871067 1.05580318
vt 0.38854314 0.57994053
vt 0.66427919 0.77453946
f 196/979/196 198/980/198 203/981/203
vt 0.83907694 0.42328197
vt 0.60550387 0.90957753
vt 0.66427919 0.77453946
f 197/982/197 194/983/194 203/984/203
vt 0.66427919 0.77453946
vt 0.60550387 0.90957753
vt 0.30871067 1.05580318
f 203/985/203 194/986/194 196/987/196
vt 0.18594188 0.57105739
vt 0.32052429 0.73988282
vt 0.36683570 0.27745901
f 200/988/200 204/989/204 202/990/202
vt 0.41418145 0.16684302
vt 0.38854314 0.57994053
vt 0.18594188 0.57105739
f 195/991/195 198/992/198 200/993/200
vt 0.18594188 0.57105739
vt 0.36683570 0.27745901
vt 0.41418145 0.16684302
f 200/994/200 202/995/202 195/996/195
vt 0.41418145 0.16684302
vt 0.36683570 0.27745901
vt 0.67596642 -0.01128150
f 195/997/195 202/998/202 193/999/193
vt 0.68710914 0.24991452
vt 0.38854314 0.57994053
vt 0.41418145 0.16684302
f 201/1000/201 198/1001/198 195/1002/195
vt 0.41418145 0.16684302
vt 0.67596642 -0.01128150
vt 0.68710914 0.24991452
f 195/1003/195 193/1004/193 201/1005/201
vt 0.32052429 0.73988282
vt 0.60550387 0.90957753
vt 0.59118214 0.43460116
f 204/1006/204 194/1007/194 199/1008/199
vt 0.59118214 0.43460116
vt 0.36683570 0.27745901
vt 0.32052429 0.73988282
f 199/1009/199 202/1010/202 204/1011/204
vt 0.67596642 -0.01128150
vt 0.36683570 0.27745901
vt 0.59118214 0.43460116
f 193/1012/193 202/1013/202 199/1014/199
vt 0.59118214 0.43460116
vt 0.60550387 0.90957753
vt 0.83907694 0.42328197
f 199/1015/199 194/1016/194 197/1017/197
vt 0.83907694 0.42328197
vt 0.67596642 -0.01128150
vt 0.59118214 0.43460116
f 197/1018/197 193/1019/193 199/1020/199
g foliage_spray_008
usemtl foliage
s 1
v -0.42683553 0.29499623 1.49385236
v -0.50241970 0.26575585 1.75499534
v -0.40392096 0.16160216 1.54839269
v -0.47068459 0.16090474 1.75544025
v -0.34362264 0.34492717 1.63027906
v -0.30546365 0.13964455 1.67227572
v -0.57737111 0.27612668 1.63517185
v -0.53334735 0.11836319 1.66799449
v -0.27257665 0.24794678 1.59294007
v -0.62199137 0.18210475 1.58310383
v -0.30338573 0.24214126 1.71345196
v -0.63375046 0.17988892 1.71111867
vn -0.08568332 0.45373721 -0.88700672
vn -0.13850443 0.63109689 0.76323865
vn 0.13548129 -0.70686702 -0.69425056
vn 0.06892841 -0.47596010 0.87676157
vn 0.11607924 0.98489964 0.12844574
vn 0.46804552 -0.87425755 0.12886868
vn -0.50607692 0.86131538 -0.04496628
vn -0.11815835 -0.99223313 -0.03888474
vn 0.85065286 0.00970783 -0.52563816
vn -0.58095956 -0.34461359 -0.73737878
vn 0.54464296 0.23635185 0.80467499
vn -0.78195560 -0.12794873 0.61006111
vt 0.55431194 -0.06289726
vt 0.72469352 0.42239992
vt 0.87016289 0.28957765
f 205/1021/205 209/1022/209 213/1023/213
vt 0.87016289 0.28957765
vt 0.72469352 0.42239992
vt 0.80708011 0.71826266
f 213/1024/213 209/1025/209 215/1026/215
vt 0.60123041 0.13111365
vt 0.55431194 -0.06289726
vt 0.87016289 0.28957765
f 207/1027/207 205/1028/205 213/1029/213
vt 0.72469352 0.42239992
vt 0.55431194 -0.06289726
vt 0.24608461 0.43980458
f 209/1030/209 205/1031/205 211/1032/211
vt 0.39955047 0.86604080
vt 0.80708011 0.71826266
vt 0.72469352 0.42239992
f 206/1033/206 215/1034/215 209/1035/209
vt 0.39955047 0.86604080
vt 0.24608461 0.43980458
vt 0.13064575 0.70996268
f 206/1036/206 211/1037/211 216/1038/216
vt 0.72469352 0.42239992
vt 0.24608461 0.43980458
vt 0.39955047 0.86604080
f 209/1039/209 211/1040/211 206/1041/206
vt 0.55431194 -0.06289726
vt 0.60123041 0.13111365
vt 0.15472292 0.25458817
f 205/1042/205 207/1043/207 214/1044/214
vt 0.13064575 0.70996268
vt 0.24608461 0.43980458
vt 0.15472292 0.25458817
f 216/1045/216 211/1046/211 214/1047/214
vt 0.15472292 0.25458817
vt 0.24608461 0.43980458
vt 0.55431194 -0.06289726
f 214/1048/214 211/1049/211 205/1050/205
vt 0.46452933 0.86762343
vt 0.39955047 0.86604080
vt 0.13064575 0.70996268
f 208/1051/208 206/1052/206 216/1053/216
vt 0.80708011 0.71826266
vt 0.39955047 0.86604080
vt 0.46452933 0.86762343
f 215/1054/215 206/1055/206 208/1056/208
vt 0.87016289 0.28957765
vt 0.80708011 0.71826266
vt 0.80282551 0.57179049
f 213/1057/213 215/1058/215 210/1059/210
vt 0.80282551 0.57179049
vt 0.60123041 0.13111365
vt 0.87016289 0.28957765
f 210/1060/210 207/1061/207 213/1062/213
vt 0.80708011 0.71826266
vt 0.46452933 0.86762343
vt 0.80282551 0.57179049
f 215/1063/215 208/1064/208 210/1065/210
vt 0.33622494 0.55656130
vt 0.15472292 0.25458817
vt 0.60123041 0.13111365
f 212/1066/212 214/1067/214 207/1068/207
vt 0.60123041 0.13111365
vt 0.80282551 0.57179049
vt 0.33622494 0.55656130
f 207/1069/207 210/1070/210 212/1071/212
vt 0.13064575 0.70996268
vt 0.15472292 0.25458817
vt 0.33622494 0.55656130
f 216/1072/216 214/1073/214 212/1074/212
vt 0.33622494 0.55656130
vt 0.46452933 0.86762343
vt 0.13064575 0.70996268
f 212/1075/212 208/1076/208 216/1077/216
vt 0.33622494 0.55656130
vt 0.80282551 0.57179049
vt 0.46452933 0.86762343
f 212/1078/212 210/1079/210 208/1080/208
g foliage_spray_009
usemtl foliage
s 1
v -0.43014584 0.22433428 1.57257765
v -0.45129189 0.27747053 1.77308026
v -0.53621900 0.17784221 1.58330583
v -0.55487691 0.23132270 1.78118448
v -0.32488919 0.16069758 1.65666625
v -0.53797558 0.09626107 1.69696982
v -0.43922091 0.38891317 1.65619975
v -0.65330533 0.29152232 1.69943704
v -0.40881187 0.06283873 1.61343373
v -0.57649188 0.38940341 1.59885634
v -0.42507784 0.09451747 1.74450683
v -0.57197551 0.38060758 1.73896169
vn 0.34939740 0.14920958 -0.92501782
vn 0.51481463 0.27280167 0.81273929
vn -0.54753789 -0.31599794 -0.77482098
vn -0.35748264 -0.18252241 0.91591033
vn 0.99190136 0.09396257 0.08545595
vn -0.66729411 -0.73435018 0.12429151
vn 0.67534916 0.73258562 -0.08498136
vn -0.98988691 -0.13770220 -0.03408839
vn 0.16569680 -0.78969881 -0.59069482
vn -0.36098492 0.49486355 -0.79044288
vn 0.30269286 -0.51750818 0.80035137
vn -0.21493727 0.72484759 0.65452116
vt 0.64021718 0.73432760
vt 0.67352238 0.26807425
vt 0.84535727 0.42186101
f 227/1081/227 225/1082/225 221/1083/221
vt 0.17291270 0.57400531
vt 0.33019117 0.21621954
vt 0.41265141 0.16090326
f 224/1084/224 226/1085/226 219/1086/219
vt 0.67352238 0.26807425
vt 0.64021718 0.73432760
vt 0.40905475 0.56522893
f 225/1087/225 227/1088/227 222/1089/222
vt 0.17291270 0.57400531
vt 0.41265141 0.16090326
vt 0.40905475 0.56522893
f 224/1090/224 219/1091/219 222/1092/222
vt 0.40905475 0.56522893
vt 0.41265141 0.16090326
vt 0.67352238 0.26807425
f 222/1093/222 219/1094/219 225/1095/225
vt 0.58654291 0.83596903
vt 0.64021718 0.73432760
vt 0.84535727 0.42186101
f 218/1096/218 227/1097/227 221/1098/221
vt 0.62984025 0.12274097
vt 0.41265141 0.16090326
vt 0.33019117 0.21621954
f 217/1099/217 219/1100/219 226/1101/226
vt 0.84535727 0.42186101
vt 0.67352238 0.26807425
vt 0.62984025 0.12274097
f 221/1102/221 225/1103/225 217/1104/217
vt 0.67352238 0.26807425
vt 0.41265141 0.16090326
vt 0.62984025 0.12274097
f 225/1105/225 219/1106/219 217/1107/217
vt 0.33943860 0.71460242
vt 0.33019117 0.21621954
vt 0.17291270 0.57400531
f 228/1108/228 226/1109/226 224/1110/224
vt 0.64021718 0.73432760
vt 0.58654291 0.83596903
vt 0.37444864 0.86479736
f 227/1111/227 218/1112/218 220/1113/220
vt 0.17291270 0.57400531
vt 0.40905475 0.56522893
vt 0.37444864 0.86479736
f 224/1114/224 222/1115/222 220/1116/220
vt 0.37444864 0.86479736
vt 0.40905475 0.56522893
vt 0.64021718 0.73432760
f 220/1117/220 222/1118/222 227/1119/227
vt 0.37444864 0.86479736
vt 0.33943860 0.71460242
vt 0.17291270 0.57400531
f 220/1120/220 228/1121/228 224/1122/224
vt 0.58654291 0.83596903
vt 0.33943860 0.71460242
vt 0.37444864 0.86479736
f 218/1123/218 228/1124/228 220/1125/220
vt 0.33019117 0.21621954
vt 0.33943860 0.71460242
vt 0.61125870 0.42020159
f 226/1126/226 228/1127/228 223/1128/223
vt 0.61125870 0.42020159
vt 0.33943860 0.71460242
vt 0.58654291 0.83596903
f 223/1129/223 228/1130/228 218/1131/218
vt 0.61125870 0.42020159
vt 0.58654291 0.83596903
vt 0.84535727 0.42186101
f 223/1132/223 218/1133/218 221/1134/221
vt 0.84535727 0.42186101
vt 0.62984025 0.12274097
vt 0.61125870 0.42020159
f 221/1135/221 217/1136/217 223/1137/223
vt 0.61125870 0.42020159
vt 0.62984025 0.12274097
vt 0.33019117 0.21621954
f 223/1138/223 217/1139/217 226/1140/226
g foliage_spray_010
usemtl foliage
s 1
v -0.51591870 0.29644181 1.59875800
v -0.58111784 0.29197423 1.80451273
v -0.48133202 0.18645957 1.59521042
v -0.55444735 0.17862025 1.82860625
v -0.41817035 0.37992334 1.68219398
v -0.40331480 0.17641942 1.72297112
v -0.70571599 0.32820766 1.68170615
v -0.64836290 0.10503379 1.72795403
v -0.35779844 0.27505037 1.64759669
v -0.72756374 0.20537357 1.62588079
v -0.34058147 0.27829465 1.78420320
v -0.70946750 0.20878354 1.76266527
vn -0.04194817 0.41918958 -0.90692913
vn -0.14569871 0.62313529 0.76842326
vn 0.16563305 -0.63225501 -0.75684826
vn 0.06508926 -0.44394242 0.89368816
vn 0.12462031 0.99144927 0.03870548
vn 0.49632722 -0.86388405 0.08581162
vn -0.48880122 0.86752121 -0.09208859
vn -0.10010057 -0.99437290 -0.03467573
vn 0.76029522 0.00447566 -0.64956228
vn -0.54512401 -0.25696456 -0.79800315
vn 0.56746294 0.22744177 0.79136341
vn -0.74939834 -0.05114747 0.66014094
vt 1.10317208 0.21794749
vt 0.60734091 0.10884683
vt 1.26533881 0.58104251
f 238/1141/238 231/1142/231 236/1143/236
vt 0.53652336 0.12146628
vt 0.60734091 0.10884683
vt 1.10317208 0.21794749
f 229/1144/229 231/1145/231 238/1146/238
vt 0.86028062 0.29519531
vt 0.73666683 0.41826482
vt 0.89553303 0.78113214
f 237/1147/237 233/1148/233 239/1149/239
vt 0.86028062 0.29519531
vt 0.53652336 0.12146628
vt 0.73666683 0.41826482
f 237/1150/237 229/1151/229 233/1152/233
vt 0.60734091 0.10884683
vt 0.53652336 0.12146628
vt 0.86028062 0.29519531
f 231/1153/231 229/1154/229 237/1155/237
vt 0.76708414 0.56331732
vt 1.26533881 0.58104251
vt 0.60734091 0.10884683
f 234/1156/234 236/1157/236 231/1158/231
vt 0.76708414 0.56331732
vt 0.86028062 0.29519531
vt 0.89553303 0.78113214
f 234/1159/234 237/1160/237 239/1161/239
vt 0.60734091 0.10884683
vt 0.86028062 0.29519531
vt 0.76708414 0.56331732
f 231/1162/231 237/1163/237 234/1164/234
vt 0.89553303 0.78113214
vt 0.73666683 0.41826482
vt 0.40302564 0.85337721
f 239/1165/239 233/1166/233 230/1167/230
vt 0.89553303 0.78113214
vt 0.40302564 0.85337721
vt 0.45763448 0.93908269
f 239/1168/239 230/1169/230 232/1170/232
vt 0.45763448 0.93908269
vt 0.76708414 0.56331732
vt 0.89553303 0.78113214
f 232/1171/232 234/1172/234 239/1173/239
vt 1.26533881 0.58104251
vt 0.76708414 0.56331732
vt 1.45763448 0.93908269
f 236/1174/236 234/1175/234 232/1176/232
vt 0.10317208 0.21794749
vt 0.26533881 0.58104251
vt 0.14022481 0.70451737
f 238/1177/238 236/1178/236 240/1179/240
vt 0.26533881 0.58104251
vt 0.45763448 0.93908269
vt 0.14022481 0.70451737
f 236/1180/236 232/1181/232 240/1182/240
vt 0.14022481 0.70451737
vt 0.45763448 0.93908269
vt 0.40302564 0.85337721
f 240/1183/240 232/1184/232 230/1185/230
vt 0.10317208 0.21794749
vt 0.14022481 0.70451737
vt 0.14790617 0.41652953
f 238/1186/238 240/1187/240 235/1188/235
vt 0.14790617 0.41652953
vt 0.14022481 0.70451737
vt 0.40302564 0.85337721
f 235/1189/235 240/1190/240 230/1191/230
vt 1.14790617 0.41652953
vt 1.40302564 0.85337721
vt 0.73666683 0.41826482
f 235/1192/235 230/1193/230 233/1194/233
vt 0.14790617 0.41652953
vt 0.53652336 0.12146628
vt 0.10317208 0.21794749
f 235/1195/235 229/1196/229 238/1197/238
vt 0.73666683 0.41826482
vt 0.53652336 0.12146628
vt 1.14790617 0.41652953
f 233/1198/233 229/1199/229 235/1200/235
g foliage_spray_011
usemtl foliage
s 1
v -0.50153750 0.25268247 1.60769029
v -0.53721430 0.30336857 1.82211881
v -0.62687978 0.19818164 1.62175621
v -0.63781460 0.26031779 1.83560733
v -0.40757153 0.18947835 1.71156315
v -0.62511229 0.11380594 1.75354055
v -0.53130373 0.39180061 1.71481244
v -0.73265070 0.31897380 1.75389936
v -0.49893089 0.10519758 1.67367852
v -0.64198203 0.38379640 1.67092916
v -0.49747643 0.10236496 1.80993419
v -0.68335730 0.46437667 1.81556473
vn 0.36933424 0.19676844 -0.90822596
vn 0.55085828 0.28740551 0.78355168
vn -0.55738215 -0.29274545 -0.77693323
vn -0.35771960 -0.19570561 0.91309145
vn 0.98764926 0.12410702 0.09563678
vn -0.66863707 -0.73232805 0.12891895
vn 0.67508174 0.73085440 -0.10058079
vn -0.98959180 -0.12556552 -0.07029486
vn 0.19651719 -0.79590470 -0.57264012
vn -0.33293747 0.51333667 -0.79097289
vn 0.32659697 -0.50524969 0.79878481
vn -0.18743353 0.77914237 0.59816873
vt 0.37512217 0.86284039
vt 0.28187177 0.79154483
vt 0.18094164 0.57218872
f 244/1201/244 252/1202/252 248/1203/248
vt 0.58110514 0.81485901
vt 0.66246993 0.77151586
vt 0.84655365 0.42159032
f 242/1204/242 251/1205/251 245/1206/245
vt 0.28187177 0.79154483
vt 0.37512217 0.86284039
vt 0.58110514 0.81485901
f 252/1207/252 244/1208/244 242/1209/242
vt 0.58110514 0.81485901
vt 0.37512217 0.86284039
vt 0.66246993 0.77151586
f 242/1210/242 244/1211/244 251/1212/251
vt 0.18094164 0.57218872
vt 0.28187177 0.79154483
vt 0.36658920 0.27704706
f 248/1213/248 252/1214/252 250/1215/250
vt 0.84655365 0.42159032
vt 0.65415475 0.05209368
vt 0.59320725 0.43314869
f 245/1216/245 241/1217/241 247/1218/247
vt 0.59320725 0.43314869
vt 0.58110514 0.81485901
vt 0.84655365 0.42159032
f 247/1219/247 242/1220/242 245/1221/245
vt 0.28187177 0.79154483
vt 0.58110514 0.81485901
vt 0.59320725 0.43314869
f 252/1222/252 242/1223/242 247/1224/247
vt 0.59320725 0.43314869
vt 0.36658920 0.27704706
vt 0.28187177 0.79154483
f 247/1225/247 250/1226/250 252/1227/252
vt 0.65415475 0.05209368
vt 0.36658920 0.27704706
vt 0.59320725 0.43314869
f 241/1228/241 250/1229/250 247/1230/247
vt 0.84655365 0.42159032
vt 0.66246993 0.77151586
vt 0.65949187 0.28682709
f 245/1231/245 251/1232/251 249/1233/249
vt 0.65949187 0.28682709
vt 0.65415475 0.05209368
vt 0.84655365 0.42159032
f 249/1234/249 241/1235/241 245/1236/245
vt 0.40113065 0.57091235
vt 0.65949187 0.28682709
vt 0.66246993 0.77151586
f 246/1237/246 249/1238/249 251/1239/251
vt 0.40113065 0.57091235
vt 0.37512217 0.86284039
vt 0.18094164 0.57218872
f 246/1240/246 244/1241/244 248/1242/248
vt 0.66246993 0.77151586
vt 0.37512217 0.86284039
vt 0.40113065 0.57091235
f 251/1243/251 244/1244/244 246/1245/246
vt 0.65415475 0.05209368
vt 0.65949187 0.28682709
vt 0.39751164 0.10212899
f 241/1246/241 249/1247/249 243/1248/243
vt 0.65949187 0.28682709
vt 0.40113065 0.57091235
vt 0.39751164 0.10212899
f 249/1249/249 246/1250/246 243/1251/243
vt 0.39751164 0.10212899
vt 0.40113065 0.57091235
vt 0.18094164 0.57218872
f 243/1252/243 246/1253/246 248/1254/248
vt 0.18094164 0.57218872
vt 0.36658920 0.27704706
vt 0.39751164 0.10212899
f 248/1255/248 250/1256/250 243/1257/243
vt 0.39751164 0.10212899
vt 0.36658920 0.27704706
vt 0.65415475 0.05209368
f 243/1258/243 250/1259/250 241/1260/241
g stem_09
usemtl wood
s 1
v -0.00680850 0.02732335 1.60170808
v -0.00696236 0.01955032 1.58510095
v 0.00972972 0.01955032 1.57475865
v 0.02657565 0.02732335 1.58102348
v 0.02672951 0.03509637 1.59763062
v 0.01003744 0.03509637 1.60797292
v 0.08614747 -0.21420786 1.71641552
v 0.08604219 -0.21952624 1.70505274
v 0.09746309 -0.21952624 1.69797643
v 0.10898925 -0.21420786 1.70226290
v 0.10909452 -0.20888947 1.71362567
v 0.09767363 -0.20888947 1.72070198
vn -0.71788436 0.08156883 0.69136718
vn -0.81808779 -0.43453967 -0.37670632
vn -0.03447072 -0.34357248 -0.93849333
vn 0.70078930 -0.03040198 -0.71272019
vn 0.80713121 0.46755523 0.36045986
vn -0.03650754 0.58320558 0.81150382
vn -0.89384179 -0.16101608 0.41847423
vn -0.77567896 -0.54461391 -0.31893235
vn 0.00737255 -0.48928173 -0.87209462
vn 0.92173498 0.07620346 -0.38025998
vn 0.81962372 0.42954375 0.37908986
vn 0.02578704 0.37486431 0.92672098
vt 0.50000000 1.00000000
vt 0.50000000 0.00000000
vt 0.66666667 0.00000000
f 262/1261/262 256/1262/256 257/1263/257
vt 0.50000000 1.00000000
vt 0.66666667 0.00000000
vt 0.66666667 1.00000000
f 262/1264/262 257/1265/257 263/1266/263
vt 0.66666667 0.00000000
vt 0.50000000 0.00000000
vt 0.83333333 0.00000000
f 257/1267/257 256/1268/256 258/1269/258
vt 0.83333333 0.00000000
vt 0.50000000 0.00000000
vt 0.33333333 0.00000000
f 258/1270/258 256/1271/256 255/1272/255
vt 0.83333333 0.00000000
vt 1.33333333 0.00000000
vt 1.16666667 0.00000000
f 258/1273/258 255/1274/255 254/1275/254
vt 1.16666667 0.00000000
vt 1.00000000 0.00000000
vt 0.83333333 0.00000000
f 254/1276/254 253/1277/253 258/1278/258
vt 0.16666667 0.00000000
vt 0.33333333 0.00000000
vt 0.33333333 1.00000000
f 254/1279/254 255/1280/255 261/1281/261
vt 0.33333333 1.00000000
vt 0.16666667 1.00000000
vt 0.16666667 0.00000000
f 261/1282/261 260/1283/260 254/1284/254
vt 0.33333333 0.00000000
vt 0.50000000 0.00000000
vt 0.33333333 1.00000000
f 255/1285/255 256/1286/256 261/1287/261
vt 0.50000000 0.00000000
vt 0.50000000 1.00000000
vt 0.33333333 1.00000000
f 256/1288/256 262/1289/262 261/1290/261
vt 0.00000000 1.00000000
vt 0.00000000 0.00000000
vt 0.16666667 0.00000000
f 259/1291/259 253/1292/253 254/1293/254
vt 0.16666667 0.00000000
vt 0.16666667 1.00000000
vt 0.00000000 1.00000000
f 254/1294/254 260/1295/260 259/1296/259
vt 0.83333333 1.00000000
vt 0.50000000 1.00000000
vt 0.66666667 1.00000000
f 264/1297/264 262/1298/262 263/1299/263
vt 1.16666667 1.00000000
vt 1.33333333 1.00000000
vt 0.83333333 1.00000000
f 260/1300/260 261/1301/261 264/1302/264
vt 0.83333333 1.00000000
vt 0.33333333 1.00000000
vt 0.50000000 1.00000000
f 264/1303/264 261/1304/261 262/1305/262
vt 0.83333333 1.00000000
vt 1.00000000 1.00000000
vt 1.16666667 1.00000000
f 264/1306/264 259/1307/259 260/1308/260
vt 0.66666667 1.00000000
vt 0.66666667 0.00000000
vt 0.83333333 1.00000000
f 263/1309/263 257/1310/257 264/1311/264
vt 0.66666667 0.00000000
vt 0.83333333 0.00000000
vt 0.83333333 1.00000000
f 257/1312/257 258/1313/258 264/1314/264
vt 0.83333333 1.00000000
vt 0.83333333 0.00000000
vt 1.00000000 0.00000000
f 264/1315/264 258/1316/258 253/1317/253
vt 1.00000000 0.00000000
vt 1.00000000 1.00000000
vt 0.83333333 1.00000000
f 253/1318/253 259/1319/259 264/1320/264
g stem_10
usemtl wood
s 1
v 0.08478928 -0.21420786 1.71627078
v 0.08645520 -0.22218776 1.70554543
v 0.09923427 -0.22218776 1.69861387
v 0.11034743 -0.21420786 1.70240764
v 0.10868152 -0.20622796 1.71313298
v 0.09590245 -0.20622796 1.72006455
v 0.22439013 -0.45100235 1.91373641
v 0.22498510 -0.45385232 1.90990593
v 0.22954906 -0.45385232 1.90743037
v 0.23351804 -0.45100235 1.90878529
v 0.23292308 -0.44815239 1.91261577
v 0.22835912 -0.44815239 1.91509133
vn -0.83590170 -0.00451115 0.54886063
vn -0.73272005 -0.59482957 -0.33060416
vn 0.10336271 -0.61641730 -0.78060608
vn 0.83068876 0.01458844 -0.55654592
vn 0.68761165 0.67969749 0.25534594
vn -0.10745891 0.62558163 0.77272259
vn -0.82288974 -0.02912839 0.56745398
vn -0.69659454 -0.66498945 -0.26934195
vn 0.11155806 -0.63468936 -0.76467262
vn 0.85832872 -0.04293362 -0.51130080
vn 0.72162159 0.61861154 0.31077652
vn -0.09089492 0.58814265 0.80363321
vt 0.66666667 1.00000000
vt 0.50000000 0.00000000
vt 0.66666667 0.00000000
f 275/1321/275 268/1322/268 269/1323/269
vt 0.50000000 1.00000000
vt 0.50000000 0.00000000
vt 0.66666667 1.00000000
f 274/1324/274 268/1325/268 275/1326/275
vt 0.66666667 0.00000000
vt 0.83333333 0.00000000
vt 0.66666667 1.00000000
f 269/1327/269 270/1328/270 275/1329/275
vt 0.66666667 1.00000000
vt 0.83333333 0.00000000
vt 0.83333333 1.00000000
f 275/1330/275 270/1331/270 276/1332/276
vt 0.33333333 1.00000000
vt 0.50000000 0.00000000
vt 0.50000000 1.00000000
f 273/1333/273 268/1334/268 274/1335/274
vt 0.33333333 0.00000000
vt 0.50000000 0.00000000
vt 0.33333333 1.00000000
f 267/1336/267 268/1337/268 273/1338/273
vt 1.00000000 0.00000000
vt 0.83333333 0.00000000
vt 1.16666667 0.00000000
f 265/1339/265 270/1340/270 266/1341/266
vt 0.66666667 0.00000000
vt 0.50000000 0.00000000
vt 0.16666667 0.00000000
f 269/1342/269 268/1343/268 266/1344/266
vt 0.16666667 0.00000000
vt 0.50000000 0.00000000
vt 0.33333333 0.00000000
f 266/1345/266 268/1346/268 267/1347/267
vt 1.16666667 0.00000000
vt 0.83333333 0.00000000
vt 0.66666667 0.00000000
f 266/1348/266 270/1349/270 269/1350/269
vt 0.16666667 0.00000000
vt 0.33333333 1.00000000
vt 0.16666667 1.00000000
f 266/1351/266 273/1352/273 272/1353/272
vt 0.33333333 0.00000000
vt 0.33333333 1.00000000
vt 0.16666667 0.00000000
f 267/1354/267 273/1355/273 266/1356/266
vt 1.00000000 1.00000000
vt 0.66666667 1.00000000
vt 0.83333333 1.00000000
f 271/1357/271 275/1358/275 276/1359/276
vt 0.50000000 1.00000000
vt 0.66666667 1.00000000
vt 1.00000000 1.00000000
f 274/1360/274 275/1361/275 271/1362/271
vt 0.00000000 1.00000000
vt 0.33333333 1.00000000
vt 0.50000000 1.00000000
f 271/1363/271 273/1364/273 274/1365/274
vt 0.16666667 1.00000000
vt 0.33333333 1.00000000
vt 0.00000000 1.00000000
f 272/1366/272 273/1367/273 271/1368/271
vt 0.83333333 1.00000000
vt 0.83333333 0.00000000
vt 1.00000000 1.00000000
f 276/1369/276 270/1370/270 271/1371/271
vt 1.00000000 1.00000000
vt 0.83333333 0.00000000
vt 1.00000000 0.00000000
f 271/1372/271 270/1373/270 265/1374/265
vt 0.00000000 0.00000000
vt 0.16666667 0.00000000
vt 0.00000000 1.00000000
f 265/1375/265 266/1376/266 271/1377/271
vt 0.00000000 1.00000000
vt 0.16666667 0.00000000
vt 0.16666667 1.00000000
f 271/1378/271 266/1379/266 272/1380/272
g foliage_spray_012
usemtl foliage
s 1
v 0.05968902 -0.33014215 1.61844069
v 0.13576734 -0.34216803 1.85475090
v 0.14196844 -0.20848640 1.65181436
v 0.20939250 -0.24915147 1.91075639
v -0.04807124 -0.31921874 1.74937860
v 0.09297360 -0.16416681 1.78926327
v 0.19302774 -0.43667865 1.75101067
v 0.32053797 -0.25670978 1.79399148
v -0.05141984 -0.18780461 1.70140814
v 0.26355726 -0.35351244 1.71371322
v -0.04774123 -0.18973990 1.85840764
v 0.35580622 -0.40204414 1.85279270
vn -0.18072519 -0.40012709 -0.89846353
vn -0.30554515 -0.60498947 0.73527540
vn 0.32547942 0.60774085 -0.72437159
vn 0.19143845 0.38840352 0.90138451
vn -0.69756569 -0.70319361 0.13755311
vn 0.17553944 0.98113094 0.08104304
vn -0.15605019 -0.98604910 -0.05792672
vn 0.70763689 0.69645561 -0.11916211
vn -0.56295409 0.61372821 -0.55355251
vn 0.57598461 -0.20548344 -0.79121317
vn -0.54978578 0.19827632 0.81143212
vn 0.56118777 -0.60828556 0.56129935
vt 0.50751551 0.07270705
vt 0.33904524 -0.04600981
vt 0.11154562 0.24912208
f 279/1381/279 277/1382/277 285/1383/285
vt 0.49481850 0.79459308
vt 0.61206137 0.42556825
vt 0.94535650 0.78762737
f 278/1384/278 283/1385/283 288/1386/288
vt 0.33904524 -0.04600981
vt 0.50751551 0.07270705
vt 0.75647325 0.29289374
f 277/1387/277 279/1388/279 286/1389/286
vt 0.94535650 0.78762737
vt 0.61206137 0.42556825
vt 0.75647325 0.29289374
f 288/1390/288 283/1391/283 286/1392/286
vt 0.61206137 0.42556825
vt 0.33904524 -0.04600981
vt 0.75647325 0.29289374
f 283/1393/283 277/1394/277 286/1395/286
vt 0.64556884 0.99381587
vt 0.49481850 0.79459308
vt 0.94535650 0.78762737
f 280/1396/280 278/1397/278 288/1398/288
vt 1.11907772 0.80760085
vt 1.49481850 0.79459308
vt 0.64556884 0.99381587
f 287/1399/287 278/1400/278 280/1401/280
vt 0.61206137 0.42556825
vt 0.49481850 0.79459308
vt 0.11840201 0.41976266
f 283/1402/283 278/1403/278 281/1404/281
vt 0.11840201 0.41976266
vt 0.49481850 0.79459308
vt 0.11907772 0.80760085
f 281/1405/281 278/1406/278 287/1407/287
vt 0.11840201 0.41976266
vt 0.33904524 -0.04600981
vt 0.61206137 0.42556825
f 281/1408/281 277/1409/277 283/1410/283
vt 0.11154562 0.24912208
vt 0.33904524 -0.04600981
vt 0.11840201 0.41976266
f 285/1411/285 277/1412/277 281/1413/281
vt 0.11840201 0.41976266
vt 0.11907772 0.80760085
vt 0.11154562 0.24912208
f 281/1414/281 287/1415/287 285/1416/285
vt 0.94535650 0.78762737
vt 0.75647325 0.29289374
vt 0.87314342 0.57845963
f 288/1417/288 286/1418/286 284/1419/284
vt 0.87314342 0.57845963
vt 0.75647325 0.29289374
vt 0.50751551 0.07270705
f 284/1420/284 286/1421/286 279/1422/279
vt 0.87314342 0.57845963
vt 0.64556884 0.99381587
vt 0.94535650 0.78762737
f 284/1423/284 280/1424/280 288/1425/288
vt 1.11907772 0.80760085
vt 0.64556884 0.99381587
vt 1.40719669 0.56164045
f 287/1426/287 280/1427/280 282/1428/282
vt 0.64556884 0.99381587
vt 0.87314342 0.57845963
vt 0.40719669 0.56164045
f 280/1429/280 284/1430/284 282/1431/282
vt 0.40719669 0.56164045
vt 0.87314342 0.57845963
vt 0.50751551 0.07270705
f 282/1432/282 284/1433/284 279/1434/279
vt 0.11154562 0.24912208
vt 0.11907772 0.80760085
vt 0.40719669 0.56164045
f 285/1435/285 287/1436/287 282/1437/282
vt 0.40719669 0.56164045
vt 0.50751551 0.07270705
vt 0.11154562 0.24912208
f 282/1438/282 279/1439/279 285/1440/285
g foliage_spray_013
usemtl foliage
s 1
v 0.11305187 -0.28266765 1.69288735
v 0.09723825 -0.33553948 1.88953170
v 0.24263628 -0.31202944 1.68977946
v 0.21719049 -0.37907673 1.94352310
v 0.10195191 -0.20749024 1.78708450
v 0.27478977 -0.26422948 1.82022066
v 0.03684453 -0.39049012 1.78729478
v 0.22728898 -0.46532080 1.82457104
v 0.22815241 -0.13560983 1.73256134
v 0.09858543 -0.49305099 1.72516153
v 0.21284403 -0.17784162 1.87393543
v 0.10181594 -0.48413886 1.86412558
vn -0.47680108 0.18569219 -0.85917353
vn -0.64503253 0.21542731 0.73316036
vn 0.62130268 -0.19527720 -0.75884767
vn 0.38418243 -0.13884314 0.91275760
vn -0.78942694 0.60596435 0.09804241
vn 0.99305487 0.03665420 0.11179671
vn -0.99879296 0.01154521 -0.04774245
vn 0.77859958 -0.62530342 -0.05270983
vn 0.30413021 0.78509877 -0.53955976
vn -0.12383998 -0.64158019 -0.75699307
vn 0.01896960 0.64632634 0.76282529
vn -0.41749891 -0.68822360 0.59333206
vt 0.24922751 0.43971396
vt 0.37564436 0.21869351
vt 0.38225896 0.71301658
f 295/1441/295 298/1442/298 300/1443/300
vt 0.40526496 0.10388776
vt 0.37564436 0.21869351
vt 0.24922751 0.43971396
f 289/1444/289 298/1445/298 295/1446/295
vt 0.67059398 0.09283239
vt 0.64093769 0.24501615
vt 0.73642947 0.55683796
f 291/1447/291 297/1448/297 294/1449/294
vt 0.67059398 0.09283239
vt 0.40526496 0.10388776
vt 0.64093769 0.24501615
f 291/1450/291 289/1451/289 297/1452/297
vt 0.37564436 0.21869351
vt 0.40526496 0.10388776
vt 0.67059398 0.09283239
f 298/1453/298 289/1454/289 291/1455/291
vt 0.73642947 0.55683796
vt 0.64093769 0.24501615
vt 0.60959320 0.74791219
f 294/1456/294 297/1457/297 299/1458/299
vt 0.63916979 0.57231313
vt 0.67059398 0.09283239
vt 0.73642947 0.55683796
f 296/1459/296 291/1460/291 294/1461/294
vt 0.63916979 0.57231313
vt 0.38225896 0.71301658
vt 0.37564436 0.21869351
f 296/1462/296 300/1463/300 298/1464/298
vt 0.37564436 0.21869351
vt 0.67059398 0.09283239
vt 0.63916979 0.57231313
f 298/1465/298 291/1466/291 296/1467/296
vt 0.38253736 0.43896598
vt 0.60959320 0.74791219
vt 0.64093769 0.24501615
f 293/1468/293 299/1469/299 297/1470/297
vt 0.38253736 0.43896598
vt 0.40526496 0.10388776
vt 0.24922751 0.43971396
f 293/1471/293 289/1472/289 295/1473/295
vt 0.64093769 0.24501615
vt 0.40526496 0.10388776
vt 0.38253736 0.43896598
f 297/1474/297 289/1475/289 293/1476/293
vt 0.24922751 0.43971396
vt 0.38225896 0.71301658
vt 0.37288596 0.80339125
f 295/1477/295 300/1478/300 290/1479/290
vt 0.37288596 0.80339125
vt 0.38253736 0.43896598
vt 0.24922751 0.43971396
f 290/1480/290 293/1481/293 295/1482/295
vt 0.60959320 0.74791219
vt 0.38253736 0.43896598
vt 0.37288596 0.80339125
f 299/1483/299 293/1484/293 290/1485/290
vt 0.38225896 0.71301658
vt 0.63916979 0.57231313
vt 0.61849275 0.99544950
f 300/1486/300 296/1487/296 292/1488/292
vt 0.61849275 0.99544950
vt 0.37288596 0.80339125
vt 0.38225896 0.71301658
f 292/1489/292 290/1490/290 300/1491/300
vt 0.60959320 0.74791219
vt 0.37288596 0.80339125
vt 0.61849275 0.99544950
f 299/1492/299 290/1493/290 292/1494/292
vt 0.73642947 0.55683796
vt 0.60959320 0.74791219
vt 0.61849275 0.99544950
f 294/1495/294 299/1496/299 292/1497/292
vt 0.61849275 0.99544950
vt 0.63916979 0.57231313
vt 0.73642947 0.55683796
f 292/1498/292 296/1499/296 294/1500/294
g foliage_spray_014
usemtl foliage
s 1
v 0.12282244 -0.39450655 1.72423659
v 0.17772543 -0.41978199 1.92215863
v 0.18386611 -0.28740307 1.72119969
v 0.25089592 -0.32521787 1.97431686
v 0.02145109 -0.39033309 1.81731931
v 0.11818237 -0.19408944 1.86031441
v 0.24177220 -0.53070408 1.81306367
v 0.32715895 -0.33849098 1.85431922
v -0.04261811 -0.24609055 1.75366560
v 0.32733584 -0.44072143 1.76822545
v 0.00342640 -0.27031433 1.91878156
v 0.36853824 -0.46239780 1.90651123
vn -0.20846676 -0.41402736 -0.88607164
vn -0.30996011 -0.59711564 0.73984974
vn 0.33300770 0.55256500 -0.76405353
vn 0.22958455 0.34511396 0.91004796
vn -0.69399855 -0.71341646 0.09696892
vn 0.21231723 0.97327241 0.08753405
vn -0.18915621 -0.97871226 -0.07963824
vn 0.73759559 0.66777405 -0.10015266
vn -0.63793154 0.42834596 -0.63997116
vn 0.58053118 -0.15634632 -0.79908659
vn -0.57567825 0.08161328 0.81359316
vn 0.61655676 -0.50218117 0.60635949
vt 0.04348195 0.20516410
vt 0.37272709 0.58453534
vt 0.50721704 0.08967632
f 309/1501/309 306/1502/306 303/1503/303
vt 0.80061460 0.56320923
vt 0.50721704 0.08967632
vt 0.37272709 0.58453534
f 308/1504/308 303/1505/303 306/1506/306
vt 0.04348195 0.20516410
vt 0.50721704 0.08967632
vt 0.38222780 0.10047919
f 309/1507/309 303/1508/303 301/1509/301
vt 0.88534027 0.74886671
vt 0.62578197 0.41645496
vt 0.80097678 0.25695642
f 312/1510/312 307/1511/307 310/1512/310
vt 0.80097678 0.25695642
vt 0.80061460 0.56320923
vt 0.88534027 0.74886671
f 310/1513/310 308/1514/308 312/1515/312
vt 0.50721704 0.08967632
vt 0.80061460 0.56320923
vt 0.80097678 0.25695642
f 303/1516/303 308/1517/308 310/1518/310
vt 0.80097678 0.25695642
vt 0.38222780 0.10047919
vt 0.50721704 0.08967632
f 310/1519/310 301/1520/301 303/1521/303
vt 0.62578197 0.41645496
vt 0.38222780 0.10047919
vt 0.80097678 0.25695642
f 307/1522/307 301/1523/301 310/1524/310
vt 0.13775986 0.79251473
vt 0.37272709 0.58453534
vt 0.04348195 0.20516410
f 311/1525/311 306/1526/306 309/1527/309
vt 0.49464377 0.80452764
vt 0.62578197 0.41645496
vt 0.88534027 0.74886671
f 302/1528/302 307/1529/307 312/1530/312
vt 0.17466609 0.43159312
vt 0.13775986 0.79251473
vt 0.04348195 0.20516410
f 305/1531/305 311/1532/311 309/1533/309
vt 0.04348195 0.20516410
vt 0.38222780 0.10047919
vt 0.17466609 0.43159312
f 309/1534/309 301/1535/301 305/1536/305
vt 0.17466609 0.43159312
vt 0.38222780 0.10047919
vt 0.62578197 0.41645496
f 305/1537/305 301/1538/301 307/1539/307
vt 0.62578197 0.41645496
vt 0.49464377 0.80452764
vt 0.17466609 0.43159312
f 307/1540/307 302/1541/302 305/1542/305
vt 0.17466609 0.43159312
vt 0.49464377 0.80452764
vt 0.13775986 0.79251473
f 305/1543/305 302/1544/302 311/1545/311
vt 0.64446313 0.99006494
vt 0.49464377 0.80452764
vt 0.88534027 0.74886671
f 304/1546/304 302/1547/302 312/1548/312
vt 1.13775986 0.79251473
vt 1.49464377 0.80452764
vt 0.64446313 0.99006494
f 311/1549/311 302/1550/302 304/1551/304
vt 1.37272709 0.58453534
vt 1.13775986 0.79251473
vt 0.64446313 0.99006494
f 306/1552/306 311/1553/311 304/1554/304
vt 0.88534027 0.74886671
vt 0.80061460 0.56320923
vt 0.64446313 0.99006494
f 312/1555/312 308/1556/308 304/1557/304
vt 0.64446313 0.99006494
vt 0.80061460 0.56320923
vt 0.37272709 0.58453534
f 304/1558/304 308/1559/308 306/1560/306
g foliage_spray_015
usemtl foliage
s 1
v 0.14106356 -0.34314842 1.72601718
v 0.11941899 -0.40936463 1.97378613
v 0.26093185 -0.38648280 1.77937147
v 0.24876278 -0.44285381 1.98522241
v 0.11805828 -0.23057898 1.84068950
v 0.33764657 -0.32282931 1.88404084
v 0.03469366 -0.48358490 1.84211946
v 0.26901973 -0.54112139 1.88583993
v 0.26830795 -0.20460719 1.79236740
v 0.14919371 -0.53321201 1.80031164
v 0.25381551 -0.24458801 1.93653766
v 0.14259488 -0.55141645 1.92328245
vn -0.30765376 0.09113830 -0.94712353
vn -0.56397998 0.17739909 0.80650861
vn 0.60652583 -0.22693649 -0.76198835
vn 0.39534761 -0.16330069 0.90389886
vn -0.75439280 0.64775517 0.10632378
vn 0.99709636 0.01387285 0.07487589
vn -0.99001642 -0.09645238 -0.10278337
vn 0.75624280 -0.64458666 -0.11227141
vn 0.43324693 0.68213854 -0.58905357
vn 0.01566854 -0.65810731 -0.75276110
vn 0.10024373 0.61307470 0.78363933
vn -0.28151797 -0.78064211 0.55798345
vt 0.16411834 0.41925361
vt 0.38191477 0.00625447
vt 0.39856156 0.27053480
f 319/1561/319 313/1562/313 322/1563/322
vt 0.62734965 0.19604640
vt 0.38191477 0.00625447
vt 0.64245252 0.24227553
f 315/1564/315 313/1565/313 321/1566/321
vt 0.62734965 0.19604640
vt 0.64245252 0.24227553
vt 0.78442598 0.56837638
f 315/1567/315 321/1568/321 318/1569/318
vt 0.78442598 0.56837638
vt 0.64390990 0.57477611
vt 0.62734965 0.19604640
f 318/1570/318 320/1571/320 315/1572/315
vt 0.62734965 0.19604640
vt 0.39856156 0.27053480
vt 0.38191477 0.00625447
f 315/1573/315 322/1574/322 313/1575/313
vt 0.64390990 0.57477611
vt 0.39856156 0.27053480
vt 0.62734965 0.19604640
f 320/1576/320 322/1577/322 315/1578/315
vt 0.78442598 0.56837638
vt 0.64245252 0.24227553
vt 0.61277869 0.75511814
f 318/1579/318 321/1580/321 323/1581/323
vt 0.38505020 0.70796667
vt 0.33759669 0.88761840
vt 0.16411834 0.41925361
f 324/1582/324 314/1583/314 319/1584/319
vt 0.16411834 0.41925361
vt 0.39856156 0.27053480
vt 0.38505020 0.70796667
f 319/1585/319 322/1586/322 324/1587/324
vt 0.38505020 0.70796667
vt 0.39856156 0.27053480
vt 0.64390990 0.57477611
f 324/1588/324 322/1589/322 320/1590/320
vt 0.60243303 0.92829955
vt 0.61277869 0.75511814
vt 0.33759669 0.88761840
f 316/1591/316 323/1592/323 314/1593/314
vt 0.60243303 0.92829955
vt 0.38505020 0.70796667
vt 0.64390990 0.57477611
f 316/1594/316 324/1595/324 320/1596/320
vt 0.33759669 0.88761840
vt 0.38505020 0.70796667
vt 0.60243303 0.92829955
f 314/1597/314 324/1598/324 316/1599/316
vt 0.60243303 0.92829955
vt 0.64390990 0.57477611
vt 0.78442598 0.56837638
f 316/1600/316 320/1601/320 318/1602/318
vt 0.78442598 0.56837638
vt 0.61277869 0.75511814
vt 0.60243303 0.92829955
f 318/1603/318 323/1604/323 316/1605/316
vt 0.33481057 0.41416697
vt 0.61277869 0.75511814
vt 0.64245252 0.24227553
f 317/1606/317 323/1607/323 321/1608/321
vt 0.33481057 0.41416697
vt 0.38191477 0.00625447
vt 0.16411834 0.41925361
f 317/1609/317 313/1610/313 319/1611/319
vt 0.64245252 0.24227553
vt 0.38191477 0.00625447
vt 0.33481057 0.41416697
f 321/1612/321 313/1613/313 317/1614/317
vt 0.16411834 0.41925361
vt 0.33759669 0.88761840
vt 0.33481057 0.41416697
f 319/1615/319 314/1616/314 317/1617/317
vt 0.33759669 0.88761840
vt 0.61277869 0.75511814
vt 0.33481057 0.41416697
f 314/1618/314 323/1619/323 317/1620/317
g foliage_spray_016
usemtl foliage
s 1
v 0.15218403 -0.46482675 1.76627360
v 0.21367847 -0.50408441 2.00602168
v 0.21987742 -0.37044936 1.80315587
v 0.27481789 -0.39848094 2.00573231
v 0.08521651 -0.45206071 1.87712245
v 0.17131967 -0.30492153 1.91060183
v 0.27128585 -0.57719378 1.87238286
v 0.39020774 -0.40034012 1.91403563
v 0.03423703 -0.33347213 1.82509845
v 0.34567204 -0.49731649 1.83334008
v 0.07125972 -0.35294957 1.96088947
v 0.41642288 -0.53453814 1.96717442
vn -0.20924674 -0.38890009 -0.89720261
vn -0.33285002 -0.57931035 0.74404999
vn 0.31293958 0.59084045 -0.74362382
vn 0.20568940 0.43962473 0.87431228
vn -0.72648525 -0.68238598 0.08104664
vn 0.17219702 0.98091158 0.09033638
vn -0.18540432 -0.97381992 -0.13152946
vn 0.69972117 0.70500869 -0.11555530
vn -0.61508099 0.53807619 -0.57632403
vn 0.55743331 -0.15729303 -0.81518526
vn -0.57818017 0.21046505 0.78829700
vn 0.65252024 -0.50916356 0.56122171
vt 0.49293414 0.90172814
vt 0.61088744 0.42634798
vt 0.90806105 0.76354062
f 326/1621/326 331/1622/331 336/1623/336
vt 0.61088744 0.42634798
vt 0.49293414 0.90172814
vt 0.22990338 0.44320768
f 331/1624/331 326/1625/326 329/1626/329
vt 0.20132633 0.74118378
vt 0.40620288 0.56230054
vt 0.12552095 0.25814786
f 335/1627/335 330/1628/330 333/1629/333
vt 0.12552095 0.25814786
vt 0.22990338 0.44320768
vt 0.20132633 0.74118378
f 333/1630/333 329/1631/329 335/1632/335
vt 0.20132633 0.74118378
vt 0.22990338 0.44320768
vt 0.49293414 0.90172814
f 335/1633/335 329/1634/329 326/1635/326
vt 0.61811944 0.90069877
vt 0.49293414 0.90172814
vt 0.90806105 0.76354062
f 328/1636/328 326/1637/326 336/1638/336
vt 0.61811944 0.90069877
vt 0.20132633 0.74118378
vt 0.49293414 0.90172814
f 328/1639/328 335/1640/335 326/1641/326
vt 0.40620288 0.56230054
vt 0.20132633 0.74118378
vt 0.61811944 0.90069877
f 330/1642/330 335/1643/335 328/1644/328
vt 0.12552095 0.25814786
vt 0.40620288 0.56230054
vt 0.50562672 0.18009367
f 333/1645/333 330/1646/330 327/1647/327
vt 0.90806105 0.76354062
vt 0.61088744 0.42634798
vt 0.76319602 0.28746499
f 336/1648/336 331/1649/331 334/1650/334
vt 0.12552095 0.25814786
vt 0.50562672 0.18009367
vt 0.36702193 0.04889603
f 333/1651/333 327/1652/327 325/1653/325
vt 0.36702193 0.04889603
vt 0.22990338 0.44320768
vt 0.12552095 0.25814786
f 325/1654/325 329/1655/329 333/1656/333
vt 0.61088744 0.42634798
vt 0.22990338 0.44320768
vt 0.36702193 0.04889603
f 331/1657/331 329/1658/329 325/1659/325
vt 0.36702193 0.04889603
vt 0.76319602 0.28746499
vt 0.61088744 0.42634798
f 325/1660/325 334/1661/334 331/1662/331
vt 0.50562672 0.18009367
vt 0.76319602 0.28746499
vt 0.36702193 0.04889603
f 327/1663/327 334/1664/334 325/1665/325
vt 0.85438455 0.57451526
vt 0.50562672 0.18009367
vt 0.40620288 0.56230054
f 332/1666/332 327/1667/327 330/1668/330
vt 0.85438455 0.57451526
vt 0.61811944 0.90069877
vt 0.90806105 0.76354062
f 332/1669/332 328/1670/328 336/1671/336
vt 0.40620288 0.56230054
vt 0.61811944 0.90069877
vt 0.85438455 0.57451526
f 330/1672/330 328/1673/328 332/1674/332
vt 0.90806105 0.76354062
vt 0.76319602 0.28746499
vt 0.85438455 0.57451526
f 336/1675/336 334/1676/334 332/1677/332
vt 0.85438455 0.57451526
vt 0.76319602 0.28746499
vt 0.50562672 0.18009367
f 332/1678/332 334/1679/334 327/1680/327
g foliage_spray_017
usemtl foliage
s 1
v 0.18109732 -0.41360733 1.78922404
v 0.17337457 -0.47547158 2.01056310
v 0.30992094 -0.45339280 1.82297153
v 0.29216744 -0.51643342 2.05654219
v 0.15537883 -0.29764215 1.89901310
v 0.41211177 -0.37220427 1.94762992
v 0.08101173 -0.54789555 1.90181366
v 0.29177310 -0.57821844 1.93980669
v 0.29507483 -0.30454782 1.86272869
v 0.16985368 -0.65000000 1.83615817
v 0.28726214 -0.32610099 1.98903345
v 0.18212650 -0.61614251 1.98035080
vn -0.34894982 0.16404306 -0.92267215
vn -0.57459654 0.18422326 0.79743376
vn 0.61856000 -0.20961443 -0.75726172
vn 0.33662894 -0.17469119 0.92529127
vn -0.74474999 0.65356768 0.13489528
vn 0.99686315 0.02129566 0.07622571
vn -0.99895204 -0.04297647 -0.01574286
vn 0.74961316 -0.65814388 -0.07019077
vn 0.34133014 0.74675858 -0.57082866
vn 0.01793061 -0.68490515 -0.72841158
vn 0.00556610 0.63909343 0.76910897
vn -0.27953524 -0.72199198 0.63291992
vt 0.18094133 0.42329788
vt 0.33321081 0.41333573
vt 0.38587040 0.02279399
f 343/1681/343 341/1682/341 337/1683/337
vt 0.18094133 0.42329788
vt 0.38587040 0.02279399
vt 0.36284862 0.18974810
f 343/1684/343 337/1685/337 346/1686/346
vt 0.61924371 0.28426480
vt 0.38587040 0.02279399
vt 0.33321081 0.41333573
f 345/1687/345 337/1688/337 341/1689/341
vt 0.64964169 0.14284058
vt 0.36284862 0.18974810
vt 0.38587040 0.02279399
f 339/1690/339 346/1691/346 337/1692/337
vt 0.64964169 0.14284058
vt 0.61924371 0.28426480
vt 0.85888130 0.58627554
f 339/1693/339 345/1694/345 342/1695/342
vt 0.38587040 0.02279399
vt 0.61924371 0.28426480
vt 0.64964169 0.14284058
f 337/1696/337 345/1697/345 339/1698/339
vt 0.37005777 0.81014147
vt 0.33321081 0.41333573
vt 0.18094133 0.42329788
f 338/1699/338 341/1700/341 343/1701/343
vt 0.60324692 0.73355619
vt 0.61329070 0.97369836
vt 0.85888130 0.58627554
f 347/1702/347 340/1703/340 342/1704/342
vt 0.85888130 0.58627554
vt 0.61924371 0.28426480
vt 0.60324692 0.73355619
f 342/1705/342 345/1706/345 347/1707/347
vt 0.60324692 0.73355619
vt 0.61924371 0.28426480
vt 0.33321081 0.41333573
f 347/1708/347 345/1709/345 341/1710/341
vt 0.33321081 0.41333573
vt 0.37005777 0.81014147
vt 0.60324692 0.73355619
f 341/1711/341 338/1712/338 347/1713/347
vt 0.60324692 0.73355619
vt 0.37005777 0.81014147
vt 0.61329070 0.97369836
f 347/1714/347 338/1715/338 340/1716/340
vt 0.18094133 0.42329788
vt 0.36284862 0.18974810
vt 0.38797770 0.70267026
f 343/1717/343 346/1718/346 348/1719/348
vt 0.38797770 0.70267026
vt 0.37005777 0.81014147
vt 0.18094133 0.42329788
f 348/1720/348 338/1721/338 343/1722/343
vt 0.61329070 0.97369836
vt 0.37005777 0.81014147
vt 0.38797770 0.70267026
f 340/1723/340 338/1724/338 348/1725/348
vt 0.85888130 0.58627554
vt 0.61329070 0.97369836
vt 0.61248327 0.55844672
f 342/1726/342 340/1727/340 344/1728/344
vt 0.61248327 0.55844672
vt 0.64964169 0.14284058
vt 0.85888130 0.58627554
f 344/1729/344 339/1730/339 342/1731/342
vt 0.36284862 0.18974810
vt 0.64964169 0.14284058
vt 0.61248327 0.55844672
f 346/1732/346 339/1733/339 344/1734/344
vt 0.61248327 0.55844672
vt 0.38797770 0.70267026
vt 0.36284862 0.18974810
f 344/1735/344 348/1736/348 346/1737/346
vt 0.61329070 0.97369836
vt 0.38797770 0.70267026
vt 0.61248327 0.55844672
f 340/1738/340 348/1739/348 344/1740/344
g stem_11
usemtl wood
s 1
v -0.00584898 0.01938350 1.76709936
v 0.00995574 0.01064724 1.77111543
v 0.02484467 0.01064724 1.76017629
v 0.02392888 0.01938350 1.74522107
v 0.00812415 0.02811977 1.74120500
v -0.00676477 0.02811977 1.75214414
v 0.11272984 0.24070021 1.89390902
v 0.12414436 0.23439069 1.89680952
v 0.13489748 0.23439069 1.88890903
v 0.13423607 0.24070021 1.87810804
v 0.12282155 0.24700973 1.87520754
v 0.11206843 0.24700973 1.88310803
vn -0.75051674 -0.00067722 0.66085109
vn -0.01315358 -0.64900687 0.76066883
vn 0.79592203 -0.55478676 0.24232162
vn 0.71790115 -0.06550257 -0.69305653
vn -0.06192043 0.47714617 -0.87663983
vn -0.82566658 0.48955179 -0.28038144
vn -0.73384311 0.03438533 0.67844819
vn 0.05877246 -0.48496864 0.87255442
vn 0.83618610 -0.46215886 0.29529985
vn 0.76741673 0.03956939 -0.63992642
vn -0.03008036 0.55374834 -0.83214058
vn -0.76319355 0.61275460 -0.20510340
vt 1.16666667 0.00000000
vt 1.00000000 0.00000000
vt 0.83333333 0.00000000
f 350/1741/350 349/1742/349 354/1743/354
vt 0.83333333 0.00000000
vt 0.66666667 0.00000000
vt 1.16666667 0.00000000
f 354/1744/354 353/1745/353 350/1746/350
vt 0.16666667 0.00000000
vt 0.50000000 0.00000000
vt 0.33333333 0.00000000
f 350/1747/350 352/1748/352 351/1749/351
vt 0.66666667 0.00000000
vt 0.50000000 0.00000000
vt 0.16666667 0.00000000
f 353/1750/353 352/1751/352 350/1752/350
vt 0.33333333 0.00000000
vt 0.50000000 0.00000000
vt 0.50000000 1.00000000
f 351/1753/351 352/1754/352 358/1755/358
vt 0.33333333 1.00000000
vt 0.33333333 0.00000000
vt 0.50000000 1.00000000
f 357/1756/357 351/1757/351 358/1758/358
vt 0.50000000 1.00000000
vt 0.50000000 0.00000000
vt 0.66666667 0.00000000
f 358/1759/358 352/1760/352 353/1761/353
vt 0.66666667 0.00000000
vt 0.66666667 1.00000000
vt 0.50000000 1.00000000
f 353/1762/353 359/1763/359 358/1764/358
vt 0.16666667 1.00000000
vt 0.16666667 0.00000000
vt 0.33333333 0.00000000
f 356/1765/356 350/1766/350 351/1767/351
vt 0.16666667 1.00000000
vt 0.33333333 0.00000000
vt 0.33333333 1.00000000
f 356/1768/356 351/1769/351 357/1770/357
vt 0.00000000 0.00000000
vt 0.16666667 0.00000000
vt 0.16666667 1.00000000
f 349/1771/349 350/1772/350 356/1773/356
vt 0.16666667 1.00000000
vt 0.00000000 1.00000000
vt 0.00000000 0.00000000
f 356/1774/356 355/1775/355 349/1776/349
vt 0.83333333 1.00000000
vt 1.16666667 1.00000000
vt 1.33333333 1.00000000
f 360/1777/360 356/1778/356 357/1779/357
vt 0.33333333 1.00000000
vt 0.50000000 1.00000000
vt 0.83333333 1.00000000
f 357/1780/357 358/1781/358 360/1782/360
vt 0.83333333 1.00000000
vt 0.50000000 1.00000000
vt 0.66666667 1.00000000
f 360/1783/360 358/1784/358 359/1785/359
vt 1.00000000 1.00000000
vt 1.16666667 1.00000000
vt 0.83333333 1.00000000
f 355/1786/355 356/1787/356 360/1788/360
vt 0.83333333 1.00000000
vt 0.66666667 0.00000000
vt 0.83333333 0.00000000
f 360/1789/360 353/1790/353 354/1791/354
vt 0.83333333 1.00000000
vt 0.66666667 1.00000000
vt 0.66666667 0.00000000
f 360/1792/360 359/1793/359 353/1794/353
vt 0.83333333 0.00000000
vt 1.00000000 0.00000000
vt 0.83333333 1.00000000
f 354/1795/354 349/1796/349 360/1797/360
vt 1.00000000 0.00000000
vt 1.00000000 1.00000000
vt 0.83333333 1.00000000
f 349/1798/349 355/1799/355 360/1800/360
g stem_12
usemtl wood
s 1
v 0.10938590 0.24070021 1.89031181
v 0.11946110 0.23300299 1.89642552
v 0.13355815 0.23300299 1.89212225
v 0.13758000 0.24070021 1.88170525
v 0.12750481 0.24839743 1.87559154
v 0.11340776 0.24839743 1.87989482
v 0.19691552 0.48444210 2.10182664
v 0.20051381 0.48169309 2.10401011
v 0.20554847 0.48169309 2.10247323
v 0.20698484 0.48444210 2.09875287
v 0.20338656 0.48719111 2.09656941
v 0.19835190 0.48719111 2.09810629
vn -0.90889196 -0.05744715 0.41305597
vn -0.17509775 -0.63774691 0.75007977
vn 0.62460748 -0.65394880 0.42686819
vn 0.93421474 -0.01533719 -0.35638124
vn 0.24757743 0.59823413 -0.76211636
vn -0.65144854 0.56488506 -0.50647771
vn -0.95834151 0.26546237 0.10541007
vn -0.51296795 -0.44274712 0.73541748
vn 0.64635911 -0.58529408 0.48954136
vn 0.94660991 0.02728877 -0.32122422
vn 0.25238338 0.61732252 -0.74512787
vn -0.62460748 0.65394880 -0.42686819
vt 0.83333333 0.00000000
vt 1.16666667 0.00000000
vt 1.00000000 0.00000000
f 366/1801/366 362/1802/362 361/1803/361
vt 0.66666667 0.00000000
vt 0.50000000 0.00000000
vt 0.83333333 0.00000000
f 365/1804/365 364/1805/364 366/1806/366
vt 0.83333333 0.00000000
vt 1.33333333 0.00000000
vt 1.16666667 0.00000000
f 366/1807/366 363/1808/363 362/1809/362
vt 0.83333333 0.00000000
vt 0.50000000 0.00000000
vt 0.33333333 0.00000000
f 366/1810/366 364/1811/364 363/1812/363
vt 0.66666667 1.00000000
vt 0.50000000 0.00000000
vt 0.66666667 0.00000000
f 371/1813/371 364/1814/364 365/1815/365
vt 0.50000000 1.00000000
vt 0.50000000 0.00000000
vt 0.66666667 1.00000000
f 370/1816/370 364/1817/364 371/1818/371
vt 0.66666667 0.00000000
vt 0.83333333 0.00000000
vt 0.66666667 1.00000000
f 365/1819/365 366/1820/366 371/1821/371
vt 0.66666667 1.00000000
vt 0.83333333 0.00000000
vt 0.83333333 1.00000000
f 371/1822/371 366/1823/366 372/1824/372
vt 1.00000000 1.00000000
vt 0.83333333 0.00000000
vt 1.00000000 0.00000000
f 367/1825/367 366/1826/366 361/1827/361
vt 0.83333333 1.00000000
vt 0.83333333 0.00000000
vt 1.00000000 1.00000000
f 372/1828/372 366/1829/366 367/1830/367
vt 0.00000000 0.00000000
vt 0.16666667 0.00000000
vt 0.16666667 1.00000000
f 361/1831/361 362/1832/362 368/1833/368
vt 0.16666667 1.00000000
vt 0.00000000 1.00000000
vt 0.00000000 0.00000000
f 368/1834/368 367/1835/367 361/1836/361
vt 0.50000000 1.00000000
vt 0.66666667 1.00000000
vt 0.33333333 1.00000000
f 370/1837/370 371/1838/371 369/1839/369
vt 0.33333333 1.00000000
vt 0.66666667 1.00000000
vt 0.83333333 1.00000000
f 369/1840/369 371/1841/371 372/1842/372
vt 0.83333333 1.00000000
vt 1.00000000 1.00000000
vt 1.33333333 1.00000000
f 372/1843/372 367/1844/367 369/1845/369
vt 0.00000000 1.00000000
vt 0.16666667 1.00000000
vt 0.33333333 1.00000000
f 367/1846/367 368/1847/368 369/1848/369
vt 0.33333333 0.00000000
vt 0.50000000 0.00000000
vt 0.33333333 1.00000000
f 363/1849/363 364/1850/364 369/1851/369
vt 0.33333333 1.00000000
vt 0.50000000 0.00000000
vt 0.50000000 1.00000000
f 369/1852/369 364/1853/364 370/1854/370
vt 0.16666667 0.00000000
vt 0.33333333 0.00000000
vt 0.33333333 1.00000000
f 362/1855/362 363/1856/363 369/1857/369
vt 0.33333333 1.00000000
vt 0.16666667 1.00000000
vt 0.16666667 0.00000000
f 369/1858/369 368/1859/368 362/1860/362
g foliage_spray_018
usemtl foliage
s 1
v 0.21258096 0.30479561 1.84220753
v 0.20526276 0.36771627 2.06254114
v 0.09986018 0.27331881 1.86054996
v 0.06311252 0.33125091 2.09656649
v 0.29479377 0.23529541 1.93189089
v 0.06733078 0.15795516 1.97562165
v 0.22909883 0.47616647 1.92901525
v 0.02140442 0.38588739 1.97010362
v 0.22115081 0.10184361 1.87191677
v 0.08457080 0.50113206 1.86563181
v 0.19673651 0.17321825 2.01959898
v 0.09049300 0.48381864 2.01535821
vn 0.37762450 0.10663172 -0.91979857
vn 0.59493274 0.20179772 0.77803131
vn -0.59994578 -0.19288307 -0.77644136
vn -0.41074676 -0.10969789 0.90512622
vn 0.99572974 -0.04263863 0.08187938
vn -0.78853061 -0.61124302 0.06783393
vn 0.77588467 0.62327009 -0.09765947
vn -0.99286112 0.04204484 -0.11161999
vn 0.14195078 -0.77979740 -0.60972617
vn -0.35138006 0.51603206 -0.78118050
vn 0.32947179 -0.53642200 0.77698119
vn -0.18277314 0.79257901 0.58173232
vt 0.24118428 0.56284831
vt 0.37051983 0.19122109
vt 0.40182543 0.17314392
f 380/1861/380 382/1862/382 375/1863/375
vt 0.80095940 0.42691793
vt 0.65017263 0.21357796
vt 0.63262553 0.10789620
f 377/1864/377 381/1865/381 373/1866/373
vt 0.65017263 0.21357796
vt 0.40182543 0.17314392
vt 0.63262553 0.10789620
f 381/1867/381 375/1868/375 373/1869/373
vt 0.63262553 0.10789620
vt 0.40182543 0.17314392
vt 0.37051983 0.19122109
f 373/1870/373 375/1871/375 382/1872/382
vt 0.33522024 0.58247703
vt 0.32658319 1.01270214
vt 0.24118428 0.56284831
f 378/1873/378 376/1874/376 380/1875/380
vt 0.24118428 0.56284831
vt 0.40182543 0.17314392
vt 0.33522024 0.58247703
f 380/1876/380 375/1877/375 378/1878/378
vt 0.33522024 0.58247703
vt 0.40182543 0.17314392
vt 0.65017263 0.21357796
f 378/1879/378 375/1880/375 381/1881/381
vt 0.60018341 0.73891323
vt 0.65017263 0.21357796
vt 0.80095940 0.42691793
f 383/1882/383 381/1883/381 377/1884/377
vt 0.60018341 0.73891323
vt 0.33522024 0.58247703
vt 0.65017263 0.21357796
f 383/1885/383 378/1886/378 381/1887/381
vt 0.32658319 1.01270214
vt 0.33522024 0.58247703
vt 0.60018341 0.73891323
f 376/1888/376 378/1889/378 383/1890/383
vt 0.80095940 0.42691793
vt 0.63262553 0.10789620
vt 0.66644649 0.41668872
f 377/1891/377 373/1892/373 379/1893/379
vt 0.66644649 0.41668872
vt 0.63262553 0.10789620
vt 0.37051983 0.19122109
f 379/1894/379 373/1895/373 382/1896/382
vt 0.61764123 0.89166712
vt 0.60018341 0.73891323
vt 0.80095940 0.42691793
f 374/1897/374 383/1898/383 377/1899/377
vt 0.32658319 1.01270214
vt 0.60018341 0.73891323
vt 0.61764123 0.89166712
f 376/1900/376 383/1901/383 374/1902/374
vt 0.80095940 0.42691793
vt 0.66644649 0.41668872
vt 0.61764123 0.89166712
f 377/1903/377 379/1904/379 374/1905/374
vt 0.38264577 0.72382798
vt 0.66644649 0.41668872
vt 0.37051983 0.19122109
f 384/1906/384 379/1907/379 382/1908/382
vt 0.38264577 0.72382798
vt 0.37051983 0.19122109
vt 0.24118428 0.56284831
f 384/1909/384 382/1910/382 380/1911/380
vt 0.24118428 0.56284831
vt 0.32658319 1.01270214
vt 0.38264577 0.72382798
f 380/1912/380 376/1913/376 384/1914/384
vt 0.32658319 1.01270214
vt 0.61764123 0.89166712
vt 0.38264577 0.72382798
f 376/1915/376 374/1916/374 384/1917/384
vt 0.38264577 0.72382798
vt 0.61764123 0.89166712
vt 0.66644649 0.41668872
f 384/1918/384 374/1919/374 379/1920/379
g foliage_spray_019
usemtl foliage
s 1
v 0.16232223 0.28469865 1.85452791
v 0.23058595 0.31583376 2.09891114
v 0.08853663 0.39558373 1.87197006
v 0.15832655 0.42856736 2.12406221
v 0.09484160 0.18632665 1.96287505
v 0.01829124 0.38153258 2.00397240
v 0.29094974 0.33110901 1.97086353
v 0.20560172 0.47189877 2.00318502
v -0.06019953 0.24357247 1.90551089
v 0.35008751 0.45133027 1.89937714
v -0.02583200 0.26097522 2.07243898
v 0.34904781 0.45080380 2.05619365
vn 0.24468590 -0.43860510 -0.86472792
vn 0.35275862 -0.59695326 0.72056100
vn -0.32921707 0.63985486 -0.69440758
vn -0.22200314 0.50147504 0.83620416
vn 0.22155642 -0.97333044 0.05950296
vn -0.67214335 0.73605733 0.08026784
vn 0.71538345 -0.69391187 -0.08193190
vn -0.19853780 0.97888799 -0.04859061
vn -0.75646781 -0.22622488 -0.61366013
vn 0.46685308 0.45047146 -0.76100175
vn -0.46270733 -0.38238064 0.79980433
vn 0.74484464 0.32694076 0.58164955
vt 0.04839073 0.21112035
vt 0.36584336 0.41517622
vt 0.11875955 0.80491713
f 393/1921/393 389/1922/389 395/1923/395
vt 0.50401252 0.02976367
vt 0.36584336 0.41517622
vt 0.04839073 0.21112035
f 385/1924/385 389/1925/389 393/1926/393
vt 0.35293370 0.09180889
vt 0.50401252 0.02976367
vt 0.04839073 0.21112035
f 387/1927/387 385/1928/385 393/1929/393
vt 0.88846909 0.18930138
vt 0.50401252 0.02976367
vt 1.35293370 0.09180889
f 394/1930/394 385/1931/385 387/1932/387
vt 0.64378508 0.89908389
vt 1.11875955 0.80491713
vt 1.36584336 0.41517622
f 386/1933/386 395/1934/395 389/1935/389
vt 1.49583120 0.98855131
vt 1.11875955 0.80491713
vt 0.64378508 0.89908389
f 388/1936/388 395/1937/395 386/1938/386
vt 0.88846909 0.18930138
vt 1.35293370 0.09180889
vt 0.59262892 0.55856688
f 394/1939/394 387/1940/387 392/1941/392
vt 0.20910356 0.56136774
vt 0.11875955 0.80491713
vt 0.49583120 0.98855131
f 390/1942/390 395/1943/395 388/1944/388
vt 0.49583120 0.98855131
vt 0.59262892 0.55856688
vt 0.20910356 0.56136774
f 388/1945/388 392/1946/392 390/1947/390
vt 0.20910356 0.56136774
vt 0.59262892 0.55856688
vt 0.35293370 0.09180889
f 390/1948/390 392/1949/392 387/1950/387
vt 0.04839073 0.21112035
vt 0.11875955 0.80491713
vt 0.20910356 0.56136774
f 393/1951/393 395/1952/395 390/1953/390
vt 0.20910356 0.56136774
vt 0.35293370 0.09180889
vt 0.04839073 0.21112035
f 390/1954/390 387/1955/387 393/1956/393
vt 0.76738226 0.44359283
vt 0.64378508 0.89908389
vt 0.36584336 0.41517622
f 391/1957/391 386/1958/386 389/1959/389
vt 0.76738226 0.44359283
vt 0.50401252 0.02976367
vt 0.88846909 0.18930138
f 391/1960/391 385/1961/385 394/1962/394
vt 0.36584336 0.41517622
vt 0.50401252 0.02976367
vt 0.76738226 0.44359283
f 389/1963/389 385/1964/385 391/1965/391
vt 0.49583120 0.98855131
vt 0.64378508 0.89908389
vt 0.88634026 0.74712920
f 388/1966/388 386/1967/386 396/1968/396
vt 0.88846909 0.18930138
vt 0.59262892 0.55856688
vt 0.88634026 0.74712920
f 394/1969/394 392/1970/392 396/1971/396
vt 0.88634026 0.74712920
vt 0.59262892 0.55856688
vt 0.49583120 0.98855131
f 396/1972/396 392/1973/392 388/1974/388
vt 0.88634026 0.74712920
vt 0.76738226 0.44359283
vt 0.88846909 0.18930138
f 396/1975/396 391/1976/391 394/1977/394
vt 0.64378508 0.89908389
vt 0.76738226 0.44359283
vt 0.88634026 0.74712920
f 386/1978/386 391/1979/391 396/1980/396
g foliage_spray_020
usemtl foliage
s 1
v 0.23504921 0.38326051 1.91527231
v 0.21602733 0.43286649 2.10362080
v 0.12325352 0.34977923 1.92583112
v 0.10230322 0.40675600 2.14117371
v 0.29947658 0.32454453 2.00331600
v 0.10234848 0.25544280 2.04133703
v 0.23060754 0.50773911 2.00438479
v 0.01957239 0.47872510 2.04243934
v 0.25002614 0.16883176 1.93635251
v 0.11094679 0.57542694 1.93594027
v 0.23025183 0.22664147 2.09970743
v 0.11254702 0.57074872 2.08728265
vn 0.45298203 0.15965852 -0.87710686
vn 0.62569624 0.23874356 0.74263431
vn -0.58710625 -0.20565025 -0.78295225
vn -0.35302125 -0.10242014 0.92999253
vn 0.99451210 0.04881119 0.09253731
vn -0.78904382 -0.60706985 0.09421283
vn 0.80504234 0.59121679 -0.04867800
vn -0.99753246 0.01283585 -0.06902343
vn 0.15065053 -0.76200685 -0.62980154
vn -0.22596212 0.56623067 -0.79266888
vn 0.33683321 -0.48499790 0.80704426
vn 0.00990587 0.77727195 0.62908679
vt 0.61739463 0.77995783
vt 0.65788327 0.19887157
vt 0.75913493 0.43707418
f 407/1981/407 405/1982/405 401/1983/401
vt 0.18602044 0.57624376
vt 0.37311300 0.19740516
vt 0.39831150 0.16144489
f 404/1984/404 406/1985/406 399/1986/399
vt 0.75913493 0.43707418
vt 0.65788327 0.19887157
vt 0.62721744 0.12388505
f 401/1987/401 405/1988/405 397/1989/397
vt 0.65788327 0.19887157
vt 0.39831150 0.16144489
vt 0.62721744 0.12388505
f 405/1990/405 399/1991/399 397/1992/397
vt 0.62721744 0.12388505
vt 0.39831150 0.16144489
vt 0.37311300 0.19740516
f 397/1993/397 399/1994/399 406/1995/406
vt 0.65788327 0.19887157
vt 0.61739463 0.77995783
vt 0.35550763 0.57232261
f 405/1996/405 407/1997/407 402/1998/402
vt 0.18602044 0.57624376
vt 0.39831150 0.16144489
vt 0.35550763 0.57232261
f 404/1999/404 399/2000/399 402/2001/402
vt 0.35550763 0.57232261
vt 0.39831150 0.16144489
vt 0.65788327 0.19887157
f 402/2002/402 399/2003/399 405/2004/405
vt 0.37638953 0.73576042
vt 0.37311300 0.19740516
vt 0.18602044 0.57624376
f 408/2005/408 406/2006/406 404/2007/404
vt 0.58826941 0.79387848
vt 0.61739463 0.77995783
vt 0.75913493 0.43707418
f 398/2008/398 407/2009/407 401/2010/401
vt 0.35541497 0.92746175
vt 0.37638953 0.73576042
vt 0.18602044 0.57624376
f 400/2011/400 408/2012/408 404/2013/404
vt 0.18602044 0.57624376
vt 0.35550763 0.57232261
vt 0.35541497 0.92746175
f 404/2014/404 402/2015/402 400/2016/400
vt 0.35541497 0.92746175
vt 0.35550763 0.57232261
vt 0.61739463 0.77995783
f 400/2017/400 402/2018/402 407/2019/407
vt 0.61739463 0.77995783
vt 0.58826941 0.79387848
vt 0.35541497 0.92746175
f 407/2020/407 398/2021/398 400/2022/400
vt 0.35541497 0.92746175
vt 0.58826941 0.79387848
vt 0.37638953 0.73576042
f 400/2023/400 398/2024/398 408/2025/408
vt 0.61812294 0.44087605
vt 0.58826941 0.79387848
vt 0.75913493 0.43707418
f 403/2026/403 398/2027/398 401/2028/401
vt 0.37638953 0.73576042
vt 0.58826941 0.79387848
vt 0.61812294 0.44087605
f 408/2029/408 398/2030/398 403/2031/403
vt 0.37311300 0.19740516
vt 0.37638953 0.73576042
vt 0.61812294 0.44087605
f 406/2032/406 408/2033/408 403/2034/403
vt 0.75913493 0.43707418
vt 0.62721744 0.12388505
vt 0.61812294 0.44087605
f 401/2035/401 397/2036/397 403/2037/403
vt 0.61812294 0.44087605
vt 0.62721744 0.12388505
vt 0.37311300 0.19740516
f 403/2038/403 397/2039/397 406/2040/406
g foliage_spray_021
usemtl foliage
s 1
v 0.18569043 0.36401294 1.93041231
v 0.24897885 0.39184612 2.15497213
v 0.11792611 0.46542236 1.94559940
v 0.18168778 0.50813280 2.20041714
v 0.13662521 0.30648615 2.03379893
v 0.03695704 0.45555658 2.06884866
v 0.37864243 0.39236765 2.02735787
v 0.23683406 0.56485400 2.07026888
v -0.00333090 0.33357163 1.98206662
v 0.34226264 0.50857047 1.97810101
v 0.03222586 0.35157658 2.12083246
v 0.36810157 0.52165457 2.11882614
vn 0.18142322 -0.42374344 -0.88742724
vn 0.29576981 -0.61730532 0.72900917
vn -0.31570929 0.60091717 -0.73432023
vn -0.21729496 0.42469537 0.87887243
vn 0.14912506 -0.98535386 0.08270119
vn -0.71467329 0.69597166 0.06975341
vn 0.69478151 -0.71308410 -0.09375350
vn -0.17798280 0.97865624 -0.10273307
vn -0.72879158 -0.36416675 -0.57986672
vn 0.39664466 0.48199761 -0.78124985
vn -0.43381912 -0.49140820 0.75519464
vn 0.72312813 0.37129370 0.58243171
vt 0.60837893 0.56852520
vt 0.49546482 1.03148873
vt 0.87715417 0.74125316
f 416/2041/416 412/2042/412 420/2043/420
vt 0.11663203 0.25477207
vt 0.36491037 0.12505084
vt 0.50366041 0.07102731
f 417/2044/417 411/2045/411 409/2046/409
vt 0.82424799 0.24066559
vt 0.36491037 0.12505084
vt 0.60837893 0.56852520
f 418/2047/418 411/2048/411 416/2049/416
vt 0.82424799 0.24066559
vt 0.87715417 0.74125316
vt 0.89873699 0.41588214
f 418/2050/418 420/2051/420 415/2052/415
vt 0.60837893 0.56852520
vt 0.87715417 0.74125316
vt 0.82424799 0.24066559
f 416/2053/416 420/2054/420 418/2055/418
vt 0.89873699 0.41588214
vt 0.50366041 0.07102731
vt 0.82424799 0.24066559
f 415/2056/415 409/2057/409 418/2058/418
vt 0.82424799 0.24066559
vt 0.50366041 0.07102731
vt 0.36491037 0.12505084
f 418/2059/418 409/2060/409 411/2061/411
vt 0.19912312 0.56347322
vt 0.49546482 1.03148873
vt 0.60837893 0.56852520
f 414/2062/414 412/2063/412 416/2064/416
vt 0.60837893 0.56852520
vt 0.36491037 0.12505084
vt 0.19912312 0.56347322
f 416/2065/416 411/2066/411 414/2067/414
vt 0.19912312 0.56347322
vt 0.36491037 0.12505084
vt 0.11663203 0.25477207
f 414/2068/414 411/2069/411 417/2070/417
vt 0.11663203 0.25477207
vt 0.18943584 0.74839004
vt 0.19912312 0.56347322
f 417/2071/417 419/2072/419 414/2073/414
vt 0.19912312 0.56347322
vt 0.18943584 0.74839004
vt 0.49546482 1.03148873
f 414/2074/414 419/2075/419 412/2076/412
vt 0.40319749 0.43879427
vt 0.18943584 0.74839004
vt 0.11663203 0.25477207
f 413/2077/413 419/2078/419 417/2079/417
vt 0.11663203 0.25477207
vt 0.50366041 0.07102731
vt 0.40319749 0.43879427
f 417/2080/417 409/2081/409 413/2082/413
vt 0.40319749 0.43879427
vt 0.50366041 0.07102731
vt 0.89873699 0.41588214
f 413/2083/413 409/2084/409 415/2085/415
vt 0.49546482 1.03148873
vt 0.18943584 0.74839004
vt 0.63324587 0.86983169
f 412/2086/412 419/2087/419 410/2088/410
vt 0.89873699 0.41588214
vt 0.87715417 0.74125316
vt 0.63324587 0.86983169
f 415/2089/415 420/2090/420 410/2091/410
vt 0.63324587 0.86983169
vt 0.87715417 0.74125316
vt 0.49546482 1.03148873
f 410/2092/410 420/2093/420 412/2094/412
vt 0.63324587 0.86983169
vt 0.40319749 0.43879427
vt 0.89873699 0.41588214
f 410/2095/410 413/2096/413 415/2097/415
vt 0.18943584 0.74839004
vt 0.40319749 0.43879427
vt 0.63324587 0.86983169
f 419/2098/419 413/2099/413 410/2100/410
g foliage_spray_022
usemtl foliage
s 1
v 0.26618346 0.44988635 1.95967712
v 0.24939935 0.51132502 2.18546855
v 0.12807198 0.40266547 1.95295944
v 0.11275551 0.47704246 2.22077420
v 0.32679526 0.38984648 2.06256726
v 0.11440222 0.30418280 2.10419295
v 0.26300848 0.59650376 2.06137855
v 0.04522912 0.54494251 2.10192289
v 0.27295773 0.23427069 1.99529648
v 0.14715788 0.60204360 2.01548628
v 0.24322336 0.32119843 2.14735305
v 0.13075398 0.65000000 2.15141352
vn 0.45752923 0.18823767 -0.86904176
vn 0.62643480 0.20328707 0.75249838
vn -0.59083388 -0.16412571 -0.78992283
vn -0.36699079 -0.12464280 0.92183618
vn 0.99365423 -0.00899271 0.11211783
vn -0.75952652 -0.63175506 0.15493549
vn 0.77011463 0.62696339 -0.11764508
vn -0.99264768 0.07648362 -0.09381284
vn 0.25212115 -0.81508868 -0.52159885
vn -0.24876230 0.59298022 -0.76582751
vn 0.35148314 -0.51237682 0.78353659
vn -0.09602259 0.84880703 0.51990988
vt 0.19356747 0.57441111
vt 0.33183033 0.99718910
vt 0.36868288 0.75045920
f 428/2101/428 424/2102/424 432/2103/432
vt 0.33520203 0.58248615
vt 0.33183033 0.99718910
vt 0.19356747 0.57441111
f 426/2104/426 424/2105/424 428/2106/428
vt 0.59896822 0.73601530
vt 0.65985049 0.19511953
vt 0.77008487 0.43441520
f 431/2107/431 429/2108/429 425/2109/425
vt 0.59896822 0.73601530
vt 0.33520203 0.58248615
vt 0.65985049 0.19511953
f 431/2110/431 426/2111/426 429/2112/429
vt 0.33183033 0.99718910
vt 0.33520203 0.58248615
vt 0.59896822 0.73601530
f 424/2113/424 426/2114/426 431/2115/431
vt 0.61161380 0.87159979
vt 0.36868288 0.75045920
vt 0.33183033 0.99718910
f 422/2116/422 432/2117/432 424/2118/424
vt 0.61161380 0.87159979
vt 0.59896822 0.73601530
vt 0.77008487 0.43441520
f 422/2119/422 431/2120/431 425/2121/425
vt 0.33183033 0.99718910
vt 0.59896822 0.73601530
vt 0.61161380 0.87159979
f 424/2122/424 431/2123/431 422/2124/422
vt 0.77008487 0.43441520
vt 0.65985049 0.19511953
vt 0.64597991 0.06841433
f 425/2125/425 429/2126/429 421/2127/421
vt 0.19356747 0.57441111
vt 0.36868288 0.75045920
vt 0.40227048 0.26693872
f 428/2128/428 432/2129/432 430/2130/430
vt 0.63947901 0.43018673
vt 0.40227048 0.26693872
vt 0.36868288 0.75045920
f 427/2131/427 430/2132/430 432/2133/432
vt 0.64597991 0.06841433
vt 0.40227048 0.26693872
vt 0.63947901 0.43018673
f 421/2134/421 430/2135/430 427/2136/427
vt 0.36868288 0.75045920
vt 0.61161380 0.87159979
vt 0.63947901 0.43018673
f 432/2137/432 422/2138/422 427/2139/427
vt 0.63947901 0.43018673
vt 0.61161380 0.87159979
vt 0.77008487 0.43441520
f 427/2140/427 422/2141/422 425/2142/425
vt 0.77008487 0.43441520
vt 0.64597991 0.06841433
vt 0.63947901 0.43018673
f 425/2143/425 421/2144/421 427/2145/427
vt 0.19356747 0.57441111
vt 0.40227048 0.26693872
vt 0.36319137 0.04451819
f 428/2146/428 430/2147/430 423/2148/423
vt 0.36319137 0.04451819
vt 0.33520203 0.58248615
vt 0.19356747 0.57441111
f 423/2149/423 426/2150/426 428/2151/428
vt 0.65985049 0.19511953
vt 0.33520203 0.58248615
vt 0.36319137 0.04451819
f 429/2152/429 426/2153/426 423/2154/423
vt 0.36319137 0.04451819
vt 0.64597991 0.06841433
vt 0.65985049 0.19511953
f 423/2155/423 421/2156/421 429/2157/429
vt 0.36319137 0.04451819
vt 0.40227048 0.26693872
vt 0.64597991 0.06841433
f 423/2158/423 430/2159/430 421/2160/421
g foliage_spray_023
usemtl foliage
s 1
v 0.20848286 0.43336822 1.99006239
v 0.27097241 0.46295905 2.21589639
v 0.13733731 0.53798507 2.00239805
v 0.20450671 0.57653395 2.25827969
v 0.14193783 0.33219846 2.08959234
v 0.04360925 0.52921976 2.13294564
v 0.39430034 0.46436538 2.09036128
v 0.25108192 0.61360399 2.12931417
v -0.01515830 0.38674498 2.03147493
v 0.36928089 0.58141415 2.03828013
v 0.03481652 0.41205082 2.19225729
v 0.38031313 0.58700057 2.17708548
vn 0.20326315 -0.37379256 -0.90496586
vn 0.31636507 -0.57563743 0.75402566
vn -0.29441834 0.62746438 -0.72083722
vn -0.19069401 0.46455111 0.86477053
vn 0.18234804 -0.97968569 0.08345740
vn -0.67674553 0.73226347 0.07619510
vn 0.72820399 -0.67902733 -0.09295616
vn -0.16169487 0.98319267 -0.08477580
vn -0.73011014 -0.27428378 -0.62586547
vn 0.40061925 0.51330324 -0.75896245
vn -0.42372090 -0.42772871 0.79844145
vn 0.69888197 0.41641247 0.58151925
vt 0.59095924 0.55751118
vt 0.49559470 1.01626743
vt 0.85556507 0.72744333
f 440/2161/440 436/2162/436 444/2163/444
vt 0.04582223 0.20947736
vt 0.35806281 0.10604505
vt 0.50373604 0.06216462
f 441/2164/441 435/2165/435 433/2166/433
vt 0.50373604 0.06216462
vt 0.36748255 0.41621263
vt 0.04582223 0.20947736
f 433/2167/433 437/2168/437 441/2169/441
vt 0.88420441 0.41894794
vt 1.36748255 0.41621263
vt 0.50373604 0.06216462
f 439/2170/439 437/2171/437 433/2172/433
vt 0.16615102 0.57042904
vt 0.49559470 1.01626743
vt 0.59095924 0.55751118
f 438/2173/438 436/2174/436 440/2175/440
vt 0.59095924 0.55751118
vt 0.35806281 0.10604505
vt 0.16615102 0.57042904
f 440/2176/440 435/2177/435 438/2178/438
vt 0.16615102 0.57042904
vt 0.35806281 0.10604505
vt 0.04582223 0.20947736
f 438/2179/438 435/2180/435 441/2181/441
vt 0.83297613 0.23368480
vt 0.85556507 0.72744333
vt 0.88420441 0.41894794
f 442/2182/442 444/2183/444 439/2184/439
vt 0.88420441 0.41894794
vt 0.50373604 0.06216462
vt 0.83297613 0.23368480
f 439/2185/439 433/2186/433 442/2187/442
vt 0.83297613 0.23368480
vt 0.50373604 0.06216462
vt 0.35806281 0.10604505
f 442/2188/442 433/2189/433 435/2190/435
vt 0.59095924 0.55751118
vt 0.85556507 0.72744333
vt 0.83297613 0.23368480
f 440/2191/440 444/2192/444 442/2193/442
vt 0.83297613 0.23368480
vt 0.35806281 0.10604505
vt 0.59095924 0.55751118
f 442/2194/442 435/2195/435 440/2196/440
vt 0.04582223 0.20947736
vt 0.36748255 0.41621263
vt 0.14814757 0.78141252
f 441/2197/441 437/2198/437 443/2199/443
vt 0.14814757 0.78141252
vt 0.16615102 0.57042904
vt 0.04582223 0.20947736
f 443/2200/443 438/2201/438 441/2202/441
vt 0.49559470 1.01626743
vt 0.16615102 0.57042904
vt 0.14814757 0.78141252
f 436/2203/436 438/2204/438 443/2205/443
vt 0.63168576 0.86550151
vt 1.36748255 0.41621263
vt 0.88420441 0.41894794
f 434/2206/434 437/2207/437 439/2208/439
vt 0.88420441 0.41894794
vt 0.85556507 0.72744333
vt 0.63168576 0.86550151
f 439/2209/439 444/2210/444 434/2211/434
vt 0.63168576 0.86550151
vt 0.85556507 0.72744333
vt 0.49559470 1.01626743
f 434/2212/434 444/2213/444 436/2214/436
vt 0.49559470 1.01626743
vt 0.14814757 0.78141252
vt 0.63168576 0.86550151
f 436/2215/436 443/2216/443 434/2217/434
vt 0.63168576 0.86550151
vt 0.14814757 0.78141252
vt 0.36748255 0.41621263
f 434/2218/434 443/2219/443 437/2220/437
g stem_13
usemtl wood
s 1
v -0.01913943 0.00158649 1.90708419
v -0.00992176 -0.01156270 1.91147459
v -0.00017566 -0.01156270 1.92534505
v 0.00035278 0.00158649 1.93482510
v -0.00886488 0.01473568 1.93043470
v -0.01861099 0.01473568 1.91656424
v -0.25880076 -0.08804378 2.05207103
v -0.25175195 -0.09809904 2.05542840
v -0.24429905 -0.09809904 2.06603522
v -0.24389495 -0.08804378 2.07328467
v -0.25094375 -0.07798851 2.06992731
v -0.25839665 -0.07798851 2.05932049
vn -0.47673119 0.01259288 -0.87895893
vn 0.06509911 -0.88429550 -0.46236736
vn 0.58885776 -0.78699729 0.18407011
vn 0.50764530 0.00098764 0.86156559
vn -0.02435604 0.90117439 0.43277189
vn -0.38723748 0.86572635 -0.31711987
vn -0.56803348 -0.02849871 -0.82251187
vn -0.16724785 -0.71111991 -0.68288844
vn 0.41213511 -0.85940402 0.30260433
vn 0.47659296 -0.01265290 0.87903303
vn 0.10913291 0.68290046 0.72231362
vn -0.50906191 0.82622310 -0.24127030
vt 0.50000000 0.00000000
vt 0.66666667 0.00000000
vt 0.66666667 1.00000000
f 448/2221/448 449/2222/449 455/2223/455
vt 0.66666667 1.00000000
vt 0.50000000 1.00000000
vt 0.50000000 0.00000000
f 455/2224/455 454/2225/454 448/2226/448
vt 1.00000000 0.00000000
vt 0.83333333 0.00000000
vt 1.33333333 0.00000000
f 445/2227/445 450/2228/450 447/2229/447
vt 0.33333333 0.00000000
vt 0.83333333 0.00000000
vt 0.66666667 0.00000000
f 447/2230/447 450/2231/450 449/2232/449
vt 0.33333333 0.00000000
vt 0.66666667 0.00000000
vt 0.50000000 0.00000000
f 447/2233/447 449/2234/449 448/2235/448
vt 0.33333333 0.00000000
vt 0.16666667 0.00000000
vt 0.00000000 0.00000000
f 447/2236/447 446/2237/446 445/2238/445
vt 0.83333333 1.00000000
vt 0.83333333 0.00000000
vt 1.00000000 0.00000000
f 456/2239/456 450/2240/450 445/2241/445
vt 0.83333333 1.00000000
vt 1.00000000 0.00000000
vt 1.00000000 1.00000000
f 456/2242/456 445/2243/445 451/2244/451
vt 0.66666667 0.00000000
vt 0.83333333 0.00000000
vt 0.83333333 1.00000000
f 449/2245/449 450/2246/450 456/2247/456
vt 0.83333333 1.00000000
vt 0.66666667 1.00000000
vt 0.66666667 0.00000000
f 456/2248/456 455/2249/455 449/2250/449
vt 0.00000000 0.00000000
vt 0.16666667 0.00000000
vt 0.16666667 1.00000000
f 445/2251/445 446/2252/446 452/2253/452
vt 0.00000000 1.00000000
vt 0.00000000 0.00000000
vt 0.16666667 1.00000000
f 451/2254/451 445/2255/445 452/2256/452
vt 0.50000000 1.00000000
vt 0.66666667 1.00000000
vt 0.33333333 1.00000000
f 454/2257/454 455/2258/455 453/2259/453
vt 0.66666667 1.00000000
vt 0.83333333 1.00000000
vt 0.33333333 1.00000000
f 455/2260/455 456/2261/456 453/2262/453
vt 1.33333333 1.00000000
vt 0.83333333 1.00000000
vt 1.00000000 1.00000000
f 453/2263/453 456/2264/456 451/2265/451
vt 0.00000000 1.00000000
vt 0.16666667 1.00000000
vt 0.33333333 1.00000000
f 451/2266/451 452/2267/452 453/2268/453
vt 0.50000000 0.00000000
vt 0.50000000 1.00000000
vt 0.33333333 1.00000000
f 448/2269/448 454/2270/454 453/2271/453
vt 0.33333333 1.00000000
vt 0.33333333 0.00000000
vt 0.50000000 0.00000000
f 453/2272/453 447/2273/447 448/2274/448
vt 0.16666667 0.00000000
vt 0.33333333 0.00000000
vt 0.33333333 1.00000000
f 446/2275/446 447/2276/447 453/2277/453
vt 0.33333333 1.00000000
vt 0.16666667 1.00000000
vt 0.16666667 0.00000000
f 453/2278/453 452/2279/452 446/2280/446
g stem_14
usemtl wood
s 1
v -0.26220718 -0.08804378 2.05341092
v -0.25336350 -0.09861541 2.05470937
v -0.24250418 -0.09861541 2.06397630
v -0.24048853 -0.08804378 2.07194479
v -0.24933220 -0.07747214 2.07064634
v -0.26019152 -0.07747214 2.06137941
v -0.48723501 -0.21567695 2.28600905
v -0.48407656 -0.21945253 2.28647278
v -0.48019823 -0.21945253 2.28978240
v -0.47947835 -0.21567695 2.29262828
v -0.48263680 -0.21190137 2.29216455
v -0.48651513 -0.21190137 2.28885493
vn -0.68636807 0.00775680 -0.72721297
vn -0.06637347 -0.84483627 -0.53089192
vn 0.60811553 -0.79319312 0.03225187
vn 0.69143920 -0.00460708 0.72241997
vn 0.07567417 0.85095990 0.51975058
vn -0.51594378 0.84614287 -0.13358242
vn -0.72943833 -0.01986096 -0.68375819
vn -0.35708444 -0.63681063 -0.68334686
vn 0.52716813 -0.84095534 0.12201589
vn 0.67659353 -0.01375741 0.73622818
vn 0.32165100 0.61156050 0.72286540
vn -0.57153437 0.81720675 -0.07430742
vt 0.33333333 0.00000000
vt 0.83333333 0.00000000
vt 0.66666667 0.00000000
f 459/2281/459 462/2282/462 461/2283/461
vt 0.33333333 0.00000000
vt 0.66666667 0.00000000
vt 0.50000000 0.00000000
f 459/2284/459 461/2285/461 460/2286/460
vt 0.33333333 0.00000000
vt 0.16666667 0.00000000
vt 0.00000000 0.00000000
f 459/2287/459 458/2288/458 457/2289/457
vt 1.00000000 0.00000000
vt 0.83333333 0.00000000
vt 1.33333333 0.00000000
f 457/2290/457 462/2291/462 459/2292/459
vt 0.50000000 0.00000000
vt 0.66666667 0.00000000
vt 0.66666667 1.00000000
f 460/2293/460 461/2294/461 467/2295/467
vt 0.66666667 1.00000000
vt 0.50000000 1.00000000
vt 0.50000000 0.00000000
f 467/2296/467 466/2297/466 460/2298/460
vt 0.00000000 0.00000000
vt 0.16666667 0.00000000
vt 0.16666667 1.00000000
f 457/2299/457 458/2300/458 464/2301/464
vt 0.00000000 1.00000000
vt 0.00000000 0.00000000
vt 0.16666667 1.00000000
f 463/2302/463 457/2303/457 464/2304/464
vt 0.83333333 1.00000000
vt 0.83333333 0.00000000
vt 1.00000000 0.00000000
f 468/2305/468 462/2306/462 457/2307/457
vt 0.83333333 1.00000000
vt 1.00000000 0.00000000
vt 1.00000000 1.00000000
f 468/2308/468 457/2309/457 463/2310/463
vt 0.66666667 0.00000000
vt 0.83333333 0.00000000
vt 0.83333333 1.00000000
f 461/2311/461 462/2312/462 468/2313/468
vt 0.83333333 1.00000000
vt 0.66666667 1.00000000
vt 0.66666667 0.00000000
f 468/2314/468 467/2315/467 461/2316/461
vt 0.50000000 1.00000000
vt 0.66666667 1.00000000
vt 0.33333333 1.00000000
f 466/2317/466 467/2318/467 465/2319/465
vt 0.00000000 1.00000000
vt 0.16666667 1.00000000
vt 0.33333333 1.00000000
f 463/2320/463 464/2321/464 465/2322/465
vt 1.33333333 1.00000000
vt 0.83333333 1.00000000
vt 1.00000000 1.00000000
f 465/2323/465 468/2324/468 463/2325/463
vt 0.66666667 1.00000000
vt 0.83333333 1.00000000
vt 0.33333333 1.00000000
f 467/2326/467 468/2327/468 465/2328/465
vt 0.33333333 1.00000000
vt 0.33333333 0.00000000
vt 0.50000000 0.00000000
f 465/2329/465 459/2330/459 460/2331/460
vt 0.50000000 0.00000000
vt 0.50000000 1.00000000
vt 0.33333333 1.00000000
f 460/2332/460 466/2333/466 465/2334/465
vt 0.16666667 0.00000000
vt 0.33333333 0.00000000
vt 0.33333333 1.00000000
f 458/2335/458 459/2336/459 465/2337/465
vt 0.33333333 1.00000000
vt 0.16666667 1.00000000
vt 0.16666667 0.00000000
f 465/2338/465 464/2339/464 458/2340/458
g foliage_spray_024
usemtl foliage
s 1
v -0.36777290 -0.07356809 2.00738873
v -0.40982269 -0.13117736 2.25005943
v -0.26132026 -0.12505674 2.04910488
v -0.28232890 -0.17732814 2.24843923
v -0.36357467 -0.00057649 2.11532450
v -0.14888737 -0.06121177 2.15548316
v -0.49368721 -0.19249802 2.11090271
v -0.27286270 -0.28648961 2.15496366
v -0.21312936 0.07782857 2.05115089
v -0.38840336 -0.24909761 2.07246437
v -0.25509077 -0.00043908 2.19623765
v -0.41344973 -0.29581481 2.19989922
vn -0.34989137 0.16581213 -0.92199911
vn -0.54197816 0.31435722 0.77938387
vn 0.52859056 -0.32045215 -0.78606770
vn 0.35836329 -0.18640358 0.91478383
vn -0.66440447 0.74083391 0.09864997
vn 0.98581437 -0.12756575 0.10907340
vn -0.98294778 0.10897815 -0.14811287
vn 0.65402134 -0.74527691 -0.12968580
vn 0.37757500 0.71485323 -0.58857623
vn -0.07713469 -0.61849520 -0.78199356
vn 0.08151134 0.62279436 0.77812794
vn -0.37585032 -0.75188643 0.54166718
vt 0.31535477 0.73819985
vt 0.32278126 0.91662978
vt 0.15106548 0.42162137
f 480/2341/480 470/2342/470 475/2343/475
vt 0.15106548 0.42162137
vt 0.32278126 0.91662978
vt 0.41747586 0.43735055
f 475/2344/475 470/2345/470 473/2346/473
vt 0.85705628 0.58020296
vt 0.72551837 0.20907214
vt 0.63960078 0.72517490
f 474/2347/474 477/2348/477 479/2349/479
vt 0.72551837 0.20907214
vt 0.41747586 0.43735055
vt 0.63960078 0.72517490
f 477/2350/477 473/2351/473 479/2352/479
vt 0.63960078 0.72517490
vt 0.41747586 0.43735055
vt 0.32278126 0.91662978
f 479/2353/479 473/2354/473 470/2355/470
vt 0.32278126 0.91662978
vt 0.31535477 0.73819985
vt 0.58382967 0.91086639
f 470/2356/470 480/2357/480 472/2358/472
vt 0.85705628 0.58020296
vt 0.63960078 0.72517490
vt 0.58382967 0.91086639
f 474/2359/474 479/2360/479 472/2361/472
vt 0.58382967 0.91086639
vt 0.63960078 0.72517490
vt 0.32278126 0.91662978
f 472/2362/472 479/2363/479 470/2364/470
vt 0.36663816 0.28488846
vt 0.31535477 0.73819985
vt 0.15106548 0.42162137
f 478/2365/478 480/2366/480 475/2367/475
vt 0.62684566 0.20179407
vt 0.72551837 0.20907214
vt 0.85705628 0.58020296
f 471/2368/471 477/2369/477 474/2370/474
vt 0.40887983 0.05340135
vt 0.36663816 0.28488846
vt 0.15106548 0.42162137
f 469/2371/469 478/2372/478 475/2373/475
vt 0.15106548 0.42162137
vt 0.41747586 0.43735055
vt 0.40887983 0.05340135
f 475/2374/475 473/2375/473 469/2376/469
vt 0.40887983 0.05340135
vt 0.41747586 0.43735055
vt 0.72551837 0.20907214
f 469/2377/469 473/2378/473 477/2379/477
vt 0.72551837 0.20907214
vt 0.62684566 0.20179407
vt 0.40887983 0.05340135
f 477/2380/477 471/2381/471 469/2382/469
vt 0.40887983 0.05340135
vt 0.62684566 0.20179407
vt 0.36663816 0.28488846
f 469/2383/469 471/2384/471 478/2385/478
vt 0.31535477 0.73819985
vt 0.36663816 0.28488846
vt 0.60321207 0.57835500
f 480/2386/480 478/2387/478 476/2388/476
vt 0.85705628 0.58020296
vt 0.58382967 0.91086639
vt 0.60321207 0.57835500
f 474/2389/474 472/2390/472 476/2391/476
vt 0.60321207 0.57835500
vt 0.58382967 0.91086639
vt 0.31535477 0.73819985
f 476/2392/476 472/2393/472 480/2394/480
vt 0.60321207 0.57835500
vt 0.62684566 0.20179407
vt 0.85705628 0.58020296
f 476/2395/476 471/2396/471 474/2397/474
vt 0.36663816 0.28488846
vt 0.62684566 0.20179407
vt 0.60321207 0.57835500
f 478/2398/478 471/2399/471 476/2400/476
g foliage_spray_025
usemtl foliage
s 1
v -0.29931189 -0.08557473 2.01402994
v -0.38446582 -0.06959741 2.29253528
v -0.33645081 -0.22603320 2.04654230
v -0.42049945 -0.20949342 2.32189716
v -0.21183726 -0.07632861 2.14911229
v -0.25222632 -0.28176704 2.19119266
v -0.44188505 -0.04727365 2.15262883
v -0.50758493 -0.21907682 2.18910164
v -0.13572399 -0.19384546 2.09541747
v -0.56457876 -0.10639380 2.08535678
v -0.19400321 -0.18196121 2.23752086
v -0.60061115 -0.09904611 2.24808764
vn 0.11111155 0.53308128 -0.83873629
vn 0.14733907 0.70521345 0.69351654
vn -0.13388906 -0.68933010 -0.71196751
vn -0.08812947 -0.48003114 0.87281344
vn 0.46571108 0.87925197 0.10014572
vn 0.10889464 -0.98880266 0.10203558
vn -0.08361976 0.99353983 -0.07672244
vn -0.47368908 -0.87662871 -0.08450301
vn 0.80210610 -0.28660342 -0.52391248
vn -0.62304909 0.04279200 -0.78101131
vn 0.62632895 0.02592031 0.77912784
vn -0.75234959 0.37112436 0.54427641
vt 0.96001633 0.23754413
vt 0.72147337 0.57823575
vt 0.54902050 0.06368536
f 489/2401/489 486/2402/486 483/2403/483
vt 0.54902050 0.06368536
vt 0.62506387 -0.05196765
vt 0.96001633 0.23754413
f 483/2404/483 481/2405/481 489/2406/489
vt 0.37692770 1.04317790
vt 0.45070793 0.93873180
vt 0.00814213 0.78062261
f 484/2407/484 482/2408/482 492/2409/492
vt 0.84068739 0.74303445
vt 0.72147337 0.57823575
vt 0.96001633 0.23754413
f 491/2410/491 486/2411/486 489/2412/489
vt 0.84068739 0.74303445
vt 0.37692770 1.04317790
vt 0.72147337 0.57823575
f 491/2413/491 484/2414/484 486/2415/486
vt 0.45070793 0.93873180
vt 0.37692770 1.04317790
vt 0.84068739 0.74303445
f 482/2416/482 484/2417/484 491/2418/491
vt 0.00814213 0.78062261
vt 0.45070793 0.93873180
vt 0.33313988 0.44105645
f 492/2419/492 482/2420/482 487/2421/487
vt 0.96001633 0.23754413
vt 0.62506387 -0.05196765
vt 0.80417151 0.42854743
f 489/2422/489 481/2423/481 485/2424/485
vt 0.80417151 0.42854743
vt 0.84068739 0.74303445
vt 0.96001633 0.23754413
f 485/2425/485 491/2426/491 489/2427/489
vt 0.45070793 0.93873180
vt 0.84068739 0.74303445
vt 0.80417151 0.42854743
f 482/2428/482 491/2429/491 485/2430/485
vt 0.62506387 -0.05196765
vt 0.33313988 0.44105645
vt 0.80417151 0.42854743
f 481/2431/481 487/2432/487 485/2433/485
vt 0.80417151 0.42854743
vt 0.33313988 0.44105645
vt 0.45070793 0.93873180
f 485/2434/485 487/2435/487 482/2436/482
vt 0.62506387 -0.05196765
vt 0.54902050 0.06368536
vt 1.08191982 0.20175624
f 481/2437/481 483/2438/483 490/2439/490
vt 0.00814213 0.78062261
vt 0.33313988 0.44105645
vt 0.08191982 0.20175624
f 492/2440/492 487/2441/487 490/2442/490
vt 1.08191982 0.20175624
vt 1.33313988 0.44105645
vt 0.62506387 -0.05196765
f 490/2443/490 487/2444/487 481/2445/481
vt 1.19861686 0.57079756
vt 0.54902050 0.06368536
vt 0.72147337 0.57823575
f 488/2446/488 483/2447/483 486/2448/486
vt 0.72147337 0.57823575
vt 1.37692770 1.04317790
vt 1.19861686 0.57079756
f 486/2449/486 484/2450/484 488/2451/488
vt 0.19861686 0.57079756
vt 0.08191982 0.20175624
vt 0.54902050 0.06368536
f 488/2452/488 490/2453/490 483/2454/483
vt 0.19861686 0.57079756
vt 0.37692770 1.04317790
vt 0.00814213 0.78062261
f 488/2455/488 484/2456/484 492/2457/492
vt 0.00814213 0.78062261
vt 0.08191982 0.20175624
vt 0.19861686 0.57079756
f 492/2458/492 490/2459/490 488/2460/488
g foliage_spray_026
usemtl foliage
s 1
v -0.44461645 -0.11125248 2.07257674
v -0.46382589 -0.17118579 2.29519608
v -0.32573955 -0.16549447 2.10833666
v -0.34963927 -0.22658928 2.34052181
v -0.43897285 -0.03777757 2.18734469
v -0.25998179 -0.11608603 2.22324354
v -0.54810320 -0.22579136 2.18599125
v -0.35832296 -0.29197622 2.22258694
v -0.31292270 -0.01067161 2.14264854
v -0.48568608 -0.33291489 2.12359818
v -0.30328062 0.00731307 2.29295144
v -0.51262226 -0.38315704 2.29093589
vn -0.37689352 0.24718191 -0.89266588
vn -0.59813752 0.32312604 0.73336285
vn 0.61333912 -0.29876949 -0.73113058
vn 0.41212537 -0.22807924 0.88211821
vn -0.68767627 0.72116165 0.08382854
vn 0.98609175 -0.16417992 0.02584607
vn -0.98096567 0.18558523 -0.05713567
vn 0.71037240 -0.69595423 -0.10497029
vn 0.43053659 0.66637102 -0.60875931
vn -0.06584721 -0.62561794 -0.77734570
vn 0.09941589 0.65017089 0.75325579
vn -0.40667162 -0.68107324 0.60889854
vt 0.67320272 0.27656146
vt 0.69294524 0.81121907
vt 0.78160124 0.56325404
f 501/2461/501 503/2462/503 498/2463/498
vt 0.19166166 0.43074020
vt 0.26431025 0.80404935
vt 0.36422268 0.81920369
f 499/2464/499 504/2465/504 494/2466/494
vt 0.78160124 0.56325404
vt 0.69294524 0.81121907
vt 0.59802414 0.98043641
f 498/2467/498 503/2468/503 496/2469/496
vt 0.59802414 0.98043641
vt 0.36422268 0.81920369
vt 0.26431025 0.80404935
f 496/2470/496 494/2471/494 504/2472/504
vt 0.69294524 0.81121907
vt 0.36422268 0.81920369
vt 0.59802414 0.98043641
f 503/2473/503 494/2474/494 496/2475/496
vt 0.69294524 0.81121907
vt 0.67320272 0.27656146
vt 0.41511023 0.43555465
f 503/2476/503 501/2477/501 497/2478/497
vt 0.19166166 0.43074020
vt 0.36422268 0.81920369
vt 0.41511023 0.43555465
f 499/2479/499 494/2480/494 497/2481/497
vt 0.41511023 0.43555465
vt 0.36422268 0.81920369
vt 0.69294524 0.81121907
f 497/2482/497 494/2483/494 503/2484/503
vt 0.31946311 0.20879549
vt 0.26431025 0.80404935
vt 0.19166166 0.43074020
f 502/2485/502 504/2486/504 499/2487/499
vt 0.64695972 0.15450721
vt 0.67320272 0.27656146
vt 0.78160124 0.56325404
f 495/2488/495 501/2489/501 498/2490/498
vt 0.78160124 0.56325404
vt 0.59802414 0.98043641
vt 0.58024394 0.56091840
f 498/2491/498 496/2492/496 500/2493/500
vt 0.58024394 0.56091840
vt 0.64695972 0.15450721
vt 0.78160124 0.56325404
f 500/2494/500 495/2495/495 498/2496/498
vt 0.31946311 0.20879549
vt 0.64695972 0.15450721
vt 0.58024394 0.56091840
f 502/2497/502 495/2498/495 500/2499/500
vt 0.58024394 0.56091840
vt 0.59802414 0.98043641
vt 0.26431025 0.80404935
f 500/2500/500 496/2501/496 504/2502/504
vt 0.26431025 0.80404935
vt 0.31946311 0.20879549
vt 0.58024394 0.56091840
f 504/2503/504 502/2504/502 500/2505/500
vt 0.67320272 0.27656146
vt 0.64695972 0.15450721
vt 0.40355473 0.02730198
f 501/2506/501 495/2507/495 493/2508/493
vt 0.40355473 0.02730198
vt 0.64695972 0.15450721
vt 0.31946311 0.20879549
f 493/2509/493 495/2510/495 502/2511/502
vt 0.40355473 0.02730198
vt 0.41511023 0.43555465
vt 0.67320272 0.27656146
f 493/2512/493 497/2513/497 501/2514/501
vt 0.19166166 0.43074020
vt 0.41511023 0.43555465
vt 0.40355473 0.02730198
f 499/2515/499 497/2516/497 493/2517/493
vt 0.40355473 0.02730198
vt 0.31946311 0.20879549
vt 0.19166166 0.43074020
f 493/2518/493 502/2519/502 499/2520/499
g foliage_spray_027
usemtl foliage
s 1
v -0.38698557 -0.14234297 2.12793018
v -0.44807359 -0.12741906 2.32981421
v -0.40751993 -0.25954531 2.12204763
v -0.48729982 -0.24491794 2.38277043
v -0.26460653 -0.10649362 2.21482842
v -0.31396839 -0.32977578 2.26078322
v -0.54620292 -0.04264182 2.21356233
v -0.60882105 -0.27263526 2.26137118
v -0.21907523 -0.22933181 2.16792478
v -0.60857627 -0.14990512 2.16386289
v -0.26437518 -0.22009429 2.30519721
v -0.68697784 -0.13391755 2.32158524
vn 0.09678274 0.42373069 -0.90060280
vn 0.15588380 0.64890259 0.74473195
vn -0.11713275 -0.60863825 -0.78475436
vn -0.05024693 -0.37471558 0.92577723
vn 0.49104498 0.86652326 0.08951123
vn 0.13640638 -0.98556224 0.10030141
vn -0.07951086 0.99093733 -0.10826462
vn -0.48077291 -0.86967258 -0.11192417
vn 0.74828764 -0.23697254 -0.61960441
vn -0.55119686 0.01643409 -0.83421337
vn 0.59705017 0.06931801 0.79920342
vn -0.69538260 0.37014266 0.61598495
vt 0.73756819 0.58392126
vt 0.54601785 0.09041093
vt 0.93186555 0.25360516
f 510/2521/510 507/2522/507 513/2523/513
vt -0.02618289 0.80020627
vt 0.26205913 0.41594709
vt 0.13434731 0.23915618
f 516/2524/516 511/2525/511 514/2526/514
vt 0.93186555 0.25360516
vt 0.54601785 0.09041093
vt 0.58806274 0.11133633
f 513/2527/513 507/2528/507 505/2529/505
vt 0.58806274 0.11133633
vt 0.13434731 0.23915618
vt 0.26205913 0.41594709
f 505/2530/505 514/2531/514 511/2532/511
vt 0.54601785 0.09041093
vt 0.13434731 0.23915618
vt 0.58806274 0.11133633
f 507/2533/507 514/2534/514 505/2535/505
vt 0.54601785 0.09041093
vt 0.73756819 0.58392126
vt 1.13384612 0.58601278
f 507/2536/507 510/2537/510 512/2538/512
vt -0.02618289 0.80020627
vt 0.13434731 0.23915618
vt 0.13384612 0.58601278
f 516/2539/516 514/2540/514 512/2541/512
vt 0.13384612 0.58601278
vt 0.13434731 0.23915618
vt 0.54601785 0.09041093
f 512/2542/512 514/2543/514 507/2544/507
vt 0.83911218 0.74191076
vt 0.73756819 0.58392126
vt 0.93186555 0.25360516
f 515/2545/515 510/2546/510 513/2547/513
vt 0.46298269 0.82947839
vt 0.26205913 0.41594709
vt -0.02618289 0.80020627
f 506/2548/506 511/2549/511 516/2550/516
vt 0.73756819 0.58392126
vt 0.83911218 0.74191076
vt 0.38266548 1.01785428
f 510/2551/510 515/2552/515 508/2553/508
vt -0.02618289 0.80020627
vt 0.13384612 0.58601278
vt 0.38266548 1.01785428
f 516/2554/516 512/2555/512 508/2556/508
vt 1.38266548 1.01785428
vt 1.13384612 0.58601278
vt 0.73756819 0.58392126
f 508/2557/508 512/2558/512 510/2559/510
vt 0.38266548 1.01785428
vt 0.46298269 0.82947839
vt -0.02618289 0.80020627
f 508/2560/508 506/2561/506 516/2562/516
vt 0.83911218 0.74191076
vt 0.46298269 0.82947839
vt 0.38266548 1.01785428
f 515/2563/515 506/2564/506 508/2565/508
vt 1.26205913 0.41594709
vt 1.46298269 0.82947839
vt 0.83863849 0.42045083
f 511/2566/511 506/2567/506 509/2568/509
vt 0.83863849 0.42045083
vt 0.46298269 0.82947839
vt 0.83911218 0.74191076
f 509/2569/509 506/2570/506 515/2571/515
vt 0.83863849 0.42045083
vt 0.83911218 0.74191076
vt 0.93186555 0.25360516
f 509/2572/509 515/2573/515 513/2574/513
vt 0.93186555 0.25360516
vt 0.58806274 0.11133633
vt 0.83863849 0.42045083
f 513/2575/513 505/2576/505 509/2577/509
vt 0.83863849 0.42045083
vt 0.58806274 0.11133633
vt 1.26205913 0.41594709
f 509/2578/509 505/2579/505 511/2580/511
g foliage_spray_028
usemtl foliage
s 1
v -0.51380362 -0.14185946 2.12411767
v -0.54168311 -0.20745454 2.37610478
v -0.39585500 -0.20144414 2.17876914
v -0.42559970 -0.24897105 2.37295433
v -0.49857830 -0.09039954 2.25314502
v -0.33738949 -0.15656197 2.28509387
v -0.63513101 -0.26993026 2.24659777
v -0.41104092 -0.36630674 2.29139695
v -0.37932410 -0.04909284 2.20717645
v -0.54863188 -0.36489063 2.18892997
v -0.38406045 -0.05792721 2.34172534
v -0.57336512 -0.41102379 2.35126204
vn -0.35193583 0.25845780 -0.89963367
vn -0.54183174 0.33370021 0.77140297
vn 0.61524739 -0.27504272 -0.73879778
vn 0.41929872 -0.17818724 0.89018981
vn -0.65018931 0.75304539 0.10087867
vn 0.98898570 -0.10833927 0.10084582
vn -0.98030928 0.18372399 -0.07238241
vn 0.72494166 -0.68557643 -0.06666753
vn 0.45405340 0.70698194 -0.54222878
vn -0.06847889 -0.61519988 -0.78539146
vn 0.15058049 0.63397260 0.75855406
vn -0.36926544 -0.67070616 0.64326999
vt 0.14648204 0.42059183
vt 0.27295006 0.79290365
vt 0.33782018 0.88127426
f 523/2581/523 528/2582/528 518/2583/518
vt 0.57550540 0.87006747
vt 0.33782018 0.88127426
vt 0.27295006 0.79290365
f 520/2584/520 518/2585/518 528/2586/528
vt 0.14648204 0.42059183
vt 0.33782018 0.88127426
vt 0.42607894 0.44388171
f 523/2587/523 518/2588/518 521/2589/521
vt 0.75611916 0.55753019
vt 0.67025645 0.28036226
vt 0.66055860 0.75897969
f 522/2590/522 525/2591/525 527/2592/527
vt 0.66055860 0.75897969
vt 0.57550540 0.87006747
vt 0.75611916 0.55753019
f 527/2593/527 520/2594/520 522/2595/522
vt 0.33782018 0.88127426
vt 0.57550540 0.87006747
vt 0.66055860 0.75897969
f 518/2596/518 520/2597/520 527/2598/527
vt 0.66055860 0.75897969
vt 0.42607894 0.44388171
vt 0.33782018 0.88127426
f 527/2599/527 521/2600/521 518/2601/518
vt 0.67025645 0.28036226
vt 0.42607894 0.44388171
vt 0.66055860 0.75897969
f 525/2602/525 521/2603/521 527/2604/527
vt 0.32359231 0.21545586
vt 0.27295006 0.79290365
vt 0.14648204 0.42059183
f 526/2605/526 528/2606/528 523/2607/523
vt 0.27295006 0.79290365
vt 0.32359231 0.21545586
vt 0.60531506 0.57995151
f 528/2608/528 526/2609/526 524/2610/524
vt 0.75611916 0.55753019
vt 0.57550540 0.87006747
vt 0.60531506 0.57995151
f 522/2611/522 520/2612/520 524/2613/524
vt 0.60531506 0.57995151
vt 0.57550540 0.87006747
vt 0.27295006 0.79290365
f 524/2614/524 520/2615/520 528/2616/528
vt 0.39490451 -0.01509452
vt 0.32359231 0.21545586
vt 0.14648204 0.42059183
f 517/2617/517 526/2618/526 523/2619/523
vt 0.14648204 0.42059183
vt 0.42607894 0.44388171
vt 0.39490451 -0.01509452
f 523/2620/523 521/2621/521 517/2622/517
vt 0.39490451 -0.01509452
vt 0.42607894 0.44388171
vt 0.67025645 0.28036226
f 517/2623/517 521/2624/521 525/2625/525
vt 0.63640880 0.17931174
vt 0.60531506 0.57995151
vt 0.32359231 0.21545586
f 519/2626/519 524/2627/524 526/2628/526
vt 0.32359231 0.21545586
vt 0.39490451 -0.01509452
vt 0.63640880 0.17931174
f 526/2629/526 517/2630/517 519/2631/519
vt 0.63640880 0.17931174
vt 0.39490451 -0.01509452
vt 0.67025645 0.28036226
f 519/2632/519 517/2633/517 525/2634/525
vt 0.63640880 0.17931174
vt 0.67025645 0.28036226
vt 0.75611916 0.55753019
f 519/2635/519 525/2636/525 522/2637/522
vt 0.75611916 0.55753019
vt 0.60531506 0.57995151
vt 0.63640880 0.17931174
f 522/2638/522 524/2639/524 519/2640/519
g foliage_spray_029
usemtl foliage
s 1
v -0.44770088 -0.17264134 2.17697246
v -0.52005964 -0.14910843 2.41963721
v -0.47937864 -0.28164956 2.21121823
v -0.54610375 -0.27326185 2.42695698
v -0.34177422 -0.14827848 2.28189087
v -0.41063804 -0.33045531 2.32053369
v -0.57497912 -0.12726457 2.28711777
v -0.64461030 -0.29444804 2.32283867
v -0.31638098 -0.26022313 2.24351031
v -0.65770082 -0.19062151 2.23704468
v -0.30649861 -0.26223833 2.38125378
v -0.75000000 -0.17179995 2.38591195
vn 0.08115384 0.44109335 -0.89378449
vn 0.12940592 0.69113454 0.71104652
vn -0.11984100 -0.67094237 -0.73176121
vn -0.09014721 -0.51696789 0.85124478
vn 0.46439256 0.88518050 0.02819647
vn 0.09520454 -0.99445536 0.04466126
vn -0.10047099 0.98473895 -0.14210831
vn -0.44569178 -0.88684751 -0.12190292
vn 0.67461944 -0.38855288 -0.62762670
vn -0.56477641 0.01968901 -0.82500906
vn 0.61960861 -0.07480893 0.78133782
vn -0.76348319 0.35664804 0.53841953
vt 0.89062647 0.77865925
vt 0.67739700 0.56266572
vt 0.87039193 0.28867808
f 539/2641/539 534/2642/534 537/2643/537
vt 0.40002581 0.94123472
vt 0.67739700 0.56266572
vt 0.89062647 0.77865925
f 532/2644/532 534/2645/534 539/2646/539
vt -0.01745955 0.79522930
vt 0.40002581 0.94123472
vt 0.45335211 0.91519685
f 540/2647/540 532/2648/532 530/2649/530
vt 0.45335211 0.91519685
vt 0.40002581 0.94123472
vt 0.89062647 0.77865925
f 530/2650/530 532/2651/532 539/2652/539
vt 0.19832988 0.57086497
vt 0.40002581 0.94123472
vt -0.01745955 0.79522930
f 536/2653/536 532/2654/532 540/2655/540
vt 0.67739700 0.56266572
vt 0.40002581 0.94123472
vt 0.19832988 0.57086497
f 534/2656/534 532/2657/532 536/2658/536
vt -0.01745955 0.79522930
vt 0.17152654 0.26567853
vt 0.19832988 0.57086497
f 540/2659/540 538/2660/538 536/2661/536
vt -0.01745955 0.79522930
vt 0.45335211 0.91519685
vt 0.34090238 0.44379856
f 540/2662/540 530/2663/530 535/2664/535
vt 0.34090238 0.44379856
vt 0.17152654 0.26567853
vt -0.01745955 0.79522930
f 535/2665/535 538/2666/538 540/2667/540
vt 0.60150942 0.05198957
vt 0.17152654 0.26567853
vt 0.34090238 0.44379856
f 529/2668/529 538/2669/538 535/2670/535
vt 0.81839830 0.42520543
vt 0.45335211 0.91519685
vt 0.89062647 0.77865925
f 533/2671/533 530/2672/530 539/2673/539
vt 0.89062647 0.77865925
vt 0.87039193 0.28867808
vt 0.81839830 0.42520543
f 539/2674/539 537/2675/537 533/2676/533
vt 0.81839830 0.42520543
vt 0.87039193 0.28867808
vt 0.60150942 0.05198957
f 533/2677/533 537/2678/537 529/2679/529
vt 0.60150942 0.05198957
vt 0.34090238 0.44379856
vt 0.81839830 0.42520543
f 529/2680/529 535/2681/535 533/2682/533
vt 0.81839830 0.42520543
vt 0.34090238 0.44379856
vt 0.45335211 0.91519685
f 533/2683/533 535/2684/535 530/2685/530
vt 0.53664801 0.17380864
vt 0.17152654 0.26567853
vt 0.60150942 0.05198957
f 531/2686/531 538/2687/538 529/2688/529
vt 0.53664801 0.17380864
vt 0.19832988 0.57086497
vt 0.17152654 0.26567853
f 531/2689/531 536/2690/536 538/2691/538
vt 0.67739700 0.56266572
vt 0.19832988 0.57086497
vt 0.53664801 0.17380864
f 534/2692/534 536/2693/536 531/2694/531
vt 0.53664801 0.17380864
vt 0.87039193 0.28867808
vt 0.67739700 0.56266572
f 531/2695/531 537/2696/537 534/2697/534
vt 0.60150942 0.05198957
vt 0.87039193 0.28867808
vt 0.53664801 0.17380864
f 529/2698/529 537/2699/537 531/2700/531
g stem_15
usemtl wood
s 1
v -0.03770646 -0.01621053 2.09836617
v -0.03618681 -0.02877490 2.08982498
v -0.02630695 -0.02877490 2.07720788
v -0.01794673 -0.01621053 2.07313197
v -0.01946638 -0.00364616 2.08167317
v -0.02934625 -0.00364616 2.09429027
v 0.19944898 -0.09309207 2.24959857
v 0.20068370 -0.10330062 2.24265885
v 0.20871109 -0.10330062 2.23240745
v 0.21550376 -0.09309207 2.22909578
v 0.21426905 -0.08288352 2.23603551
v 0.20624165 -0.08288352 2.24628690
vn -0.60272420 0.02233649 0.79763690
vn -0.45444618 -0.85170346 0.26092125
vn -0.03015860 -0.78249979 -0.62192004
vn 0.54275079 0.00149820 -0.83989245
vn 0.39480813 0.86754993 -0.30246268
vn -0.11633594 0.85046578 0.51300479
vn -0.48980975 -0.02153765 0.87156327
vn -0.42557621 -0.86004752 0.28143054
vn 0.10921179 -0.84786962 -0.51883513
vn 0.62333504 -0.03084195 -0.78134641
vn 0.48135526 0.84271814 -0.24108764
vn -0.05693898 0.82658147 0.55992948
vt 0.33333333 0.00000000
vt 0.16666667 0.00000000
vt 0.00000000 0.00000000
f 543/2701/543 542/2702/542 541/2703/541
vt 1.00000000 0.00000000
vt 0.83333333 0.00000000
vt 1.33333333 0.00000000
f 541/2704/541 546/2705/546 543/2706/543
vt 0.83333333 0.00000000
vt 0.66666667 0.00000000
vt 0.33333333 0.00000000
f 546/2707/546 545/2708/545 543/2709/543
vt 0.33333333 0.00000000
vt 0.66666667 0.00000000
vt 0.50000000 0.00000000
f 543/2710/543 545/2711/545 544/2712/544
vt 0.50000000 0.00000000
vt 0.66666667 0.00000000
vt 0.66666667 1.00000000
f 544/2713/544 545/2714/545 551/2715/551
vt 0.50000000 1.00000000
vt 0.50000000 0.00000000
vt 0.66666667 1.00000000
f 550/2716/550 544/2717/544 551/2718/551
vt 0.66666667 1.00000000
vt 0.66666667 0.00000000
vt 0.83333333 0.00000000
f 551/2719/551 545/2720/545 546/2721/546
vt 0.83333333 0.00000000
vt 0.83333333 1.00000000
vt 0.66666667 1.00000000
f 546/2722/546 552/2723/552 551/2724/551
vt 0.33333333 1.00000000
vt 0.33333333 0.00000000
vt 0.50000000 0.00000000
f 549/2725/549 543/2726/543 544/2727/544
vt 0.33333333 1.00000000
vt 0.50000000 0.00000000
vt 0.50000000 1.00000000
f 549/2728/549 544/2729/544 550/2730/550
vt 0.16666667 0.00000000
vt 0.33333333 0.00000000
vt 0.33333333 1.00000000
f 542/2731/542 543/2732/543 549/2733/549
vt 0.33333333 1.00000000
vt 0.16666667 1.00000000
vt 0.16666667 0.00000000
f 549/2734/549 548/2735/548 542/2736/542
vt 0.00000000 1.00000000
vt 0.33333333 1.00000000
vt 0.50000000 1.00000000
f 547/2737/547 549/2738/549 550/2739/550
vt 0.50000000 1.00000000
vt 0.66666667 1.00000000
vt 1.00000000 1.00000000
f 550/2740/550 551/2741/551 547/2742/547
vt 1.00000000 1.00000000
vt 0.66666667 1.00000000
vt 0.83333333 1.00000000
f 547/2743/547 551/2744/551 552/2745/552
vt 0.16666667 1.00000000
vt 0.33333333 1.00000000
vt 0.00000000 1.00000000
f 548/2746/548 549/2747/549 547/2748/547
vt 1.00000000 1.00000000
vt 0.83333333 0.00000000
vt 1.00000000 0.00000000
f 547/2749/547 546/2750/546 541/2751/541
vt 1.00000000 1.00000000
vt 0.83333333 1.00000000
vt 0.83333333 0.00000000
f 547/2752/547 552/2753/552 546/2754/546
vt 0.00000000 0.00000000
vt 0.16666667 0.00000000
vt 0.00000000 1.00000000
f 541/2755/541 542/2756/542 547/2757/547
vt 0.16666667 0.00000000
vt 0.16666667 1.00000000
vt 0.00000000 1.00000000
f 542/2758/542 548/2759/548 547/2760/547
g stem_16
usemtl wood
s 1
v 0.19685601 -0.09309207 2.24884217
v 0.20099666 -0.10446725 2.24300418
v 0.21161701 -0.10446725 2.23350918
v 0.21809673 -0.09309207 2.22985218
v 0.21395609 -0.08171688 2.23569018
v 0.20333573 -0.08171688 2.24518517
v 0.46000621 -0.13585445 2.48173864
v 0.46148501 -0.13991701 2.47965364
v 0.46527799 -0.13991701 2.47626257
v 0.46759218 -0.13585445 2.47495650
v 0.46611338 -0.13179188 2.47704150
v 0.46232039 -0.13179188 2.48043257
vn -0.67779360 -0.00079882 0.73525180
vn -0.43762502 -0.87065049 0.22461540
vn 0.25501929 -0.87037088 -0.42121218
vn 0.66840852 0.00258226 -0.74378988
vn 0.36096277 0.88093240 -0.30604571
vn -0.26311886 0.87223038 0.41228950
vn -0.65468199 -0.00515324 0.75588686
vn -0.37528787 -0.87988591 0.29147863
vn 0.27122853 -0.87397039 -0.40325033
vn 0.72057898 -0.00761895 -0.69333100
vn 0.41750692 0.87450392 -0.24684178
vn -0.23038940 0.86398665 0.44771396
vt 0.66666667 1.00000000
vt 0.50000000 0.00000000
vt 0.66666667 0.00000000
f 563/2761/563 556/2762/556 557/2763/557
vt 0.50000000 1.00000000
vt 0.50000000 0.00000000
vt 0.66666667 1.00000000
f 562/2764/562 556/2765/556 563/2766/563
vt 0.66666667 0.00000000
vt 0.83333333 0.00000000
vt 0.66666667 1.00000000
f 557/2767/557 558/2768/558 563/2769/563
vt 0.66666667 1.00000000
vt 0.83333333 0.00000000
vt 0.83333333 1.00000000
f 563/2770/563 558/2771/558 564/2772/564
vt 0.66666667 0.00000000
vt 0.50000000 0.00000000
vt 0.16666667 0.00000000
f 557/2773/557 556/2774/556 554/2775/554
vt 1.00000000 0.00000000
vt 0.83333333 0.00000000
vt 1.16666667 0.00000000
f 553/2776/553 558/2777/558 554/2778/554
vt 0.50000000 0.00000000
vt 0.33333333 0.00000000
vt 0.16666667 0.00000000
f 556/2779/556 555/2780/555 554/2781/554
vt 1.16666667 0.00000000
vt 0.83333333 0.00000000
vt 0.66666667 0.00000000
f 554/2782/554 558/2783/558 557/2784/557
vt 0.33333333 1.00000000
vt 0.33333333 0.00000000
vt 0.50000000 0.00000000
f 561/2785/561 555/2786/555 556/2787/556
vt 0.33333333 1.00000000
vt 0.50000000 0.00000000
vt 0.50000000 1.00000000
f 561/2788/561 556/2789/556 562/2790/562
vt 0.33333333 1.00000000
vt 0.16666667 0.00000000
vt 0.33333333 0.00000000
f 561/2791/561 554/2792/554 555/2793/555
vt 0.16666667 1.00000000
vt 0.16666667 0.00000000
vt 0.33333333 1.00000000
f 560/2794/560 554/2795/554 561/2796/561
vt 1.00000000 1.00000000
vt 0.66666667 1.00000000
vt 0.83333333 1.00000000
f 559/2797/559 563/2798/563 564/2799/564
vt 0.50000000 1.00000000
vt 0.66666667 1.00000000
vt 1.00000000 1.00000000
f 562/2800/562 563/2801/563 559/2802/559
vt 0.00000000 1.00000000
vt 0.33333333 1.00000000
vt 0.50000000 1.00000000
f 559/2803/559 561/2804/561 562/2805/562
vt 0.16666667 1.00000000
vt 0.33333333 1.00000000
vt 0.00000000 1.00000000
f 560/2806/560 561/2807/561 559/2808/559
vt 0.83333333 1.00000000
vt 0.83333333 0.00000000
vt 1.00000000 1.00000000
f 564/2809/564 558/2810/558 559/2811/559
vt 1.00000000 1.00000000
vt 0.83333333 0.00000000
vt 1.00000000 0.00000000
f 559/2812/559 558/2813/558 553/2814/553
vt 0.00000000 0.00000000
vt 0.16666667 0.00000000
vt 0.00000000 1.00000000
f 553/2815/553 554/2816/554 559/2817/559
vt 0.00000000 1.00000000
vt 0.16666667 0.00000000
vt 0.16666667 1.00000000
f 559/2818/559 554/2819/554 560/2820/560
g foliage_spray_030
usemtl foliage
s 1
v 0.27980174 -0.16471244 2.20348047
v 0.35547709 -0.15732263 2.43410991
v 0.22375817 -0.05936222 2.20220567
v 0.29354047 -0.05232547 2.41521558
v 0.20685536 -0.24822736 2.29224936
v 0.09573225 -0.04647860 2.33753320
v 0.46335577 -0.16158878 2.29120461
v 0.35331873 0.01126050 2.33100079
v 0.10016018 -0.17349662 2.24896305
v 0.46677227 -0.04169535 2.23581802
v 0.14139076 -0.15867376 2.37625655
v 0.45484417 -0.04598365 2.37139822
vn 0.12884174 -0.43066435 -0.89326817
vn 0.21099980 -0.57410661 0.79112621
vn -0.21727468 0.61116610 -0.76109638
vn -0.12878008 0.44593358 0.88575331
vn 0.01656453 -0.99878453 0.04642288
vn -0.60960497 0.77720147 0.15601173
vn 0.62759787 -0.76797151 -0.12783065
vn -0.02238235 0.99963011 -0.01544885
vn -0.73520151 -0.31117864 -0.60220146
vn 0.48171906 0.41240232 -0.77322123
vn -0.48357438 -0.35953834 0.79805263
vn 0.69297410 0.35359692 0.62829620
vt 0.63592025 0.56247688
vt 1.37064008 0.10432675
vt 1.10850211 0.58571397
f 572/2821/572 567/2822/567 570/2823/570
vt 0.86822072 0.22389263
vt 0.37064008 0.10432675
vt 0.63592025 0.56247688
f 574/2824/574 567/2825/567 572/2826/572
vt 0.33603092 0.42463025
vt 0.64033958 0.92925674
vt 0.20198965 0.72346068
f 569/2827/569 566/2828/566 575/2829/575
vt 0.86122529 0.42091386
vt 0.64033958 0.92925674
vt 1.33603092 0.42463025
f 571/2830/571 566/2831/566 569/2832/569
vt 0.10850211 0.58571397
vt 0.37064008 0.10432675
vt 0.11756847 0.27065213
f 570/2833/570 567/2834/567 573/2835/573
vt 0.11756847 0.27065213
vt 0.20198965 0.72346068
vt 0.10850211 0.58571397
f 573/2836/573 575/2837/575 570/2838/570
vt 0.33603092 0.42463025
vt 0.20198965 0.72346068
vt 0.11756847 0.27065213
f 569/2839/569 575/2840/575 573/2841/573
vt 0.51352200 0.86204578
vt 0.63592025 0.56247688
vt 1.10850211 0.58571397
f 568/2842/568 572/2843/572 570/2844/570
vt 0.10850211 0.58571397
vt 0.20198965 0.72346068
vt 0.51352200 0.86204578
f 570/2845/570 575/2846/575 568/2847/568
vt 0.51352200 0.86204578
vt 0.20198965 0.72346068
vt 0.64033958 0.92925674
f 568/2848/568 575/2849/575 566/2850/566
vt 0.86822072 0.22389263
vt 0.63592025 0.56247688
vt 0.84379746 0.70617865
f 574/2851/574 572/2852/572 576/2853/576
vt 0.84379746 0.70617865
vt 0.86122529 0.42091386
vt 0.86822072 0.22389263
f 576/2854/576 571/2855/571 574/2856/574
vt 0.64033958 0.92925674
vt 0.86122529 0.42091386
vt 0.84379746 0.70617865
f 566/2857/566 571/2858/571 576/2859/576
vt 0.84379746 0.70617865
vt 0.51352200 0.86204578
vt 0.64033958 0.92925674
f 576/2860/576 568/2861/568 566/2862/566
vt 0.63592025 0.56247688
vt 0.51352200 0.86204578
vt 0.84379746 0.70617865
f 572/2863/572 568/2864/568 576/2865/576
vt 1.48539142 0.10886146
vt 0.86122529 0.42091386
vt 1.33603092 0.42463025
f 565/2866/565 571/2867/571 569/2868/569
vt 0.33603092 0.42463025
vt 0.11756847 0.27065213
vt 0.48539142 0.10886146
f 569/2869/569 573/2870/573 565/2871/565
vt 0.48539142 0.10886146
vt 0.11756847 0.27065213
vt 0.37064008 0.10432675
f 565/2872/565 573/2873/573 567/2874/567
vt 0.48539142 0.10886146
vt 0.37064008 0.10432675
vt 0.86822072 0.22389263
f 565/2875/565 567/2876/567 574/2877/574
vt 0.86822072 0.22389263
vt 0.86122529 0.42091386
vt 0.48539142 0.10886146
f 574/2878/574 571/2879/571 565/2880/565
g foliage_spray_031
usemtl foliage
s 1
v 0.25924171 -0.12009444 2.23626889
v 0.29231728 -0.17499465 2.45706925
v 0.36431986 -0.05010089 2.24409384
v 0.40229776 -0.10571926 2.47656504
v 0.12894637 -0.06879657 2.32728667
v 0.34912673 0.04729574 2.37323537
v 0.30800694 -0.26429927 2.33137899
v 0.50465740 -0.15261115 2.37333578
v 0.19649525 0.05650815 2.27760575
v 0.42268758 -0.23549394 2.28492886
v 0.22696723 0.01717046 2.42282322
v 0.46396056 -0.28877513 2.42831824
vn -0.30152150 -0.26700851 -0.91530937
vn -0.49483677 -0.38925142 0.77692979
vn 0.49547970 0.37066718 -0.78556076
vn 0.32381237 0.26281742 0.90888534
vn -0.94637187 -0.31354730 0.07789971
vn 0.53726590 0.83588697 0.11242029
vn -0.52127418 -0.84219084 -0.13779627
vn 0.94873786 0.29841599 -0.10413633
vn -0.31101592 0.74040706 -0.59587455
vn 0.40271610 -0.43718370 -0.80417048
vn -0.40378954 0.44091633 0.80159017
vn 0.33096366 -0.76039793 0.55880053
vt 0.65223378 0.94425055
vt 0.77849070 0.77262700
vt 0.86181903 0.57704335
f 580/2881/580 588/2882/588 584/2883/584
vt 0.54336406 0.57668618
vt 0.65223378 0.94425055
vt 0.86181903 0.57704335
f 582/2884/582 580/2885/580 584/2886/584
vt 0.86181903 0.57704335
vt 0.77849070 0.77262700
vt 0.69398270 0.26256217
f 584/2887/584 588/2888/588 586/2889/586
vt 0.77849070 0.77262700
vt 0.65223378 0.94425055
vt 0.42704454 0.87490012
f 588/2890/588 580/2891/580 578/2892/578
vt 0.65223378 0.94425055
vt 0.54336406 0.57668618
vt 0.29323783 0.75308010
f 580/2893/580 582/2894/582 587/2895/587
vt 0.09253637 0.41323740
vt 0.42704454 0.87490012
vt 0.29323783 0.75308010
f 581/2896/581 578/2897/578 587/2898/587
vt 0.29323783 0.75308010
vt 0.42704454 0.87490012
vt 0.65223378 0.94425055
f 587/2899/587 578/2900/578 580/2901/580
vt 0.45916971 0.42779461
vt 0.69398270 0.26256217
vt 0.77849070 0.77262700
f 583/2902/583 586/2903/586 588/2904/588
vt 0.45916971 0.42779461
vt 0.42704454 0.87490012
vt 0.09253637 0.41323740
f 583/2905/583 578/2906/578 581/2907/581
vt 0.77849070 0.77262700
vt 0.42704454 0.87490012
vt 0.45916971 0.42779461
f 588/2908/588 578/2909/578 583/2910/583
vt 0.57447257 0.11730380
vt 0.54336406 0.57668618
vt 0.86181903 0.57704335
f 579/2911/579 582/2912/582 584/2913/584
vt 0.86181903 0.57704335
vt 0.69398270 0.26256217
vt 0.57447257 0.11730380
f 584/2914/584 586/2915/586 579/2916/579
vt 0.54336406 0.57668618
vt 0.57447257 0.11730380
vt 0.23084527 0.23651240
f 582/2917/582 579/2918/579 585/2919/585
vt 0.09253637 0.41323740
vt 0.29323783 0.75308010
vt 0.23084527 0.23651240
f 581/2920/581 587/2921/587 585/2922/585
vt 0.23084527 0.23651240
vt 0.29323783 0.75308010
vt 0.54336406 0.57668618
f 585/2923/585 587/2924/587 582/2925/582
vt 0.69398270 0.26256217
vt 0.45916971 0.42779461
vt 0.35932105 0.08946888
f 586/2926/586 583/2927/583 577/2928/577
vt 0.35932105 0.08946888
vt 0.57447257 0.11730380
vt 0.69398270 0.26256217
f 577/2929/577 579/2930/579 586/2931/586
vt 0.35932105 0.08946888
vt 0.45916971 0.42779461
vt 0.09253637 0.41323740
f 577/2932/577 583/2933/583 581/2934/581
vt 0.09253637 0.41323740
vt 0.23084527 0.23651240
vt 0.35932105 0.08946888
f 581/2935/581 585/2936/585 577/2937/577
vt 0.35932105 0.08946888
vt 0.23084527 0.23651240
vt 0.57447257 0.11730380
f 577/2938/577 585/2939/585 579/2940/579
g foliage_spray_032
usemtl foliage
s 1
v 0.36073034 -0.18735141 2.26308950
v 0.42133062 -0.15898100 2.48212155
v 0.30528910 -0.07267999 2.27781891
v 0.37587153 -0.06349193 2.49643862
v 0.29682569 -0.24783165 2.37083212
v 0.22140208 -0.07382915 2.40851291
v 0.55348285 -0.17781019 2.36666348
v 0.44369798 0.01238070 2.40969174
v 0.12845638 -0.20649610 2.30689684
v 0.57155164 -0.04719825 2.30247636
v 0.19979904 -0.18084759 2.46292919
v 0.60499102 -0.03517640 2.47139427
vn 0.14491866 -0.46373081 -0.87404366
vn 0.19599143 -0.61440236 0.76426246
vn -0.24375580 0.65172851 -0.71821519
vn -0.17006501 0.42123974 0.89086193
vn 0.06066668 -0.99131188 0.11670606
vn -0.58908219 0.79399249 0.15019353
vn 0.57227082 -0.81829548 -0.05383880
vn -0.09566811 0.99509105 -0.02532629
vn -0.77712188 -0.23563818 -0.58357195
vn 0.44667179 0.40660659 -0.79696636
vn -0.43663910 -0.35997966 0.82447616
vn 0.67184949 0.22555467 0.70550928
vt 0.36963191 0.10124306
vt 0.48314997 0.04884760
vt 0.00756017 0.20467909
f 591/2941/591 589/2942/589 597/2943/597
vt 0.00756017 0.20467909
vt 0.15363700 0.75971753
vt 0.19787004 0.56614789
f 597/2944/597 599/2945/599 594/2946/594
vt 0.19787004 0.56614789
vt 0.36963191 0.10124306
vt 0.00756017 0.20467909
f 594/2947/594 591/2948/591 597/2949/597
vt 0.65302937 0.57034122
vt 0.36963191 0.10124306
vt 0.19787004 0.56614789
f 596/2950/596 591/2951/591 594/2952/594
vt 0.98328303 0.78982949
vt 0.65302937 0.57034122
vt 0.51415213 0.87891731
f 600/2953/600 596/2954/596 592/2955/592
vt 0.65302937 0.57034122
vt 0.19787004 0.56614789
vt 0.51415213 0.87891731
f 596/2956/596 594/2957/594 592/2958/592
vt 0.51415213 0.87891731
vt 0.19787004 0.56614789
vt 0.15363700 0.75971753
f 592/2959/592 594/2960/594 599/2961/599
vt 0.60723136 0.82798860
vt 0.87781808 0.41728106
vt 0.98328303 0.78982949
f 590/2962/590 595/2963/595 600/2964/600
vt 0.98328303 0.78982949
vt 0.51415213 0.87891731
vt 0.60723136 0.82798860
f 600/2965/600 592/2966/592 590/2967/590
vt 0.60723136 0.82798860
vt 0.51415213 0.87891731
vt 0.15363700 0.75971753
f 590/2968/590 592/2969/592 599/2970/599
vt 1.48314997 0.04884760
vt 1.36963191 0.10124306
vt 0.91481463 0.18895456
f 589/2971/589 591/2972/591 598/2973/598
vt 0.91481463 0.18895456
vt 0.87781808 0.41728106
vt 0.48314997 0.04884760
f 598/2974/598 595/2975/595 589/2976/589
vt 0.98328303 0.78982949
vt 0.87781808 0.41728106
vt 0.91481463 0.18895456
f 600/2977/600 595/2978/595 598/2979/598
vt 0.91481463 0.18895456
vt 0.65302937 0.57034122
vt 0.98328303 0.78982949
f 598/2980/598 596/2981/596 600/2982/600
vt 0.91481463 0.18895456
vt 1.36963191 0.10124306
vt 0.65302937 0.57034122
f 598/2983/598 591/2984/591 596/2985/596
vt 0.35230276 0.43210973
vt 0.15363700 0.75971753
vt 0.00756017 0.20467909
f 593/2986/593 599/2987/599 597/2988/597
vt 0.00756017 0.20467909
vt 0.48314997 0.04884760
vt 0.35230276 0.43210973
f 597/2989/597 589/2990/589 593/2991/593
vt 1.48314997 0.04884760
vt 0.87781808 0.41728106
vt 1.35230276 0.43210973
f 589/2992/589 595/2993/595 593/2994/593
vt 0.35230276 0.43210973
vt 0.60723136 0.82798860
vt 0.15363700 0.75971753
f 593/2995/593 590/2996/590 599/2997/599
vt 0.87781808 0.41728106
vt 0.60723136 0.82798860
vt 1.35230276 0.43210973
f 595/2998/595 590/2999/590 593/3000/593
g foliage_spray_033
usemtl foliage
s 1
v 0.31915349 -0.13462992 2.27943861
v 0.37316215 -0.18097523 2.51709156
v 0.44667825 -0.05345617 2.29963935
v 0.49081423 -0.11738036 2.56778303
v 0.25720854 -0.09308399 2.40528239
v 0.42061315 -0.00653178 2.43942815
v 0.38669001 -0.26359244 2.40489733
v 0.55794104 -0.16017217 2.44214174
v 0.29082084 0.02117987 2.35912669
v 0.52845365 -0.28559126 2.33628923
v 0.27975787 0.03546156 2.51150732
v 0.55812323 -0.32389308 2.50974738
vn -0.43306915 -0.28490317 -0.85514986
vn -0.55286222 -0.42937338 0.71413015
vn 0.53263674 0.46502872 -0.70713958
vn 0.37853906 0.30573009 0.87363453
vn -0.93940209 -0.32965449 0.09408308
vn 0.55500329 0.82939904 0.06378540
vn -0.59258640 -0.80450451 -0.04017275
vn 0.92866145 0.36431263 -0.06974397
vn -0.33354830 0.77880226 -0.53123683
vn 0.43495362 -0.45323847 -0.77806828
vn -0.45510707 0.45757713 0.76387219
vn 0.28285942 -0.75341091 0.59360134
vt 0.26653129 0.27144704
vt 0.32454348 -0.01201946
vt 0.19770882 0.43563212
f 609/3001/609 601/3002/601 605/3003/605
vt 0.81384313 0.80723507
vt 0.67602539 1.01367955
vt 0.43512827 0.83335982
f 612/3004/612 604/3005/604 602/3006/602
vt 0.19770882 0.43563212
vt 0.32454348 -0.01201946
vt 0.46282707 0.43426239
f 605/3007/605 601/3008/601 607/3009/607
vt 0.46282707 0.43426239
vt 0.43512827 0.83335982
vt 0.19770882 0.43563212
f 607/3010/607 602/3011/602 605/3012/605
vt 0.81384313 0.80723507
vt 0.43512827 0.83335982
vt 0.46282707 0.43426239
f 612/3013/612 602/3014/602 607/3015/607
vt 0.32454348 -0.01201946
vt 0.26653129 0.27144704
vt 0.58565528 0.05983861
f 601/3016/601 609/3017/609 603/3018/603
vt 0.19770882 0.43563212
vt 0.43512827 0.83335982
vt 0.24387944 0.81349553
f 605/3019/605 602/3020/602 611/3021/611
vt 0.24387944 0.81349553
vt 0.43512827 0.83335982
vt 0.67602539 1.01367955
f 611/3022/611 602/3023/602 604/3024/604
vt 0.24387944 0.81349553
vt 0.26653129 0.27144704
vt 0.19770882 0.43563212
f 611/3025/611 609/3026/609 605/3027/605
vt 0.32454348 -0.01201946
vt 0.58565528 0.05983861
vt 0.75309354 0.19020959
f 601/3028/601 603/3029/603 610/3030/610
vt 0.81384313 0.80723507
vt 0.46282707 0.43426239
vt 0.75309354 0.19020959
f 612/3031/612 607/3032/607 610/3033/610
vt 0.75309354 0.19020959
vt 0.46282707 0.43426239
vt 0.32454348 -0.01201946
f 610/3034/610 607/3035/607 601/3036/601
vt 0.81347009 0.56674824
vt 0.67602539 1.01367955
vt 0.81384313 0.80723507
f 608/3037/608 604/3038/604 612/3039/612
vt 0.81384313 0.80723507
vt 0.75309354 0.19020959
vt 0.81347009 0.56674824
f 612/3040/612 610/3041/610 608/3042/608
vt 0.81347009 0.56674824
vt 0.75309354 0.19020959
vt 0.58565528 0.05983861
f 608/3043/608 610/3044/610 603/3045/603
vt 0.53228600 0.55709544
vt 0.58565528 0.05983861
vt 0.26653129 0.27144704
f 606/3046/606 603/3047/603 609/3048/609
vt 0.26653129 0.27144704
vt 0.24387944 0.81349553
vt 0.53228600 0.55709544
f 609/3049/609 611/3050/611 606/3051/606
vt 0.53228600 0.55709544
vt 0.24387944 0.81349553
vt 0.67602539 1.01367955
f 606/3052/606 611/3053/611 604/3054/604
vt 0.67602539 1.01367955
vt 0.81347009 0.56674824
vt 0.53228600 0.55709544
f 604/3055/604 608/3056/608 606/3057/606
vt 0.53228600 0.55709544
vt 0.81347009 0.56674824
vt 0.58565528 0.05983861
f 606/3058/606 608/3059/608 603/3060/603
g foliage_spray_034
usemtl foliage
s 1
v 0.43232862 -0.20073283 2.32735706
v 0.50607162 -0.18060082 2.57187772
v 0.37551327 -0.08350352 2.34201675
v 0.44932719 -0.06167942 2.58933129
v 0.36200481 -0.27148282 2.43600830
v 0.29565456 -0.08657980 2.47512023
v 0.57061356 -0.17267489 2.44046939
v 0.50469354 -0.01868243 2.47376104
v 0.20614094 -0.21634335 2.37585849
v 0.57710136 -0.08297881 2.39797810
v 0.24208259 -0.20342191 2.54257617
v 0.62252018 -0.06665022 2.51959057
vn 0.21518035 -0.44527119 -0.86915532
vn 0.27838794 -0.64360649 0.71293116
vn -0.20337483 0.66763252 -0.71617421
vn -0.14366362 0.52287114 0.84021815
vn 0.09992095 -0.99361708 0.05235357
vn -0.57209666 0.81566308 0.08601827
vn 0.64434514 -0.75282822 -0.13442104
vn -0.03109071 0.99551740 -0.08932235
vn -0.76475264 -0.18214898 -0.61804138
vn 0.52867069 0.37860351 -0.75971487
vn -0.49340758 -0.34850939 0.79692545
vn 0.82749817 0.27303086 0.49061281
vt 0.48279756 0.03941195
vt 0.33880688 0.42590624
vt 0.01966966 0.21194127
f 613/3061/613 617/3062/617 621/3063/621
vt 0.01966966 0.21194127
vt 0.33880688 0.42590624
vt 0.09326157 0.80498957
f 621/3064/621 617/3065/617 623/3066/623
vt 0.33880688 0.42590624
vt 0.48279756 0.03941195
vt 0.76594126 0.44177521
f 617/3067/617 613/3068/613 619/3069/619
vt 0.36646597 0.09155939
vt 0.48279756 0.03941195
vt 0.01966966 0.21194127
f 615/3070/615 613/3071/613 621/3072/621
vt 0.63378918 0.90922103
vt 1.09326157 0.80498957
vt 1.33880688 0.42590624
f 614/3073/614 623/3074/623 617/3075/617
vt 0.63378918 0.90922103
vt 0.76594126 0.44177521
vt 0.87222205 0.72322515
f 614/3076/614 619/3077/619 624/3078/624
vt 0.33880688 0.42590624
vt 0.76594126 0.44177521
vt 0.63378918 0.90922103
f 617/3079/617 619/3080/619 614/3081/614
vt 0.87222205 0.72322515
vt 0.51760278 0.97130691
vt 0.63378918 0.90922103
f 624/3082/624 616/3083/616 614/3084/614
vt 0.51760278 0.97130691
vt 1.09326157 0.80498957
vt 0.63378918 0.90922103
f 616/3085/616 623/3086/623 614/3087/614
vt 0.63096750 0.56020030
vt 0.51760278 0.97130691
vt 0.87222205 0.72322515
f 620/3088/620 616/3089/616 624/3090/624
vt 0.48279756 0.03941195
vt 0.36646597 0.09155939
vt 0.77922527 0.29062516
f 613/3091/613 615/3092/615 622/3093/622
vt 0.87222205 0.72322515
vt 0.76594126 0.44177521
vt 0.77922527 0.29062516
f 624/3094/624 619/3095/619 622/3096/622
vt 0.77922527 0.29062516
vt 0.76594126 0.44177521
vt 0.48279756 0.03941195
f 622/3097/622 619/3098/619 613/3099/613
vt 0.77922527 0.29062516
vt 0.63096750 0.56020030
vt 0.87222205 0.72322515
f 622/3100/622 620/3101/620 624/3102/624
vt 0.36646597 0.09155939
vt 0.63096750 0.56020030
vt 0.77922527 0.29062516
f 615/3103/615 620/3104/620 622/3105/622
vt 0.01966966 0.21194127
vt 0.09326157 0.80498957
vt 0.20295221 0.56503521
f 621/3106/621 623/3107/623 618/3108/618
vt 0.20295221 0.56503521
vt 0.36646597 0.09155939
vt 0.01966966 0.21194127
f 618/3109/618 615/3110/615 621/3111/621
vt 0.20295221 0.56503521
vt 0.09326157 0.80498957
vt 0.51760278 0.97130691
f 618/3112/618 623/3113/623 616/3114/616
vt 0.51760278 0.97130691
vt 0.63096750 0.56020030
vt 0.20295221 0.56503521
f 616/3115/616 620/3116/620 618/3117/618
vt 0.20295221 0.56503521
vt 0.63096750 0.56020030
vt 0.36646597 0.09155939
f 618/3118/618 620/3119/620 615/3120/615
g foliage_spray_035
usemtl foliage
s 1
v 0.41200630 -0.14517008 2.37985606
v 0.44678928 -0.19460178 2.58849139
v 0.50831529 -0.08788040 2.40650448
v 0.57214950 -0.12907788 2.64885405
v 0.34832022 -0.10922797 2.47664891
v 0.49948887 0.01548597 2.51336172
v 0.45815859 -0.29770405 2.47129108
v 0.62565816 -0.17109723 2.51064090
v 0.33892329 0.04264179 2.41365596
v 0.56267700 -0.24621216 2.43385895
v 0.38896153 -0.02195487 2.55624981
v 0.59217324 -0.28429021 2.55635831
vn -0.32298415 -0.26730612 -0.90787041
vn -0.54913957 -0.40449384 0.73132104
vn 0.52460796 0.35608281 -0.77329911
vn 0.33642795 0.24709174 0.90871443
vn -0.94485354 -0.30737657 0.11301074
vn 0.55799733 0.82860183 0.04536497
vn -0.54765261 -0.82926654 -0.11132664
vn 0.94388752 0.27047106 -0.18953035
vn -0.38684864 0.70600427 -0.59321674
vn 0.47025163 -0.38368997 -0.79476123
vn -0.51417302 0.37473081 0.77149396
vn 0.37083512 -0.78611422 0.49447523
vt 0.79992256 0.56386352
vt 0.69036153 1.05551545
vt 0.73136091 0.72648953
f 632/3121/632 628/3122/628 636/3123/636
vt 0.54158613 0.57354203
vt 0.69036153 1.05551545
vt 0.79992256 0.56386352
f 630/3124/630 628/3125/628 632/3126/632
vt 0.45696079 0.42388830
vt 0.73136091 0.72648953
vt 0.43368171 0.84079336
f 631/3127/631 636/3128/636 626/3129/626
vt 0.43368171 0.84079336
vt 0.73136091 0.72648953
vt 0.69036153 1.05551545
f 626/3130/626 636/3131/636 628/3132/628
vt 0.45696079 0.42388830
vt 0.36246224 0.09863555
vt 0.67096624 0.29073468
f 631/3133/631 625/3134/625 634/3135/634
vt 0.79992256 0.56386352
vt 0.73136091 0.72648953
vt 0.67096624 0.29073468
f 632/3136/632 636/3137/636 634/3138/634
vt 0.67096624 0.29073468
vt 0.73136091 0.72648953
vt 0.45696079 0.42388830
f 634/3139/634 636/3140/636 631/3141/631
vt 0.45696079 0.42388830
vt 0.43368171 0.84079336
vt 0.23206254 0.44294717
f 631/3142/631 626/3143/626 629/3144/629
vt 0.21282198 0.21886860
vt 0.36246224 0.09863555
vt 0.23206254 0.44294717
f 633/3145/633 625/3146/625 629/3147/629
vt 0.23206254 0.44294717
vt 0.36246224 0.09863555
vt 0.45696079 0.42388830
f 629/3148/629 625/3149/625 631/3150/631
vt 0.31527718 0.72610359
vt 0.43368171 0.84079336
vt 0.69036153 1.05551545
f 635/3151/635 626/3152/626 628/3153/628
vt 0.31527718 0.72610359
vt 0.54158613 0.57354203
vt 0.21282198 0.21886860
f 635/3154/635 630/3155/630 633/3156/633
vt 0.69036153 1.05551545
vt 0.54158613 0.57354203
vt 0.31527718 0.72610359
f 628/3157/628 630/3158/630 635/3159/635
vt 0.21282198 0.21886860
vt 0.23206254 0.44294717
vt 0.31527718 0.72610359
f 633/3160/633 629/3161/629 635/3162/635
vt 0.31527718 0.72610359
vt 0.23206254 0.44294717
vt 0.43368171 0.84079336
f 635/3163/635 629/3164/629 626/3165/626
vt 0.55965856 0.19342935
vt 0.36246224 0.09863555
vt 0.21282198 0.21886860
f 627/3166/627 625/3167/625 633/3168/633
vt 0.55965856 0.19342935
vt 0.67096624 0.29073468
vt 0.36246224 0.09863555
f 627/3169/627 634/3170/634 625/3171/625
vt 0.79992256 0.56386352
vt 0.67096624 0.29073468
vt 0.55965856 0.19342935
f 632/3172/632 634/3173/634 627/3174/627
vt 0.21282198 0.21886860
vt 0.54158613 0.57354203
vt 0.55965856 0.19342935
f 633/3175/633 630/3176/630 627/3177/627
vt 0.55965856 0.19342935
vt 0.54158613 0.57354203
vt 0.79992256 0.56386352
f 627/3178/627 630/3179/630 632/3180/632
g stem_17
usemtl wood
s 1
v -0.02742655 -0.01357063 2.24304286
v -0.02565118 -0.02223517 2.25444506
v -0.01200777 -0.02223517 2.26194570
v -0.00013972 -0.01357063 2.25804415
v -0.00191509 -0.00490609 2.24664195
v -0.01555851 -0.00490609 2.23914131
v -0.13473525 0.17614571 2.40951595
v -0.13319660 0.16863645 2.41939785
v -0.12137231 0.16863645 2.42589841
v -0.11108667 0.17614571 2.42251706
v -0.11262532 0.18365498 2.41263515
v -0.12444961 0.18365498 2.40613460
vn -0.81989203 -0.02750607 -0.57185704
vn -0.69920139 -0.66352154 0.26618898
vn 0.12618924 -0.67392088 0.72794706
vn 0.84248524 -0.01510423 0.53850764
vn 0.72065317 0.62420407 -0.30170894
vn -0.06810676 0.54708363 -0.83430269
vn -0.84652608 0.02335053 -0.53183489
vn -0.73331474 -0.59759748 0.32423254
vn 0.09105437 -0.59866063 0.79581063
vn 0.81834935 0.03023121 0.57392545
vn 0.66464976 0.71584596 -0.21402162
vn -0.11368470 0.64767176 -0.75339039
vt 0.66666667 0.00000000
vt 0.83333333 1.00000000
vt 0.66666667 1.00000000
f 641/3181/641 648/3182/648 647/3183/647
vt 0.83333333 0.00000000
vt 0.83333333 1.00000000
vt 0.66666667 0.00000000
f 642/3184/642 648/3185/648 641/3186/641
vt 1.00000000 0.00000000
vt 0.83333333 1.00000000
vt 0.83333333 0.00000000
f 637/3187/637 648/3188/648 642/3189/642
vt 1.00000000 1.00000000
vt 0.83333333 1.00000000
vt 1.00000000 0.00000000
f 643/3190/643 648/3191/648 637/3192/637
vt 0.50000000 1.00000000
vt 0.66666667 0.00000000
vt 0.66666667 1.00000000
f 646/3193/646 641/3194/641 647/3195/647
vt 0.50000000 0.00000000
vt 0.66666667 0.00000000
vt 0.50000000 1.00000000
f 640/3196/640 641/3197/641 646/3198/646
vt 1.33333333 0.00000000
vt 1.00000000 0.00000000
vt 0.83333333 0.00000000
f 639/3199/639 637/3200/637 642/3201/642
vt 0.33333333 0.00000000
vt 0.66666667 0.00000000
vt 0.50000000 0.00000000
f 639/3202/639 641/3203/641 640/3204/640
vt 0.83333333 0.00000000
vt 0.66666667 0.00000000
vt 0.33333333 0.00000000
f 642/3205/642 641/3206/641 639/3207/639
vt 0.16666667 0.00000000
vt 0.00000000 0.00000000
vt 0.33333333 0.00000000
f 638/3208/638 637/3209/637 639/3210/639
vt 0.33333333 0.00000000
vt 0.50000000 1.00000000
vt 0.33333333 1.00000000
f 639/3211/639 646/3212/646 645/3213/645
vt 0.50000000 0.00000000
vt 0.50000000 1.00000000
vt 0.33333333 0.00000000
f 640/3214/640 646/3215/646 639/3216/639
vt 1.16666667 1.00000000
vt 0.83333333 1.00000000
vt 1.00000000 1.00000000
f 644/3217/644 648/3218/648 643/3219/643
vt 0.66666667 1.00000000
vt 0.83333333 1.00000000
vt 1.16666667 1.00000000
f 647/3220/647 648/3221/648 644/3222/644
vt 0.16666667 1.00000000
vt 0.50000000 1.00000000
vt 0.66666667 1.00000000
f 644/3223/644 646/3224/646 647/3225/647
vt 0.33333333 1.00000000
vt 0.50000000 1.00000000
vt 0.16666667 1.00000000
f 645/3226/645 646/3227/646 644/3228/644
vt 0.00000000 1.00000000
vt 0.00000000 0.00000000
vt 0.16666667 1.00000000
f 643/3229/643 637/3230/637 644/3231/644
vt 0.16666667 1.00000000
vt 0.00000000 0.00000000
vt 0.16666667 0.00000000
f 644/3232/644 637/3233/637 638/3234/638
vt 0.16666667 0.00000000
vt 0.33333333 0.00000000
vt 0.16666667 1.00000000
f 638/3235/638 639/3236/639 644/3237/644
vt 0.16666667 1.00000000
vt 0.33333333 0.00000000
vt 0.33333333 1.00000000
f 644/3238/644 639/3239/639 645/3240/645
g stem_18
usemtl wood
s 1
v -0.13595863 0.17614571 2.40951543
v -0.13273196 0.16645110 2.41828236
v -0.11968429 0.16645110 2.42478343
v -0.10986329 0.17614571 2.42251757
v -0.11308997 0.18584033 2.41375064
v -0.12613763 0.18584033 2.40724957
v -0.27780930 0.35300570 2.66505467
v -0.27665691 0.34954334 2.66818571
v -0.27199703 0.34954334 2.67050752
v -0.26848953 0.35300570 2.66969829
v -0.26964192 0.35646807 2.66656724
v -0.27430180 0.35646807 2.66424543
vn -0.84979984 -0.01084913 -0.52699386
vn -0.62005153 -0.76471334 0.17535565
vn 0.21888064 -0.77519750 0.59258763
vn 0.85574923 0.00335526 0.51737994
vn 0.62533238 0.75806156 -0.18520821
vn -0.17626065 0.71249104 -0.67918237
vn -0.88165415 0.03195232 -0.47081314
vn -0.63054389 -0.75123278 0.19509924
vn 0.18425634 -0.72470508 0.66396698
vn 0.84093984 0.02165861 0.54069500
vn 0.60354462 0.78393020 -0.14555873
vn -0.20773723 0.75939199 -0.61657851
vt 0.83333333 0.00000000
vt 1.00000000 0.00000000
vt 0.83333333 1.00000000
f 654/3241/654 649/3242/649 660/3243/660
vt 0.83333333 1.00000000
vt 1.00000000 0.00000000
vt 1.00000000 1.00000000
f 660/3244/660 649/3245/649 655/3246/655
vt 0.83333333 0.00000000
vt 0.83333333 1.00000000
vt 0.66666667 0.00000000
f 654/3247/654 660/3248/660 653/3249/653
vt 0.66666667 0.00000000
vt 0.83333333 1.00000000
vt 0.66666667 1.00000000
f 653/3250/653 660/3251/660 659/3252/659
vt 0.33333333 0.00000000
vt 0.66666667 0.00000000
vt 0.50000000 0.00000000
f 651/3253/651 653/3254/653 652/3255/652
vt 0.16666667 0.00000000
vt 0.00000000 0.00000000
vt 0.33333333 0.00000000
f 650/3256/650 649/3257/649 651/3258/651
vt 1.33333333 0.00000000
vt 1.00000000 0.00000000
vt 0.83333333 0.00000000
f 651/3259/651 649/3260/649 654/3261/654
vt 0.83333333 0.00000000
vt 0.66666667 0.00000000
vt 0.33333333 0.00000000
f 654/3262/654 653/3263/653 651/3264/651
vt 0.00000000 1.00000000
vt 0.00000000 0.00000000
vt 0.16666667 1.00000000
f 655/3265/655 649/3266/649 656/3267/656
vt 0.16666667 1.00000000
vt 0.00000000 0.00000000
vt 0.16666667 0.00000000
f 656/3268/656 649/3269/649 650/3270/650
vt 0.16666667 0.00000000
vt 0.33333333 0.00000000
vt 0.16666667 1.00000000
f 650/3271/650 651/3272/651 656/3273/656
vt 0.16666667 1.00000000
vt 0.33333333 0.00000000
vt 0.33333333 1.00000000
f 656/3274/656 651/3275/651 657/3276/657
vt 0.66666667 1.00000000
vt 0.83333333 1.00000000
vt 0.50000000 1.00000000
f 659/3277/659 660/3278/660 658/3279/658
vt 0.50000000 1.00000000
vt 0.83333333 1.00000000
vt 1.00000000 1.00000000
f 658/3280/658 660/3281/660 655/3282/655
vt 0.00000000 1.00000000
vt 0.16666667 1.00000000
vt 0.50000000 1.00000000
f 655/3283/655 656/3284/656 658/3285/658
vt 0.50000000 1.00000000
vt 0.16666667 1.00000000
vt 0.33333333 1.00000000
f 658/3286/658 656/3287/656 657/3288/657
vt 0.50000000 1.00000000
vt 0.66666667 0.00000000
vt 0.66666667 1.00000000
f 658/3289/658 653/3290/653 659/3291/659
vt 0.50000000 0.00000000
vt 0.66666667 0.00000000
vt 0.50000000 1.00000000
f 652/3292/652 653/3293/653 658/3294/658
vt 0.50000000 1.00000000
vt 0.33333333 0.00000000
vt 0.50000000 0.00000000
f 658/3295/658 651/3296/651 652/3297/652
vt 0.33333333 1.00000000
vt 0.33333333 0.00000000
vt 0.50000000 1.00000000
f 657/3298/657 651/3299/651 658/3300/658
g foliage_spray_036
usemtl foliage
s 1
v -0.10208882 0.28372147 2.34422074
v -0.18013449 0.30151297 2.60189566
v -0.15729484 0.15022815 2.37036478
v -0.23020274 0.18345001 2.62882011
v -0.04267688 0.27391053 2.47780945
v -0.10251844 0.11942919 2.51081524
v -0.26546998 0.39085058 2.46974754
v -0.36073857 0.16621226 2.51826355
v 0.04470787 0.15951138 2.42072149
v -0.31808181 0.28054857 2.43042790
v 0.03643497 0.16227146 2.58194804
v -0.34826073 0.29061714 2.55504829
vn 0.16756137 0.46928746 -0.86700200
vn 0.20776980 0.65882307 0.72303794
vn -0.21201858 -0.65699481 -0.72346800
vn -0.16501938 -0.44352038 0.88094170
vn 0.58795213 0.80331363 0.09486576
vn -0.01260457 -0.99529375 0.09608060
vn 0.01714365 0.99768277 -0.06584215
vn -0.59552914 -0.80048387 -0.06760633
vn 0.73356374 -0.40521099 -0.54560818
vn -0.62517504 0.10123573 -0.77389114
vn 0.61607691 -0.07509478 0.78409822
vn -0.70028770 0.42343128 0.57472001
vt 0.63711634 0.56003542
vt 1.37567787 0.97980245
vt 1.10840078 0.58653052
f 666/3301/666 664/3302/664 668/3303/668
vt 1.10840078 0.58653052
vt 0.52495958 0.06042489
vt 0.63711634 0.56003542
f 668/3304/668 663/3305/663 666/3306/666
vt 0.63711634 0.56003542
vt 0.52495958 0.06042489
vt 0.93856782 0.23955383
f 666/3307/666 663/3308/663 669/3309/669
vt 0.10840078 0.58653052
vt 0.37567787 0.97980245
vt 0.13394962 0.71738125
f 668/3310/668 664/3311/664 672/3312/672
vt 0.30346684 0.41394935
vt 0.13394962 0.71738125
vt 0.47819452 0.88402676
f 667/3313/667 672/3314/672 662/3315/662
vt 0.47819452 0.88402676
vt 0.13394962 0.71738125
vt 0.37567787 0.97980245
f 662/3316/662 672/3317/672 664/3318/664
vt 0.19574212 0.27408150
vt 0.52495958 0.06042489
vt 0.10840078 0.58653052
f 670/3319/670 663/3320/663 668/3321/668
vt 0.10840078 0.58653052
vt 0.13394962 0.71738125
vt 0.19574212 0.27408150
f 668/3322/668 672/3323/672 670/3324/670
vt 0.19574212 0.27408150
vt 0.13394962 0.71738125
vt 0.30346684 0.41394935
f 670/3325/670 672/3326/672 667/3327/667
vt 0.93856782 0.23955383
vt 0.52495958 0.06042489
vt 0.63799601 -0.03257471
f 669/3328/669 663/3329/663 661/3330/661
vt 0.63799601 -0.03257471
vt 0.19574212 0.27408150
vt 0.30346684 0.41394935
f 661/3331/661 670/3332/670 667/3333/667
vt 0.52495958 0.06042489
vt 0.19574212 0.27408150
vt 0.63799601 -0.03257471
f 663/3334/663 670/3335/670 661/3336/661
vt 0.92162874 0.81306908
vt 0.63711634 0.56003542
vt 0.93856782 0.23955383
f 671/3337/671 666/3338/666 669/3339/669
vt 1.37567787 0.97980245
vt 0.63711634 0.56003542
vt 0.92162874 0.81306908
f 664/3340/664 666/3341/666 671/3342/671
vt 0.92162874 0.81306908
vt 1.47819452 0.88402676
vt 1.37567787 0.97980245
f 671/3343/671 662/3344/662 664/3345/664
vt 0.30346684 0.41394935
vt 0.47819452 0.88402676
vt 0.75964421 0.44262719
f 667/3346/667 662/3347/662 665/3348/665
vt 0.47819452 0.88402676
vt 0.92162874 0.81306908
vt 0.75964421 0.44262719
f 662/3349/662 671/3350/671 665/3351/665
vt 0.75964421 0.44262719
vt 0.63799601 -0.03257471
vt 0.30346684 0.41394935
f 665/3352/665 661/3353/661 667/3354/667
vt 0.93856782 0.23955383
vt 0.63799601 -0.03257471
vt 0.75964421 0.44262719
f 669/3355/669 661/3356/661 665/3357/665
vt 0.75964421 0.44262719
vt 0.92162874 0.81306908
vt 0.93856782 0.23955383
f 665/3358/665 671/3359/671 669/3360/669
g foliage_spray_037
usemtl foliage
s 1
v -0.13743317 0.22287218 2.41834425
v -0.13244021 0.27942192 2.62220105
v -0.25898866 0.23767196 2.43979291
v -0.26845197 0.30789265 2.68886507
v -0.11716591 0.15627888 2.51768724
v -0.32888640 0.15513859 2.55541641
v -0.07160080 0.35306133 2.51500609
v -0.26719341 0.35863703 2.55004467
v -0.22771163 0.03892152 2.45425219
v -0.17052616 0.40748670 2.46695371
v -0.21589456 0.11508352 2.59953027
v -0.15944050 0.47893472 2.61381130
vn 0.44298199 -0.05793848 -0.89465641
vn 0.67175668 -0.13528482 0.72831379
vn -0.62634925 0.13697960 -0.76741333
vn -0.41539370 0.06294656 0.90746119
vn 0.87886278 -0.46068374 0.12397864
vn -0.98098225 -0.18364537 0.06283477
vn 0.98065889 0.16928500 -0.09823811
vn -0.86122710 0.47970350 -0.16784645
vn -0.12416657 -0.81106631 -0.57162410
vn -0.10715747 0.61406616 -0.78194631
vn 0.16157722 -0.63325066 0.75689260
vn 0.20801313 0.82787450 0.52091684
vt 0.22283834 0.57562867
vt 0.42999755 0.21576721
vt 0.45419344 0.73255052
f 678/3361/678 681/3362/681 683/3363/683
vt 0.45419344 0.73255052
vt 0.34658015 1.05033233
vt 0.22283834 0.57562867
f 683/3364/683 676/3365/676 678/3366/678
vt 0.36595662 0.16433264
vt 0.42999755 0.21576721
vt 0.22283834 0.57562867
f 675/3367/675 681/3368/681 678/3369/678
vt 0.61484614 0.08803543
vt 0.54708697 0.26094907
vt 0.74964042 0.43188101
f 673/3370/673 682/3371/682 679/3372/679
vt 0.42999755 0.21576721
vt 0.36595662 0.16433264
vt 0.61484614 0.08803543
f 681/3373/681 675/3374/675 673/3375/673
vt 0.61484614 0.08803543
vt 0.36595662 0.16433264
vt 0.54708697 0.26094907
f 673/3376/673 675/3377/675 682/3378/682
vt 0.22283834 0.57562867
vt 0.34658015 1.05033233
vt 0.34915709 0.55652031
f 678/3379/678 676/3380/676 680/3381/680
vt 0.34915709 0.55652031
vt 0.36595662 0.16433264
vt 0.22283834 0.57562867
f 680/3382/680 675/3383/675 678/3384/678
vt 0.54708697 0.26094907
vt 0.36595662 0.16433264
vt 0.34915709 0.55652031
f 682/3385/682 675/3386/675 680/3387/680
vt 0.74964042 0.43188101
vt 0.54708697 0.26094907
vt 0.56978529 0.78335102
f 679/3388/679 682/3389/682 684/3390/684
vt 0.56978529 0.78335102
vt 0.34915709 0.55652031
vt 0.34658015 1.05033233
f 684/3391/684 680/3392/680 676/3393/676
vt 0.54708697 0.26094907
vt 0.34915709 0.55652031
vt 0.56978529 0.78335102
f 682/3394/682 680/3395/680 684/3396/684
vt 0.34658015 1.05033233
vt 0.45419344 0.73255052
vt 0.62506941 0.81319504
f 676/3397/676 683/3398/683 674/3399/674
vt 0.74964042 0.43188101
vt 0.56978529 0.78335102
vt 0.62506941 0.81319504
f 679/3400/679 684/3401/684 674/3402/674
vt 0.62506941 0.81319504
vt 0.56978529 0.78335102
vt 0.34658015 1.05033233
f 674/3403/674 684/3404/684 676/3405/676
vt 0.74964042 0.43188101
vt 0.62506941 0.81319504
vt 0.65634412 0.44141840
f 679/3406/679 674/3407/674 677/3408/677
vt 0.65634412 0.44141840
vt 0.62506941 0.81319504
vt 0.45419344 0.73255052
f 677/3409/677 674/3410/674 683/3411/683
vt 0.65634412 0.44141840
vt 0.45419344 0.73255052
vt 0.42999755 0.21576721
f 677/3412/677 683/3413/683 681/3414/681
vt 0.65634412 0.44141840
vt 0.61484614 0.08803543
vt 0.74964042 0.43188101
f 677/3415/677 673/3416/673 679/3417/679
vt 0.42999755 0.21576721
vt 0.61484614 0.08803543
vt 0.65634412 0.44141840
f 681/3418/681 673/3419/673 677/3420/677
g foliage_spray_038
usemtl foliage
s 1
v -0.16606301 0.32787380 2.45997237
v -0.22980241 0.36865068 2.69846544
v -0.20666967 0.21542450 2.46396343
v -0.28575842 0.23419129 2.72587041
v -0.03738338 0.34857717 2.55145657
v -0.13283338 0.14644004 2.59572673
v -0.28413862 0.39846268 2.55759417
v -0.37701801 0.23357413 2.59465451
v 0.01964545 0.20842847 2.49328994
v -0.36106822 0.33544563 2.51303851
v -0.05360871 0.23286819 2.64444642
v -0.40551818 0.35027543 2.63862183
vn 0.09925597 0.46282916 -0.88087310
vn 0.19749889 0.67122465 0.71445899
vn -0.23269436 -0.60443804 -0.76191075
vn -0.16379902 -0.44927612 0.87824874
vn 0.56167601 0.82592357 0.04868587
vn -0.02305294 -0.99586314 0.08789291
vn -0.02819991 0.98590486 -0.16491325
vn -0.61244653 -0.77998764 -0.12856333
vn 0.67994580 -0.40306846 -0.61254348
vn -0.58364998 0.15992362 -0.79610121
vn 0.59734503 -0.10148177 0.79553779
vn -0.74446944 0.48056116 0.46349350
vt 0.11515088 0.72854500
vt 0.36036356 1.03890572
vt 0.47493563 0.94142072
f 696/3421/696 688/3422/688 686/3423/686
vt 0.98568963 0.21157025
vt 0.67348341 0.57595848
vt 0.52230080 0.10724998
f 693/3424/693 690/3425/690 687/3426/687
vt 0.83569895 0.74926422
vt 0.47493563 0.94142072
vt 0.36036356 1.03890572
f 695/3427/695 686/3428/686 688/3429/688
vt 0.83569895 0.74926422
vt 0.67348341 0.57595848
vt 0.98568963 0.21157025
f 695/3430/695 690/3431/690 693/3432/693
vt 0.83569895 0.74926422
vt 0.36036356 1.03890572
vt 0.67348341 0.57595848
f 695/3433/695 688/3434/688 690/3435/690
vt 0.17350607 0.57214440
vt 0.36036356 1.03890572
vt 0.11515088 0.72854500
f 692/3436/692 688/3437/688 696/3438/696
vt 0.67348341 0.57595848
vt 0.36036356 1.03890572
vt 0.17350607 0.57214440
f 690/3439/690 688/3440/688 692/3441/692
vt 0.17350607 0.57214440
vt 0.52230080 0.10724998
vt 0.67348341 0.57595848
f 692/3442/692 687/3443/687 690/3444/690
vt 0.98568963 0.21157025
vt 0.52230080 0.10724998
vt 0.60544448 0.09305297
f 693/3445/693 687/3446/687 685/3447/685
vt 0.20616387 0.28181989
vt 0.17350607 0.57214440
vt 0.11515088 0.72854500
f 694/3448/694 692/3449/692 696/3450/696
vt 0.52230080 0.10724998
vt 0.17350607 0.57214440
vt 0.20616387 0.28181989
f 687/3451/687 692/3452/692 694/3453/694
vt 0.20616387 0.28181989
vt 0.60544448 0.09305297
vt 0.52230080 0.10724998
f 694/3454/694 685/3455/685 687/3456/687
vt 0.98568963 0.21157025
vt 0.60544448 0.09305297
vt 0.86892093 0.41848063
f 693/3457/693 685/3458/685 689/3459/689
vt 0.86892093 0.41848063
vt 0.83569895 0.74926422
vt 0.98568963 0.21157025
f 689/3460/689 695/3461/695 693/3462/693
vt 0.47493563 0.94142072
vt 0.83569895 0.74926422
vt 0.86892093 0.41848063
f 686/3463/686 695/3464/695 689/3465/689
vt 0.60544448 0.09305297
vt 0.20616387 0.28181989
vt 0.36368017 0.44031333
f 685/3466/685 694/3467/694 691/3468/691
vt 1.36368017 0.44031333
vt 0.86892093 0.41848063
vt 0.60544448 0.09305297
f 691/3469/691 689/3470/689 685/3471/685
vt 1.47493563 0.94142072
vt 0.86892093 0.41848063
vt 1.36368017 0.44031333
f 686/3472/686 689/3473/689 691/3474/691
vt 0.11515088 0.72854500
vt 0.47493563 0.94142072
vt 0.36368017 0.44031333
f 696/3475/696 686/3476/686 691/3477/691
vt 0.36368017 0.44031333
vt 0.20616387 0.28181989
vt 0.11515088 0.72854500
f 691/3478/691 694/3479/694 696/3480/696
g foliage_spray_039
usemtl foliage
s 1
v -0.18286615 0.27616473 2.49449853
v -0.15438951 0.34010824 2.73093765
v -0.31345994 0.28762886 2.50165203
v -0.30193703 0.35343197 2.74034990
v -0.16113409 0.20784866 2.59285726
v -0.34752105 0.22853376 2.62667212
v -0.11236875 0.40942995 2.58973814
v -0.34527640 0.45622111 2.63257247
v -0.26922231 0.11492950 2.53798239
v -0.21877020 0.44009763 2.55163247
v -0.25992544 0.17484866 2.67189722
v -0.20439799 0.53272777 2.68948584
vn 0.44729712 -0.05498887 -0.89269340
vn 0.64211618 -0.13841553 0.75400792
vn -0.60957019 0.09684331 -0.78679448
vn -0.45050996 0.01590090 0.89262979
vn 0.86341955 -0.50023121 0.06538670
vn -0.95737024 -0.25689393 0.13208990
vn 0.95959996 0.20461283 -0.19313599
vn -0.87284074 0.47078717 -0.12848537
vn -0.16172924 -0.84089343 -0.51647061
vn -0.01553251 0.60662120 -0.79483927
vn 0.03848273 -0.66850800 0.74270864
vn 0.21022537 0.84820910 0.48615492
vt 0.45632423 0.72173293
vt 0.37030390 0.96523286
vt 0.27696887 0.56085815
f 707/3481/707 700/3482/700 702/3483/702
vt 0.54059115 0.29392705
vt 0.57001880 0.78429918
vt 0.75845217 0.42947656
f 706/3484/706 708/3485/708 703/3486/703
vt 0.37030390 0.96523286
vt 0.45632423 0.72173293
vt 0.67241307 0.93175160
f 700/3487/700 707/3488/707 698/3489/698
vt 0.75845217 0.42947656
vt 0.57001880 0.78429918
vt 0.67241307 0.93175160
f 703/3490/703 708/3491/708 698/3492/698
vt 0.57001880 0.78429918
vt 0.37030390 0.96523286
vt 0.67241307 0.93175160
f 708/3493/708 700/3494/700 698/3495/698
vt 0.27696887 0.56085815
vt 0.34671031 0.11613659
vt 0.43728853 0.24537096
f 702/3496/702 699/3497/699 705/3498/705
vt 0.43728853 0.24537096
vt 0.45632423 0.72173293
vt 0.27696887 0.56085815
f 705/3499/705 707/3500/707 702/3501/702
vt 0.57001880 0.78429918
vt 0.54059115 0.29392705
vt 0.28156488 0.58184687
f 708/3502/708 706/3503/706 704/3504/704
vt 0.28156488 0.58184687
vt 0.54059115 0.29392705
vt 0.34671031 0.11613659
f 704/3505/704 706/3506/706 699/3507/699
vt 0.28156488 0.58184687
vt 0.37030390 0.96523286
vt 0.57001880 0.78429918
f 704/3508/704 700/3509/700 708/3510/708
vt 0.27696887 0.56085815
vt 0.37030390 0.96523286
vt 0.28156488 0.58184687
f 702/3511/702 700/3512/700 704/3513/704
vt 0.28156488 0.58184687
vt 0.34671031 0.11613659
vt 0.27696887 0.56085815
f 704/3514/704 699/3515/699 702/3516/702
vt 0.61410607 0.09069013
vt 0.43728853 0.24537096
vt 0.34671031 0.11613659
f 697/3517/697 705/3518/705 699/3519/699
vt 0.61410607 0.09069013
vt 0.54059115 0.29392705
vt 0.75845217 0.42947656
f 697/3520/697 706/3521/706 703/3522/703
vt 0.34671031 0.11613659
vt 0.54059115 0.29392705
vt 0.61410607 0.09069013
f 699/3523/699 706/3524/706 697/3525/697
vt 0.75845217 0.42947656
vt 0.67241307 0.93175160
vt 0.65860329 0.44057190
f 703/3526/703 698/3527/698 701/3528/701
vt 0.65860329 0.44057190
vt 0.61410607 0.09069013
vt 0.75845217 0.42947656
f 701/3529/701 697/3530/697 703/3531/703
vt 0.43728853 0.24537096
vt 0.61410607 0.09069013
vt 0.65860329 0.44057190
f 705/3532/705 697/3533/697 701/3534/701
vt 0.65860329 0.44057190
vt 0.67241307 0.93175160
vt 0.45632423 0.72173293
f 701/3535/701 698/3536/698 707/3537/707
vt 0.45632423 0.72173293
vt 0.43728853 0.24537096
vt 0.65860329 0.44057190
f 707/3538/707 705/3539/705 701/3540/701
g foliage_spray_040
usemtl foliage
s 1
v -0.20840167 0.37718179 2.53095717
v -0.27074270 0.41070992 2.75742683
v -0.25095406 0.27963437 2.55682484
v -0.30668455 0.30025832 2.74928822
v -0.11994807 0.38438505 2.62698827
v -0.18011761 0.20465133 2.66479260
v -0.33257774 0.45859763 2.62636898
v -0.43099859 0.27906082 2.66655062
v -0.03228339 0.26123954 2.56704184
v -0.40663034 0.38613258 2.58192540
v -0.10536003 0.28562004 2.71068804
v -0.48425887 0.41203171 2.72153872
vn 0.12281038 0.43804455 -0.89052489
vn 0.22734657 0.62786325 0.74437979
vn -0.21889621 -0.60916401 -0.76223596
vn -0.12334261 -0.44238789 0.88830150
vn 0.57383734 0.81590428 0.07078777
vn -0.02592423 -0.99325670 0.11300031
vn 0.02976608 0.98866981 -0.14712575
vn -0.57294840 -0.81309454 -0.10299228
vn 0.68198916 -0.38506608 -0.62178364
vn -0.54674848 0.09073519 -0.83236604
vn 0.57126157 -0.07677086 0.81716978
vn -0.69586531 0.41445936 0.58651079
vt 0.04005963 0.77313839
vt 0.47724214 0.90079962
vt 0.35063253 0.43460051
f 720/3541/720 710/3542/710 715/3543/715
vt 0.40364982 0.87184895
vt 0.47724214 0.90079962
vt 0.04005963 0.77313839
f 712/3544/712 710/3545/710 720/3546/720
vt 0.81586945 0.73454036
vt 0.66280047 0.57128103
vt 0.96549667 0.22356196
f 719/3547/719 714/3548/714 717/3549/717
vt 0.81586945 0.73454036
vt 0.40364982 0.87184895
vt 0.66280047 0.57128103
f 719/3550/719 712/3551/712 714/3552/714
vt 0.47724214 0.90079962
vt 0.40364982 0.87184895
vt 0.81586945 0.73454036
f 710/3553/710 712/3554/712 719/3555/719
vt 0.78599988 0.43680345
vt 0.35063253 0.43460051
vt 0.47724214 0.90079962
f 713/3556/713 715/3557/715 710/3558/710
vt 0.78599988 0.43680345
vt 0.81586945 0.73454036
vt 0.96549667 0.22356196
f 713/3559/713 719/3560/719 717/3561/717
vt 0.47724214 0.90079962
vt 0.81586945 0.73454036
vt 0.78599988 0.43680345
f 710/3562/710 719/3563/719 713/3564/713
vt 0.04005963 0.77313839
vt 0.35063253 0.43460051
vt 0.19900701 0.27650576
f 720/3565/720 715/3566/715 718/3567/718
vt 0.96549667 0.22356196
vt 0.66280047 0.57128103
vt 0.51776012 0.18721802
f 717/3568/717 714/3569/714 711/3570/711
vt 0.04005963 0.77313839
vt 0.19900701 0.27650576
vt 0.14911208 0.57753467
f 720/3571/720 718/3572/718 716/3573/716
vt 0.14911208 0.57753467
vt 0.40364982 0.87184895
vt 0.04005963 0.77313839
f 716/3574/716 712/3575/712 720/3576/720
vt 0.66280047 0.57128103
vt 1.40364982 0.87184895
vt 1.14911208 0.57753467
f 714/3577/714 712/3578/712 716/3579/716
vt 1.14911208 0.57753467
vt 0.51776012 0.18721802
vt 0.66280047 0.57128103
f 716/3580/716 711/3581/711 714/3582/714
vt 0.19900701 0.27650576
vt 0.51776012 0.18721802
vt 0.14911208 0.57753467
f 718/3583/718 711/3584/711 716/3585/716
vt 0.60488776 0.09520155
vt 0.19900701 0.27650576
vt 0.35063253 0.43460051
f 709/3586/709 718/3587/718 715/3588/715
vt 0.60488776 0.09520155
vt 0.78599988 0.43680345
vt 0.96549667 0.22356196
f 709/3589/709 713/3590/713 717/3591/717
vt 0.35063253 0.43460051
vt 0.78599988 0.43680345
vt 0.60488776 0.09520155
f 715/3592/715 713/3593/713 709/3594/709
vt 0.96549667 0.22356196
vt 0.51776012 0.18721802
vt 0.60488776 0.09520155
f 717/3595/717 711/3596/711 709/3597/709
vt 0.60488776 0.09520155
vt 0.51776012 0.18721802
vt 0.19900701 0.27650576
f 709/3598/709 711/3599/711 718/3600/718
g foliage_spray_041
usemtl foliage
s 1
v -0.20905543 0.31617601 2.53150786
v -0.21668583 0.38521930 2.77683852
v -0.36415348 0.33656783 2.56427725
v -0.33563856 0.39831809 2.79287015
v -0.20556581 0.26030150 2.66593769
v -0.38673773 0.28317140 2.69888289
v -0.15815245 0.45901576 2.66298036
v -0.35849523 0.46657377 2.69892100
v -0.31422132 0.15700340 2.60753502
v -0.26167390 0.49567597 2.62258224
v -0.30294312 0.22969232 2.74318010
v -0.25416863 0.54404803 2.74788649
vn 0.47677702 -0.05674927 -0.87719051
vn 0.61908613 -0.11579850 0.77673874
vn -0.68073797 0.13033019 -0.72083969
vn -0.44957837 0.05967752 0.89124513
vn 0.85882171 -0.48325946 0.16995756
vn -0.96254380 -0.20214963 0.18067915
vn 0.97353708 0.22042514 -0.06031841
vn -0.87114278 0.48812907 -0.05329411
vn -0.19456040 -0.88448700 -0.42406250
vn -0.08851247 0.68884218 -0.71948731
vn 0.05756166 -0.61978868 0.78265487
vn 0.13916806 0.82193617 0.55231619
vt 0.75391780 0.43071385
vt 0.64969202 -0.03696022
vt 0.54195370 0.28700965
f 727/3601/727 721/3602/721 730/3603/730
vt 0.33212283 0.07960708
vt 0.54195370 0.28700965
vt 0.64969202 -0.03696022
f 723/3604/723 730/3605/730 721/3606/721
vt 0.33212283 0.07960708
vt 0.43436085 0.23348365
vt 0.28588074 0.55842639
f 723/3607/723 729/3608/729 726/3609/726
vt 0.33212283 0.07960708
vt 0.64969202 -0.03696022
vt 0.43436085 0.23348365
f 723/3610/723 721/3611/721 729/3612/729
vt 0.28588074 0.55842639
vt 0.43436085 0.23348365
vt 0.45745339 0.71600044
f 726/3613/726 729/3614/729 731/3615/731
vt 0.75391780 0.43071385
vt 0.54195370 0.28700965
vt 0.55732102 0.73274202
f 727/3616/727 730/3617/730 732/3618/732
vt 0.55732102 0.73274202
vt 0.63406847 0.83573021
vt 0.75391780 0.43071385
f 732/3619/732 722/3620/722 727/3621/727
vt 0.43436085 0.23348365
vt 0.64969202 -0.03696022
vt 0.65683715 0.44123367
f 729/3622/729 721/3623/721 725/3624/725
vt 0.65683715 0.44123367
vt 0.45745339 0.71600044
vt 0.43436085 0.23348365
f 725/3625/725 731/3626/731 729/3627/729
vt 0.63406847 0.83573021
vt 0.45745339 0.71600044
vt 0.65683715 0.44123367
f 722/3628/722 731/3629/731 725/3630/725
vt 0.65683715 0.44123367
vt 0.64969202 -0.03696022
vt 0.75391780 0.43071385
f 725/3631/725 721/3632/721 727/3633/727
vt 0.75391780 0.43071385
vt 0.63406847 0.83573021
vt 0.65683715 0.44123367
f 727/3634/727 722/3635/722 725/3636/725
vt 0.28588074 0.55842639
vt 0.45745339 0.71600044
vt 0.39050822 0.89275794
f 726/3637/726 731/3638/731 724/3639/724
vt 0.39050822 0.89275794
vt 0.45745339 0.71600044
vt 0.63406847 0.83573021
f 724/3640/724 731/3641/731 722/3642/722
vt 0.63406847 0.83573021
vt 0.55732102 0.73274202
vt 0.39050822 0.89275794
f 722/3643/722 732/3644/732 724/3645/724
vt 0.54195370 0.28700965
vt 0.33212283 0.07960708
vt 0.34370833 0.55856194
f 730/3646/730 723/3647/723 728/3648/728
vt 0.34370833 0.55856194
vt 0.55732102 0.73274202
vt 0.54195370 0.28700965
f 728/3649/728 732/3650/732 730/3651/730
vt 0.34370833 0.55856194
vt 0.39050822 0.89275794
vt 0.55732102 0.73274202
f 728/3652/728 724/3653/724 732/3654/732
vt 0.34370833 0.55856194
vt 0.33212283 0.07960708
vt 0.28588074 0.55842639
f 728/3655/728 723/3656/723 726/3657/726
vt 0.28588074 0.55842639
vt 0.39050822 0.89275794
vt 0.34370833 0.55856194
f 726/3658/726 724/3659/724 728/3660/728
g stem_19
usemtl wood
s 1
v -0.00695557 -0.00655139 2.41125424
v 0.00297090 -0.01435642 2.40508146
v 0.01714609 -0.01435642 2.40916516
v 0.02139481 -0.00655139 2.41942163
v 0.01146834 0.00125365 2.42559441
v -0.00270684 0.00125365 2.42151071
v -0.06723224 -0.20210066 2.58889382
v -0.05801481 -0.20934819 2.58316195
v -0.04485213 -0.20934819 2.58695396
v -0.04090689 -0.20210066 2.59647783
v -0.05012432 -0.19485313 2.60220969
v -0.06328700 -0.19485313 2.59841769
vn -0.93609008 0.02852333 -0.35060202
vn -0.25654302 -0.58658491 -0.76818216
vn 0.64240478 -0.56490082 -0.51788335
vn 0.94998406 0.01735169 0.31181598
vn 0.26677653 0.62815858 0.73092208
vn -0.60378915 0.68914429 0.40064799
vn -0.96280611 -0.07789680 -0.25872086
vn -0.26708427 -0.62943256 -0.72971272
vn 0.62176117 -0.64110647 -0.44988391
vn 0.92571464 -0.05684557 0.37392645
vn 0.25553324 0.58255856 0.77157520
vn -0.63561324 0.59368563 0.49349081
vt 0.83333333 0.00000000
vt 1.00000000 0.00000000
vt 0.83333333 1.00000000
f 738/3661/738 733/3662/733 744/3663/744
vt 0.83333333 1.00000000
vt 1.00000000 0.00000000
vt 1.00000000 1.00000000
f 744/3664/744 733/3665/733 739/3666/739
vt 0.83333333 0.00000000
vt 0.83333333 1.00000000
vt 0.66666667 0.00000000
f 738/3667/738 744/3668/744 737/3669/737
vt 0.66666667 0.00000000
vt 0.83333333 1.00000000
vt 0.66666667 1.00000000
f 737/3670/737 744/3671/744 743/3672/743
vt 0.33333333 0.00000000
vt 0.66666667 0.00000000
vt 0.50000000 0.00000000
f 735/3673/735 737/3674/737 736/3675/736
vt 1.33333333 0.00000000
vt 1.00000000 0.00000000
vt 0.83333333 0.00000000
f 735/3676/735 733/3677/733 738/3678/738
vt 0.16666667 0.00000000
vt 0.00000000 0.00000000
vt 0.33333333 0.00000000
f 734/3679/734 733/3680/733 735/3681/735
vt 0.83333333 0.00000000
vt 0.66666667 0.00000000
vt 0.33333333 0.00000000
f 738/3682/738 737/3683/737 735/3684/735
vt 0.00000000 1.00000000
vt 0.00000000 0.00000000
vt 0.16666667 1.00000000
f 739/3685/739 733/3686/733 740/3687/740
vt 0.16666667 1.00000000
vt 0.00000000 0.00000000
vt 0.16666667 0.00000000
f 740/3688/740 733/3689/733 734/3690/734
vt 0.16666667 0.00000000
vt 0.33333333 0.00000000
vt 0.16666667 1.00000000
f 734/3691/734 735/3692/735 740/3693/740
vt 0.16666667 1.00000000
vt 0.33333333 0.00000000
vt 0.33333333 1.00000000
f 740/3694/740 735/3695/735 741/3696/741
vt 0.66666667 1.00000000
vt 0.83333333 1.00000000
vt 0.50000000 1.00000000
f 743/3697/743 744/3698/744 742/3699/742
vt 0.50000000 1.00000000
vt 0.83333333 1.00000000
vt 1.00000000 1.00000000
f 742/3700/742 744/3701/744 739/3702/739
vt 0.00000000 1.00000000
vt 0.16666667 1.00000000
vt 0.50000000 1.00000000
f 739/3703/739 740/3704/740 742/3705/742
vt 0.50000000 1.00000000
vt 0.16666667 1.00000000
vt 0.33333333 1.00000000
f 742/3706/742 740/3707/740 741/3708/741
vt 0.50000000 1.00000000
vt 0.66666667 0.00000000
vt 0.66666667 1.00000000
f 742/3709/742 737/3710/737 743/3711/743
vt 0.50000000 0.00000000
vt 0.66666667 0.00000000
vt 0.50000000 1.00000000
f 736/3712/736 737/3713/737 742/3714/742
vt 0.50000000 1.00000000
vt 0.33333333 0.00000000
vt 0.50000000 0.00000000
f 742/3715/742 735/3716/735 736/3717/736
vt 0.33333333 1.00000000
vt 0.33333333 0.00000000
vt 0.50000000 1.00000000
f 741/3718/741 735/3719/735 742/3720/742
g stem_20
usemtl wood
s 1
v -0.06889397 -0.20210066 2.59169483
v -0.06088784 -0.21099275 2.58478396
v -0.04606344 -0.21099275 2.58577495
v -0.03924516 -0.20210066 2.59367682
v -0.04725129 -0.19320856 2.60058769
v -0.06207569 -0.19320856 2.59959669
v -0.08051197 -0.41250939 2.85605146
v -0.07765264 -0.41568514 2.85358329
v -0.07235821 -0.41568514 2.85393721
v -0.06992311 -0.41250939 2.85675931
v -0.07278244 -0.40933364 2.85922748
v -0.07807687 -0.40933364 2.85887355
vn -0.99534791 0.01302912 -0.09546087
vn -0.42174256 -0.69570345 -0.58148940
vn 0.50136553 -0.65563337 -0.56460384
vn 0.99639527 -0.00402658 0.08473640
vn 0.42224618 0.70372142 0.57138807
vn -0.49399090 0.73001871 0.47227711
vn -0.99836476 -0.02314822 -0.05226822
vn -0.42268144 -0.71166107 -0.56114073
vn 0.49399090 -0.73001871 -0.47227711
vn 0.99409758 -0.02207424 0.10622018
vn 0.41979573 0.67079297 0.61139867
vn -0.50034800 0.67283179 0.54493050
vt 0.33333333 0.00000000
vt 0.66666667 0.00000000
vt 0.50000000 0.00000000
f 747/3721/747 749/3722/749 748/3723/748
vt 0.33333333 0.00000000
vt 0.83333333 0.00000000
vt 0.66666667 0.00000000
f 747/3724/747 750/3725/750 749/3726/749
vt 0.16666667 0.00000000
vt 0.00000000 0.00000000
vt 0.33333333 0.00000000
f 746/3727/746 745/3728/745 747/3729/747
vt 1.00000000 0.00000000
vt 0.83333333 0.00000000
vt 1.33333333 0.00000000
f 745/3730/745 750/3731/750 747/3732/747
vt 0.16666667 1.00000000
vt 0.00000000 0.00000000
vt 0.16666667 0.00000000
f 752/3733/752 745/3734/745 746/3735/746
vt 0.00000000 1.00000000
vt 0.00000000 0.00000000
vt 0.16666667 1.00000000
f 751/3736/751 745/3737/745 752/3738/752
vt 0.16666667 0.00000000
vt 0.33333333 0.00000000
vt 0.16666667 1.00000000
f 746/3739/746 747/3740/747 752/3741/752
vt 0.16666667 1.00000000
vt 0.33333333 0.00000000
vt 0.33333333 1.00000000
f 752/3742/752 747/3743/747 753/3744/753
vt 0.50000000 1.00000000
vt 0.33333333 0.00000000
vt 0.50000000 0.00000000
f 754/3745/754 747/3746/747 748/3747/748
vt 0.33333333 1.00000000
vt 0.33333333 0.00000000
vt 0.50000000 1.00000000
f 753/3748/753 747/3749/747 754/3750/754
vt 0.50000000 0.00000000
vt 0.66666667 0.00000000
vt 0.50000000 1.00000000
f 748/3751/748 749/3752/749 754/3753/754
vt 0.66666667 0.00000000
vt 0.66666667 1.00000000
vt 0.50000000 1.00000000
f 749/3754/749 755/3755/755 754/3756/754
vt 1.00000000 1.00000000
vt 1.16666667 1.00000000
vt 0.83333333 1.00000000
f 751/3757/751 752/3758/752 756/3759/756
vt 0.83333333 1.00000000
vt 1.16666667 1.00000000
vt 1.33333333 1.00000000
f 756/3760/756 752/3761/752 753/3762/753
vt 0.33333333 1.00000000
vt 0.50000000 1.00000000
vt 0.83333333 1.00000000
f 753/3763/753 754/3764/754 756/3765/756
vt 0.83333333 1.00000000
vt 0.50000000 1.00000000
vt 0.66666667 1.00000000
f 756/3766/756 754/3767/754 755/3768/755
vt 0.83333333 1.00000000
vt 0.83333333 0.00000000
vt 1.00000000 0.00000000
f 756/3769/756 750/3770/750 745/3771/745
vt 0.83333333 1.00000000
vt 1.00000000 0.00000000
vt 1.00000000 1.00000000
f 756/3772/756 745/3773/745 751/3774/751
vt 0.66666667 0.00000000
vt 0.83333333 0.00000000
vt 0.83333333 1.00000000
f 749/3775/749 750/3776/750 756/3777/756
vt 0.83333333 1.00000000
vt 0.66666667 1.00000000
vt 0.66666667 0.00000000
f 756/3778/756 755/3779/755 749/3780/749
g foliage_spray_042
usemtl foliage
s 1
v -0.13576530 -0.26592171 2.54899098
v -0.09977502 -0.31747355 2.76709809
v -0.02529617 -0.22207457 2.59082159
v 0.01521660 -0.26874615 2.80105909
v -0.18443865 -0.22344139 2.65859630
v -0.02089453 -0.12885009 2.69350752
v -0.10001026 -0.40459841 2.65553635
v 0.08902431 -0.32037119 2.69358740
v -0.15526416 -0.10167994 2.60766829
v 0.02990822 -0.42578965 2.59457412
v -0.15578211 -0.10077336 2.75838187
v 0.03181829 -0.42913287 2.73966085
vn -0.40175200 -0.18544551 -0.89677494
vn -0.58380220 -0.35217831 0.73153635
vn 0.56266435 0.34404791 -0.75169133
vn 0.39087411 0.18625623 0.90140227
vn -0.97826753 -0.19077903 0.08121579
vn 0.67436887 0.73797879 0.02477756
vn -0.68211253 -0.72999642 -0.04275184
vn 0.97676053 0.18575480 -0.10692999
vn -0.23565443 0.74190532 -0.62772882
vn 0.39980838 -0.46904638 -0.78749524
vn -0.43124510 0.46658170 0.77222353
vn 0.20450146 -0.77148486 0.60248674
vt 0.80641357 0.56811509
vt 0.68928206 0.73200762
vt 0.68537112 0.21590499
f 764/3781/764 768/3782/768 766/3783/766
vt 0.41983975 0.82960742
vt 0.30516309 0.79860205
vt 0.24648773 0.44364475
f 758/3784/758 767/3785/767 761/3786/761
vt 0.65528946 0.95041350
vt 0.68928206 0.73200762
vt 0.80641357 0.56811509
f 760/3787/760 768/3788/768 764/3789/764
vt 0.30516309 0.79860205
vt 0.41983975 0.82960742
vt 0.65528946 0.95041350
f 767/3790/767 758/3791/758 760/3792/760
vt 0.65528946 0.95041350
vt 0.41983975 0.82960742
vt 0.68928206 0.73200762
f 760/3793/760 758/3794/758 768/3795/768
vt 0.24648773 0.44364475
vt 0.30516309 0.79860205
vt 0.30622361 0.26248357
f 761/3796/761 767/3797/767 765/3798/765
vt 0.41935807 0.43275988
vt 0.41983975 0.82960742
vt 0.24648773 0.44364475
f 763/3799/763 758/3800/758 761/3801/761
vt 0.41935807 0.43275988
vt 0.68537112 0.21590499
vt 0.68928206 0.73200762
f 763/3802/763 766/3803/766 768/3804/768
vt 0.68928206 0.73200762
vt 0.41983975 0.82960742
vt 0.41935807 0.43275988
f 768/3805/768 758/3806/758 763/3807/763
vt 0.58135055 0.56783097
vt 0.30622361 0.26248357
vt 0.30516309 0.79860205
f 762/3808/762 765/3809/765 767/3810/767
vt 0.58135055 0.56783097
vt 0.65528946 0.95041350
vt 0.80641357 0.56811509
f 762/3811/762 760/3812/760 764/3813/764
vt 0.30516309 0.79860205
vt 0.65528946 0.95041350
vt 0.58135055 0.56783097
f 767/3814/767 760/3815/760 762/3816/762
vt 0.68537112 0.21590499
vt 0.41935807 0.43275988
vt 0.34614826 0.05375659
f 766/3817/766 763/3818/763 757/3819/757
vt 0.24648773 0.44364475
vt 0.30622361 0.26248357
vt 0.34614826 0.05375659
f 761/3820/761 765/3821/765 757/3822/757
vt 0.34614826 0.05375659
vt 0.41935807 0.43275988
vt 0.24648773 0.44364475
f 757/3823/757 763/3824/763 761/3825/761
vt 0.30622361 0.26248357
vt 0.58135055 0.56783097
vt 0.57233802 0.20255649
f 765/3826/765 762/3827/762 759/3828/759
vt 0.68537112 0.21590499
vt 0.34614826 0.05375659
vt 0.57233802 0.20255649
f 766/3829/766 757/3830/757 759/3831/759
vt 0.57233802 0.20255649
vt 0.34614826 0.05375659
vt 0.30622361 0.26248357
f 759/3832/759 757/3833/757 765/3834/765
vt 0.80641357 0.56811509
vt 0.68537112 0.21590499
vt 0.57233802 0.20255649
f 764/3835/764 766/3836/766 759/3837/759
vt 0.57233802 0.20255649
vt 0.58135055 0.56783097
vt 0.80641357 0.56811509
f 759/3838/759 762/3839/762 764/3840/764
g foliage_spray_043
usemtl foliage
s 1
v -0.07748372 -0.24169338 2.60331769
v -0.14561329 -0.27134497 2.83575731
v -0.00706140 -0.32168256 2.63350349
v -0.05051150 -0.36039337 2.83014377
v -0.03633455 -0.14593522 2.69568774
v 0.12431318 -0.30595222 2.73903474
v -0.24922408 -0.29611514 2.69460290
v -0.09390761 -0.46851077 2.73926354
v 0.14418855 -0.14730372 2.63008952
v -0.21938439 -0.41568895 2.63587812
v 0.09086332 -0.18666777 2.79712856
v -0.23857371 -0.42985427 2.78919777
vn -0.23838587 0.31584610 -0.91837542
vn -0.38536185 0.51013109 0.76893597
vn 0.37261247 -0.51542107 -0.77168715
vn 0.25721371 -0.36785315 0.89360236
vn -0.34156352 0.93864985 0.04765317
vn 0.80224637 -0.59185950 0.07812233
vn -0.81543444 0.56317305 -0.13380132
vn 0.33890402 -0.93642211 -0.09087184
vn 0.61188820 0.39483050 -0.68534787
vn -0.30168231 -0.50301002 -0.80991895
vn 0.33225358 0.49243795 0.80443298
vn -0.61893338 -0.46859205 0.63035146
vt 0.14257234 0.75812385
vt 0.33291233 0.92374548
vt 0.12076530 0.42163090
f 780/3841/780 770/3842/770 775/3843/775
vt 0.18186320 0.21273506
vt 0.14257234 0.75812385
vt 0.12076530 0.42163090
f 778/3844/778 780/3845/780 775/3846/775
vt 0.43878169 0.58049777
vt 0.14257234 0.75812385
vt 0.18186320 0.21273506
f 776/3847/776 780/3848/780 778/3849/778
vt 0.12076530 0.42163090
vt 0.33291233 0.92374548
vt 0.55666472 0.42548988
f 775/3850/775 770/3851/770 773/3852/773
vt 0.47241023 0.09691106
vt 0.18186320 0.21273506
vt 0.12076530 0.42163090
f 769/3853/769 778/3854/778 775/3855/775
vt 0.12076530 0.42163090
vt 0.55666472 0.42548988
vt 0.47241023 0.09691106
f 775/3856/775 773/3857/773 769/3858/769
vt 0.47241023 0.09691106
vt 0.55666472 0.42548988
vt 0.92629265 0.19214386
f 769/3859/769 773/3860/773 777/3861/777
vt 0.43878169 0.58049777
vt 0.18186320 0.21273506
vt 0.61660261 0.20428801
f 776/3862/776 778/3863/778 771/3864/771
vt 0.92629265 0.19214386
vt 0.88559708 0.57968389
vt 0.61660261 0.20428801
f 777/3865/777 774/3866/774 771/3867/771
vt 0.61660261 0.20428801
vt 0.88559708 0.57968389
vt 0.43878169 0.58049777
f 771/3868/771 774/3869/774 776/3870/776
vt 0.61660261 0.20428801
vt 0.47241023 0.09691106
vt 0.92629265 0.19214386
f 771/3871/771 769/3872/769 777/3873/777
vt 0.18186320 0.21273506
vt 0.47241023 0.09691106
vt 0.61660261 0.20428801
f 778/3874/778 769/3875/769 771/3876/771
vt 0.81710721 0.78633527
vt 0.88559708 0.57968389
vt 0.92629265 0.19214386
f 779/3877/779 774/3878/774 777/3879/777
vt 0.92629265 0.19214386
vt 0.55666472 0.42548988
vt 0.81710721 0.78633527
f 777/3880/777 773/3881/773 779/3882/779
vt 0.81710721 0.78633527
vt 0.55666472 0.42548988
vt 0.33291233 0.92374548
f 779/3883/779 773/3884/773 770/3885/770
vt 0.43878169 0.58049777
vt 0.88559708 0.57968389
vt 0.52763687 0.90377702
f 776/3886/776 774/3887/774 772/3888/772
vt 0.52763687 0.90377702
vt 0.14257234 0.75812385
vt 0.43878169 0.58049777
f 772/3889/772 780/3890/780 776/3891/776
vt 0.33291233 0.92374548
vt 0.14257234 0.75812385
vt 0.52763687 0.90377702
f 770/3892/770 780/3893/780 772/3894/772
vt 0.52763687 0.90377702
vt 0.81710721 0.78633527
vt 0.33291233 0.92374548
f 772/3895/772 779/3896/779 770/3897/770
vt 0.88559708 0.57968389
vt 0.81710721 0.78633527
vt 0.52763687 0.90377702
f 774/3898/774 779/3899/779 772/3900/772
g foliage_spray_044
usemtl foliage
s 1
v -0.13586453 -0.33337725 2.64451383
v -0.11398632 -0.39433921 2.86910670
v -0.02041533 -0.27448534 2.64764291
v 0.00310600 -0.33597699 2.87652866
v -0.21341981 -0.28289842 2.74014418
v -0.03088952 -0.20743043 2.77634869
v -0.10437287 -0.46354776 2.74108075
v 0.11784679 -0.40031691 2.78253157
v -0.18716718 -0.12501543 2.67432454
v -0.00280200 -0.44771229 2.70185003
v -0.14613281 -0.19683845 2.82829008
v 0.02735526 -0.50049694 2.82567687
vn -0.38458167 -0.28027956 -0.87951140
vn -0.56351241 -0.33064792 0.75705067
vn 0.55253600 0.29179208 -0.78074410
vn 0.36455173 0.22913147 0.90255238
vn -0.97643526 -0.20040545 0.08007394
vn 0.63695922 0.75652055 0.14818773
vn -0.62573273 -0.76466368 -0.15410392
vn 0.98429897 0.15148335 -0.09059987
vn -0.26408948 0.79098502 -0.55190529
vn 0.29879497 -0.54383236 -0.78419891
vn -0.34745267 0.49344112 0.79736598
vn 0.20750891 -0.83232061 0.51398683
vt 0.87928510 0.58431428
vt 0.64434895 0.91868081
vt 0.69400024 0.73779080
f 788/3901/788 784/3902/784 792/3903/792
vt 0.33877681 0.74708652
vt 0.25475736 0.19940014
vt 0.20100410 0.43353384
f 791/3904/791 789/3905/789 785/3906/785
vt 0.20100410 0.43353384
vt 0.25475736 0.19940014
vt 0.35980149 0.09335747
f 785/3907/785 789/3908/789 781/3909/781
vt 0.40459797 0.89227941
vt 0.33877681 0.74708652
vt 0.20100410 0.43353384
f 782/3910/782 791/3911/791 785/3912/785
vt 0.40459797 0.89227941
vt 0.69400024 0.73779080
vt 0.64434895 0.91868081
f 782/3913/782 792/3914/792 784/3915/784
vt 0.64434895 0.91868081
vt 0.33877681 0.74708652
vt 0.40459797 0.89227941
f 784/3916/784 791/3917/791 782/3918/782
vt 0.25475736 0.19940014
vt 0.33877681 0.74708652
vt 0.57474184 0.56232055
f 789/3919/789 791/3920/791 786/3921/786
vt 0.57474184 0.56232055
vt 0.64434895 0.91868081
vt 0.87928510 0.58431428
f 786/3922/786 784/3923/784 788/3924/788
vt 0.57474184 0.56232055
vt 0.33877681 0.74708652
vt 0.64434895 0.91868081
f 786/3925/786 791/3926/791 784/3927/784
vt 0.59618814 0.10448823
vt 0.35980149 0.09335747
vt 0.25475736 0.19940014
f 783/3928/783 781/3929/781 789/3930/789
vt 0.59618814 0.10448823
vt 0.57474184 0.56232055
vt 0.87928510 0.58431428
f 783/3931/783 786/3932/786 788/3933/788
vt 0.25475736 0.19940014
vt 0.57474184 0.56232055
vt 0.59618814 0.10448823
f 789/3934/789 786/3935/786 783/3936/783
vt 0.87928510 0.58431428
vt 0.69400024 0.73779080
vt 0.63225210 0.29731382
f 788/3937/788 792/3938/792 790/3939/790
vt 0.63225210 0.29731382
vt 0.59618814 0.10448823
vt 0.87928510 0.58431428
f 790/3940/790 783/3941/783 788/3942/788
vt 0.35980149 0.09335747
vt 0.59618814 0.10448823
vt 0.63225210 0.29731382
f 781/3943/781 783/3944/783 790/3945/790
vt 0.69400024 0.73779080
vt 0.40459797 0.89227941
vt 0.42428187 0.43686540
f 792/3946/792 782/3947/782 787/3948/787
vt 0.42428187 0.43686540
vt 0.63225210 0.29731382
vt 0.69400024 0.73779080
f 787/3949/787 790/3950/790 792/3951/792
vt 0.35980149 0.09335747
vt 0.63225210 0.29731382
vt 0.42428187 0.43686540
f 781/3952/781 790/3953/790 787/3954/787
vt 0.20100410 0.43353384
vt 0.35980149 0.09335747
vt 0.42428187 0.43686540
f 785/3955/785 781/3956/781 787/3957/787
vt 0.42428187 0.43686540
vt 0.40459797 0.89227941
vt 0.20100410 0.43353384
f 787/3958/787 782/3959/782 785/3960/785
g foliage_spray_045
usemtl foliage
s 1
v -0.08333099 -0.30700374 2.68661415
v -0.13421971 -0.34091202 2.88897981
v -0.00497498 -0.38786820 2.70031230
v -0.05178028 -0.44585287 2.95194360
v -0.04403564 -0.21665925 2.77583046
v 0.07470200 -0.36793541 2.81300408
v -0.21383841 -0.36033672 2.77868251
v -0.09408260 -0.49706693 2.81370992
v 0.11315539 -0.22865130 2.71946812
v -0.22583600 -0.47889071 2.71493826
v 0.07061590 -0.26005344 2.86901837
v -0.25466836 -0.50017442 2.87236667
vn -0.28278604 0.37510311 -0.88279653
vn -0.42467792 0.56838135 0.70469235
vn 0.40914445 -0.53971654 -0.73573560
vn 0.28817707 -0.37600139 0.88066846
vn -0.36112609 0.92959183 0.07380370
vn 0.81216937 -0.58184386 0.04287935
vn -0.80180131 0.59052048 -0.09165277
vn 0.35514391 -0.92690019 -0.12136242
vn 0.66224180 0.40485975 -0.63049535
vn -0.33828389 -0.49320108 -0.80144664
vn 0.34167687 0.53472611 0.77286797
vn -0.70975253 -0.40364281 0.57734204
vt 0.12260831 0.77254129
vt 0.53802938 1.05561244
vt 0.36923151 0.83163760
f 804/3961/804 796/3962/796 794/3963/794
vt 0.87574145 0.22865046
vt 0.55388684 0.42914260
vt 0.78864024 0.76063072
f 801/3964/801 797/3965/797 803/3966/803
vt 0.55388684 0.42914260
vt 0.36923151 0.83163760
vt 0.78864024 0.76063072
f 797/3967/797 794/3968/794 803/3969/803
vt 0.78864024 0.76063072
vt 0.36923151 0.83163760
vt 0.53802938 1.05561244
f 803/3970/803 794/3971/794 796/3972/796
vt 0.20620919 0.43928793
vt 0.18164367 0.21253682
vt 0.12260831 0.77254129
f 799/3973/799 802/3974/802 804/3975/804
vt 0.12260831 0.77254129
vt 0.36923151 0.83163760
vt 0.20620919 0.43928793
f 804/3976/804 794/3977/794 799/3978/799
vt 0.20620919 0.43928793
vt 0.36923151 0.83163760
vt 0.55388684 0.42914260
f 799/3979/799 794/3980/794 797/3981/797
vt 0.47342810 0.11178228
vt 0.55388684 0.42914260
vt 0.87574145 0.22865046
f 793/3982/793 797/3983/797 801/3984/801
vt 0.47342810 0.11178228
vt 0.20620919 0.43928793
vt 0.55388684 0.42914260
f 793/3985/793 799/3986/799 797/3987/797
vt 0.18164367 0.21253682
vt 0.20620919 0.43928793
vt 0.47342810 0.11178228
f 802/3988/802 799/3989/799 793/3990/793
vt 0.63386503 0.16050935
vt 0.47342810 0.11178228
vt 0.87574145 0.22865046
f 795/3991/795 793/3992/793 801/3993/801
vt 0.18164367 0.21253682
vt 0.47342810 0.11178228
vt 0.63386503 0.16050935
f 802/3994/802 793/3995/793 795/3996/795
vt 0.79700669 0.56137663
vt 0.63386503 0.16050935
vt 0.87574145 0.22865046
f 798/3997/798 795/3998/795 801/3999/801
vt 0.87574145 0.22865046
vt 0.78864024 0.76063072
vt 0.79700669 0.56137663
f 801/4000/801 803/4001/803 798/4002/798
vt 0.79700669 0.56137663
vt 0.78864024 0.76063072
vt 0.53802938 1.05561244
f 798/4003/798 803/4004/803 796/4005/796
vt 0.18164367 0.21253682
vt 0.63386503 0.16050935
vt 0.45141377 0.56388748
f 802/4006/802 795/4007/795 800/4008/800
vt 0.45141377 0.56388748
vt 0.53802938 1.05561244
vt 0.12260831 0.77254129
f 800/4009/800 796/4010/796 804/4011/804
vt 0.12260831 0.77254129
vt 0.18164367 0.21253682
vt 0.45141377 0.56388748
f 804/4012/804 802/4013/802 800/4014/800
vt 0.45141377 0.56388748
vt 0.79700669 0.56137663
vt 0.53802938 1.05561244
f 800/4015/800 798/4016/798 796/4017/796
vt 0.63386503 0.16050935
vt 0.79700669 0.56137663
vt 0.45141377 0.56388748
f 795/4018/795 798/4019/798 800/4020/800
g foliage_spray_046
usemtl foliage
s 1
v -0.15523658 -0.39204007 2.69589917
v -0.11441522 -0.44621835 2.92994846
v -0.02600545 -0.33297541 2.72070023
v 0.00075994 -0.39495832 2.95633932
v -0.23200970 -0.33732250 2.81236466
v -0.02542016 -0.22664367 2.85565712
v -0.12200777 -0.56328808 2.80930041
v 0.07050857 -0.44455105 2.85107354
v -0.16680072 -0.22994192 2.76671295
v 0.00750115 -0.53502483 2.76137890
v -0.16417057 -0.23454552 2.91282005
v 0.01964136 -0.55627401 2.89825371
vn -0.36899512 -0.18735466 -0.91035204
vn -0.53920281 -0.32135998 0.77845237
vn 0.56332253 0.31477595 -0.76392659
vn 0.37975133 0.16688159 0.90991179
vn -0.98336255 -0.14737348 0.10620332
vn 0.65934133 0.74650523 0.08943691
vn -0.64304219 -0.76317530 -0.06371972
vn 0.98841184 0.13172890 -0.07542900
vn -0.27599638 0.76738040 -0.57875152
vn 0.43369829 -0.48352072 -0.76033776
vn -0.40806142 0.46676178 0.78461412
vn 0.29624414 -0.74827777 0.59356531
vt 0.33226085 0.01347647
vt 0.40029810 0.41686748
vt 0.17506495 0.42776762
f 805/4021/805 811/4022/811 809/4023/809
vt 0.40029810 0.41686748
vt 0.33226085 0.01347647
vt 0.66547255 0.24640102
f 811/4024/811 805/4025/805 814/4026/814
vt 0.30858282 0.26537531
vt 0.33226085 0.01347647
vt 0.17506495 0.42776762
f 813/4027/813 805/4028/805 809/4029/809
vt 0.79448265 0.56546288
vt 0.59806491 0.58176758
vt 0.65166968 0.93991439
f 812/4030/812 810/4031/810 808/4032/808
vt 0.59686652 0.10169883
vt 0.59806491 0.58176758
vt 0.79448265 0.56546288
f 807/4033/807 810/4034/810 812/4035/812
vt 0.79448265 0.56546288
vt 0.66547255 0.24640102
vt 0.59686652 0.10169883
f 812/4036/812 814/4037/814 807/4038/807
vt 0.59686652 0.10169883
vt 0.66547255 0.24640102
vt 0.33226085 0.01347647
f 807/4039/807 814/4040/814 805/4041/805
vt 0.33226085 0.01347647
vt 0.30858282 0.26537531
vt 0.59686652 0.10169883
f 805/4042/805 813/4043/813 807/4044/807
vt 0.59686652 0.10169883
vt 0.30858282 0.26537531
vt 0.59806491 0.58176758
f 807/4045/807 813/4046/813 810/4047/810
vt 0.79448265 0.56546288
vt 0.65166968 0.93991439
vt 0.69033009 0.73329222
f 812/4048/812 808/4049/808 816/4050/816
vt 0.69033009 0.73329222
vt 0.66547255 0.24640102
vt 0.79448265 0.56546288
f 816/4051/816 814/4052/814 812/4053/812
vt 0.40029810 0.41686748
vt 0.66547255 0.24640102
vt 0.69033009 0.73329222
f 811/4054/811 814/4055/814 816/4056/816
vt 0.31396817 0.78510761
vt 0.65166968 0.93991439
vt 0.59806491 0.58176758
f 815/4057/815 808/4058/808 810/4059/810
vt 0.31396817 0.78510761
vt 0.30858282 0.26537531
vt 0.17506495 0.42776762
f 815/4060/815 813/4061/813 809/4062/809
vt 0.59806491 0.58176758
vt 0.30858282 0.26537531
vt 0.31396817 0.78510761
f 810/4063/810 813/4064/813 815/4065/815
vt 0.65166968 0.93991439
vt 0.31396817 0.78510761
vt 0.41584413 0.84603682
f 808/4066/808 815/4067/815 806/4068/806
vt 0.40029810 0.41686748
vt 0.69033009 0.73329222
vt 0.41584413 0.84603682
f 811/4069/811 816/4070/816 806/4071/806
vt 0.41584413 0.84603682
vt 0.69033009 0.73329222
vt 0.65166968 0.93991439
f 806/4072/806 816/4073/816 808/4074/808
vt 0.17506495 0.42776762
vt 0.40029810 0.41686748
vt 0.41584413 0.84603682
f 809/4075/809 811/4076/811 806/4077/806
vt 0.41584413 0.84603682
vt 0.31396817 0.78510761
vt 0.17506495 0.42776762
f 806/4078/806 815/4079/815 809/4080/809
g foliage_spray_047
usemtl foliage
s 1
v -0.09000795 -0.36562804 2.75851763
v -0.15652161 -0.39605616 2.98906148
v 0.00274405 -0.45391931 2.75657035
v -0.06129293 -0.49199779 3.00000000
v -0.04538811 -0.25089351 2.84869092
v 0.12684700 -0.43048869 2.89641484
v -0.25619972 -0.42040118 2.85085186
v -0.10486756 -0.58415038 2.89370963
v 0.07234451 -0.31526869 2.81036188
v -0.21556038 -0.52779666 2.79994522
v 0.09132552 -0.30125714 2.95944837
v -0.28520061 -0.57920425 2.95898776
vn -0.24277838 0.34738715 -0.90574877
vn -0.39509950 0.52356699 0.75483375
vn 0.37064995 -0.48986229 -0.78908399
vn 0.26370184 -0.37342227 0.88939145
vn -0.32159178 0.94680982 0.01139711
vn 0.82732341 -0.55578760 0.08146233
vn -0.81657357 0.55320281 -0.16484615
vn 0.31940049 -0.94331335 -0.09023998
vn 0.59794430 0.45509504 -0.65981143
vn -0.33908123 -0.48190445 -0.80795546
vn 0.36580112 0.52302849 0.76982514
vn -0.65225022 -0.48741149 0.58051674
vt 0.44188852 0.57641251
vt 0.66222739 0.08858051
vt 0.91633293 0.58603548
f 824/4081/824 819/4082/819 822/4083/822
vt 0.91633293 0.58603548
vt 0.66222739 0.08858051
vt 0.80473700 0.27992781
f 822/4084/822 819/4085/819 825/4086/825
vt 0.80473700 0.27992781
vt 0.84360133 0.81025841
vt 0.91633293 0.58603548
f 825/4087/825 827/4088/827 822/4089/822
vt 0.56367496 0.41627190
vt 0.84360133 0.81025841
vt 0.80473700 0.27992781
f 821/4090/821 827/4091/827 825/4092/825
vt 0.91633293 0.58603548
vt 0.84360133 0.81025841
vt 0.53110924 0.95450870
f 822/4093/822 827/4094/827 820/4095/820
vt 0.07264974 0.80861992
vt 0.44188852 0.57641251
vt 0.53110924 0.95450870
f 828/4096/828 824/4097/824 820/4098/820
vt 0.53110924 0.95450870
vt 0.44188852 0.57641251
vt 0.91633293 0.58603548
f 820/4099/820 824/4100/824 822/4101/822
vt 1.33612490 0.91559819
vt 0.84360133 0.81025841
vt 0.56367496 0.41627190
f 818/4102/818 827/4103/827 821/4104/821
vt 0.33612490 0.91559819
vt 0.13203015 0.42395879
vt 0.07264974 0.80861992
f 818/4105/818 823/4106/823 828/4107/828
vt 0.56367496 0.41627190
vt 0.13203015 0.42395879
vt 0.33612490 0.91559819
f 821/4108/821 823/4109/823 818/4110/818
vt 0.07264974 0.80861992
vt 0.53110924 0.95450870
vt 0.33612490 0.91559819
f 828/4111/828 820/4112/820 818/4113/818
vt 1.33612490 0.91559819
vt 0.53110924 0.95450870
vt 0.84360133 0.81025841
f 818/4114/818 820/4115/820 827/4116/827
vt 0.07264974 0.80861992
vt 0.13203015 0.42395879
vt 0.21524076 0.24287367
f 828/4117/828 823/4118/823 826/4119/826
vt 0.21524076 0.24287367
vt 0.44188852 0.57641251
vt 0.07264974 0.80861992
f 826/4120/826 824/4121/824 828/4122/828
vt 0.66222739 0.08858051
vt 0.44188852 0.57641251
vt 0.21524076 0.24287367
f 819/4123/819 824/4124/824 826/4125/826
vt 0.47231415 0.09550741
vt 0.13203015 0.42395879
vt 0.56367496 0.41627190
f 817/4126/817 823/4127/823 821/4128/821
vt 0.56367496 0.41627190
vt 0.80473700 0.27992781
vt 0.47231415 0.09550741
f 821/4129/821 825/4130/825 817/4131/817
vt 0.47231415 0.09550741
vt 0.80473700 0.27992781
vt 0.66222739 0.08858051
f 817/4132/817 825/4133/825 819/4134/819
vt 0.66222739 0.08858051
vt 0.21524076 0.24287367
vt 0.47231415 0.09550741
f 819/4135/819 826/4136/826 817/4137/817
vt 0.47231415 0.09550741
vt 0.21524076 0.24287367
vt 0.13203015 0.42395879
f 817/4138/817 826/4139/826 823/4140/823
g foliage_spray_048
usemtl foliage
s 1
v 0.06361407 -0.04654226 2.52142505
v 0.12294912 -0.05913929 2.77636104
v 0.05398126 0.07150587 2.50801079
v 0.12131172 0.06275385 2.79863600
v -0.01137738 -0.08710038 2.62617525
v -0.01232382 0.09466151 2.67000628
v 0.18705004 -0.08331495 2.62708809
v 0.19290814 0.09526061 2.67015075
v -0.13086031 0.00335813 2.55187834
v 0.24478480 0.00335813 2.56372965
v -0.10302649 0.00335813 2.75301246
v 0.32527680 0.00335813 2.75041201
vn 0.02291560 -0.60229214 -0.79794677
vn 0.00609813 -0.77308863 0.63426870
vn 0.01523442 0.73744494 -0.67523542
vn 0.00321637 0.59234835 0.80567555
vn -0.26757976 -0.96326509 0.02283515
vn -0.29114309 0.95346974 0.07830170
vn 0.29553268 -0.94793822 -0.11863204
vn 0.29658969 0.95266864 -0.06676083
vn -0.84130011 0.06571192 -0.53655948
vn 0.67398818 0.11145659 -0.73028581
vn -0.68363265 -0.16567977 0.71077185
vn 0.87747226 -0.12115330 0.46407360
vt 1.02771538 0.79349578
vt 0.73087314 0.56350530
vt 0.57031518 0.93168275
f 840/4141/840 836/4142/836 832/4143/832
vt 0.84720870 0.25855320
vt 0.73087314 0.56350530
vt 1.02771538 0.79349578
f 838/4144/838 836/4145/836 840/4146/840
vt 1.02771538 0.79349578
vt 0.57031518 0.93168275
vt 0.57398711 0.86785331
f 840/4147/840 832/4148/832 830/4149/830
vt 0.27063189 0.56309132
vt 0.57031518 0.93168275
vt 0.73087314 0.56350530
f 834/4150/834 832/4151/832 836/4152/836
vt 0.73087314 0.56350530
vt 0.84720870 0.25855320
vt 0.41932381 0.09888953
f 836/4153/836 838/4154/838 831/4155/831
vt 0.00480887 0.22459301
vt 0.27063189 0.56309132
vt 0.41932381 0.09888953
f 837/4156/837 834/4157/834 831/4158/831
vt 0.41932381 0.09888953
vt 0.27063189 0.56309132
vt 0.73087314 0.56350530
f 831/4159/831 834/4160/834 836/4161/836
vt 1.06722737 0.80094743
vt 0.57398711 0.86785331
vt 0.57031518 0.93168275
f 839/4162/839 830/4163/830 832/4164/832
vt 0.06722737 0.80094743
vt 0.27063189 0.56309132
vt 0.00480887 0.22459301
f 839/4165/839 834/4166/834 837/4167/837
vt 0.57031518 0.93168275
vt 1.27063189 0.56309132
vt 1.06722737 0.80094743
f 832/4168/832 834/4169/834 839/4170/839
vt 0.71773609 0.44010825
vt 0.84720870 0.25855320
vt 1.02771538 0.79349578
f 835/4171/835 838/4172/838 840/4173/840
vt 1.02771538 0.79349578
vt 0.57398711 0.86785331
vt 0.71773609 0.44010825
f 840/4174/840 830/4175/830 835/4176/835
vt 0.84720870 0.25855320
vt 0.71773609 0.44010825
vt 0.44092579 0.13732838
f 838/4177/838 835/4178/835 829/4179/829
vt 0.00480887 0.22459301
vt 0.41932381 0.09888953
vt 0.44092579 0.13732838
f 837/4180/837 831/4181/831 829/4182/829
vt 0.44092579 0.13732838
vt 0.41932381 0.09888953
vt 0.84720870 0.25855320
f 829/4183/829 831/4184/831 838/4185/838
vt 0.57398711 0.86785331
vt 1.06722737 0.80094743
vt 1.27275432 0.43749249
f 830/4186/830 839/4187/839 833/4188/833
vt 0.27275432 0.43749249
vt 0.71773609 0.44010825
vt 0.57398711 0.86785331
f 833/4189/833 835/4190/835 830/4191/830
vt 0.27275432 0.43749249
vt 0.06722737 0.80094743
vt 0.00480887 0.22459301
f 833/4192/833 839/4193/839 837/4194/837
vt 0.00480887 0.22459301
vt 0.44092579 0.13732838
vt 0.27275432 0.43749249
f 837/4195/837 829/4196/829 833/4197/833
vt 0.27275432 0.43749249
vt 0.44092579 0.13732838
vt 0.71773609 0.44010825
f 833/4198/833 829/4199/829 835/4200/835
g foliage_spray_049
usemtl foliage
s 1
v 0.07965340 0.04159184 2.53902361
v 0.05821204 0.09849580 2.82276571
v -0.02696748 -0.01202866 2.57355548
v -0.08300356 0.02858965 2.87305059
v 0.17064005 -0.00133085 2.65667747
v -0.03790999 -0.12666615 2.71062499
v 0.05682646 0.19457444 2.65394177
v -0.13735466 0.07033164 2.70509065
v 0.12678282 -0.14182175 2.58129418
v -0.06421101 0.14922258 2.60184379
v 0.10388231 -0.10692500 2.78304411
v -0.08183324 0.17607607 2.76115124
vn 0.34922025 0.25995917 -0.90025910
vn 0.59502864 0.41888498 0.68591275
vn -0.60036491 -0.33604722 -0.72569570
vn -0.45853420 -0.22777009 0.85899195
vn 0.97902118 0.19820066 0.04726558
vn -0.60859013 -0.79331064 0.01662154
vn 0.54505065 0.83060268 -0.11410070
vn -0.97976434 -0.13597345 -0.14687771
vn 0.30659601 -0.78450776 -0.53902362
vn -0.50542458 0.51353601 -0.69341673
vn 0.50200336 -0.54173625 0.67417687
vn -0.38293096 0.83935706 0.38580253
vt 0.39240217 0.58226295
vt 0.29127797 1.04769722
vt 0.16939335 0.56640415
f 846/4201/846 844/4202/844 848/4203/848
vt 0.16939335 0.56640415
vt 0.29127797 1.04769722
vt 0.29390245 0.72704708
f 848/4204/848 844/4205/844 852/4206/852
vt 0.86008436 0.42767509
vt 0.60485262 0.41983588
vt 0.60795985 0.90360474
f 845/4207/845 847/4208/847 842/4209/842
vt 0.60485262 0.41983588
vt 0.29390245 0.72704708
vt 0.60795985 0.90360474
f 847/4210/847 852/4211/852 842/4212/842
vt 0.60795985 0.90360474
vt 0.29390245 0.72704708
vt 0.29127797 1.04769722
f 842/4213/842 852/4214/852 844/4215/844
vt 0.29127797 1.04769722
vt 0.39240217 0.58226295
vt 0.71037734 0.78978159
f 844/4216/844 846/4217/846 851/4218/851
vt 0.86008436 0.42767509
vt 0.60795985 0.90360474
vt 0.71037734 0.78978159
f 845/4219/845 842/4220/842 851/4221/851
vt 0.71037734 0.78978159
vt 0.60795985 0.90360474
vt 0.29127797 1.04769722
f 851/4222/851 842/4223/842 844/4224/844
vt 0.65604299 0.09053526
vt 0.60485262 0.41983588
vt 0.86008436 0.42767509
f 841/4225/841 847/4226/847 845/4227/845
vt 0.41694121 0.18948713
vt 0.39240217 0.58226295
vt 0.16939335 0.56640415
f 843/4228/843 846/4229/846 848/4230/848
vt 0.39240217 0.58226295
vt 0.41694121 0.18948713
vt 0.76173269 0.21166254
f 846/4231/846 843/4232/843 849/4233/849
vt 0.76173269 0.21166254
vt 0.41694121 0.18948713
vt 0.65604299 0.09053526
f 849/4234/849 843/4235/843 841/4236/841
vt 0.76173269 0.21166254
vt 0.65604299 0.09053526
vt 0.86008436 0.42767509
f 849/4237/849 841/4238/841 845/4239/845
vt 0.86008436 0.42767509
vt 0.71037734 0.78978159
vt 0.76173269 0.21166254
f 845/4240/845 851/4241/851 849/4242/849
vt 0.76173269 0.21166254
vt 0.71037734 0.78978159
vt 0.39240217 0.58226295
f 849/4243/849 851/4244/851 846/4245/846
vt 0.33342104 0.27054792
vt 0.41694121 0.18948713
vt 0.16939335 0.56640415
f 850/4246/850 843/4247/843 848/4248/848
vt 0.16939335 0.56640415
vt 0.29390245 0.72704708
vt 0.33342104 0.27054792
f 848/4249/848 852/4250/852 850/4251/850
vt 0.33342104 0.27054792
vt 0.29390245 0.72704708
vt 0.60485262 0.41983588
f 850/4252/850 852/4253/852 847/4254/847
vt 0.60485262 0.41983588
vt 0.65604299 0.09053526
vt 0.33342104 0.27054792
f 847/4255/847 841/4256/841 850/4257/850
vt 0.65604299 0.09053526
vt 0.41694121 0.18948713
vt 0.33342104 0.27054792
f 841/4258/841 843/4259/843 850/4260/850
g foliage_spray_050
usemtl foliage
s 1
v -0.03561813 0.02853709 2.55197949
v -0.08021013 -0.02372498 2.86706958
v 0.10250998 -0.03557466 2.56360705
v 0.06078100 -0.09214589 2.89196252
v -0.04267694 0.14018795 2.68574360
v 0.20157529 0.01781491 2.74596253
v -0.11373032 -0.06061845 2.69617458
v 0.05307043 -0.16360803 2.73959428
v 0.09472201 0.10326409 2.64137966
v -0.06318871 -0.14692722 2.63366520
v 0.10119168 0.11351454 2.81613471
v -0.07131766 -0.15980661 2.78878846
vn -0.45292865 0.25825580 -0.85332267
vn -0.65397787 0.32396098 0.68363896
vn 0.58062206 -0.37425886 -0.72305486
vn 0.39622152 -0.33704943 0.85405280
vn -0.60954664 0.79245179 0.02174972
vn 0.98764358 -0.14242754 0.06538015
vn -0.99137222 0.06914494 -0.11135572
vn 0.53767628 -0.84033533 -0.06885314
vn 0.46295025 0.74733653 -0.47661848
vn -0.28799492 -0.73018380 -0.61958902
vn 0.22368658 0.73744015 0.63729612
vn -0.52356682 -0.76740151 0.37009825
vt 0.29580600 0.93333628
vt 0.37997574 0.41374253
vt 0.22063559 0.44363273
f 854/4261/854 857/4262/857 859/4263/859
vt 0.22063559 0.44363273
vt 0.37997574 0.41374253
vt 0.39580543 0.03043840
f 859/4264/859 857/4265/857 853/4266/853
vt 0.92772159 0.58630126
vt 0.70556347 0.06375744
vt 0.68809864 0.28661663
f 858/4267/858 855/4268/855 861/4269/861
vt 0.68809864 0.28661663
vt 0.39580543 0.03043840
vt 0.37997574 0.41374253
f 861/4270/861 853/4271/853 857/4272/857
vt 0.70556347 0.06375744
vt 0.39580543 0.03043840
vt 0.68809864 0.28661663
f 855/4273/855 853/4274/853 861/4275/861
vt 0.22063559 0.44363273
vt 0.39580543 0.03043840
vt 0.33397726 0.26451066
f 859/4276/859 853/4277/853 862/4278/862
vt 0.33397726 0.26451066
vt 0.39580543 0.03043840
vt 0.70556347 0.06375744
f 862/4279/862 853/4280/853 855/4281/855
vt 0.92772159 0.58630126
vt 0.61198450 1.00466758
vt 0.59469323 0.56805290
f 858/4282/858 856/4283/856 860/4284/860
vt 0.59469323 0.56805290
vt 0.70556347 0.06375744
vt 0.92772159 0.58630126
f 860/4285/860 855/4286/855 858/4287/858
vt 0.59469323 0.56805290
vt 0.33397726 0.26451066
vt 0.70556347 0.06375744
f 860/4288/860 862/4289/862 855/4290/855
vt 0.70260714 0.78738123
vt 0.61198450 1.00466758
vt 0.92772159 0.58630126
f 863/4291/863 856/4292/856 858/4293/858
vt 0.70260714 0.78738123
vt 0.29580600 0.93333628
vt 0.61198450 1.00466758
f 863/4294/863 854/4295/854 856/4296/856
vt 0.37997574 0.41374253
vt 0.29580600 0.93333628
vt 0.70260714 0.78738123
f 857/4297/857 854/4298/854 863/4299/863
vt 0.92772159 0.58630126
vt 0.68809864 0.28661663
vt 0.70260714 0.78738123
f 858/4300/858 861/4301/861 863/4302/863
vt 0.70260714 0.78738123
vt 0.68809864 0.28661663
vt 0.37997574 0.41374253
f 863/4303/863 861/4304/861 857/4305/857
vt 0.33397726 0.26451066
vt 0.59469323 0.56805290
vt 0.31574774 0.70901995
f 862/4306/862 860/4307/860 864/4308/864
vt 0.31574774 0.70901995
vt 0.29580600 0.93333628
vt 0.22063559 0.44363273
f 864/4309/864 854/4310/854 859/4311/859
vt 0.22063559 0.44363273
vt 0.33397726 0.26451066
vt 0.31574774 0.70901995
f 859/4312/859 862/4313/862 864/4314/864
vt 0.61198450 1.00466758
vt 0.29580600 0.93333628
vt 0.31574774 0.70901995
f 856/4315/856 854/4316/854 864/4317/864
vt 0.31574774 0.70901995
vt 0.59469323 0.56805290
vt 0.61198450 1.00466758
f 864/4318/864 860/4319/860 856/4320/856
