# https://github.com/mikedh/trimesh
mtllib material.mtl
usemtl material_0
v -0.73111937 -0.46530650 1.94061840
v -0.83458944 -0.36940528 1.82543163
v -0.98799429 -0.40851230 1.91548046
v -0.85670065 -0.37045200 2.04901042
v -0.63494620 -0.52341368 2.06917827
v -0.46572528 -0.60350310 2.09550105
v -0.53679389 -0.77869452 2.09539989
v -0.62944319 -0.68144980 1.94947109
v -0.70185271 -0.39829497 2.12197108
v -0.69018767 -0.20870080 2.17439631
v -0.66531111 -0.25083019 2.36528071
v -0.54891509 -0.38564948 2.26042445
v -0.75242331 -0.48213450 1.94020107
v -0.86413351 -0.45133880 2.07901439
v -0.93163107 -0.61902110 2.07417079
v -0.74445090 -0.63727438 2.04912685
v -0.64187079 -0.53996180 2.08811412
v -0.82630049 -0.55076129 2.15188487
v -0.77365645 -0.61660838 2.32820948
v -0.64057692 -0.46826030 2.28016352
v -0.72186629 -0.39873267 2.15264216
v -0.71842665 -0.56356040 2.26006159
v -0.89535147 -0.52961669 2.33920970
v -0.91088911 -0.48052871 2.13934489
v -0.78463171 -0.50185908 1.93099391
v -0.76911215 -0.69351355 1.91904552
v -0.92130834 -0.70970000 1.80204342
v -0.81704115 -0.54918429 1.73721676
v -0.64334227 -0.56924929 2.11031047
v -0.67387862 -0.52501818 2.29855662
v -0.58596160 -0.68762122 2.36302531
v -0.46978709 -0.61635878 2.20943171
v -0.74547392 -0.38963779 2.19757045
v -0.93198660 -0.35673499 2.20497065
v -0.92089598 -0.27033399 2.37330424
v -0.76633215 -0.20447940 2.26696635
v -0.80747046 -0.51234900 1.93103496
v -0.96893804 -0.43661151 1.99809703
v -1.05259397 -0.60649619 2.01922115
v -0.86455008 -0.62861949 2.08326869
v -0.64849692 -0.58933238 2.12217189
v -0.66030447 -0.76899199 2.04653545
v -0.76661726 -0.83718191 2.19548442
v -0.84140005 -0.65154906 2.15179927
v -0.75932768 -0.38799609 2.22705485
v -0.68363890 -0.38320628 2.40808054
v -0.85826422 -0.40749400 2.49432459
v -0.85485182 -0.53603179 2.33355265
v -0.83750235 -0.53136718 1.92517803
v -0.91641050 -0.65766821 2.05093562
v -1.03116537 -0.73834906 1.91560115
v -0.84904905 -0.71033339 1.82699627
v -0.65200255 -0.61484080 2.14470988
v -0.82288351 -0.67741759 2.22109477
v -0.73468405 -0.77975889 2.36496241
v -0.63262248 -0.60026209 2.35028941
v -0.85820616 -0.54132189 1.92175899
v -0.97295301 -0.56158869 1.77056118
v -1.11192174 -0.64276061 1.87321132
v -1.04187261 -0.49132190 1.98392299
v -0.65384062 -0.63301089 2.15707255
v -0.53763018 -0.77059828 2.20824763
v -0.67346816 -0.86802656 2.29256816
v -0.75053511 -0.80091299 2.12482631
v -0.85560545 -0.54066798 2.16907863
v -0.93933355 -0.74130385 2.07228496
v -1.12968717 -0.67250555 2.19745189
v -1.07858587 -0.44637000 2.09755809
v -0.87823446 -0.56408099 2.19319728
v -0.97027975 -0.40697169 2.35686091
v -1.00600691 -0.61715270 2.47723139
v -0.76245978 -0.66618735 2.40191416
v -0.91574072 -0.60998457 2.21616572
v -0.81556410 -0.72259550 2.41904719
v -1.01695394 -0.87169882 2.38606486
v -0.94013418 -0.86230841 2.12962260
v -0.94268225 -0.63549140 2.23172129
v -1.11545675 -0.72219839 2.09514873
v -1.23412305 -0.68908171 2.29724436
v -1.11691198 -0.46702510 2.29737940
v -0.97798887 -0.67682410 2.25680644
v -1.20751256 -0.65397231 2.15745707
v -1.27111524 -0.68680731 2.39818522
v -1.07632406 -0.51016669 2.43961008
v 0.36458381 0.59955020 2.03600398
v 0.20586809 0.58435908 2.12339366
v 0.23850040 0.72955252 2.22785609
v 0.29628219 0.77692297 2.05232799
v 0.49440921 0.63852088 1.93265468
v 0.61855399 0.55054728 1.82098476
v 0.75178259 0.54626818 1.95460048
v 0.58160349 0.50074569 2.04498103
v 0.39137160 0.74689932 1.91079799
v 0.25264490 0.82862394 1.79777340
v 0.37680118 0.95984655 1.71989910
v 0.47882270 0.78063849 1.72698254
v 0.37347449 0.60651537 2.06064449
v 0.37713538 0.78577139 2.08160472
v 0.50276759 0.77755255 2.21096736
v 0.55616088 0.65325858 2.07839778
v 0.51500670 0.65357031 1.93787883
v 0.50395388 0.80079031 2.06544063
v 0.64959296 0.89975279 1.98139644
v 0.53507869 0.82559645 1.82885082
v 0.39965098 0.78228361 1.91483333
v 0.58891028 0.82789625 1.94105968
v 0.54762377 0.99430685 2.03692622
v 0.41602958 0.85251020 2.10784175
v 0.37831699 0.61147250 2.09882884
v 0.54307307 0.54755999 2.17472194
v 0.46801200 0.52994677 2.35091715
v 0.32839320 0.46045791 2.22293788
v 0.54942248 0.66530150 1.94297176
v 0.58343829 0.84460135 1.87304439
v 0.77426420 0.81100012 1.84751720
v 0.67714728 0.64188185 1.78435131
v 0.40482638 0.83341291 1.91190609
v 0.33141509 0.94657881 2.04459605
v 0.33119388 1.09771215 1.93074977
v 0.26877899 0.94512785 1.82019390
v 0.38152278 0.62114638 2.12175578
v 0.30291040 0.77956785 2.19178798
v 0.43734008 0.80044935 2.32473383
v 0.53224387 0.74691015 2.15757197
v 0.57052268 0.67283240 1.95113979
v 0.69073180 0.57477168 2.06921687
v 0.78575461 0.73561651 2.12496638
v 0.58723807 0.78458037 2.12158320
v 0.41238948 0.86505659 1.91055446
v 0.50484919 0.97250417 1.77528683
v 0.51756617 1.12946775 1.89187084
v 0.56120848 0.96662931 2.00941325
v 0.38774188 0.62782729 2.15654353
v 0.53023989 0.74136458 2.22486583
v 0.51283438 0.67350508 2.40640528
v 0.49781768 0.51153720 2.28311350
v 0.60128939 0.68682982 1.95608394
v 0.64390555 0.82463118 2.09029689
v 0.81647039 0.86963057 2.00654140
v 0.68121565 0.84648130 1.85202327
v 0.38956149 0.63369120 2.17890223
v 0.31312570 0.56747458 2.34041819
v 0.39124599 0.70509665 2.44658686
v 0.32541049 0.79378859 2.27997065
v 0.62180308 0.69346022 1.96055004
v 0.79261671 0.64003500 1.90666637
v 0.87780546 0.75724875 2.02472987
v 0.72842787 0.67854025 2.12443492
v 0.49498580 0.83273352 2.07773799
v 0.60579230 0.75079108 2.27125621
v 0.55047999 0.96997541 2.34433711
v 0.32543731 0.91613188 2.24449839
v 0.51968158 0.85869261 2.09651591
v 0.42969371 1.07790578 2.03663615
v 0.65361388 1.14397420 2.10897182
v 0.72676855 0.94158247 1.96457881
v 0.55951289 0.88624395 2.13752879
v 0.76918295 0.97019170 2.02504894
v 0.83223242 1.01491468 2.26522624
v 0.73470991 0.76861921 2.30178080
v 0.58126200 0.90706251 2.16410869
v 0.55358409 0.86763845 2.39543223
v 0.58039130 1.10239805 2.39569758
v 0.41852099 1.09338567 2.20451609
v 0.61860697 0.93625364 2.20051326
v 0.49734427 0.98346128 2.41481715
v 0.61186999 1.20437261 2.38413645
v 0.52688559 1.17660459 2.13388164
v -0.47925448 -0.39907809 1.62359127
v -0.32730861 -0.48158599 1.69114971
v -0.42148059 -0.56555327 1.82731304
v -0.53215949 -0.58123240 1.66781612
v -0.62651507 -0.35531657 1.54183026
v -0.69237692 -0.21603809 1.42609555
v -0.76697127 -0.11496239 1.57221295
v -0.58662089 -0.18071510 1.63556347
v -0.61722327 -0.50893821 1.53076840
v -0.58207118 -0.67268011 1.41990262
v -0.77681135 -0.70291510 1.38116772
v -0.74445280 -0.49551349 1.36340497
v -0.48550300 -0.39664119 1.65044003
v -0.59513358 -0.53350959 1.70713711
v -0.66219275 -0.43460490 1.84744854
v -0.65427832 -0.31417350 1.69635815
v -0.65094222 -0.35342929 1.55215115
v -0.70733328 -0.46507689 1.70718609
v -0.90022238 -0.45663039 1.65816082
v -0.79561041 -0.48559928 1.47962536
v -0.64481825 -0.53109660 1.54264401
v -0.81631895 -0.44275088 1.59746304
v -0.86735105 -0.59179839 1.72157268
v -0.66164488 -0.55865088 1.75051128
v -0.48455390 -0.39402659 1.68996410
v -0.55878718 -0.23084049 1.77006496
v -0.45283778 -0.24965450 1.93431270
v -0.32637161 -0.29628269 1.77856426
v -0.68419142 -0.34004050 1.56312176
v -0.83630491 -0.46547488 1.53243679
v -0.97056509 -0.31837539 1.52020108
v -0.80247496 -0.25344219 1.41374600
v -0.68115675 -0.56826678 1.55037289
v -0.66643378 -0.69282301 1.69730251
v -0.78321066 -0.82204931 1.61373715
v -0.66232146 -0.75199202 1.46694623
v -0.48836730 -0.39753619 1.71505032
v -0.51043238 -0.56663809 1.80796337
v -0.60169417 -0.48465209 1.95851177
v -0.67729475 -0.39624888 1.79126095
v -0.70375250 -0.33164928 1.57494107
v -0.71320830 -0.16652769 1.68568615
v -0.87604826 -0.22695789 1.78289959
v -0.75118880 -0.39367511 1.76857097
v -0.70697600 -0.58842158 1.55606778
v -0.87385588 -0.62546698 1.45216061
v -0.95719755 -0.73044821 1.60065640
v -0.86650846 -0.56371028 1.69010403
v -0.49026297 -0.39569388 1.75167446
v -0.65849982 -0.38718841 1.85699703
v -0.56560229 -0.32883888 2.02262996
v -0.47872847 -0.22199649 1.86622356
v -0.73557059 -0.32240791 1.58583203
v -0.82690840 -0.39147868 1.75121044
v -1.00745115 -0.32318828 1.69460476
v -0.91855619 -0.40583980 1.52203106
v -0.49074408 -0.39714809 1.77529735
v -0.35661220 -0.37989841 1.91517025
v -0.48146411 -0.42845279 2.05626567
v -0.51884509 -0.55549258 1.90096447
v -0.75487166 -0.31401540 1.59372433
v -0.86694555 -0.16672609 1.54723980
v -0.98226751 -0.19360580 1.69688534
v -0.79578238 -0.21900869 1.76512798
v -0.71756087 -0.49490218 1.72481930
v -0.71416342 -0.34181289 1.91293056
v -0.79154295 -0.54345999 2.02331432
v -0.60192530 -0.65492598 1.88981289
v -0.74918806 -0.49775569 1.75122539
v -0.82659536 -0.73359015 1.72554958
v -1.02854017 -0.63491587 1.83395138
v -0.99018354 -0.44133670 1.65769802
v -0.78913191 -0.49013480 1.80167110
v -1.02882505 -0.43115348 1.72800533
v -1.05683706 -0.40437430 1.98267436
v -0.82018782 -0.27008579 1.96026637
v -0.81366224 -0.49014628 1.83452739
v -0.72011488 -0.45636649 2.05431026
v -0.88654539 -0.62385207 2.10376811
v -0.79301932 -0.73803671 1.89469677
v -0.85361364 -0.48582759 1.88044750
v -0.74373389 -0.58203288 2.09067134
v -0.97680608 -0.68486609 2.11568095
v -0.94413770 -0.74001677 1.85204342
v -0.34484599 0.61898367 1.46713864
v -0.43312049 0.49186129 1.56917675
v -0.54098429 0.61835078 1.65121410
v -0.53294368 0.66833670 1.46341885
v -0.29222129 0.73384505 1.34780957
v -0.13769869 0.76888846 1.23861684
v -0.06454020 0.89543692 1.36376355
v -0.13484390 0.74162771 1.47399319
v -0.44133899 0.70888785 1.31808362
v -0.58312148 0.62587687 1.20304517
v -0.61178530 0.79346068 1.09664411
v -0.40379767 0.77420141 1.12166486
v -0.34708118 0.63391257 1.49028744
v -0.49423228 0.74435240 1.48557492
v -0.42203918 0.86173201 1.60757061
v -0.27816829 0.81429075 1.48781262
v -0.29274900 0.76034186 1.34938153
v -0.42995879 0.85532057 1.45765912
v -0.41878699 1.02093725 1.34803311
v -0.41475860 0.86140951 1.21360181
v -0.46588038 0.73690306 1.31648435
v -0.39273570 0.92325956 1.32220837
v -0.56147189 0.99993520 1.39810742
v -0.52801238 0.81906019 1.49956616
v -0.35105067 0.64628165 1.52766125
v -0.20577419 0.75578657 1.60082928
v -0.24868589 0.70898398 1.78635113
v -0.26522779 0.53501250 1.67786770
v -0.28230539 0.79627821 1.35025876
v -0.40484359 0.91869917 1.25176328
v -0.26170089 1.05276754 1.21655255
v -0.17548290 0.86512220 1.18433187
v -0.50474849 0.77052900 1.30586453
v -0.65136702 0.79500395 1.42882947
v -0.76787955 0.86648085 1.29269559
v -0.67120848 0.71025877 1.20780904
v -0.35877929 0.65785559 1.54912472
v -0.54127578 0.69539328 1.60294949
v -0.48810107 0.83749022 1.72374752
v -0.37536048 0.86050596 1.55597119
v -0.27654689 0.81923330 1.35582806
v -0.13268170 0.87819075 1.47966916
v -0.21278730 1.05822485 1.50575879
v -0.37108260 0.92260771 1.51025082
v -0.52624167 0.79500052 1.29942853
v -0.55001300 0.91435491 1.14100896
v -0.68031355 1.03302526 1.23506505
v -0.52857119 0.99105695 1.37333371
v -0.36310489 0.67187560 1.58273007
v -0.37685241 0.86529966 1.62466091
v -0.34439948 0.83752852 1.81840206
v -0.21085519 0.71308287 1.71847820
v -0.27013330 0.85345991 1.35650586
v -0.36811198 0.98815191 1.46880017
v -0.29643689 1.14457540 1.36513638
v -0.34667060 0.99737585 1.22300580
v -0.36847579 0.68000586 1.60426831
v -0.37106540 0.60165038 1.78203945
v -0.44573310 0.76147360 1.86346492
v -0.54599299 0.73490370 1.68801708
v -0.26371339 0.87487455 1.35852048
v -0.11408310 0.97682211 1.29908536
v -0.16857570 1.13229566 1.39486432
v -0.19980760 0.97764616 1.51765149
v -0.46252730 0.86830114 1.46616025
v -0.34301189 0.93974287 1.66436123
v -0.56196379 1.03231809 1.71085201
v -0.64429152 0.80108496 1.63487118
v -0.47059237 0.90647947 1.47951642
v -0.70058211 0.95136877 1.39474042
v -0.62701178 1.18484296 1.44137417
v -0.40612357 1.10650381 1.31935925
v -0.47257090 0.96125929 1.51389691
v -0.40884547 1.16682668 1.37298428
v -0.42558200 1.27938474 1.60369137
v -0.28318559 1.06079099 1.68289272
v -0.47871589 0.99513601 1.53606091
v -0.47942950 0.98261717 1.77664150
v -0.65707159 1.14149091 1.74145138
v -0.73215102 0.97531301 1.56238858
v -0.48319289 1.04815877 1.56575436
v -0.60981520 1.00650388 1.78386898
v -0.72158415 1.22517385 1.71292400
v -0.73115568 1.10295988 1.47129910
v 0.47268649 0.27018720 1.50647763
v 0.30659120 0.33864768 1.55538388
v 0.37364600 0.41747890 1.71016033
v 0.50593768 0.45171267 1.57055401
v 0.63361647 0.24122919 1.44539883
v 0.72563460 0.11482110 1.33178693
v 0.78450651 0.00701320 1.48100369
v 0.59208438 0.05743250 1.52024960
v 0.61555399 0.39491969 1.44331021
v 0.58614070 0.56486659 1.33922421
v 0.78254271 0.60922698 1.33296140
v 0.76739157 0.40165031 1.29652844
v 0.47501960 0.26605850 1.53382641
v 0.56563258 0.40467990 1.61594769
v 0.61776938 0.29905059 1.75840755
v 0.64078917 0.18991989 1.59972531
v 0.65637045 0.23996080 1.45924298
v 0.68132536 0.34280929 1.62870953
v 0.88008490 0.34923068 1.60939678
v 0.80130201 0.38579959 1.41867139
v 0.63956297 0.41772220 1.46078930
v 0.80709990 0.33519050 1.53551617
v 0.82881651 0.47743869 1.67608013
v 0.62322989 0.43028918 1.67077145
v 0.46834739 0.26036790 1.57258755
v 0.54099200 0.09558059 1.65231320
v 0.41030608 0.09569390 1.79965465
v 0.30528219 0.14689220 1.62927502
v 0.68854391 0.22766700 1.47431943
v 0.83504438 0.36400649 1.47581814
v 0.97979086 0.22580360 1.47456723
v 0.83385222 0.15944790 1.33904828
v 0.67181395 0.45633330 1.47652035
v 0.62673598 0.56859820 1.62787533
v 0.74592406 0.71073752 1.57189160
v 0.65307135 0.64507010 1.40341946
v 0.46812758 0.26217109 1.59821621
v 0.46447638 0.42516280 1.70480968
v 0.53786868 0.33703460 1.86225475
v 0.64374350 0.26592559 1.70260845
v 0.70670477 0.21951019 1.48846035
v 0.71080618 0.04671640 1.58837353
v 0.85324110 0.10898150 1.71364376
v 0.72042570 0.26934570 1.69138897
v 0.69512732 0.47750628 1.48748013
v 0.87324598 0.53205180 1.41293484
v 0.92630110 0.63029677 1.57964291
v 0.83461409 0.45175548 1.64295361
v 0.46465091 0.25763719 1.63459988
v 0.61593520 0.25076559 1.76410671
v 0.50324160 0.17448259 1.90966503
v 0.44800269 0.07478200 1.73446575
v 0.73719008 0.21128089 1.50351498
v 0.79809118 0.27283969 1.68574627
v 0.98986845 0.21938150 1.65302929
v 0.92206701 0.30999639 1.47421460
v 0.46149367 0.25730850 1.65813015
v 0.30904050 0.22165899 1.77461193
v 0.40813861 0.26652160 1.93662364
v 0.45965197 0.40739989 1.79732219
v 0.75568106 0.20340820 1.51373242
v 0.88361212 0.06636080 1.47518323
v 0.97348730 0.08837980 1.64273037
v 0.77702765 0.09778559 1.68316753
v 0.68676375 0.37182620 1.64971813
v 0.66575087 0.20438390 1.82495754
v 0.71198592 0.40171557 1.95953044
v 0.53670920 0.51231170 1.80575542
v 0.71391081 0.37447410 1.68089504
v 0.77818388 0.61635649 1.68322109
v 0.96853552 0.52116267 1.81493313
v 0.97021078 0.33917411 1.62178127
v 0.74640799 0.36530257 1.73642330
v 0.99862386 0.32584911 1.69657711
v 0.99007894 0.28122979 1.95092555
v 0.76848585 0.13524880 1.88330547
v 0.76576307 0.36421081 1.77269420
v 0.64264372 0.30827628 1.97334178
v 0.78844092 0.48128959 2.05910854
v 0.71935652 0.60591540 1.84560054
v 0.79871840 0.35868320 1.82396999
v 0.65196486 0.43231959 2.02134776
v 0.87178434 0.54649050 2.08888377
v 0.87512014 0.61985499 1.82684841
v 0.41566550 -0.44138930 1.46844327
v 0.49176890 -0.29261810 1.54918469
v 0.58975409 -0.39538581 1.66868984
v 0.60320139 -0.48558417 1.49663952
v 0.37698730 -0.58106719 1.37218289
v 0.23576520 -0.64318701 1.25680760
v 0.14878150 -0.74119292 1.39802624
v 0.20606380 -0.56502570 1.47882550
v 0.52868487 -0.55939738 1.35441006
v 0.68279112 -0.49993258 1.24023809
v 0.72351515 -0.68617827 1.17719564
v 0.51378039 -0.66720877 1.17409780
v 0.41525500 -0.45083430 1.49444561
v 0.56220500 -0.55594699 1.53061337
v 0.47653689 -0.64566550 1.66685818
v 0.34707648 -0.62928267 1.52420651
v 0.37734500 -0.60658351 1.37961636
v 0.50151149 -0.67207495 1.52088437
v 0.50298049 -0.85812681 1.44985074
v 0.51423529 -0.73192778 1.28376264
v 0.55328990 -0.58647700 1.36177151
v 0.47997008 -0.76907309 1.40033612
v 0.63917857 -0.82298498 1.50965527
v 0.59424227 -0.62496718 1.56443570
v 0.41494559 -0.45461619 1.53387646
v 0.26215209 -0.54922320 1.61288784
v 0.28364980 -0.46173980 1.78731197
v 0.31239789 -0.31521940 1.64549603
v 0.36687381 -0.64175017 1.38724011
v 0.50004660 -0.77975737 1.33233121
v 0.36174930 -0.92206220 1.31185742
v 0.27958330 -0.74809675 1.22958791
v 0.59317637 -0.62064688 1.36321286
v 0.72499327 -0.61382979 1.50421063
v 0.85644255 -0.71049666 1.40087018
v 0.76990141 -0.57903319 1.27328084
v 0.42018970 -0.46101371 1.55811398
v 0.59558489 -0.48119529 1.63890652
v 0.52898108 -0.59482669 1.78156048
v 0.43599387 -0.65697806 1.61133877
v 0.36052150 -0.66309226 1.39707089
v 0.20332830 -0.69719145 1.51424099
v 0.28011089 -0.86522528 1.58820324
v 0.43698279 -0.72775626 1.58021740
v 0.61529978 -0.64540427 1.36476071
v 0.65706885 -0.79608565 1.24006024
v 0.77599661 -0.88800825 1.37199292
v 0.60927630 -0.82058996 1.48000348
v 0.42066520 -0.46722461 1.59429272
v 0.42964450 -0.64655852 1.67920330
v 0.37525298 -0.57778647 1.85742519
v 0.25376609 -0.48159419 1.71816372
v 0.35408050 -0.69653052 1.40457181
v 0.43878631 -0.80092650 1.55414349
v 0.37939208 -0.97824224 1.48013882
v 0.44550200 -0.86438147 1.31533460
v 0.42355418 -0.47030349 1.61758023
v 0.40581569 -0.35473949 1.77303646
v 0.47086799 -0.49104258 1.89561748
v 0.59059138 -0.50100299 1.73068325
v 0.34747508 -0.71716475 1.41054043
v 0.20547390 -0.83358099 1.35875256
v 0.24882009 -0.96300520 1.49205548
v 0.26580730 -0.78426359 1.58050869
v 0.53294158 -0.68205290 1.53561795
v 0.39149108 -0.71141386 1.73039242
v 0.60400797 -0.78601515 1.82027294
v 0.69445532 -0.57476748 1.70466091
v 0.53945727 -0.71619917 1.55790066
v 0.77790465 -0.77273665 1.51113049
v 0.69951598 -0.99238424 1.59973919
v 0.49369510 -0.94829527 1.43951520
v 0.53752860 -0.76210257 1.60356915
v 0.49031298 -0.99537267 1.50516049
v 0.48069461 -1.05426824 1.75569424
v 0.32992709 -0.82708654 1.76844448
v 0.54112788 -0.79016615 1.63323406
v 0.51438887 -0.72516775 1.86395229
v 0.69516531 -0.88347921 1.88463375
v 0.79019171 -0.75854796 1.68257214
v 0.54221801 -0.83531759 1.67424526
v 0.64326155 -0.74357092 1.89073162
v 0.76262442 -0.96980070 1.88260387
v 0.79965071 -0.90319647 1.62227047
v 0.97708944 -0.13361359 2.54055277
v 1.01200018 -0.27434409 2.43204966
v 1.17073285 -0.30895559 2.51206690
v 1.04879095 -0.26950229 2.65234522
v 0.93139105 -0.02826140 2.66559900
v 0.82505560 0.12483130 2.68998926
v 0.97078565 0.24203170 2.67084985
v 0.99331251 0.10336900 2.53244333
v 0.93341474 -0.16554899 2.72730493
v 0.83630522 -0.32058559 2.79748804
v 0.84955366 -0.25954370 2.98320428
v 0.80527281 -0.09327910 2.87081048
v 1.00361501 -0.12940110 2.53780466
v 1.09635885 -0.20111679 2.67412287
v 1.23502378 -0.08899680 2.65112665
v 1.07949857 0.01590500 2.63117487
v 0.94679006 -0.01605200 2.68252496
v 1.11683744 -0.09193160 2.73813684
v 1.11626890 0.00214950 2.90818109
v 0.92594755 -0.06490710 2.87932489
v 0.95333250 -0.17286199 2.75690393
v 1.03768301 -0.02146550 2.84771173
v 1.18092084 -0.13143230 2.92302606
v 1.15554418 -0.19455949 2.72940973
v 1.04031705 -0.12854359 2.52570643
v 1.11793149 0.04410860 2.49632029
v 1.24877111 -0.02333040 2.37372599
v 1.07631849 -0.11598799 2.32841212
v 0.96382238 0.01004320 2.70166315
v 0.98348554 -0.03071140 2.89099237
v 0.99020117 0.15689769 2.94247705
v 0.84346739 0.14145890 2.80133569
v 0.97288351 -0.18923500 2.80138177
v 1.11944814 -0.30765149 2.80528741
v 1.08123708 -0.36603690 2.98035882
v 0.90741430 -0.35508609 2.88679589
v 1.06516691 -0.13053179 2.52395701
v 1.17401136 -0.26997739 2.59180353
v 1.32973630 -0.16208191 2.59372156
v 1.18213750 -0.04757160 2.66156580
v 0.97884084 0.02570730 2.71131891
v 1.06952955 0.17055349 2.61910883
v 1.20587835 0.18780849 2.75629083
v 1.17830579 -0.01200690 2.72800104
v 0.98636915 -0.19543949 2.83021905
v 0.93226545 -0.15102780 3.01239373
v 1.10200200 -0.20900480 3.08930596
v 1.14843557 -0.10661609 2.91824029
v 1.09989835 -0.12901100 2.51531565
v 1.23859288 -0.04968470 2.62502222
v 1.36650632 -0.04434290 2.47951060
v 1.18830274 0.01388360 2.40087763
v 0.99585027 0.04756720 2.73108118
v 1.17996236 0.02390550 2.79475305
v 1.16358411 0.16468809 2.93048547
v 0.98777189 0.05781710 2.93650048
v 1.12237447 -0.13065440 2.51026865
v 1.22007001 -0.17864759 2.35477168
v 1.38743436 -0.16901979 2.44378489
v 1.26245420 -0.25890220 2.57006128
v 1.00711195 0.06321600 2.74152948
v 0.97626005 0.24201440 2.78321771
v 1.14730954 0.26603080 2.85267206
v 1.16911290 0.15957639 2.69038355
v 1.13872915 -0.11374870 2.75507440
v 1.30025433 0.01300350 2.63743707
v 1.44193280 -0.13062959 2.76109796
v 1.28141965 -0.30816570 2.68543512
v 1.17144231 -0.10286970 2.77592920
v 1.18840100 -0.27277059 2.94945458
v 1.32948560 -0.10025110 3.04741845
v 1.13599340 0.05532830 2.97679864
v 1.22776754 -0.07980890 2.79300073
v 1.21044500 0.07953870 2.98655938
v 1.45418377 0.10882200 2.93279992
v 1.36341611 0.12112489 2.68269525
v 1.26457135 -0.06976930 2.80503625
v 1.44561200 -0.08741860 2.65569971
v 1.54811840 -0.16036779 2.85459588
v 1.33986997 -0.29576730 2.87981103
v 1.31695599 -0.04945990 2.82471063
v 1.49748654 -0.18702360 2.72056299
v 1.58683956 -0.17365360 2.95336968
v 1.33625241 -0.22942129 3.01785241
v -0.42339168 -0.80758452 2.55667688
v -0.56338217 -0.76685675 2.44923365
v -0.67374350 -0.88377661 2.53260157
v -0.57539057 -0.79723486 2.67024317
v -0.30797239 -0.82057715 2.68051752
v -0.12168250 -0.80783819 2.70235590
v -0.09644500 -0.99341215 2.68596948
v -0.22866579 -0.94362936 2.54836664
v -0.42594039 -0.75060988 2.74256677
v -0.50799750 -0.58638857 2.81108026
v -0.46014148 -0.62609278 2.99690148
v -0.29622009 -0.67559485 2.88323236
v -0.43346667 -0.83253607 2.55446863
v -0.54096770 -0.87285521 2.69284662
v -0.51649829 -1.04982145 2.67246942
v -0.34676688 -0.97084264 2.64906397
v -0.30521680 -0.83978216 2.69773157
v -0.45709060 -0.94555944 2.75702600
v -0.37399470 -0.99068891 2.92681695
v -0.33389598 -0.79350226 2.89417840
v -0.44208838 -0.76342787 2.77258966
v -0.35455680 -0.91217008 2.86478479
v -0.52160918 -0.97709104 2.94330041
v -0.56511038 -0.92604811 2.74933404
v -0.45177348 -0.86463911 2.54313013
v -0.34406600 -1.02054235 2.51496363
v -0.47076949 -1.10001020 2.39525034
v -0.46202388 -0.90523336 2.34658518
v -0.29136899 -0.86749929 2.71716028
v -0.33404449 -0.86023489 2.90695703
v -0.17600500 -0.96172376 2.95814660
v -0.11549989 -0.83033537 2.81402673
v -0.46562770 -0.77102041 2.81750177
v -0.64253600 -0.83562681 2.82470910
v -0.67072089 -0.76991217 2.99909326
v -0.57304930 -0.62810099 2.90192315
v -0.46628970 -0.88494558 2.54189966
v -0.64100806 -0.90533201 2.61230432
v -0.62862780 -1.09433484 2.61720026
v -0.45363139 -1.02564115 2.68171838
v -0.28554729 -0.88827726 2.72708948
v -0.20919990 -1.04211401 2.63644251
v -0.26285299 -1.16560109 2.77638513
v -0.42033080 -1.03956495 2.74798242
v -0.47752459 -0.77890822 2.84662774
v -0.40930690 -0.75237532 3.02755181
v -0.54540358 -0.86674971 3.10809502
v -0.48367389 -0.96210005 2.93778680
v -0.48297019 -0.91564344 2.53397516
v -0.48495971 -1.07355237 2.64635401
v -0.54804747 -1.18836194 2.50350184
v -0.40740020 -1.06688566 2.42106150
v -0.27531089 -0.91378401 2.74715082
v -0.38955260 -1.05836721 2.81467645
v -0.25871269 -1.11455640 2.94972772
v -0.25977710 -0.90873136 2.95234582
v -0.49601058 -0.93414739 2.52939798
v -0.58939837 -0.99576101 2.37605769
v -0.66616049 -1.14270688 2.46849817
v -0.67730589 -0.98720701 2.59237116
v -0.26755880 -0.93132078 2.75779504
v -0.09786160 -0.99623335 2.79843194
v -0.16443060 -1.15406919 2.87136041
v -0.26896600 -1.12064344 2.70979181
v -0.48684928 -0.95281225 2.77446313
v -0.46279319 -1.15847646 2.65990106
v -0.65729727 -1.20392720 2.78679925
v -0.72784979 -0.97619032 2.70823023
v -0.49409591 -0.98610891 2.79596704
v -0.64630248 -0.91030058 2.97020043
v -0.56977130 -1.11843175 3.07067651
v -0.33768878 -1.03383710 2.99571038
v -0.50309871 -1.04598005 2.81414911
v -0.35512729 -1.10995870 3.00695580
v -0.45614489 -1.33485730 2.95818292
v -0.40203250 -1.26753186 2.70621362
v -0.51328158 -1.08249715 2.82692163
v -0.62347228 -1.23107404 2.68139642
v -0.73626646 -1.27808927 2.88254693
v -0.74485380 -1.02945501 2.90375512
v -0.52258269 -1.13753141 2.84763086
v -0.73474982 -1.22318654 2.74754907
v -0.76634138 -1.30280316 2.98213616
v -0.68437079 -1.05822240 3.04154809
v 0.66480765 0.50140750 2.35110865
v 0.81072302 0.44975329 2.25257762
v 0.92835127 0.53740977 2.36279444
v 0.80035742 0.45224467 2.47867396
v 0.53699771 0.51948390 2.46480829
v 0.34723758 0.53585089 2.46592692
v 0.35297679 0.72613920 2.47186915
v 0.49345229 0.67031210 2.34119959
v 0.63577189 0.42290378 2.52944086
v 0.68343657 0.23813940 2.58422937
v 0.61933459 0.26409650 2.77031824
v 0.47802939 0.35413470 2.64668665
v 0.67896330 0.52471358 2.35327540
v 0.77513067 0.53047908 2.50788721
v 0.78078451 0.71255980 2.50876627
v 0.60272379 0.66564742 2.45749033
v 0.53513728 0.53700949 2.48430033
v 0.69522757 0.60937369 2.57320276
v 0.59891020 0.64853682 2.74041132
v 0.53243708 0.46346957 2.67727411
v 0.65013785 0.42940780 2.56279840
v 0.57498599 0.58111479 2.66592798
v 0.74146536 0.60814608 2.77010309
v 0.80047537 0.57262030 2.57391321
v 0.70352507 0.55477950 2.34811900
v 0.62414877 0.73095671 2.32990641
v 0.77702330 0.80222601 2.23388118
v 0.74403837 0.61609957 2.15825190
v 0.52330588 0.56460169 2.50601542
v 0.54138430 0.52817210 2.69900446
v 0.39384448 0.64968535 2.74764398
v 0.33093719 0.54627528 2.57987574
v 0.66921759 0.42775039 2.61108515
v 0.85415892 0.46106540 2.64498285
v 0.85064634 0.37088420 2.81326013
v 0.74344992 0.25798299 2.68721033
v 0.72125288 0.57261168 2.35109263
v 0.88942701 0.55510009 2.44197535
v 0.90587286 0.74414717 2.47094965
v 0.71342985 0.69814001 2.50835520
v 0.51953349 0.58505129 2.51812800
v 0.47863509 0.76111067 2.44041514
v 0.53401740 0.85832602 2.60225000
v 0.67440192 0.70991202 2.57302668
v 0.67870390 0.43018638 2.64245325
v 0.58468279 0.39444129 2.81269128
v 0.72783285 0.47554297 2.92236840
v 0.70211607 0.60033377 2.75871759
v 0.74356322 0.60116328 2.34899287
v 0.75632216 0.74447027 2.48264338
v 0.85429945 0.86425535 2.36175395
v 0.70575629 0.77709761 2.24876567
v 0.51087008 0.60976557 2.54054697
v 0.63858580 0.72604712 2.63904047
v 0.50078917 0.78829230 2.76815881
v 0.46956798 0.58359999 2.74328210
v 0.75995375 0.61784487 2.34823069
v 0.88106176 0.68093710 2.21282008
v 0.96885626 0.80302015 2.33270197
v 0.94064482 0.63249758 2.43674097
v 0.50458888 0.62724330 2.55274241
v 0.34107570 0.71566405 2.58474451
v 0.42281718 0.85253881 2.68555444
v 0.54125117 0.82040464 2.53031687
v 0.72379301 0.60951079 2.59462946
v 0.74582602 0.83091009 2.50530588
v 0.93064741 0.82836889 2.65800318
v 0.97499685 0.59958289 2.55616373
v 0.73353537 0.63882678 2.62131616
v 0.85171225 0.51765288 2.80073175
v 0.79569967 0.72546042 2.92122003
v 0.56111228 0.68950735 2.81132379
v 0.74955511 0.69459616 2.64842737
v 0.58888548 0.76077605 2.83454370
v 0.73014662 0.97246145 2.82627435
v 0.69672156 0.94402784 2.56000269
v 0.76378226 0.72762236 2.66712244
v 0.91413465 0.87324530 2.55289560
v 1.00892904 0.87748304 2.77165369
v 0.97626402 0.62688910 2.76037530
v 0.77903868 0.77824965 2.69613977
v 1.01539861 0.83891439 2.62926843
v 1.03047819 0.88536970 2.87752710
v 0.90378698 0.64969916 2.89572808
v 0.22573730 -0.84490370 2.25302470
v 0.09450640 -0.92167005 2.15037105
v 0.09152380 -1.07477224 2.25138209
v 0.10416720 -0.92892546 2.37634440
v 0.31947129 -0.76261831 2.37142863
v 0.44943229 -0.62372199 2.38033167
v 0.59561858 -0.74572722 2.37794123
v 0.46427558 -0.81368170 2.24363749
v 0.18292600 -0.78470930 2.43560190
v 0.00848640 -0.71177237 2.49597498
v 0.06953060 -0.68881369 2.68343103
v 0.22682989 -0.62567439 2.56256189
v 0.23535020 -0.87050085 2.25356669
v 0.18144439 -0.95906111 2.40330759
v 0.32119731 -1.07563680 2.39621653
v 0.39385829 -0.90376409 2.35499506
v 0.33451820 -0.77314039 2.39021967
v 0.29318399 -0.94887304 2.46871363
v 0.38438430 -0.90758345 2.63821009
v 0.27944740 -0.73758375 2.58602014
v 0.17937120 -0.80204191 2.46797236
v 0.34567680 -0.84272398 2.56781122
v 0.26482700 -0.99650625 2.66317926
v 0.19933910 -1.00895597 2.46627634
v 0.24381780 -0.90798315 2.24604945
v 0.43127910 -0.95297025 2.22395747
v 0.39246780 -1.11102277 2.11828456
v 0.26596370 -0.96590696 2.05217708
v 0.36364909 -0.78216376 2.41124812
v 0.32495139 -0.78577162 2.60456232
v 0.51185260 -0.74767279 2.65454279
v 0.46834788 -0.62432307 2.49432673
v 0.16657430 -0.81896780 2.51537394
v 0.07887150 -0.98680891 2.53952295
v 0.01106800 -0.93885649 2.71141901
v -0.01233620 -0.77743681 2.59521234
v 0.24692510 -0.93306585 2.24746897
v 0.12991299 -1.05994504 2.33138453
v 0.26864990 -1.19100797 2.35155146
v 0.35140830 -1.01383421 2.39942744
v 0.38213348 -0.79253157 2.42263682
v 0.54541827 -0.86401915 2.33945658
v 0.58865809 -0.97728178 2.49435434
v 0.38512199 -0.99439291 2.46520823
v 0.16281870 -0.82984137 2.54614832
v 0.19369230 -0.74443045 2.72173944
v 0.16980320 -0.91351065 2.82134942
v 0.28289369 -0.96009374 2.65390772
v 0.25560829 -0.96803495 2.24316661
v 0.36124221 -1.07446477 2.36989024
v 0.39432387 -1.21773969 2.23980311
v 0.41675708 -1.04049345 2.13738704
v 0.40704989 -0.80231489 2.44434809
v 0.42029429 -0.98024191 2.53199839
v 0.55502448 -0.91824674 2.66436151
v 0.41311980 -0.76620001 2.64960687
v 0.25861389 -0.99113004 2.24096675
v 0.23274269 -1.11678434 2.09775798
v 0.27530509 -1.26823911 2.20828822
v 0.15916780 -1.14749395 2.32059260
v 0.42474490 -0.80888769 2.45605768
v 0.59537268 -0.73685286 2.49155405
v 0.65319518 -0.89148909 2.58269525
v 0.55394839 -0.95521002 2.42385630
v 0.27579109 -0.97270696 2.48881220
v 0.43584800 -1.12081914 2.38931055
v 0.32069820 -1.27377873 2.53353281
v 0.11276970 -1.16153608 2.43962107
v 0.29299609 -1.00004064 2.51376474
v 0.12579540 -1.02927000 2.69265070
v 0.32452461 -1.12058217 2.80658014
v 0.44034480 -0.90746435 2.70892481
v 0.32714050 -1.04861455 2.53773874
v 0.47940749 -0.97457151 2.72783411
v 0.55872828 -1.21531758 2.70429926
v 0.55544608 -1.15523618 2.44129389
v 0.34445079 -1.08126470 2.55435892
v 0.36558208 -1.28198789 2.42748331
v 0.31169200 -1.37246259 2.64136041
v 0.13464770 -1.19186109 2.64218469
v 0.37503207 -1.12619047 2.58048609
v 0.27653789 -1.34507230 2.50062479
v 0.30521190 -1.40073392 2.74571130
v 0.19809059 -1.15727704 2.77952203
v -0.72545676 0.21498340 2.14427562
v -0.73306250 0.36359889 2.03585246
v -0.88024725 0.43169799 2.12302592
v -0.76304152 0.36426200 2.26099147
v -0.69884077 0.09894570 2.26925929
v -0.62596118 -0.07656330 2.28959117
v -0.79685377 -0.16088050 2.27494670
v -0.79365332 -0.01667450 2.13568309
v -0.66870375 0.23497959 2.33257151
v -0.53602538 0.36688781 2.40098460
v -0.55612349 0.30701200 2.58991358
v -0.55241057 0.13356900 2.47346033
v -0.75279341 0.21662580 2.14242518
v -0.82444586 0.30649839 2.28456614
v -0.98735029 0.22572719 2.26576762
v -0.85664946 0.08783950 2.23946025
v -0.71620772 0.08998920 2.28696452
v -0.86643675 0.20181770 2.34991389
v -0.88058836 0.10630290 2.52229044
v -0.67806548 0.13165390 2.48635981
v -0.68584959 0.24624580 2.36339365
v -0.79952711 0.11329139 2.45810541
v -0.91502134 0.25288009 2.54023874
v -0.88270460 0.31226970 2.34285197
v -0.78981688 0.22393049 2.13145595
v -0.90559751 0.06979980 2.10371959
v -1.02490400 0.16675949 1.98415538
v -0.83508085 0.22162319 1.93225032
v -0.73815565 0.06757680 2.30692179
v -0.74223540 0.11013160 2.50015787
v -0.78814932 -0.07527440 2.55196711
v -0.64403159 -0.09034760 2.40332178
v -0.70013777 0.26625419 2.40935603
v -0.81954481 0.41579009 2.41909006
v -0.76283201 0.46337718 2.59581690
v -0.59596659 0.41563239 2.49443064
v -0.81410040 0.23135179 2.13058436
v -0.88927755 0.39278510 2.20400599
v -1.06732938 0.31964450 2.21115489
v -0.94357031 0.17292560 2.27429896
v -0.75615095 0.05519170 2.31721278
v -0.88098875 -0.06774460 2.22622767
v -1.01533491 -0.05669650 2.37046778
v -0.94525686 0.13600410 2.34151988
v -0.71116965 0.27502410 2.43916743
v -0.66092032 0.21699220 2.62213007
v -0.81402189 0.31072990 2.70663843
v -0.88837759 0.22120189 2.53410425
v -0.84919432 0.23752740 2.12305385
v -1.00038694 0.18777830 2.23921809
v -1.13349454 0.21210329 2.09597346
v -0.97210409 0.11628879 2.00940959
v -0.77712858 0.03697200 2.33781977
v -0.95245435 0.09993210 2.40925944
v -0.96231191 -0.04500490 2.54601786
v -0.76427916 0.02263970 2.54619989
v -0.87131155 0.24412639 2.11874461
v -0.96311498 0.31492358 1.96447551
v -1.12822934 0.34087871 2.06092555
v -0.98020895 0.40135680 2.18506770
v -0.79136549 0.02377240 2.34878077
v -0.79841238 -0.16097580 2.38931345
v -0.97100271 -0.14827449 2.46596750
v -0.97494917 -0.03592730 2.30228739
v -0.88280584 0.22806320 2.36800028
v -1.07485380 0.13885820 2.25381190
v -1.17977384 0.31097030 2.38514414
v -0.98428335 0.45306861 2.30317149
v -0.91692732 0.22416309 2.39032847
v -0.89062811 0.39453788 2.56792017
v -1.06497549 0.25291799 2.67186945
v -0.90942594 0.05701160 2.59250849
v -0.97727300 0.21336849 2.40961771
v -0.98826116 0.04911940 2.60502039
v -1.23837644 0.07390030 2.55909235
v -1.15961240 0.04477370 2.30164973
v -1.01557378 0.21129779 2.42313639
v -1.19650327 0.27009719 2.27801768
v -1.27541814 0.36259799 2.48409586
v -1.03830000 0.45126079 2.50272638
v -1.07131864 0.20234439 2.44493861
v -1.22396421 0.37956668 2.34619044
v -1.30753323 0.38309569 2.58590387
v -1.04446371 0.38299041 2.64258539
v 0.72944472 -0.50202491 1.76043285
v 0.67774519 -0.64176932 1.64724102
v 0.79639227 -0.76293982 1.72632626
v 0.71599272 -0.66159895 1.87401302
v 0.75201460 -0.38691470 1.89086757
v 0.74768172 -0.19474010 1.91877025
v 0.93968885 -0.17611940 1.89607723
v 0.87797041 -0.30662290 1.75227032
v 0.67679732 -0.50740687 1.95423488
v 0.50610839 -0.58701907 2.02849605
v 0.55539099 -0.54448889 2.22019908
v 0.60975199 -0.37427039 2.10546947
v 0.75467726 -0.51341967 1.75702099
v 0.79626501 -0.62991610 1.89562847
v 0.97922392 -0.61161158 1.86909435
v 0.90431059 -0.43245360 1.85215679
v 0.77252722 -0.38536529 1.90804302
v 0.87706945 -0.54823149 1.96156886
v 0.93293852 -0.46912009 2.13746547
v 0.73013556 -0.41846049 2.11167995
v 0.69033072 -0.52545020 1.98435527
v 0.85068617 -0.44400199 2.07667110
v 0.91306341 -0.62133170 2.15105662
v 0.85199728 -0.65865935 1.95145473
v 0.78662451 -0.53335891 1.74371838
v 0.95119886 -0.42804618 1.71207211
v 1.02367345 -0.55884127 1.58239132
v 0.82145895 -0.54019290 1.53915005
v 0.80237707 -0.37279227 1.92750148
v 0.79940901 -0.42180259 2.12254954
v 0.91269056 -0.26444700 2.17603846
v 0.77491285 -0.19242149 2.03342754
v 0.69865271 -0.55131327 2.02983196
v 0.75788191 -0.73681662 2.03035838
v 0.69471915 -0.76796278 2.21190821
v 0.54937678 -0.65844672 2.11910518
v 0.80690481 -0.54916678 1.74135998
v 0.82272909 -0.73229101 1.80871807
v 1.01843160 -0.72767546 1.80753551
v 0.95731230 -0.54596698 1.88114086
v 0.82440062 -0.36794299 1.93718349
v 0.98338384 -0.29316659 1.84028454
v 1.11316610 -0.35766917 1.97903850
v 0.97534841 -0.51403701 1.94993923
v 0.70725355 -0.56473529 2.05930980
v 0.68891516 -0.49824458 2.24879496
v 0.80372557 -0.64578520 2.32437357
v 0.89905607 -0.58139460 2.14688701
v 0.83758749 -0.56746298 1.73167355
v 1.00419775 -0.57934661 1.84214473
v 1.11511617 -0.64535010 1.68902813
v 0.99311216 -0.49275927 1.61185833
v 0.85183455 -0.35902049 1.95727657
v 0.99832235 -0.48492907 2.01894496
v 1.06650495 -0.35605140 2.15985743
v 0.85418951 -0.34848388 2.16967936
v 0.85595945 -0.58157828 1.72596157
v 0.91032781 -0.67629965 1.56306774
v 1.06171514 -0.76432478 1.65136227
v 0.90495916 -0.77267012 1.78434032
v 0.87062170 -0.35206149 1.96786006
v 0.94631689 -0.18082939 2.01203349
v 1.10872640 -0.25825509 2.08007777
v 1.06427915 -0.36021640 1.91169597
v 0.88384825 -0.57973387 1.97853130
v 1.09323331 -0.56045428 1.85376461
v 1.13595777 -0.76663199 1.97804576
v 0.89529440 -0.82758375 1.90298702
v 0.91860990 -0.58922389 1.99938152
v 0.83965101 -0.74792105 2.17785258
v 1.06108167 -0.68057616 2.27636408
v 0.98134489 -0.43540271 2.20804225
v 0.98060178 -0.60156199 2.01583354
v 1.05950437 -0.45694301 2.21654689
v 1.28552258 -0.56937968 2.15572368
v 1.20994031 -0.50367110 1.89938884
v 1.01826559 -0.61397589 2.02748134
v 1.16189130 -0.72994650 1.86919155
v 1.21226697 -0.85393606 2.07222346
v 0.95608175 -0.85283148 2.10252376
v 1.07533895 -0.62648688 2.04670238
v 1.15115171 -0.84628469 1.93481533
v 1.23980825 -0.88879141 2.17337459
v 0.99301428 -0.79547056 2.24536128
v -0.55824507 -0.39742530 1.79829235
v -0.68954481 -0.29850910 1.70439205
v -0.83014998 -0.36170348 1.81429226
v -0.67888808 -0.32138290 1.93656475
v -0.43562419 -0.45925639 1.91072628
v -0.25145299 -0.52765090 1.90590023
v -0.30956750 -0.71522162 1.89814907
v -0.43445609 -0.61116469 1.77135372
v -0.50692469 -0.34140170 1.98681682
v -0.50315318 -0.14936849 2.05798808
v -0.44571620 -0.20715110 2.24592036
v -0.33059570 -0.32560939 2.10854121
v -0.57873198 -0.41681830 1.79916195
v -0.67522948 -0.40814990 1.96022640
v -0.73102057 -0.58721270 1.94786846
v -0.54128501 -0.58558158 1.89408962
v -0.43851439 -0.47865859 1.92944332
v -0.61722350 -0.51338099 2.01960979
v -0.53148089 -0.59163367 2.18633510
v -0.41468028 -0.42146628 2.13333034
v -0.52284827 -0.34649871 2.02102046
v -0.48945609 -0.52556128 2.11406566
v -0.66195570 -0.51476538 2.22344172
v -0.71173895 -0.44810790 2.02569331
v -0.61146197 -0.43948951 1.79226101
v -0.58116900 -0.63455199 1.75855694
v -0.75324949 -0.65580702 1.65836010
v -0.66951117 -0.47442870 1.59342251
v -0.43425418 -0.51095160 1.94945583
v -0.44130610 -0.48485537 2.15114863
v -0.32786967 -0.64961325 2.18853465
v -0.23759559 -0.55131049 2.02195949
v -0.54114089 -0.34336898 2.07130153
v -0.73405028 -0.32827949 2.10837520
v -0.70493620 -0.25289119 2.28805598
v -0.56781958 -0.16057199 2.16398707
v -0.63398867 -0.45253699 1.79445339
v -0.79595976 -0.39607650 1.89347545
v -0.86427221 -0.58126689 1.90978145
v -0.66007895 -0.59136759 1.94681331
v -0.43608279 -0.53320479 1.96031734
v -0.44428870 -0.71296912 1.86637340
v -0.52540099 -0.80673391 2.02711269
v -0.62422160 -0.61877398 2.01150340
v -0.55110049 -0.34561710 2.10363353
v -0.44698550 -0.34919780 2.27904826
v -0.61116370 -0.39884658 2.38951777
v -0.62073100 -0.51693408 2.21131343
v -0.66404822 -0.47456180 1.79075207
v -0.71561087 -0.62353900 1.91802791
v -0.84659056 -0.70603606 1.78729717
v -0.67539687 -0.65160529 1.67373150
v -0.43417628 -0.56182948 1.98134563
v -0.59275309 -0.64972899 2.07733211
v -0.47230349 -0.75929449 2.20212672
v -0.38497039 -0.56296420 2.19081660
v -0.68494559 -0.48654528 1.78915203
v -0.82336836 -0.50535258 1.64823696
v -0.94375257 -0.61162188 1.76479641
v -0.86823645 -0.45835868 1.88368023
v -0.43269099 -0.58183077 1.99244808
v -0.29433029 -0.71686690 2.01475307
v -0.41285918 -0.83798338 2.11044948
v -0.52247390 -0.76156058 1.95607723
v -0.64556502 -0.50734118 2.04236247
v -0.72888991 -0.71389036 1.93471614
v -0.91125517 -0.67250601 2.09665370
v -0.89277479 -0.42556800 2.00983409
v -0.66320746 -0.53580889 2.06790568
v -0.74649657 -0.39715709 2.26438838
v -0.74751417 -0.62794268 2.37164408
v -0.50486338 -0.64813925 2.25532588
v -0.69437895 -0.58881739 2.09209575
v -0.55201010 -0.71298811 2.27466715
v -0.75083365 -0.88347845 2.25412760
v -0.71098540 -0.84377897 1.98142955
v -0.71754011 -0.61911257 2.10925654
v -0.90768476 -0.71337309 1.98479427
v -1.00210249 -0.70854826 2.21193461
v -0.90062277 -0.46815570 2.21795832
v -0.74652685 -0.66737936 2.13576732
v -0.99856001 -0.65747145 2.06844539
v -1.02521627 -0.71867682 2.32082270
v -0.83422445 -0.52117640 2.35371241
v -0.32266048 0.48905898 1.51731106
v -0.21983840 0.58991877 1.39513257
v -0.34459949 0.73167868 1.39175839
v -0.32972800 0.67641570 1.58148342
v -0.40090690 0.41669978 1.65870998
v -0.42819037 0.23938119 1.73777981
v -0.60419528 0.21710680 1.65432613
v -0.48270079 0.29989269 1.51049420
v -0.33724467 0.55075499 1.70992535
v -0.19168359 0.64737425 1.81592266
v -0.30739570 0.66347426 1.98358409
v -0.33982829 0.46601420 1.90678356
v -0.34405959 0.49936568 1.50218960
v -0.41647468 0.65320860 1.58125103
v -0.58260378 0.62999438 1.49743756
v -0.52665568 0.45113601 1.55736203
v -0.42622909 0.42052520 1.66741757
v -0.52431300 0.59481810 1.63455685
v -0.64514449 0.57102889 1.79552898
v -0.45062697 0.51199939 1.85776546
v -0.35806411 0.57722270 1.72749248
v -0.54990428 0.52782969 1.77644726
v -0.61346980 0.72170935 1.77346310
v -0.48456878 0.69811186 1.60423794
v -0.36751048 0.51508658 1.47341321
v -0.52452220 0.40615161 1.41514905
v -0.53456298 0.49505668 1.23651815
v -0.33108138 0.46178489 1.27403661
v -0.46240550 0.41450000 1.67788494
v -0.51936179 0.51929389 1.84217128
v -0.66239485 0.38459468 1.89329235
v -0.49262648 0.27129749 1.83256344
v -0.37820899 0.61570258 1.75867855
v -0.41310489 0.79565031 1.68772427
v -0.41069060 0.87847029 1.86596172
v -0.25476400 0.74358092 1.86319835
v -0.38407630 0.52990187 1.45979840
v -0.40062209 0.72672255 1.46535718
v -0.58572470 0.72435667 1.39625790
v -0.57345580 0.56991168 1.53395718
v -0.48702227 0.41294910 1.68017178
v -0.61337740 0.31417470 1.55651028
v -0.77515829 0.41897349 1.61862469
v -0.61722308 0.55960658 1.59853741
v -0.39468047 0.63745890 1.77866741
v -0.44848288 0.62893469 1.97477901
v -0.56541999 0.79506666 1.96241542
v -0.60341029 0.68175658 1.78551159
v -0.40773238 0.54508750 1.43518994
v -0.60087290 0.59121398 1.47297680
v -0.64681921 0.61114729 1.27714536
v -0.52312888 0.43958178 1.29198834
v -0.52070967 0.41060451 1.69107586
v -0.66540335 0.55214820 1.66078976
v -0.79185095 0.47015849 1.79927089
v -0.59533908 0.46310611 1.88538662
v -0.42156459 0.55725650 1.41967526
v -0.40749370 0.60132128 1.22720121
v -0.57008578 0.71421202 1.22958936
v -0.46554320 0.75953291 1.40319333
v -0.54281150 0.40724258 1.69589840
v -0.64878752 0.25593398 1.75566814
v -0.81622419 0.35275878 1.73870571
v -0.70608778 0.40096229 1.57427700
v -0.53279498 0.63031237 1.63894283
v -0.69108557 0.57751467 1.45711392
v -0.74949408 0.81371046 1.49840802
v -0.48988417 0.84740889 1.49908185
v -0.57155139 0.64605437 1.64292950
v -0.53855609 0.85088675 1.78927456
v -0.78858198 0.81769491 1.81837902
v -0.71841765 0.55990138 1.85145382
v -0.63424418 0.66358786 1.63251949
v -0.79267256 0.58417468 1.82562237
v -0.97302191 0.67757971 1.65995892
v -0.82319319 0.53761470 1.47254422
v -0.67232352 0.67947455 1.62635281
v -0.74172278 0.74651961 1.40066571
v -0.84317999 0.92670545 1.53289776
v -0.61132769 0.93138426 1.65132458
v -0.73127577 0.69793028 1.62014355
v -0.74023482 0.87803381 1.43222684
v -0.89912107 0.99052396 1.60523312
v -0.70068701 0.91860365 1.78315716
v 0.15459019 -0.68071661 1.24561246
v 0.01169280 -0.74500845 1.13065999
v 0.02753860 -0.92746229 1.19567411
v 0.04321880 -0.80763907 1.35990811
v 0.25909469 -0.61777960 1.38092801
v 0.38807128 -0.46658118 1.41556058
v 0.54953940 -0.57908660 1.37122205
v 0.40304240 -0.62650000 1.22604550
v 0.12257660 -0.66771307 1.45137784
v -0.06020180 -0.62229849 1.54486706
v 0.01998900 -0.64009429 1.73842220
v 0.17054180 -0.53224620 1.61866879
v 0.16638000 -0.70633032 1.23895688
v 0.12901849 -0.83883078 1.37414029
v 0.28293279 -0.94513220 1.32683850
v 0.34483398 -0.75242636 1.32270383
v 0.27734649 -0.63198599 1.39640958
v 0.25213529 -0.83528341 1.43545590
v 0.36127830 -0.82730299 1.61297863
v 0.23519350 -0.64857222 1.61041149
v 0.12291690 -0.69382277 1.48045498
v 0.30990579 -0.74649351 1.56010830
v 0.24324359 -0.93472296 1.62498989
v 0.15683600 -0.90416700 1.42474209
v 0.17696769 -0.74224425 1.22110517
v 0.37524139 -0.76736632 1.17300016
v 0.33454719 -0.90667524 1.02741575
v 0.18602390 -0.75183691 1.00587476
v 0.31054729 -0.64403662 1.41351224
v 0.28788110 -0.69885306 1.61380505
v 0.48699130 -0.65657896 1.66074917
v 0.41857478 -0.49386779 1.53093258
v 0.11488510 -0.72400755 1.52574658
v 0.03530530 -0.90959555 1.51451596
v -0.02325200 -0.90859281 1.70809261
v -0.06882410 -0.71602980 1.63157482
v 0.18195310 -0.76808829 1.21596730
v 0.07444150 -0.92886831 1.27863050
v 0.23071830 -1.05688024 1.25569257
v 0.31116029 -0.87996649 1.34354550
v 0.33172580 -0.65596480 1.42118237
v 0.50055320 -0.69516898 1.30549893
v 0.56756320 -0.84622847 1.43243619
v 0.35153209 -0.87350111 1.41343320
v 0.11445929 -0.74310751 1.55483944
v 0.15783399 -0.69635771 1.75432033
v 0.15253339 -0.89660627 1.81540951
v 0.25912389 -0.89354109 1.62336117
v 0.19290649 -0.80220076 1.20203481
v 0.32261008 -0.93407621 1.29713147
v 0.35446300 -1.04618665 1.12486959
v 0.35745570 -0.83698019 1.06308179
v 0.36059779 -0.66931548 1.43910809
v 0.39386729 -0.87259535 1.48290524
v 0.54412890 -0.83053831 1.62432812
v 0.38369269 -0.68258757 1.65837704
v 0.19732500 -0.82511595 1.19369535
v 0.16475031 -0.92078825 1.01685415
v 0.22935180 -1.10012121 1.08864164
v 0.10977999 -1.01364225 1.24316548
v 0.38073539 -0.67749312 1.44812863
v 0.55922469 -0.59814410 1.49003933
v 0.63831049 -0.77467055 1.53998928
v 0.52308947 -0.80898932 1.36831265
v 0.23717300 -0.86617781 1.45133114
v 0.40592040 -0.98027227 1.29971250
v 0.30759000 -1.18261335 1.41748654
v 0.07279140 -1.06140630 1.36518033
v 0.25932720 -0.89899076 1.46870785
v 0.10157059 -0.98722318 1.65732037
v 0.32720950 -1.09266668 1.73615841
v 0.42675998 -0.84004637 1.68136181
v 0.30057460 -0.95195844 1.47842602
v 0.47388827 -0.91037710 1.68081585
v 0.57044570 -1.14510770 1.58967633
v 0.53888598 -1.01853864 1.33535733
v 0.32240428 -0.98815618 1.48589886
v 0.34558559 -1.16103528 1.30325498
v 0.31429090 -1.31138944 1.50374737
v 0.11647750 -1.14090581 1.56365078
v 0.35986720 -1.03820875 1.49901944
v 0.26252010 -1.25132596 1.36895200
v 0.31889369 -1.36680585 1.60410961
v 0.19382879 -1.13414975 1.70855892
v -0.58155978 -0.09437770 1.16851026
v -0.63186698 0.04817950 1.04697591
v -0.82129110 0.02465180 1.08145574
v -0.72903662 0.00992880 1.26226300
v -0.53730399 -0.19910339 1.31042828
v -0.38910888 -0.32310630 1.36701901
v -0.48663569 -0.48720179 1.30297055
v -0.51562358 -0.33985358 1.15443097
v -0.60292357 -0.06612920 1.37372708
v -0.58012278 0.11587080 1.47570370
v -0.62559329 0.03138220 1.66235104
v -0.49453238 -0.11256050 1.55960171
v -0.60526167 -0.10690290 1.15766980
v -0.75876578 -0.07702090 1.27005010
v -0.84999731 -0.23330520 1.20418737
v -0.65727828 -0.28817619 1.23021764
v -0.55307578 -0.21811649 1.32313443
v -0.76041960 -0.20091009 1.32926801
v -0.77684836 -0.31304359 1.50385769
v -0.60527289 -0.18096239 1.53185055
v -0.63327029 -0.06797140 1.39816479
v -0.69077956 -0.25790529 1.46550183
v -0.88900015 -0.19934989 1.50009243
v -0.83013281 -0.10807790 1.30899228
v -0.63735648 -0.11836630 1.13416265
v -0.64685912 -0.31601779 1.07993070
v -0.76223219 -0.27740899 0.91471571
v -0.61199057 -0.12340979 0.92049688
v -0.56641787 -0.25199459 1.33757184
v -0.65331496 -0.23534370 1.52636258
v -0.61165949 -0.43336867 1.57657406
v -0.43328811 -0.35680530 1.47583737
v -0.67054266 -0.06193350 1.43803662
v -0.85446501 0.01112680 1.39826703
v -0.88669821 0.06566980 1.58992535
v -0.68660765 0.11942970 1.54616146
v -0.66178595 -0.12414400 1.12487630
v -0.83417936 -0.02384010 1.16227414
v -0.95059561 -0.18373409 1.11688550
v -0.78744955 -0.25949939 1.23071950
v -0.57858508 -0.27368940 1.34290860
v -0.59224719 -0.44111159 1.22026860
v -0.75873968 -0.51580439 1.32006177
v -0.79074377 -0.30093860 1.30002286
v -0.69402022 -0.06276550 1.46362759
v -0.67829512 -0.10838650 1.66701061
v -0.88541181 -0.11137250 1.69506359
v -0.84759558 -0.21370550 1.50488385
v -0.69272086 -0.13598770 1.10551389
v -0.83285048 -0.27188880 1.17614194
v -0.91442282 -0.30413690 0.98799368
v -0.69846335 -0.29852029 0.96072538
v -0.59350268 -0.30331279 1.35800931
v -0.79937025 -0.34452289 1.36799603
v -0.77491118 -0.49573840 1.51192395
v -0.64080382 -0.33121829 1.57152111
v -0.71377669 -0.14103260 1.09355329
v -0.78087835 -0.10835809 0.90445135
v -0.96646520 -0.18053499 0.94541342
v -0.91061407 -0.06135190 1.11321248
v -0.60223319 -0.32386440 1.36529401
v -0.52405589 -0.49991908 1.41680081
v -0.70283285 -0.58600348 1.43649899
v -0.71349951 -0.46885299 1.26352025
v -0.79394346 -0.18739440 1.34014981
v -0.87557905 -0.35664928 1.17007604
v -1.09736356 -0.26807130 1.25494451
v -0.97857771 -0.02859640 1.22623944
v -0.82818770 -0.21099189 1.35167615
v -0.95123754 -0.06055890 1.52550534
v -1.05910169 -0.29087798 1.58300762
v -0.79785887 -0.38016959 1.56823574
v -0.88032186 -0.25418569 1.35214810
v -0.86521925 -0.42963267 1.55572308
v -1.07803876 -0.53235320 1.42684796
v -0.91391180 -0.49131568 1.19714811
v -0.91632475 -0.27737979 1.35337979
v -1.05638685 -0.30290889 1.14536031
v -1.23769574 -0.28101760 1.31911008
v -1.08696371 -0.07894910 1.40832577
v -0.96627767 -0.31676519 1.35772504
v -1.15894574 -0.22456569 1.19673215
v -1.30814588 -0.28957450 1.40898923
v -1.10058187 -0.15876460 1.55104489
v -0.03089030 0.57596438 1.16556157
v 0.10380490 0.66880209 1.05912290
v 0.07451570 0.83841780 1.15112088
v 0.07296920 0.69424940 1.29653684
v -0.12676120 0.48475119 1.29191861
v -0.24239730 0.31895179 1.30544400
v -0.41440490 0.42300300 1.28032849
v -0.27548780 0.50390620 1.14130994
v 0.00750550 0.53546939 1.36753308
v 0.19654350 0.49238738 1.45118863
v 0.11981189 0.47456160 1.64710751
v -0.02496920 0.37260108 1.51407498
v -0.04497820 0.60128558 1.16293004
v -0.01509250 0.71566649 1.31645398
v -0.17910490 0.81466261 1.28737058
v -0.22519029 0.61925387 1.25532247
v -0.14580089 0.49496188 1.30965268
v -0.13640460 0.69255659 1.37843396
v -0.24038179 0.64910597 1.55496655
v -0.09949830 0.48340480 1.52408535
v 0.00575070 0.55698878 1.40030865
v -0.18365030 0.58133677 1.48972867
v -0.13086970 0.76375761 1.58137112
v -0.04703340 0.77047590 1.37682004
v -0.05900370 0.63855608 1.15070134
v -0.26069860 0.65352835 1.10928968
v -0.23525880 0.81637205 0.98497251
v -0.07439100 0.67903899 0.93851965
v -0.17957719 0.50151938 1.32887158
v -0.15628950 0.52815070 1.53565228
v -0.35079810 0.46232360 1.57858166
v -0.27221069 0.32631480 1.42448636
v 0.01245180 0.58086550 1.44968381
v 0.07641930 0.77301230 1.46517956
v 0.14006610 0.74846747 1.65648861
v 0.19963850 0.57309230 1.55116696
v -0.06626350 0.66446387 1.14952161
v 0.02960380 0.82354689 1.23432706
v -0.13794369 0.94023100 1.23270925
v -0.20152250 0.74528555 1.29460813
v -0.20155750 0.51037768 1.33854703
v -0.37669318 0.55178420 1.23174214
v -0.45298270 0.67680632 1.38122006
v -0.23958419 0.72511275 1.36357587
v 0.01204420 0.59551070 1.48141888
v -0.02235550 0.51608588 1.67310543
v -0.03206140 0.70570349 1.76358333
v -0.14339050 0.72188086 1.57381726
v -0.08040510 0.69934157 1.14092077
v -0.21865150 0.80470549 1.25674344
v -0.26423089 0.93835249 1.10282957
v -0.25149228 0.74017012 1.01029096
v -0.23108940 0.51847079 1.35872052
v -0.28008109 0.71033545 1.43298642
v -0.42330478 0.63496527 1.56912640
v -0.24965949 0.49726500 1.57874783
v -0.08693750 0.72287237 1.13611738
v -0.06681220 0.84644735 0.97435560
v -0.14445019 1.00779714 1.07325597
v -0.01368370 0.90965132 1.21222501
v -0.25168279 0.52350699 1.36916348
v -0.42261920 0.42349750 1.40129025
v -0.51507838 0.58405219 1.47827694
v -0.40705051 0.65322661 1.31140027
v -0.12358420 0.72207098 1.39861203
v -0.30576419 0.84290464 1.26729688
v -0.22110729 1.03419904 1.41315198
v 0.02250600 0.94208319 1.34003171
v -0.14802020 0.75008208 1.42105603
v 0.00736240 0.82308355 1.61944668
v -0.22509939 0.89646765 1.71644131
v -0.30519550 0.64601431 1.62563717
v -0.19342489 0.79753378 1.43915402
v -0.35818538 0.71166075 1.63621105
v -0.47657069 0.94914396 1.58200589
v -0.44105178 0.86412161 1.31015363
v -0.21807130 0.83038435 1.45226422
v -0.26027259 1.02644735 1.29699536
v -0.23625640 1.14834005 1.51811825
v -0.02268400 0.98772581 1.54955944
v -0.25936069 0.87477331 1.47325558
v -0.18295000 1.11322690 1.37461636
v -0.24287029 1.18797719 1.62611248
v -0.09579230 0.95302465 1.69346890
v 0.56259860 0.17940340 1.12081609
v 0.65832221 0.06081130 1.00033094
v 0.83042822 0.14086280 1.04174650
v 0.73208571 0.12381150 1.21947919
v 0.48359870 0.26347820 1.26175168
v 0.30244680 0.33532619 1.31363522
v 0.34702830 0.52267150 1.25376630
v 0.42479857 0.39338058 1.10546308
v 0.58490840 0.15589480 1.32686505
v 0.61577868 -0.02615840 1.42729947
v 0.62701560 0.06548560 1.61613430
v 0.46128138 0.16403860 1.50923367
v 0.58168547 0.19878519 1.11087247
v 0.73343115 0.21570470 1.22873204
v 0.77447539 0.39369918 1.16678510
v 0.57315337 0.38644530 1.18617139
v 0.49236487 0.28625009 1.27512151
v 0.69499068 0.33340579 1.28862287
v 0.67045836 0.44267169 1.46447095
v 0.54667220 0.26366399 1.48573834
v 0.61245299 0.16659309 1.35242276
v 0.60666300 0.36427501 1.42274228
v 0.81237196 0.36877837 1.46421475
v 0.79060225 0.26662340 1.27041234
v 0.60950980 0.21992509 1.08854650
v 0.55959559 0.41208568 1.03549474
v 0.68679282 0.41322631 0.87409101
v 0.59079577 0.22021379 0.87379255
v 0.49419101 0.32241958 1.29020291
v 0.57590937 0.33033588 1.48221417
v 0.47371791 0.50555030 1.53186993
v 0.33061340 0.37934829 1.42429303
v 0.64851172 0.17166980 1.39364255
v 0.84749365 0.15909410 1.36010648
v 0.88868444 0.11406399 1.55285580
v 0.71601271 0.00206090 1.50162854
v 0.63131320 0.23307449 1.08015424
v 0.82515501 0.18980880 1.12332158
v 0.88841261 0.37866241 1.08278791
v 0.70596556 0.39906188 1.19121556
v 0.49894030 0.34675410 1.29607907
v 0.46452090 0.51242160 1.17456807
v 0.59691428 0.63320830 1.28076581
v 0.69409712 0.43851569 1.26088964
v 0.66978461 0.17927879 1.42010373
v 0.63411719 0.21482969 1.62331890
v 0.82960211 0.28082898 1.65884396
v 0.76835631 0.36967910 1.46758938
v 0.65777937 0.25415738 1.06193700
v 0.74720045 0.42564460 1.13827176
v 0.82117041 0.48430468 0.95301931
v 0.61804377 0.41307097 0.91795057
v 0.50355338 0.37934169 1.31186261
v 0.68669295 0.48167170 1.32943158
v 0.61220030 0.61611018 1.47329800
v 0.53304419 0.41719840 1.52739788
v 0.67668089 0.26561330 1.05074346
v 0.75684889 0.25795749 0.86372480
v 0.91013441 0.38310710 0.91170996
v 0.88805441 0.24978229 1.07712545
v 0.50531600 0.40150161 1.31956006
v 0.37503978 0.54454089 1.36910260
v 0.51826079 0.68118269 1.39562237
v 0.57009638 0.57542788 1.22233640
v 0.73072630 0.33064670 1.30065701
v 0.76205755 0.51965380 1.13411535
v 0.99779569 0.50200229 1.22662305
v 0.95916670 0.23769279 1.19255010
v 0.75572111 0.36347758 1.31352933
v 0.91348875 0.25519130 1.49125973
v 0.94358236 0.50697940 1.55372403
v 0.66773520 0.51212588 1.52996579
v 0.79209967 0.42064990 1.31606687
v 0.71711859 0.58014739 1.52008130
v 0.89252798 0.74537070 1.39918454
v 0.75630255 0.65937949 1.16319478
v 0.81923124 0.45379359 1.31869611
v 0.95164129 0.52430838 1.11562246
v 1.12540998 0.55644217 1.29594296
v 1.04098470 0.31618030 1.37892331
v 0.85457510 0.50660678 1.32501553
v 1.07174421 0.48032519 1.17036985
v 1.18695386 0.58485190 1.38847302
v 1.02475156 0.39426318 1.52262478
v 0.10279250 -0.14552789 3.14634698
v 0.10076020 0.02624630 3.19412255
v 0.12714710 -0.01158160 3.36636040
v 0.24114269 -0.12484629 3.27057000
v 0.14146579 -0.30172620 3.10108453
v 0.09969700 -0.42243629 2.96713525
v -0.03192070 -0.50469058 3.06797631
v -0.05229220 -0.31391109 3.09780144
v 0.26778770 -0.24248910 3.15108330
v 0.44274230 -0.16946310 3.11537133
v 0.53215029 -0.33718669 3.14842126
v 0.36608550 -0.38138778 3.04158837
v 0.08976810 -0.14851020 3.16932671
v 0.19959070 -0.19211669 3.30114373
v 0.07061820 -0.26766849 3.39599266
v 0.04274610 -0.32084739 3.22021874
v 0.14100959 -0.32277690 3.11553246
v 0.17167450 -0.31518819 3.30424584
v 0.23438800 -0.49575900 3.31272545
v 0.31603339 -0.41551429 3.14787835
v 0.28668020 -0.25796060 3.17734002
v 0.23142599 -0.43359630 3.23399163
v 0.30532008 -0.41241138 3.41063042
v 0.21551540 -0.23717449 3.36530510
v 0.06892810 -0.14354769 3.20078270
v -0.08174249 -0.25502660 3.22185418
v -0.16911859 -0.13360349 3.33672417
v -0.08923489 -0.02502100 3.19190941
v 0.13313980 -0.35550960 3.12830132
v 0.28495380 -0.45185840 3.19465416
v 0.20493120 -0.62292067 3.16198327
v 0.16208450 -0.50912448 3.00189385
v 0.32168079 -0.27661180 3.20856835
v 0.34935310 -0.20242910 3.37638695
v 0.52045398 -0.27277450 3.39080559
v 0.50377078 -0.20779960 3.20807091
v 0.06091770 -0.14256119 3.22402642
v 0.15854129 -0.09274180 3.37497246
v 0.04420160 -0.18274259 3.49169121
v 0.06977110 -0.30129440 3.33812096
v 0.12558400 -0.37426200 3.14005486
v -0.05662140 -0.42492988 3.16811669
v -0.01432970 -0.53676558 3.31730705
v 0.09615840 -0.37073890 3.33839501
v 0.34143020 -0.29197099 3.22841332
v 0.46011001 -0.44086577 3.20258721
v 0.49498587 -0.46033740 3.39053947
v 0.29729600 -0.42522830 3.37303368
v 0.04274240 -0.14023200 3.25416314
v 0.02717200 -0.27934200 3.38385918
v -0.11967869 -0.19565559 3.47243919
v -0.15319649 -0.17468139 3.27622032
v 0.12073740 -0.40431838 3.15403344
v 0.12079310 -0.44100249 3.34373558
v 0.13601400 -0.63196299 3.31853508
v 0.26177459 -0.54663130 3.18446953
v 0.03296270 -0.13716940 3.27446129
v -0.07876170 -0.00607840 3.34696831
v -0.07572520 -0.08262950 3.51742393
v 0.10806200 -0.09223170 3.44988213
v 0.11495670 -0.42333789 3.16245995
v 0.04546990 -0.57908290 3.09528130
v 0.02479430 -0.65346816 3.26152581
v -0.03175570 -0.47037311 3.27753044
v 0.18983800 -0.31187589 3.33362633
v -0.02203890 -0.33720729 3.42715691
v 0.10688619 -0.32325069 3.62071586
v 0.21318990 -0.13359970 3.50319145
v 0.18739280 -0.33567168 3.36527306
v 0.40750648 -0.32733028 3.45977959
v 0.32620589 -0.52675998 3.56499015
v 0.24402530 -0.58100688 3.33069084
v 0.16728260 -0.36738521 3.41490501
v 0.21224079 -0.60991828 3.39540428
v 0.07821640 -0.61166880 3.60339012
v -0.07623790 -0.44991759 3.46645409
v 0.15782179 -0.38502349 3.44882500
v 0.00518650 -0.28551839 3.59198539
v 0.15669360 -0.37009780 3.74556174
v 0.32375701 -0.27452400 3.59264366
v 0.14248510 -0.41619140 3.49603355
v 0.09478530 -0.25905879 3.67902915
v 0.22189470 -0.42802501 3.80451499
v 0.38178268 -0.41359828 3.59922142
v -0.06136700 -0.01217500 3.17659295
v 0.08666799 -0.09170720 3.23586998
v 0.02361460 -0.10639570 3.40188835
v -0.11845440 -0.15053099 3.28864189
v -0.21247549 0.02760760 3.11750695
v -0.28666250 0.12683570 2.98015527
v -0.31014209 0.27616319 3.08676385
v -0.13514399 0.20505399 3.13119042
v -0.22240039 -0.11406090 3.15958306
v -0.23338470 -0.30083320 3.11303673
v -0.42568999 -0.30465980 3.12626824
v -0.37863917 -0.13181790 3.03243035
v -0.06045720 -0.00042360 3.20040001
v -0.16228649 -0.08434740 3.31824272
v -0.18042030 0.05985900 3.41911430
v -0.19686439 0.11785570 3.24354515
v -0.23237529 0.03695510 3.13046471
v -0.25886339 -0.00322230 3.31553093
v -0.44792960 0.02374650 3.30594445
v -0.39703948 -0.07715020 3.14023430
v -0.24733699 -0.12501690 3.18286919
v -0.38352279 0.00178150 3.23226403
v -0.41632838 -0.08233730 3.40229973
v -0.21593839 -0.08099210 3.37742668
v -0.04984370 0.01417530 3.23387932
v -0.08238970 0.19783639 3.26105309
v 0.05288690 0.21367410 3.39135460
v 0.12760130 0.10030770 3.24761834
v -0.25908199 0.05832340 3.14164269
v -0.41990718 -0.03527260 3.18705956
v -0.53168479 0.11587650 3.15035271
v -0.39519309 0.10963239 3.00306024
v -0.28289350 -0.14903570 3.20939873
v -0.24695859 -0.21610429 3.37851311
v -0.38819640 -0.33611728 3.37236260
v -0.30444249 -0.34197040 3.19687493
v -0.04772040 0.01964730 3.25775841
v -0.06330800 -0.09735770 3.40205162
v -0.10309479 0.03941870 3.52231437
v -0.20386999 0.07897850 3.35945213
v -0.27345569 0.07304140 3.15273247
v -0.23861909 0.25635169 3.19386590
v -0.37200889 0.26273639 3.33052086
v -0.27730409 0.08749070 3.35259178
v -0.30746269 -0.16047899 3.22624779
v -0.49034259 -0.19592330 3.17961785
v -0.54260638 -0.22736030 3.36170555
v -0.42018748 -0.06744210 3.36483788
v -0.04050930 0.03316140 3.28950432
v -0.16982620 0.10433070 3.41025963
v -0.03830900 0.19153150 3.51735344
v 0.01551520 0.22149169 3.32703514
v -0.29928748 0.09044030 3.16501610
v -0.35118709 0.09767640 3.35086662
v -0.52448508 0.17319919 3.31149132
v -0.49222888 0.02932350 3.17264184
v -0.03544580 0.03939590 3.31076164
v 0.12375149 0.07450270 3.40189262
v 0.03719250 0.09838589 3.56565544
v -0.04765370 -0.05664290 3.48109001
v -0.31436139 0.10387590 3.17262200
v -0.41382621 0.24039279 3.10172723
v -0.48729579 0.28450389 3.26363060
v -0.30129329 0.24967899 3.29713249
v -0.26716749 -0.02232020 3.34326012
v -0.20316820 0.17233749 3.45383385
v -0.26903209 0.04192510 3.63513114
v -0.13734160 -0.13347540 3.52156883
v -0.29035529 -0.01081670 3.37328972
v -0.39236289 -0.21445169 3.44749931
v -0.54277358 -0.05609180 3.54587974
v -0.52957007 0.05346870 3.31711235
v -0.31438709 0.01906960 3.42225883
v -0.54737689 0.09165109 3.38231560
v -0.50949260 0.20071830 3.60098625
v -0.28237350 0.27016469 3.49017204
v -0.32918018 0.03384560 3.45560661
v -0.18662960 0.11615050 3.61849449
v -0.34582698 0.01301910 3.75133689
v -0.32128959 -0.17120859 3.59067741
v -0.35464370 0.05937390 3.50176933
v -0.21271369 0.02021220 3.69849387
v -0.43265780 -0.02111210 3.79995780
v -0.47131740 -0.15905630 3.58244865
v 0.18780359 0.10872080 3.17721734
v 0.05123500 0.01127310 3.23770775
v 0.06572790 0.07640830 3.40309715
v 0.08847520 0.22218460 3.28800560
v 0.28997999 0.22639999 3.11667474
v 0.41181109 0.24785930 2.97894738
v 0.55639968 0.20463300 3.08617486
v 0.41555728 0.07906300 3.13213799
v 0.16695119 0.29807639 3.15792595
v 0.00383440 0.38946239 3.11023797
v 0.08489740 0.56421099 3.12139397
v 0.21964509 0.44483619 3.02890557
v 0.19796970 0.10302419 3.20111413
v 0.16724729 0.23286930 3.31750847
v 0.30488210 0.18701780 3.41902489
v 0.36426570 0.17421779 3.24345360
v 0.30712919 0.24034059 3.12947777
v 0.28263379 0.28402639 3.31418694
v 0.38996539 0.44205779 3.30270561
v 0.27688360 0.43865050 3.13688256
v 0.16805639 0.32559028 3.18090386
v 0.34191539 0.39291659 3.22954491
v 0.28068460 0.46141040 3.39891197
v 0.19383819 0.28034389 3.37617882
v 0.20643180 0.08746740 3.23481011
v 0.38588019 0.03635600 3.26262688
v 0.34067168 -0.09067509 3.39456352
v 0.20590709 -0.10976149 3.25092095
v 0.33807861 0.25509820 3.14049065
v 0.32458640 0.44137130 3.18371911
v 0.50961947 0.47502059 3.14658440
v 0.44403258 0.35327640 3.00061364
v 0.16208219 0.36843188 3.20694451
v 0.08597640 0.36761588 3.37621758
v 0.04012490 0.54726767 3.36791100
v -0.00193490 0.47243228 3.19315850
v 0.21041820 0.08343970 3.25875908
v 0.11205109 0.15059419 3.40237511
v 0.25251890 0.12770870 3.52302543
v 0.33238109 0.19898700 3.35916710
v 0.35762878 0.26168790 3.15151238
v 0.50715148 0.15031160 3.19402092
v 0.57150260 0.26907779 3.32938072
v 0.37230460 0.26119180 3.35155785
v 0.16258800 0.39575278 3.22348198
v 0.21108100 0.57520259 3.17466515
v 0.20577169 0.63818808 3.35616326
v 0.29577579 0.45788688 3.36145897
v 0.21940000 0.07139800 3.29067803
v 0.34021598 0.15784560 3.41051292
v 0.36083011 0.00256020 3.51956169
v 0.36412608 -0.06127790 3.32983574
v 0.38462470 0.27741609 3.16361992
v 0.41393001 0.32312629 3.34909203
v 0.55799388 0.44528880 3.30822563
v 0.41445209 0.47784240 3.16885583
v 0.22278009 0.06436030 3.31203881
v 0.18438860 -0.09311440 3.40513390
v 0.24389419 -0.02381970 3.56821800
v 0.14177970 0.11957519 3.48185631
v 0.40332957 0.28515710 3.17114068
v 0.56979621 0.31375579 3.09984704
v 0.64173850 0.36237067 3.26131737
v 0.52868808 0.21083240 3.29665764
v 0.26910879 0.30021640 3.34174706
v 0.41601729 0.15846429 3.45412193
v 0.32768550 0.27715810 3.63415885
v 0.11210160 0.23446130 3.52099602
v 0.28964090 0.31637038 3.37161125
v 0.15135450 0.49845401 3.44370354
v 0.35984218 0.56528849 3.54138115
v 0.45256640 0.50253749 3.31316277
v 0.32707278 0.32543227 3.42051720
v 0.49472220 0.50255149 3.37842613
v 0.57613909 0.42318259 3.59824638
v 0.53878710 0.18713050 3.49015465
v 0.34685859 0.33264018 3.45381004
v 0.35821971 0.17025350 3.61878715
v 0.33543441 0.36029948 3.74947471
v 0.15900110 0.41726279 3.58798210
v 0.38100108 0.34487090 3.49986900
v 0.28341100 0.23681940 3.69805930
v 0.34289748 0.45395129 3.79701957
v 0.23585540 0.54671981 3.57819999
v -0.04839610 -0.18234619 3.05870721
v 0.10603690 -0.11035949 3.11850213
v 0.07975920 -0.16997850 3.28691338
v 0.02925880 -0.31235318 3.17256646
v -0.17244390 -0.28095859 2.99916284
v -0.29806339 -0.28128599 2.86004083
v -0.43342109 -0.20938440 2.96794671
v -0.26946020 -0.11044830 3.01261468
v -0.06350440 -0.37490371 3.04200066
v 0.08134169 -0.49733527 2.99509210
v -0.03229750 -0.65564909 3.00898766
v -0.14401680 -0.51279879 2.91356500
v -0.05736610 -0.17440809 3.08281518
v -0.05103530 -0.30765439 3.20259026
v -0.17899540 -0.23454029 3.30467552
v -0.23612489 -0.21315509 3.12673211
v -0.19210269 -0.29139379 3.01233178
v -0.17549089 -0.33676749 3.19998436
v -0.31216140 -0.47382029 3.19071129
v -0.19948740 -0.49424189 3.02278649
v -0.06974250 -0.40172339 3.06567376
v -0.25527570 -0.43510158 3.11591302
v -0.20685470 -0.51231990 3.28840477
v -0.08630000 -0.34898479 3.26269493
v -0.06275030 -0.15684169 3.11669640
v -0.23150979 -0.07167060 3.14408715
v -0.16216499 0.04806010 3.27576866
v -0.02489840 0.03945830 3.13006676
v -0.22564830 -0.30005849 3.02369958
v -0.24732419 -0.48724238 3.07024224
v -0.43783999 -0.48627021 3.03313897
v -0.34998378 -0.37972369 2.88354577
v -0.07182790 -0.44508128 3.09267632
v 0.00449190 -0.45617820 3.26404076
v 0.01611500 -0.64364958 3.25831169
v 0.07162180 -0.57973239 3.08027825
v -0.06588870 -0.15173110 3.14088219
v 0.01965460 -0.23501590 3.28728569
v -0.11541290 -0.18392770 3.40908409
v -0.20877540 -0.24212289 3.24425225
v -0.24631059 -0.30275480 3.03495507
v -0.37386951 -0.16308719 3.07632287
v -0.45996230 -0.26706109 3.21512932
v -0.26026800 -0.29655479 3.23747399
v -0.07745080 -0.47191661 3.10982659
v -0.15974519 -0.64194319 3.06307702
v -0.16587509 -0.70293211 3.24776543
v -0.22130229 -0.50651099 3.25043419
v -0.07245920 -0.13758839 3.17301720
v -0.20865060 -0.19896989 3.29562096
v -0.19950090 -0.03902810 3.40370598
v -0.19122959 0.02230760 3.21067528
v -0.27610380 -0.31311649 3.04744622
v -0.31338840 -0.35032069 3.23589867
v -0.47989558 -0.44518397 3.19633935
v -0.34364909 -0.50674350 3.05573388
v -0.07443250 -0.12963660 3.19453789
v -0.00621950 0.02109290 3.28644188
v -0.07806410 -0.03418650 3.45257866
v -0.00383520 -0.19737890 3.36728935
v -0.29615249 -0.31716899 3.05517449
v -0.46733878 -0.31518419 2.98341455
v -0.54764968 -0.34756778 3.14760888
v -0.40645278 -0.21770479 3.18113396
v -0.16502290 -0.35502330 3.22812828
v -0.28404830 -0.18461450 3.33977654
v -0.21813100 -0.31672910 3.52382042
v 0.00407360 -0.31668170 3.40862846
v -0.18841859 -0.36677020 3.25860283
v -0.08509020 -0.57295909 3.33431114
v -0.30484189 -0.59858229 3.43418602
v -0.38583560 -0.52198390 3.20219628
v -0.22723180 -0.36798938 3.30824883
v -0.42759250 -0.51307109 3.26826744
v -0.49297259 -0.41551600 3.48962700
v -0.41148849 -0.18938589 3.37667717
v -0.24818450 -0.37092948 3.34206078
v -0.22833530 -0.20485439 3.50666252
v -0.24124149 -0.39626597 3.64180564
v -0.07695280 -0.48864638 3.47916801
v -0.28433259 -0.37596377 3.38887199
v -0.16629020 -0.28404289 3.58791435
v -0.26623989 -0.48730399 3.69133628
v -0.17790050 -0.60301638 3.47119133
v -0.00764980 0.17235941 3.03745721
v -0.03909450 0.00586360 3.10065636
v -0.07674940 0.06578300 3.26707634
v -0.16153139 0.18634519 3.14758080
v -0.01551870 0.32929939 2.97381249
v 0.05987450 0.42902198 2.83377466
v 0.19418609 0.50111609 2.94332910
v 0.17967569 0.31093580 2.99234246
v -0.15621979 0.29518140 3.01424249
v -0.33881339 0.24587919 2.96412011
v -0.40329860 0.43043818 2.97206292
v -0.21970970 0.43740779 2.88060876
v 0.00344880 0.17572040 3.06179528
v -0.11213179 0.25013799 3.17729058
v 0.01904800 0.31533368 3.28110527
v 0.07367640 0.34551528 3.10335686
v -0.01304780 0.35172839 2.98652520
v -0.06420380 0.36878028 3.17294365
v -0.09746320 0.55940497 3.15826012
v -0.17513540 0.47480460 2.99020196
v -0.17514509 0.31630328 3.03700738
v -0.09676770 0.48870959 3.08503320
v -0.19196689 0.49767089 3.25541588
v -0.12707590 0.30427110 3.23585778
v 0.02013430 0.17083759 3.09625787
v 0.18645729 0.26070588 3.12545830
v 0.24143169 0.13816240 3.26166832
v 0.15874380 0.02715050 3.11639855
v -0.00108400 0.38446960 2.99740716
v -0.14296400 0.51110770 3.03763696
v -0.03152610 0.66570822 2.99935143
v 0.00863090 0.52878848 2.85370752
v -0.21008350 0.34362430 3.06258080
v -0.26718879 0.29164129 3.23420525
v -0.42725478 0.38990439 3.22231255
v -0.40269321 0.30333539 3.04658563
v 0.02555590 0.17105129 3.12061608
v -0.09538260 0.15246600 3.26491539
v 0.02139140 0.23663999 3.38768517
v 0.03142410 0.34263080 3.22019066
v 0.00834700 0.40321918 3.00845574
v 0.19522470 0.42830459 3.05371178
v 0.15641309 0.56203829 3.18865532
v 0.01668190 0.41598121 3.21127800
v -0.22922210 0.36409339 3.07881951
v -0.31992490 0.52825289 3.02586694
v -0.37069381 0.57285090 3.20865868
v -0.17798969 0.50524298 3.21751397
v 0.04016270 0.16906910 3.15320946
v 0.06547320 0.31892919 3.27304100
v 0.18861169 0.22197410 3.38659660
v 0.23862810 0.17522070 3.19547966
v 0.01673290 0.43389091 3.02042870
v 0.00329980 0.49040759 3.20758507
v 0.02249140 0.68045226 3.16380547
v -0.10309150 0.60088618 3.02187035
v 0.04730240 0.16662840 3.17500176
v 0.12925060 0.02620470 3.27242180
v 0.12145610 0.12089619 3.43642693
v -0.05292080 0.15197560 3.34609642
v 0.02478320 0.45283320 3.02790521
v 0.12673190 0.59017947 2.95508447
v 0.14260840 0.67857817 3.11785424
v 0.16680019 0.48897158 3.15660088
v -0.08584770 0.37139567 3.20057091
v 0.11962499 0.37349368 3.31724632
v -0.03087750 0.40000499 3.49747612
v -0.15614080 0.21517660 3.38355797
v -0.08270670 0.39805930 3.23053795
v -0.31285800 0.43394820 3.30010308
v -0.20958799 0.63112048 3.39785545
v -0.09472420 0.64775816 3.16769829
v -0.06251540 0.43175521 3.27994805
v -0.06492870 0.67842955 3.23386681
v 0.04739120 0.68117865 3.45826439
v 0.18827100 0.48152358 3.35323204
v -0.05364960 0.45142848 3.31356316
v 0.06701160 0.34354541 3.48395714
v -0.08547530 0.46757659 3.61278190
v -0.25193109 0.38224959 3.44794456
v -0.03805070 0.48506888 3.36002556
v -0.03549530 0.34027400 3.56303520
v -0.14678569 0.54165980 3.65917686
v -0.28722980 0.53058608 3.43553368
v 0.39084880 -0.08156620 3.03856164
v 0.28107900 0.03860430 3.11725976
v 0.37846309 0.04218660 3.26953362
v 0.50384139 0.04235900 3.12719353
v 0.51391707 -0.16373930 2.95593682
v 0.53212470 -0.28607910 2.81480096
v 0.53715098 -0.43422488 2.92988916
v 0.39634639 -0.31552610 2.99947595
v 0.56855590 -0.02644890 2.98327691
v 0.61828547 0.15121100 2.91828485
v 0.80661184 0.10321359 2.89616357
v 0.69793738 -0.05642380 2.82690088
v 0.39166167 -0.09188450 3.06344689
v 0.53466380 -0.03305790 3.15458459
v 0.53474269 -0.17496950 3.26448174
v 0.50058287 -0.24281549 3.09215111
v 0.53318290 -0.17777860 2.96604058
v 0.60584517 -0.13863660 3.14160973
v 0.77853682 -0.21670770 3.10015038
v 0.72287108 -0.11068579 2.93562371
v 0.59997859 -0.02162930 3.00091577
v 0.70772032 -0.18058139 3.03663598
v 0.79485670 -0.10081230 3.19218102
v 0.59709380 -0.04864140 3.20397545
v 0.38433948 -0.10197699 3.09996423
v 0.37337379 -0.28916639 3.13751183
v 0.26524949 -0.26289070 3.29303887
v 0.19430479 -0.13737429 3.15356804
v 0.55551520 -0.20547660 2.97421502
v 0.74328612 -0.15600649 2.98176965
v 0.80414785 -0.33541309 2.93850824
v 0.64538100 -0.29788160 2.81631647
v 0.64563345 -0.00681140 3.01867974
v 0.66214201 0.07494290 3.18732201
v 0.82769651 0.15356010 3.14480553
v 0.71387396 0.17530189 2.98503900
v 0.38562961 -0.10582940 3.12457848
v 0.45963809 0.00975150 3.25471550
v 0.48629710 -0.13004170 3.37929161
v 0.54044280 -0.20230199 3.20262322
v 0.56770919 -0.22333190 2.98394647
v 0.49489138 -0.39133788 3.04757989
v 0.64852721 -0.42857219 3.15977318
v 0.60740210 -0.23082860 3.18322564
v 0.67554961 -0.00166270 3.02994225
v 0.85111891 -0.01851200 2.94719201
v 0.94567899 0.00497650 3.11590111
v 0.78725081 -0.11784580 3.15557183
v 0.38151198 -0.11585330 3.15865807
v 0.51127368 -0.21586839 3.26158623
v 0.38363837 -0.26120700 3.39974876
v 0.28632610 -0.28314479 3.22300927
v 0.59045039 -0.24687280 2.99302331
v 0.67537955 -0.26091480 3.16900170
v 0.81441115 -0.38326907 3.10514092
v 0.79313002 -0.23930000 2.96008355
v 0.37925910 -0.11975219 3.18126885
v 0.23537330 -0.10730090 3.30392571
v 0.34488239 -0.14786510 3.45314140
v 0.44976157 -0.02273360 3.33977837
v 0.60295668 -0.26379939 2.99904901
v 0.64898802 -0.42687987 2.92272760
v 0.74030981 -0.48371699 3.07428338
v 0.57735388 -0.39788768 3.13825707
v 0.62428790 -0.12117560 3.16595757
v 0.53432658 -0.28968068 3.30493706
v 0.66745886 -0.17324360 3.46152733
v 0.56387850 0.02949900 3.35684776
v 0.64954710 -0.13755960 3.19262841
v 0.81508825 0.03647270 3.22963829
v 0.93804914 -0.15529339 3.31429802
v 0.85146269 -0.26748920 3.09908379
v 0.67461638 -0.17140190 3.23962059
v 0.87162985 -0.30712129 3.16408867
v 0.85044348 -0.39497661 3.39812187
v 0.59225718 -0.40535647 3.33543358
v 0.69162451 -0.18857450 3.27140862
v 0.56575709 -0.22399480 3.46660301
v 0.77182280 -0.16141710 3.56051170
v 0.76408278 0.01903240 3.38875725
v 0.71864096 -0.21865680 3.31495995
v 0.63159838 -0.13430700 3.53280327
v 0.87374090 -0.14980440 3.59001762
v 0.90339170 -0.03390980 3.35441246
v -0.22487140 0.02793140 2.81057184
v -0.13932120 -0.11481990 2.88776483
v -0.23193340 -0.09763099 3.04519158
v -0.36067710 -0.07086590 2.90462518
v -0.33185840 0.13584160 2.73002130
v -0.32809428 0.26118709 2.58670618
v -0.29781968 0.40913360 2.70272424
v -0.18146650 0.26120489 2.76972497
v -0.41456340 0.01133750 2.76021478
v -0.50389350 -0.15419759 2.69684351
v -0.68102431 -0.06625920 2.67984247
v -0.54125949 0.06887300 2.60535669
v -0.22270019 0.03832340 2.83577630
v -0.37425159 0.01052100 2.93290185
v -0.34056609 0.15122810 3.04354150
v -0.29750699 0.21133140 2.86731408
v -0.34764320 0.15388460 2.74077234
v -0.42263377 0.13049300 2.92128503
v -0.57842620 0.24492870 2.88401880
v -0.55100840 0.12795970 2.71607233
v -0.44620368 0.01327120 2.77908746
v -0.51790828 0.19397850 2.81765863
v -0.61656188 0.13340009 2.97853784
v -0.43128699 0.03930880 2.98480218
v -0.21215230 0.04674200 2.87253442
v -0.16006399 0.23004619 2.90918969
v -0.05367870 0.18073099 3.06381005
v -0.01450950 0.04113730 2.92092797
v -0.36360511 0.18613370 2.74957941
v -0.56012488 0.17725280 2.76323205
v -0.58341368 0.36826808 2.72015039
v -0.43781108 0.29713720 2.59161249
v -0.49409079 0.00833390 2.79857782
v -0.52273978 -0.06934150 2.97060937
v -0.70501677 -0.11185540 2.93297143
v -0.60175757 -0.15767769 2.76759393
v -0.21184619 0.05082260 2.89751703
v -0.30593240 -0.04807130 3.03243646
v -0.29859969 0.09621430 3.15878350
v -0.34228088 0.17960220 2.98081170
v -0.37157340 0.20644849 2.75971551
v -0.26146039 0.35746638 2.82106439
v -0.40234859 0.42721087 2.93930657
v -0.40316348 0.22224510 2.96300317
v -0.52450499 0.00962300 2.81093988
v -0.69752661 0.06397570 2.73223871
v -0.79109030 0.06080330 2.90636590
v -0.60650759 0.14869280 2.94107537
v -0.20456539 0.05986070 2.93189996
v -0.30863559 0.18677469 3.03965203
v -0.16811819 0.20433069 3.17564873
v -0.07240570 0.20538110 2.99330132
v -0.38880248 0.23466110 2.76947473
v -0.46456241 0.26664960 2.95046350
v -0.57819838 0.41782069 2.88919488
v -0.59238978 0.27055810 2.74226160
v -0.20079849 0.06323040 2.95474206
v -0.05701490 0.01999520 3.07485650
v -0.15229640 0.08357159 3.22929070
v -0.28655979 -0.01802100 3.11822472
v -0.39739360 0.25412389 2.77586725
v -0.41049468 0.42579299 2.69889826
v -0.48418948 0.50161589 2.85505914
v -0.33901401 0.38155330 2.91550225
v -0.44390281 0.11710430 2.94664239
v -0.31435689 0.26489589 3.08389062
v -0.46642779 0.17779100 3.24744072
v -0.41035110 -0.04541520 3.13930810
v -0.46461638 0.13874480 2.97436547
v -0.66483931 0.00152920 3.01794793
v -0.74309805 0.21800970 3.10642785
v -0.63989569 0.31091140 2.88485406
v -0.48077720 0.17764799 3.02259210
v -0.64940039 0.35449588 2.95116754
v -0.60236178 0.43694648 3.18738701
v -0.34609710 0.39201728 3.11590447
v -0.49298289 0.19830110 3.05524987
v -0.35457740 0.20635810 3.24920464
v -0.56937129 0.18833269 3.35107720
v -0.60561957 0.00780140 3.17768975
v -0.51198527 0.23389379 3.10006798
v -0.43700191 0.13144379 3.31887444
v -0.67199141 0.19861049 3.38416649
v -0.73347090 0.09016020 3.14677392
v 0.33334419 0.18175600 2.80265924
v 0.16717449 0.17751751 2.88046563
v 0.22806890 0.25076269 3.03734551
v 0.31402320 0.34914600 2.89587365
v 0.47961638 0.22174409 2.72135797
v 0.58662348 0.15623620 2.57799158
v 0.70122099 0.05799710 2.69423364
v 0.51540957 0.02937110 2.76204675
v 0.41164260 0.35505347 2.75103906
v 0.31081399 0.51371669 2.68708002
v 0.47424579 0.62502959 2.66889704
v 0.52338481 0.43649379 2.59527887
v 0.34142879 0.17491300 2.82788659
v 0.39175651 0.32126880 2.92406091
v 0.49835078 0.22357170 3.03494561
v 0.52908900 0.15557069 2.85892083
v 0.50312388 0.22673210 2.73200739
v 0.52006598 0.30462089 2.91210382
v 0.69608656 0.38422427 2.87378381
v 0.58006838 0.41667209 2.70596643
v 0.42889468 0.38180968 2.76971155
v 0.62177390 0.35602878 2.80780115
v 0.61780867 0.47266608 2.96810693
v 0.44498427 0.35720409 2.97560357
v 0.34372661 0.16179580 2.86472741
v 0.47821177 0.02675840 2.90171319
v 0.38359019 -0.04099580 3.05710107
v 0.24216400 -0.00757090 2.91443841
v 0.53910258 0.22490299 2.74070825
v 0.62768759 0.40073810 2.75307825
v 0.80556318 0.32721648 2.70979852
v 0.67175246 0.23434579 2.58217462
v 0.44811580 0.42610660 2.78889642
v 0.39497638 0.49012500 2.96082055
v 0.44707618 0.66972670 2.92197747
v 0.35596370 0.60117968 2.75721765
v 0.34721931 0.15967069 2.88972131
v 0.30750999 0.29095079 3.02409234
v 0.43018939 0.21457410 3.15051751
v 0.52373030 0.21081060 2.97217523
v 0.56075968 0.22195680 2.75079340
v 0.63873679 0.05226800 2.81286767
v 0.76899351 0.14164810 2.93022302
v 0.59069487 0.24291889 2.95395349
v 0.46418300 0.45207240 2.80106317
v 0.59610087 0.57590850 2.72118677
v 0.63975760 0.66005385 2.89477105
v 0.62609629 0.45619208 2.93069329
v 0.35165019 0.14908630 2.92416436
v 0.51369818 0.17828279 3.03125909
v 0.46061839 0.04788870 3.16823021
v 0.41403049 -0.03713790 2.98643701
v 0.59384158 0.22321609 2.76043939
v 0.65946608 0.27464420 2.94099938
v 0.84679388 0.29934400 2.87893823
v 0.72480917 0.38304500 2.73187433
v 0.35282008 0.14427890 2.94704034
v 0.24506320 0.04073150 3.06815301
v 0.34771579 0.09355960 3.22201531
v 0.32451549 0.25981489 3.11003777
v 0.61504828 0.22120939 2.76677545
v 0.77094465 0.14808940 2.68966425
v 0.87370855 0.17609871 2.84539361
v 0.69805907 0.10864300 2.90683129
v 0.51889350 0.32987498 2.93733422
v 0.58478881 0.14524640 3.07546624
v 0.58386748 0.32148681 3.23809746
v 0.36134399 0.38132838 3.13032128
v 0.54801039 0.33749511 2.96492944
v 0.52657248 0.57960948 3.00723535
v 0.75403181 0.54229968 3.09520592
v 0.78375868 0.40551429 2.87420617
v 0.59002219 0.33280200 3.01306359
v 0.82665312 0.39282451 2.94047753
v 0.87631124 0.31273359 3.17708916
v 0.71132590 0.11082650 3.10726647
v 0.61412570 0.33351329 3.04565179
v 0.55398898 0.20994289 3.24059166
v 0.64384589 0.40669589 3.34109795
v 0.50356189 0.52578639 3.16742974
v 0.65463049 0.33290138 3.09035760
v 0.52926329 0.31893359 3.30975975
v 0.70320021 0.49135390 3.37352623
v 0.63793589 0.59677249 3.13564965
v 0.24780710 -0.43471129 2.82328973
v 0.32526939 -0.29632190 2.91476220
v 0.37776248 -0.40429088 3.05298852
v 0.41368320 -0.50290538 2.89210016
v 0.21061840 -0.57032370 2.72487360
v 0.09148599 -0.61678179 2.58427790
v -0.03595480 -0.69282011 2.70300043
v 0.02767400 -0.52505408 2.78991601
v 0.36199668 -0.57157427 2.74042566
v 0.54181029 -0.54123267 2.66306543
v 0.56616938 -0.73179121 2.61477381
v 0.37006400 -0.68376891 2.56574060
v 0.24047689 -0.44253577 2.84838952
v 0.35694011 -0.56397071 2.91716241
v 0.23304639 -0.63236990 3.03123162
v 0.14262660 -0.60534659 2.86549493
v 0.20556890 -0.59487239 2.73257867
v 0.28391410 -0.66909499 2.89674798
v 0.27264419 -0.85431585 2.83221216
v 0.33751418 -0.74133955 2.67254022
v 0.37980430 -0.60108279 2.75337396
v 0.27457000 -0.76676069 2.77790521
v 0.39478587 -0.83628271 2.91876062
v 0.36993251 -0.63407187 2.95796716
v 0.23123260 -0.44416881 2.88632318
v 0.05490000 -0.51075068 2.93080224
v 0.05132490 -0.41960830 3.10163872
v 0.13071439 -0.28805820 2.96874749
v 0.18873300 -0.62728777 2.73828729
v 0.30654300 -0.78348646 2.71706232
v 0.15804209 -0.90369566 2.66989160
v 0.12331330 -0.72665312 2.56960077
v 0.41235518 -0.63996878 2.76408929
v 0.50883300 -0.64479048 2.92831536
v 0.64147307 -0.76291052 2.85935418
v 0.60587428 -0.62899668 2.71530847
v 0.23011369 -0.44991248 2.91090020
v 0.37683551 -0.49029460 3.02721154
v 0.26615199 -0.58437899 3.15204644
v 0.20458150 -0.64049101 2.96920251
v 0.17741109 -0.64669455 2.74675867
v -0.00219050 -0.65171622 2.82585565
v 0.03006710 -0.82263731 2.91687127
v 0.20157499 -0.71122290 2.94080285
v 0.42938399 -0.66715842 2.77086084
v 0.47315947 -0.82633535 2.66282038
v 0.54455859 -0.92606130 2.81736230
v 0.37299239 -0.83122709 2.88367730
v 0.22194530 -0.45419040 2.94592187
v 0.18566240 -0.62597388 3.03290643
v 0.10626590 -0.54213877 3.19121026
v 0.03462710 -0.43826117 3.02898156
v 0.16469480 -0.67800085 2.75319543
v 0.19791339 -0.78414488 2.91748071
v 0.13065860 -0.95238546 2.83666192
v 0.24561700 -0.85913694 2.69040827
v 0.21928260 -0.45641368 2.96901025
v 0.18659380 -0.33330779 3.11252709
v 0.20208570 -0.46915389 3.24716271
v 0.34960918 -0.50422000 3.11477746
v 0.15405909 -0.69687895 2.75788293
v 0.01255720 -0.79292067 2.67929895
v 0.00613920 -0.91844114 2.81939081
v 0.03017730 -0.74207159 2.90484094
v 0.30920200 -0.68252036 2.91795556
v 0.12878600 -0.68119399 3.07504510
v 0.30077850 -0.77942351 3.20920342
v 0.44297481 -0.59216429 3.11375390
v 0.30556669 -0.71559752 2.94144769
v 0.53399310 -0.80685331 2.94946801
v 0.40776149 -1.00538557 3.02172631
v 0.25254529 -0.94143827 2.82193078
v 0.28716689 -0.75774962 2.98581506
v 0.22833890 -0.98351057 2.88521997
v 0.15711500 -1.02679571 3.12522332
v 0.04483840 -0.78331511 3.10039544
v 0.28009429 -0.78410696 3.01565942
v 0.21528629 -0.70518851 3.23055718
v 0.35929271 -0.88406675 3.29279717
v 0.51134547 -0.78601790 3.11679742
v 0.26567010 -0.82619055 3.05619073
v 0.32948699 -0.74000601 3.28474114
v 0.41103629 -0.97787771 3.30715508
v 0.51157779 -0.93145620 3.06355309
v -0.01283770 0.33225749 2.61085962
v -0.10056750 0.19296709 2.69739374
v -0.13814319 0.29659030 2.84718316
v -0.17142990 0.41111419 2.69274469
v 0.03365750 0.47291148 2.51892618
v 0.15297889 0.51923770 2.37441203
v 0.29351449 0.57571910 2.49410990
v 0.21683479 0.40586089 2.57337030
v -0.11862310 0.48678920 2.54160227
v -0.30620469 0.47815699 2.46931132
v -0.31482188 0.67618636 2.43470881
v -0.12301870 0.61349459 2.37287638
v -0.00372300 0.33765399 2.63648157
v -0.10738100 0.46574908 2.71977899
v 0.02867300 0.51518359 2.83439721
v 0.11110840 0.49180549 2.66064295
v 0.04136190 0.49666179 2.52819742
v -0.02450320 0.56668589 2.70308405
v 0.00176050 0.75727865 2.65005548
v -0.08058440 0.66083075 2.48351557
v -0.13335230 0.51723788 2.55755854
v -0.01050100 0.67306929 2.58910120
v -0.12002940 0.74385618 2.74195367
v -0.11235730 0.53468730 2.76652917
v 0.00724250 0.33569160 2.67458093
v 0.19343160 0.38361129 2.71624841
v 0.19511240 0.27883899 2.88273797
v 0.09738750 0.16301149 2.74268091
v 0.06163970 0.52742518 2.53545923
v -0.04360400 0.69729521 2.53010706
v 0.11593569 0.80855131 2.48395563
v 0.13054730 0.63407069 2.36859538
v -0.16218969 0.55865149 2.57256861
v -0.25288890 0.56028739 2.74353113
v -0.37854190 0.69656615 2.68788507
v -0.36069999 0.56872237 2.53117395
v 0.00986380 0.33959079 2.69981073
v -0.13013799 0.38517360 2.82699579
v -0.00460970 0.46094027 2.95488824
v 0.05580240 0.52532340 2.77087213
v 0.07523110 0.54536139 2.54486704
v 0.26029109 0.52833609 2.61717218
v 0.24724368 0.69709257 2.72260614
v 0.06437540 0.59849898 2.74687891
v -0.17658840 0.58714087 2.58207636
v -0.21008729 0.75963095 2.48569025
v -0.26691280 0.85546202 2.65228113
v -0.09983530 0.73933729 2.70509912
v 0.01987730 0.34060779 2.73519434
v 0.07602950 0.50430270 2.83350732
v 0.15454409 0.40093150 2.98438653
v 0.21092489 0.30145120 2.80971399
v 0.09126920 0.57532679 2.55297510
v 0.07401250 0.67345381 2.72814783
v 0.15463780 0.84301558 2.65492792
v 0.02403780 0.77004500 2.50560267
v 0.02367110 0.34092319 2.75860284
v 0.05072170 0.20324760 2.89390527
v 0.05301910 0.33190170 3.04031548
v -0.09792280 0.39035670 2.91538232
v 0.10397110 0.59306800 2.55854639
v 0.25295370 0.68286665 2.47923533
v 0.27663860 0.79871267 2.62946283
v 0.23910999 0.61668410 2.70485559
v -0.04798140 0.58098158 2.72662744
v 0.14032650 0.55178027 2.87741998
v -0.01909990 0.65672781 3.02781976
v -0.18407960 0.48765639 2.92465387
v -0.04029510 0.61231299 2.75253656
v -0.26229900 0.72456282 2.77730035
v -0.11329580 0.90815374 2.85848871
v 0.02984800 0.84411757 2.64476679
v -0.01602640 0.64993582 2.79954034
v 0.06071080 0.87975065 2.71065973
v 0.14605210 0.89942991 2.95342034
v 0.23573329 0.64535132 2.90635675
v -0.00525020 0.67371046 2.83125970
v 0.06117240 0.57249289 3.04043572
v -0.06518900 0.76153212 3.12234002
v -0.23488290 0.68925955 2.94424279
v 0.01484530 0.71190581 2.87455468
v -0.04888780 0.61404368 3.10286584
v -0.10813209 0.85984709 3.14570824
v -0.22353849 0.83992910 2.90041253
v 0.52892600 -0.23252729 2.55717188
v 0.48840339 -0.07460840 2.64709986
v 0.59632689 -0.11810830 2.79245538
v 0.69731955 -0.16902691 2.63316858
v 0.59801020 -0.36077109 2.46099634
v 0.54617770 -0.47887389 2.31704920
v 0.49808608 -0.62222148 2.43744150
v 0.42721950 -0.45182139 2.52141871
v 0.71172682 -0.25757120 2.48024607
v 0.82878462 -0.11209620 2.40463450
v 0.97970960 -0.23875719 2.36266779
v 0.80170706 -0.33794639 2.30678095
v 0.52779979 -0.24317399 2.58278009
v 0.69568159 -0.25354009 2.65946161
v 0.64519270 -0.38876979 2.77494226
v 0.56547049 -0.43230300 2.60356470
v 0.61076079 -0.38256999 2.46955713
v 0.71387732 -0.38274169 2.64069300
v 0.83507818 -0.53003829 2.58123529
v 0.81255270 -0.40238750 2.41655543
v 0.74480612 -0.26733579 2.49481928
v 0.77861311 -0.46361159 2.52308252
v 0.91082075 -0.43173537 2.67130731
v 0.75189245 -0.29676870 2.70362970
v 0.52047980 -0.25036140 2.62117487
v 0.43220530 -0.42095740 2.66469965
v 0.36018989 -0.35332290 2.83507928
v 0.33473880 -0.20149740 2.69729883
v 0.62015269 -0.41838439 2.47609522
v 0.81647925 -0.45481311 2.46255091
v 0.78951147 -0.64744162 2.41541651
v 0.64600310 -0.53955477 2.30663157
v 0.79546019 -0.27402860 2.50777781
v 0.86455191 -0.20970090 2.67699091
v 1.04777135 -0.20787420 2.61396234
v 0.93494322 -0.13337340 2.46218210
v 0.52260310 -0.25518649 2.64632166
v 0.65566481 -0.18350219 2.76920068
v 0.63227278 -0.32880950 2.89680139
v 0.63189700 -0.41504478 2.71155023
v 0.62464327 -0.44062819 2.48511667
v 0.49030337 -0.56695258 2.56162470
v 0.62812869 -0.67204077 2.66071802
v 0.67930266 -0.47044139 2.68505792
v 0.82661078 -0.28265260 2.51597757
v 0.97293928 -0.37305259 2.41265330
v 1.08872999 -0.39721839 2.57472773
v 0.89241217 -0.44327159 2.63499292
v 0.51802027 -0.26364820 2.68187250
v 0.60521758 -0.41650359 2.77535821
v 0.48187648 -0.40655719 2.93154992
v 0.36336368 -0.37952129 2.76151483
v 0.63633349 -0.47277388 2.49244852
v 0.72751791 -0.52787860 2.66378626
v 0.79574881 -0.70106245 2.58593958
v 0.82377211 -0.55366420 2.43669977
v 0.51663020 -0.26690889 2.70535059
v 0.40194808 -0.19558130 2.84621515
v 0.50140361 -0.28543830 2.98804864
v 0.64132231 -0.21175300 2.85804834
v 0.64112586 -0.49418830 2.49762232
v 0.60407458 -0.66420638 2.41789286
v 0.67980360 -0.76131407 2.56442133
v 0.57341460 -0.61167189 2.64572351
v 0.74120062 -0.37522330 2.66327356
v 0.59878947 -0.49655120 2.81879968
v 0.78977301 -0.45070659 2.96237268
v 0.77169127 -0.21358190 2.86213342
v 0.76023390 -0.40228519 2.68820215
v 0.99376104 -0.31373420 2.70462793
v 1.03246831 -0.54858298 2.78204767
v 0.88019506 -0.60928187 2.57333368
v 0.77359442 -0.44608119 2.73432306
v 0.88839445 -0.65681319 2.63854914
v 0.85514311 -0.73574751 2.88231836
v 0.60491488 -0.63053557 2.84618615
v 0.78518789 -0.47040030 2.76539758
v 0.67390265 -0.45354320 2.97959466
v 0.90210401 -0.48813380 3.05223351
v 0.95582525 -0.31195949 2.87343438
v 0.80163435 -0.51145320 2.80770746
v 0.78124182 -0.40065768 3.03841943
v 1.00468404 -0.52279460 3.07121484
v 1.05790441 -0.42140719 2.82434015
v -0.28024770 -0.36851581 2.56762232
v -0.12089020 -0.40843978 2.65527857
v -0.20866329 -0.47833568 2.80388147
v -0.30553378 -0.54486918 2.64780786
v -0.42777450 -0.36813399 2.47430430
v -0.50837188 -0.26820588 2.32980860
v -0.60761298 -0.15373669 2.44984461
v -0.42266978 -0.17340799 2.53062159
v -0.39284728 -0.51735350 2.49596491
v -0.32453071 -0.69210112 2.42258951
v -0.50955588 -0.76276892 2.38571558
v -0.51032649 -0.56018408 2.32562159
v -0.28848369 -0.36180247 2.59326776
v -0.37796428 -0.50161380 2.67464594
v -0.46904830 -0.38912021 2.78964776
v -0.47150119 -0.30185319 2.61643030
v -0.45285190 -0.36843249 2.48337000
v -0.49996131 -0.45476558 2.65730432
v -0.68882910 -0.48978419 2.60226831
v -0.56968928 -0.53589568 2.43611582
v -0.41722758 -0.54114070 2.51151850
v -0.60444838 -0.47417468 2.54210062
v -0.63824328 -0.60201579 2.69371027
v -0.44225379 -0.52862258 2.72066248
v -0.29042560 -0.35111068 2.63149744
v -0.39534579 -0.18986719 2.67377252
v -0.29781490 -0.15654979 2.84161950
v -0.15562060 -0.21136049 2.70210443
v -0.48856021 -0.35899650 2.49041971
v -0.61644728 -0.51276080 2.48257624
v -0.77230612 -0.39611659 2.43607706
v -0.61025630 -0.32586990 2.32258982
v -0.44753779 -0.58179438 2.52592310
v -0.42179259 -0.66998900 2.69653528
v -0.51087447 -0.83202917 2.63859003
v -0.39378139 -0.77313040 2.48320841
v -0.29517679 -0.35008559 2.65672876
v -0.29515079 -0.49864180 2.78274255
v -0.40801608 -0.40461398 2.91068231
v -0.48673640 -0.36599860 2.72609583
v -0.50998481 -0.35186198 2.49972025
v -0.55313658 -0.17137289 2.57337763
v -0.71016119 -0.23822929 2.67699945
v -0.55873938 -0.38084518 2.70131860
v -0.47010688 -0.60458830 2.53504374
v -0.62245589 -0.69022841 2.43644892
v -0.69686789 -0.77608565 2.60184626
v -0.64004012 -0.58107268 2.65698023
v -0.29962280 -0.34121810 2.69220056
v -0.47372859 -0.34068938 2.78915338
v -0.40176417 -0.23470989 2.94180474
v -0.32367561 -0.14804470 2.76835382
v -0.54359778 -0.34620681 2.50760141
v -0.63281489 -0.39529300 2.68179682
v -0.81877989 -0.37183528 2.60709497
v -0.70677672 -0.47137271 2.45763697
v -0.30132680 -0.33792659 2.71565485
v -0.18032829 -0.26980129 2.85278924
v -0.30449010 -0.30973859 2.99796594
v -0.31105069 -0.47048999 2.87136255
v -0.56452201 -0.33982059 2.51305796
v -0.69637076 -0.22609870 2.43353586
v -0.81518599 -0.24169809 2.58280024
v -0.63107008 -0.22029489 2.66006677
v -0.50629237 -0.48180770 2.68058069
v -0.53958628 -0.29508159 2.83296960
v -0.58997370 -0.48111899 2.98145776
v -0.37620177 -0.58324748 2.87907007
v -0.53870650 -0.48467769 2.70621942
v -0.57509997 -0.73132345 2.72847955
v -0.79740301 -0.64877295 2.80861078
v -0.78015776 -0.49060038 2.59618097
v -0.58253638 -0.47398570 2.75300531
v -0.82435171 -0.47318568 2.66193872
v -0.87219526 -0.40057269 2.90526330
v -0.65895461 -0.23441129 2.86146692
v -0.60880427 -0.47157748 2.78456293
v -0.53555049 -0.37829009 2.99548455
v -0.67569281 -0.55897528 3.07466454
v -0.55170588 -0.69559965 2.89616510
v -0.65182158 -0.46499659 2.82760492
v -0.54063597 -0.49654910 3.05688714
v -0.75563605 -0.63114390 3.09672631
v -0.69800787 -0.73220930 2.85069085
v 0.41537551 0.10458620 2.32463816
v 0.25931470 0.18178060 2.39933314
v 0.34243980 0.21229679 2.56681971
v 0.47671950 0.26223890 2.42902293
v 0.57157710 0.06971610 2.24762492
v 0.64292960 -0.03857390 2.09977977
v 0.69083357 -0.18831619 2.21792598
v 0.50540290 -0.12292480 2.28039942
v 0.57542288 0.22307750 2.28318537
v 0.56736018 0.41872668 2.22257640
v 0.77133269 0.43754607 2.21495402
v 0.72523321 0.24524499 2.13057338
v 0.41788619 0.09356740 2.35052256
v 0.53132228 0.19718959 2.45903315
v 0.57257098 0.05212320 2.57143366
v 0.57568469 -0.01908620 2.38739603
v 0.59468970 0.06207200 2.25960719
v 0.63927958 0.11811949 2.44987726
v 0.83981207 0.10266760 2.42020869
v 0.76047270 0.19544139 2.24535777
v 0.60335909 0.23794359 2.30440074
v 0.76226149 0.11664469 2.34836497
v 0.80845610 0.21873739 2.51965311
v 0.59451487 0.20123060 2.51574549
v 0.41141959 0.07943560 2.38785471
v 0.46308368 -0.11097680 2.42299677
v 0.33557170 -0.12939550 2.57649591
v 0.23247299 -0.02376910 2.42681528
v 0.62573599 0.04208140 2.26961177
v 0.79289480 0.15568760 2.29455485
v 0.91874868 0.00144520 2.25165049
v 0.75851546 -0.01105720 2.11095485
v 0.64181876 0.26761440 2.32714366
v 0.61674189 0.34661281 2.50603708
v 0.75564558 0.48354350 2.47725886
v 0.64805731 0.47268458 2.30094737
v 0.41216479 0.07498240 2.41360545
v 0.43485919 0.20903760 2.55782343
v 0.50044059 0.07462220 2.68788446
v 0.59242457 0.02984310 2.50687647
v 0.64324080 0.02823310 2.28053034
v 0.62529147 -0.16581810 2.33788615
v 0.78112532 -0.15435549 2.46770228
v 0.66982207 0.02572320 2.49193293
v 0.66864035 0.28256709 2.34157603
v 0.85378157 0.33043479 2.27005870
v 0.92592932 0.37890929 2.45479700
v 0.80968802 0.20089990 2.48048319
v 0.40901660 0.06213740 2.44866984
v 0.56394068 0.00371130 2.56569971
v 0.44351569 -0.09145160 2.69818842
v 0.36872520 -0.13899080 2.50485346
v 0.67317091 0.01245130 2.29158244
v 0.74837462 0.02018530 2.48245386
v 0.93289930 -0.04968660 2.42574519
v 0.87271528 0.09162860 2.27482936
v 0.40643958 0.05649960 2.47202128
v 0.25101629 0.01349140 2.58787500
v 0.36172469 0.00472810 2.75248224
v 0.43000148 0.16973920 2.64525354
v 0.69094099 -0.00020650 2.29867365
v 0.79899901 -0.14198789 2.22023631
v 0.89728956 -0.17323499 2.38544398
v 0.70193076 -0.14774540 2.43959406
v 0.64950636 0.14067950 2.47718744
v 0.60911627 -0.06315420 2.61173151
v 0.68775198 0.09105840 2.78869714
v 0.52290797 0.26012960 2.67381189
v 0.67808348 0.13205940 2.50694880
v 0.77763655 0.35972110 2.56280268
v 0.95926527 0.20910020 2.65864099
v 0.92946150 0.07781250 2.42455241
v 0.71102125 0.10522120 2.55762278
v 0.95822149 0.04275480 2.49351572
v 0.95022428 -0.06179000 2.73460748
v 0.70423888 -0.15872420 2.64665674
v 0.73135527 0.09273520 2.59199976
v 0.60487769 0.00544920 2.78436182
v 0.77892592 0.13450700 2.90127893
v 0.72138106 0.31774389 2.72426294
v 0.76516081 0.07043960 2.63931207
v 0.63341898 0.11393369 2.86067651
v 0.87304335 0.17998489 2.94109307
v 0.87971472 0.31523559 2.69955682
v 0.05926830 -0.48274150 2.27072077
v 0.18034179 -0.37117660 2.36435069
v 0.19596450 -0.49251250 2.50893885
v 0.19941640 -0.60313620 2.34389109
v -0.02135670 -0.60487738 2.17017360
v -0.15299780 -0.61322760 2.02438533
v -0.30337680 -0.64449370 2.14711207
v -0.18622629 -0.49963187 2.23559504
v 0.12670310 -0.65553557 2.18739070
v 0.31333940 -0.68573462 2.10835139
v 0.27491039 -0.88130430 2.06072704
v 0.09842040 -0.77053015 2.00801921
v 0.04942460 -0.48768718 2.29671839
v 0.12363189 -0.64411376 2.37008662
v -0.02074580 -0.66910895 2.48793986
v -0.10003190 -0.61511088 2.31552805
v -0.03438800 -0.62720549 2.17838344
v 0.01757750 -0.72357146 2.34961710
v -0.05400230 -0.90243391 2.28486720
v 0.04723970 -0.81494658 2.11890391
v 0.13445329 -0.69015578 2.20124842
v -0.02321390 -0.81787481 2.22771769
v 0.07145400 -0.92366186 2.37509074
v 0.11325030 -0.71661681 2.41318201
v 0.03968960 -0.48576381 2.33590754
v -0.15530420 -0.49268939 2.38136912
v -0.12950510 -0.39987220 2.55702997
v -0.00801770 -0.29857419 2.41866648
v -0.06155640 -0.65341246 2.18453044
v 0.00287860 -0.84556059 2.16520518
v -0.18208240 -0.91541921 2.11667308
v -0.15775300 -0.73164702 2.01067729
v 0.15360099 -0.73883917 2.21301143
v 0.24611679 -0.77306257 2.38365458
v 0.33775317 -0.93333715 2.31463053
v 0.34723430 -0.79216238 2.16385447
v 0.03662430 -0.49071158 2.36138712
v 0.16693821 -0.57692088 2.48323832
v 0.02706130 -0.63130629 2.61261316
v -0.05112540 -0.66855231 2.42365778
v -0.07905820 -0.66862967 2.19342860
v -0.25718900 -0.61363699 2.27398036
v -0.28190389 -0.79071386 2.37029429
v -0.07717460 -0.73733038 2.39505640
v 0.16136840 -0.77100989 2.22044825
v 0.15248530 -0.94293669 2.11080821
v 0.18930490 -1.06217161 2.27231990
v 0.05184940 -0.91201345 2.33858210
v 0.02708740 -0.49177367 2.39760188
v -0.06514410 -0.64727576 2.48925043
v -0.11608989 -0.53693080 2.65146967
v -0.15175720 -0.41364448 2.48195978
v -0.10182339 -0.69509032 2.20034602
v -0.10460210 -0.80797590 2.37172739
v -0.22548660 -0.95203497 2.28952998
v -0.08161650 -0.90015051 2.13803828
v 0.02366700 -0.49278090 2.42149027
v 0.03147710 -0.35941520 2.56831476
v 0.00166670 -0.49601519 2.70923029
v 0.13535969 -0.58051417 2.57377222
v -0.11846559 -0.71006277 2.20532939
v -0.28852689 -0.75891546 2.12408214
v -0.33646621 -0.87813024 2.27036341
v -0.25533330 -0.71186545 2.35694193
v 0.03791310 -0.74475790 2.37189234
v -0.13920109 -0.68225310 2.53304331
v -0.00312510 -0.83326857 2.67419275
v 0.19812629 -0.69742049 2.57439386
v 0.02341870 -0.77571081 2.39653941
v 0.21758180 -0.94003279 2.40754908
v 0.02837630 -1.09247709 2.48360346
v -0.10225859 -0.98145170 2.27506663
v -0.00860930 -0.81045385 2.44277354
v -0.14002200 -1.01396597 2.34083003
v -0.22491720 -1.02995000 2.58905481
v -0.25514230 -0.75458647 2.55979914
v -0.02429420 -0.83360457 2.47389017
v -0.06273230 -0.73212851 2.69481378
v 0.01968250 -0.95402807 2.76227533
v 0.20162300 -0.90998442 2.58023340
v -0.05238600 -0.86963407 2.51618464
v 0.03771100 -0.80302542 2.75209680
v 0.03963580 -1.06284246 2.77856683
v 0.15433639 -1.05344106 2.52680048
v -0.29238189 0.20799680 2.20756907
v -0.26008079 0.04147110 2.29382578
v -0.35613021 0.09228890 2.45005152
v -0.46437350 0.15710339 2.29529505
v -0.35687068 0.34709708 2.11635310
v -0.30261720 0.46586219 1.96811824
v -0.23251750 0.60451438 2.09011714
v -0.17095060 0.42263358 2.16804896
v -0.48074477 0.25209220 2.14185176
v -0.61816199 0.11657970 2.07011668
v -0.76237745 0.26033929 2.03965389
v -0.57598048 0.34619949 1.97240413
v -0.28856929 0.21813209 2.23379100
v -0.45310229 0.24234569 2.32345133
v -0.38164668 0.37263030 2.44014078
v -0.30781949 0.41358169 2.26077571
v -0.36722690 0.37025489 2.12631526
v -0.46075210 0.37593799 2.30776164
v -0.57399558 0.53836909 2.25781947
v -0.57380191 0.41022269 2.08618068
v -0.51247840 0.26473409 2.15910472
v -0.52664798 0.46692691 2.19357859
v -0.65420989 0.44320620 2.35306681
v -0.50327140 0.29048229 2.37301432
v -0.27795240 0.22388000 2.27257380
v -0.16952390 0.38835158 2.31395808
v -0.09154770 0.30893489 2.48168696
v -0.08887920 0.15529230 2.33686579
v -0.37299579 0.40741340 2.13423060
v -0.56988879 0.46286509 2.13424922
v -0.52760188 0.65750739 2.08768993
v -0.39902671 0.53704188 1.96525340
v -0.56245490 0.27590459 2.17584010
v -0.62756697 0.21286399 2.35192698
v -0.81795347 0.22932989 2.29994593
v -0.72023588 0.14666230 2.13630336
v -0.27801399 0.22840080 2.29844187
v -0.41181701 0.16483760 2.43145533
v -0.36614970 0.30758930 2.56249811
v -0.36983581 0.39961978 2.37505854
v -0.37489059 0.43025310 2.14411479
v -0.22164890 0.54466609 2.21527369
v -0.34534671 0.66198622 2.32739756
v -0.41454799 0.46097220 2.35218623
v -0.59275309 0.28735639 2.18644450
v -0.73969748 0.39521911 2.09248164
v -0.84444860 0.42669669 2.26595362
v -0.63681120 0.45409671 2.31499766
v -0.27024429 0.23576330 2.33453089
v -0.33842830 0.39716548 2.43835474
v -0.20386499 0.37206180 2.58915644
v -0.09713750 0.33759818 2.40733775
v -0.38328448 0.46387130 2.15293101
v -0.45955020 0.52435420 2.33472682
v -0.51777919 0.70868292 2.26291743
v -0.56976058 0.56473288 2.11008143
v -0.26699249 0.23840770 2.35843409
v -0.14795519 0.15199299 2.49313349
v -0.23130750 0.24928850 2.64599573
v -0.38880160 0.19020109 2.52157541
v -0.38581531 0.48598430 2.15889766
v -0.33752868 0.65744742 2.07803401
v -0.39579890 0.75982931 2.23421595
v -0.29638969 0.59586608 2.30738856
v -0.48772879 0.37027599 2.33249522
v -0.32158698 0.47702388 2.48359827
v -0.51045558 0.44460498 2.64205194
v -0.52077788 0.20396320 2.53453974
v -0.50290458 0.39898707 2.35966059
v -0.74728552 0.32997951 2.39058909
v -0.75961699 0.57073397 2.47618189
v -0.61294100 0.62334628 2.25416102
v -0.50937049 0.44371268 2.40834315
v -0.61256728 0.67095412 2.32203150
v -0.55548320 0.74255255 2.56972559
v -0.31351218 0.61329939 2.51424372
v -0.51684359 0.46880507 2.44122828
v -0.39137618 0.43642909 2.65187006
v -0.61517809 0.49093909 2.74188165
v -0.69787939 0.32075710 2.56013849
v -0.52694918 0.51111190 2.48618494
v -0.50148780 0.39111930 2.71816156
v -0.71489065 0.53520900 2.76873224
v -0.79455565 0.44267108 2.51882776
v 0.33803638 -0.36687690 1.86258159
v 0.35207450 -0.19688510 1.95672695
v 0.44396647 -0.27689069 2.10875575
v 0.52631800 -0.36176158 1.94201824
v 0.36239570 -0.51730258 1.76188854
v 0.27064300 -0.61629050 1.61127835
v 0.17407480 -0.74160498 1.73726009
v 0.16237909 -0.54888209 1.82519603
v 0.51017699 -0.45419619 1.78198162
v 0.67568739 -0.35040218 1.70281872
v 0.78153807 -0.52729769 1.65880245
v 0.57154788 -0.56441897 1.60041012
v 0.33329047 -0.37702689 1.88937801
v 0.49577868 -0.44477481 1.96951930
v 0.39961680 -0.56124060 2.09036418
v 0.30580190 -0.57693839 1.91107814
v 0.36754489 -0.54322489 1.77083599
v 0.46952968 -0.57875098 1.94985149
v 0.53891658 -0.76586882 1.88754680
v 0.56026419 -0.63188548 1.71525997
v 0.53954940 -0.47518050 1.79721065
v 0.50579718 -0.68083792 1.82673732
v 0.64750670 -0.69462706 1.98176738
v 0.53658160 -0.50677619 2.01569789
v 0.32361068 -0.38164008 1.92955623
v 0.17794469 -0.52011699 1.97512477
v 0.12997400 -0.42864150 2.15345592
v 0.15671799 -0.26976119 2.00932216
v 0.36457378 -0.58185507 1.77766674
v 0.54622161 -0.68508185 1.76337856
v 0.45358790 -0.86630331 1.71404568
v 0.34857040 -0.71046202 1.60031246
v 0.58735060 -0.49914347 1.81074062
v 0.67777159 -0.45924449 1.98777248
v 0.85953131 -0.52014209 1.92171825
v 0.77339949 -0.40780189 1.76297207
v 0.32407058 -0.38714599 1.95586727
v 0.48024089 -0.36185779 2.08437999
v 0.40742770 -0.49756869 2.21789042
v 0.37744399 -0.58264887 2.02403621
v 0.36140330 -0.60538970 1.78710079
v 0.18536079 -0.68433127 1.86721630
v 0.28571229 -0.83545675 1.97081188
v 0.40534080 -0.65364470 1.99628063
v 0.61520358 -0.51833758 1.81930172
v 0.72889265 -0.65778525 1.71109035
v 0.83519072 -0.72137236 1.88061382
v 0.62533778 -0.69972021 1.94377788
v 0.31665979 -0.39395518 1.99306819
v 0.35059520 -0.57497828 2.09081813
v 0.23211839 -0.52296839 2.25432383
v 0.12410760 -0.45560901 2.07647426
v 0.36196120 -0.64117896 1.79476147
v 0.43334189 -0.72693716 1.97398708
v 0.44148128 -0.92151296 1.89246700
v 0.51957888 -0.78531309 1.73631039
v 0.31418050 -0.39671107 2.01763515
v 0.22527120 -0.28696790 2.16510707
v 0.29291839 -0.40991038 2.31344904
v 0.45643081 -0.38491031 2.17735179
v 0.35937148 -0.66399565 1.80016948
v 0.26449199 -0.81939772 1.71673901
v 0.30619920 -0.94138899 1.87000774
v 0.25227149 -0.75702872 1.95516155
v 0.49913150 -0.58067809 1.97346492
v 0.31685680 -0.65194106 2.13626597
v 0.52146319 -0.67203902 2.28639598
v 0.58471377 -0.43135100 2.18155299
v 0.50869899 -0.61396040 1.99953471
v 0.76993017 -0.60635409 2.01660350
v 0.72784170 -0.85184515 2.09755809
v 0.55639517 -0.85966688 1.87924221
v 0.50693877 -0.66185362 2.04778072
v 0.54826209 -0.90949339 1.94747035
v 0.48847930 -0.97623716 2.20255168
v 0.27705798 -0.78652899 2.16489985
v 0.51009188 -0.68987891 2.08028636
v 0.40592948 -0.63518199 2.30448145
v 0.61976519 -0.74753088 2.38035548
v 0.73310927 -0.59166617 2.19326014
v 0.51232028 -0.73611548 2.12454326
v 0.53019858 -0.61965518 2.36598170
v 0.70933821 -0.81692686 2.40015452
v 0.79655111 -0.73481695 2.14181560
v -0.36500110 -0.13087800 1.88792781
v -0.23265850 -0.23700899 1.98299846
v -0.35182868 -0.26995210 2.13309871
v -0.46580119 -0.29059989 1.96512508
v -0.50222358 -0.06743970 1.78603542
v -0.53190207 0.06432530 1.63601574
v -0.58424189 0.21319030 1.76190670
v -0.41870788 0.11591320 1.85123943
v -0.53170649 -0.22524709 1.80489361
v -0.53593898 -0.41975848 1.72479229
v -0.74090460 -0.40971160 1.67835018
v -0.65496687 -0.21436630 1.62216244
v -0.37114688 -0.12146400 1.91465007
v -0.51825358 -0.21947559 1.99229823
v -0.56339999 -0.07581290 2.11312358
v -0.52236258 0.01177520 1.93512783
v -0.52672389 -0.05743660 1.79471432
v -0.61484328 -0.12349729 1.97196636
v -0.80792357 -0.07739920 1.90760616
v -0.70622900 -0.16829839 1.73641308
v -0.56556948 -0.23813819 1.81960537
v -0.71819578 -0.09655820 1.84792232
v -0.80990782 -0.20752309 2.00094966
v -0.59290698 -0.21935539 2.03746471
v -0.37013087 -0.11108050 1.95482463
v -0.40527190 0.08628730 2.00091472
v -0.30495729 0.07465030 2.18012065
v -0.18590499 -0.03464440 2.03715068
v -0.55727080 -0.03364920 1.80127743
v -0.74327635 -0.12747470 1.78419964
v -0.84206991 0.04994690 1.73465679
v -0.65309790 0.05167610 1.62349087
v -0.61207190 -0.26468940 1.83239147
v -0.63109290 -0.36282317 2.00835613
v -0.78133742 -0.47986869 1.93992748
v -0.63839549 -0.46955138 1.78329891
v -0.37528838 -0.10855750 1.98103832
v -0.44218688 -0.25300210 2.10772807
v -0.51638930 -0.11817210 2.24078791
v -0.56811099 -0.04520250 2.04701564
v -0.57519457 -0.01805430 1.81055324
v -0.54449950 0.17146709 1.89190914
v -0.72684698 0.17106220 1.99304515
v -0.64218558 -0.02899530 2.01847041
v -0.64352377 -0.27727208 1.84047878
v -0.82090208 -0.29410270 1.73015728
v -0.93460745 -0.34818610 1.89767788
v -0.80141478 -0.18608350 1.96324611
v -0.37731448 -0.09883010 2.01819957
v -0.54772837 -0.02748070 2.11402720
v -0.44105880 0.04137230 2.27893763
v -0.32316798 0.09483790 2.10315440
v -0.60534159 0.00122570 1.81792598
v -0.71829451 -0.01163410 1.99535838
v -0.88348249 0.08958890 1.91245555
v -0.81151228 -0.04978400 1.75673763
v -0.37854018 -0.09537550 2.04272594
v -0.24003330 -0.08292539 2.19173076
v -0.38144080 -0.07196490 2.33810465
v -0.44934260 -0.22096000 2.20061534
v -0.62293978 0.01596220 1.82318279
v -0.69860960 0.18115720 1.73982662
v -0.82495108 0.21312400 1.89141704
v -0.64299101 0.15558250 1.97838695
v -0.63309950 -0.14715749 1.99518550
v -0.59360808 0.04286370 2.15919322
v -0.72526419 -0.11686010 2.30657389
v -0.55889128 -0.30192340 2.20301585
v -0.66637137 -0.13684809 2.02084850
v -0.80464392 -0.35824569 2.03499553
v -0.98640775 -0.18798900 2.11443736
v -0.89543226 -0.04003140 1.89842159
v -0.70580145 -0.10916420 2.06866344
v -0.93319540 -0.00608780 1.96623729
v -0.95879751 0.07914940 2.22099788
v -0.68381812 0.15018699 2.18721690
v -0.73123961 -0.09646360 2.10086131
v -0.63100420 -0.04131200 2.32620158
v -0.84350348 -0.15731990 2.39867945
v -0.77428595 -0.33669330 2.21183223
v -0.77144751 -0.07298960 2.14466212
v -0.68754881 -0.15349570 2.38629633
v -0.95092878 -0.19350530 2.41691264
v -0.92767660 -0.31001600 2.15870585
v -0.05385980 0.42275779 1.82317196
v -0.12894809 0.28476549 1.93686168
v -0.22570199 0.41276359 2.04576884
v -0.24835550 0.47441600 1.85319561
v -0.01856290 0.54878810 1.69699230
v 0.12305480 0.59096087 1.56029171
v 0.22043190 0.71695235 1.68343761
v 0.16506820 0.55067389 1.80125255
v -0.17770050 0.52412360 1.68999599
v -0.34393161 0.44308089 1.59089627
v -0.39002788 0.62350977 1.49424176
v -0.17121309 0.60223910 1.48436032
v -0.05219410 0.43719501 1.84816326
v -0.20411279 0.55275347 1.87335384
v -0.10832720 0.66932211 1.99295528
v 0.01991000 0.62583159 1.84304607
v -0.01864700 0.57639540 1.70001583
v -0.14156459 0.67013647 1.83932766
v -0.14707630 0.84869215 1.73259640
v -0.16654010 0.68874602 1.58534756
v -0.20310079 0.55346408 1.69383419
v -0.12521419 0.74793768 1.69676418
v -0.28622739 0.82416182 1.80703518
v -0.23610269 0.63009608 1.89713176
v -0.04996530 0.44824359 1.88799022
v 0.11308699 0.55907080 1.94463069
v 0.09937420 0.50084109 2.14084025
v 0.06288890 0.32449020 2.02307613
v -0.00744650 0.61390639 1.70095852
v -0.14950499 0.74669905 1.62589581
v -0.00655380 0.88862669 1.57231869
v 0.07570000 0.69421751 1.51537945
v -0.24475900 0.58911208 1.69103863
v -0.37547088 0.60844328 1.84357570
v -0.51796778 0.68989516 1.72615734
v -0.43347060 0.53096690 1.61470547
v -0.05427870 0.45925658 1.91199428
v -0.23347810 0.49568560 1.99985332
v -0.15734709 0.63813170 2.12262126
v -0.06874090 0.67065291 1.93187465
v -0.00039860 0.63761580 1.70687984
v 0.16927150 0.69308409 1.81351803
v 0.09224990 0.87985098 1.86273494
v -0.07148570 0.73783781 1.88707958
v -0.26784500 0.61499369 1.68920284
v -0.31792930 0.74763861 1.53568234
v -0.43590709 0.86685225 1.66034603
v -0.25645120 0.81614462 1.77554653
v -0.05303410 0.47221858 1.94807552
v -0.05878560 0.67221625 2.00321437
v 0.00684310 0.63349970 2.19625941
v 0.12714820 0.50854739 2.06471538
v 0.00659420 0.67334792 1.70820507
v -0.07484240 0.80840475 1.84707790
v -0.01694750 0.97708685 1.73593609
v -0.09363910 0.83038038 1.59041882
v -0.05492610 0.47963088 1.97159206
v -0.02852870 0.38884090 2.15150844
v -0.09085390 0.55171778 2.25589335
v -0.22386089 0.53270140 2.09034679
v 0.01372060 0.69562636 1.71027294
v 0.15908900 0.80520918 1.62903240
v 0.11996000 0.96283125 1.74463772
v 0.10703399 0.79506506 1.86883861
v -0.17368179 0.68325682 1.85417934
v -0.01665780 0.74802840 2.04220470
v -0.23431499 0.84231482 2.13131633
v -0.33374290 0.60446810 2.05522548
v -0.17949600 0.72247511 1.87119625
v -0.43080989 0.77351172 1.82438610
v -0.34530479 1.01516744 1.87177944
v -0.13814170 0.93954481 1.70514767
v -0.17539270 0.77798910 1.90970607
v -0.13155380 0.99988538 1.76390743
v -0.10950310 1.10591848 2.01025615
v 0.04912270 0.87361265 2.05733104
v -0.17778690 0.81227209 1.93527431
v -0.13847970 0.78712591 2.18292933
v -0.32660800 0.95480505 2.18417659
v -0.43526111 0.79010725 2.00377315
v -0.17705879 0.86618391 1.96927989
v -0.27174178 0.81165495 2.21334407
v -0.39736129 1.04364217 2.16967448
v -0.44847369 0.92805342 1.91597881
v -0.02300970 -0.41944930 1.45666821
v 0.10270010 -0.29958040 1.55748974
v 0.12350350 -0.43052711 1.70834316
v 0.12936450 -0.54448550 1.53118740
v -0.10558349 -0.54924060 1.34810117
v -0.24570690 -0.55901049 1.19404378
v -0.40353698 -0.59878619 1.32431729
v -0.28295640 -0.44363891 1.42034985
v 0.05289080 -0.59906180 1.36461453
v 0.25113759 -0.62424498 1.27927815
v 0.21566589 -0.83168928 1.22517659
v 0.02515600 -0.71827620 1.17235029
v -0.03315830 -0.42547259 1.48418530
v 0.05033800 -0.59057250 1.55854901
v -0.10133540 -0.62343718 1.68374783
v -0.18787460 -0.56512690 1.50240979
v -0.11871930 -0.57343341 1.35643720
v -0.05994870 -0.67739951 1.53584149
v -0.13112920 -0.86774687 1.46407696
v -0.02721740 -0.76894507 1.28930722
v 0.06216300 -0.63580168 1.37859387
v -0.10120530 -0.77614958 1.40497494
v 0.00296280 -0.88842771 1.55868069
v 0.04162580 -0.66854132 1.60288143
v -0.04331190 -0.42446719 1.52582119
v -0.24955650 -0.43821910 1.57487881
v -0.22384780 -0.34250777 1.76279140
v -0.09871139 -0.22902719 1.61744869
v -0.14674249 -0.60209899 1.36258267
v -0.07311500 -0.80354437 1.33802670
v -0.26747270 -0.88189535 1.28615567
v -0.24747539 -0.68438712 1.17723035
v 0.08390250 -0.68708212 1.39001996
v 0.18389619 -0.72402426 1.56980069
v 0.28517719 -0.88995710 1.49303479
v 0.29038829 -0.73715201 1.33587872
v -0.04627820 -0.43029017 1.55275402
v 0.09497820 -0.52031447 1.67960064
v -0.05102840 -0.58442309 1.81642147
v -0.13391480 -0.62246768 1.61576092
v -0.16481409 -0.61889540 1.37180981
v -0.35473769 -0.56722228 1.45918988
v -0.37538718 -0.75745825 1.55798321
v -0.15974270 -0.69554839 1.58423184
v 0.09308780 -0.72110136 1.39723920
v 0.08791819 -0.90145201 1.27769795
v 0.13122619 -1.02989751 1.44642621
v -0.01835270 -0.87593351 1.52030056
v -0.05615400 -0.43238608 1.59117749
v -0.14900830 -0.60158259 1.68578869
v -0.20522119 -0.48921248 1.86018367
v -0.24746719 -0.35628589 1.68304623
v -0.18815849 -0.64771887 1.37874509
v -0.18694919 -0.77074957 1.55826306
v -0.31147550 -0.92527311 1.46892956
v -0.16128940 -0.86327452 1.30859250
v -0.05961710 -0.43401198 1.61650189
v -0.05428570 -0.29527929 1.77472423
v -0.08123080 -0.44362208 1.92161830
v 0.06211450 -0.52676768 1.77567867
v -0.20534790 -0.66415602 1.38382199
v -0.38468921 -0.71918921 1.29759854
v -0.43131289 -0.84972471 1.45061261
v -0.34952689 -0.67287932 1.54522580
v -0.03766840 -0.69970702 1.55894207
v -0.22627439 -0.64160048 1.73191509
v -0.07696900 -0.80051848 1.87793316
v 0.13195759 -0.64890135 1.77374294
v -0.05201900 -0.73339979 1.58454464
v 0.15850520 -0.90225851 1.59203030
v -0.03731670 -1.07066457 1.67066204
v -0.18010170 -0.95267401 1.45239468
v -0.08472680 -0.77202406 1.63304989
v -0.21884260 -0.98947599 1.52167767
v -0.30698690 -1.01362051 1.78497173
v -0.34697730 -0.72206976 1.75946514
v -0.10052350 -0.79760641 1.66566952
v -0.14289790 -0.69541525 1.90206752
v -0.04888310 -0.92955915 1.96885341
v 0.14170829 -0.87420011 1.77577984
v -0.12904480 -0.83740629 1.70995266
v -0.03410030 -0.76881102 1.96090816
v -0.02456350 -1.04463438 1.98390666
v 0.09534099 -1.02655218 1.71657772
v -0.35483939 0.09146670 1.43534955
v -0.25117889 -0.04179910 1.54328244
v -0.39638068 -0.05974090 1.68021084
v -0.49287440 -0.05610020 1.49344723
v -0.46956008 0.18240400 1.31761731
v -0.45827067 0.32600478 1.16755338
v -0.50297641 0.48217231 1.29748044
v -0.36362628 0.35244609 1.40410977
v -0.52773139 0.02650400 1.32501309
v -0.55357619 -0.16786640 1.23250516
v -0.75265036 -0.12140670 1.16027906
v -0.62648417 0.06421380 1.12367071
v -0.36297168 0.10123560 1.46238400
v -0.53762587 0.02420650 1.51844555
v -0.57527068 0.17402660 1.64381436
v -0.49626540 0.26162090 1.47159115
v -0.49376159 0.19645320 1.32398190
v -0.61662558 0.13874489 1.49075665
v -0.79544180 0.22037269 1.40357159
v -0.68550322 0.11613340 1.23647557
v -0.56593199 0.01869580 1.33519147
v -0.70029745 0.18754779 1.35266888
v -0.83101965 0.08559160 1.49190732
v -0.61880438 0.03558610 1.55538342
v -0.36547218 0.11035169 1.50409741
v -0.37444770 0.31537509 1.55714566
v -0.29850919 0.28090309 1.75201580
v -0.17776369 0.15414429 1.61493725
v -0.52151908 0.22559869 1.32815762
v -0.72238570 0.16239650 1.28285504
v -0.78639967 0.36096198 1.22929860
v -0.58098868 0.33412280 1.13913678
v -0.61888117 -0.00078340 1.34112988
v -0.67714590 -0.10276490 1.51344555
v -0.83906668 -0.19401660 1.41888043
v -0.67275572 -0.20289100 1.27703679
v -0.37367530 0.11296830 1.53037472
v -0.48144297 -0.02638600 1.64402065
v -0.55144839 0.11901020 1.77784176
v -0.56637278 0.20799610 1.57728726
v -0.53824340 0.24419330 1.33623608
v -0.48668658 0.42896258 1.43303265
v -0.68389006 0.45633700 1.51383374
v -0.63471659 0.23793149 1.53982464
v -0.65373572 -0.00848000 1.34485394
v -0.82107908 0.00799510 1.20936650
v -0.96651655 -0.03289710 1.36366437
v -0.81401091 0.10711220 1.45555264
v -0.37896011 0.12202880 1.56859967
v -0.55162410 0.22043760 1.64919323
v -0.45416549 0.26710369 1.83444072
v -0.30353120 0.30691669 1.67218456
v -0.56644469 0.26866639 1.34105328
v -0.70562987 0.26921430 1.50772198
v -0.84481932 0.40268859 1.40791043
v -0.77486151 0.25376680 1.25042790
v -0.38282359 0.12497740 1.59368740
v -0.26045610 0.10943829 1.76367138
v -0.42038108 0.13998959 1.89633815
v -0.49549079 0.00446690 1.73971157
v -0.58245810 0.28645980 1.34502057
v -0.62075087 0.46973918 1.25913350
v -0.76269880 0.51890887 1.40008496
v -0.59993060 0.42683478 1.50840069
v -0.64196188 0.11708009 1.51099209
v -0.59221739 0.29827209 1.69334576
v -0.77052580 0.15374079 1.81934078
v -0.61964530 -0.05925970 1.72441830
v -0.67717528 0.13239720 1.53364270
v -0.85494955 -0.06948640 1.51947903
v -1.02065191 0.13184149 1.58708996
v -0.87637831 0.27347839 1.38533520
v -0.71862776 0.16571529 1.57907208
v -0.91772459 0.31224559 1.45173184
v -0.96271742 0.39519389 1.71330639
v -0.66921408 0.42173610 1.71644100
v -0.74639555 0.18192649 1.60949108
v -0.66555579 0.21387079 1.85497066
v -0.90846929 0.12982340 1.89673900
v -0.84381575 -0.05829100 1.70502453
v -0.78880255 0.21122600 1.65050366
v -0.74889265 0.10762040 1.90353740
v -1.02517538 0.11072900 1.90022014
v -0.98725095 -0.00348270 1.63320309
v 0.19324359 0.34043140 1.32804608
v 0.03518410 0.27417539 1.43420270
v 0.05848480 0.41473899 1.57682431
v 0.08944870 0.51320918 1.39220013
v 0.31354509 0.42960139 1.21273984
v 0.44931518 0.38341621 1.06033811
v 0.61252719 0.37823989 1.19121206
v 0.44784789 0.27658000 1.29484891
v 0.17931390 0.52934909 1.22334005
v -0.00101020 0.61210360 1.13272664
v 0.09998870 0.79366606 1.06631795
v 0.24384439 0.62091399 1.02386037
v 0.20492399 0.34461620 1.35541959
v 0.17956760 0.53297580 1.41817593
v 0.33466941 0.52292331 1.54428311
v 0.39732688 0.42787238 1.36780820
v 0.33391368 0.44879680 1.21982778
v 0.31247129 0.57796660 1.39203595
v 0.44176391 0.73059096 1.30963666
v 0.31041709 0.65945410 1.13882078
v 0.18250270 0.56807589 1.23489957
v 0.38337230 0.64970465 1.25557157
v 0.32144531 0.79983961 1.40070492
v 0.21333850 0.60688578 1.45790936
v 0.21436569 0.34304931 1.39737149
v 0.41483909 0.29225320 1.44937527
v 0.35986488 0.22202110 1.64307507
v 0.20367769 0.14576530 1.50226284
v 0.36986800 0.46725390 1.22471219
v 0.36540481 0.68047232 1.18630620
v 0.57529639 0.68824461 1.13299230
v 0.49172721 0.50056338 1.03575895
v 0.17857469 0.62446650 1.24277616
v 0.09618530 0.70353842 1.41877209
v 0.05375100 0.88872251 1.32976956
v -0.00138250 0.73548971 1.18172139
v 0.21915880 0.34933971 1.42404294
v 0.11469189 0.48870238 1.54298306
v 0.27461130 0.51084571 1.67869412
v 0.36508430 0.50704039 1.47682736
v 0.39252090 0.47789489 1.23323987
v 0.55633078 0.37287391 1.32739026
v 0.63812289 0.55279990 1.41493588
v 0.41328708 0.56586947 1.44118146
v 0.18094060 0.66015097 1.24773427
v 0.24415159 0.82166411 1.11690664
v 0.24532260 0.96831938 1.27718396
v 0.33750529 0.77860296 1.36341748
v 0.22933580 0.35059459 1.46257962
v 0.37283679 0.48686129 1.54854016
v 0.39019549 0.37336360 1.73120754
v 0.38653270 0.22226509 1.56276608
v 0.42408610 0.49807250 1.23882115
v 0.46350570 0.62661849 1.41099896
v 0.63174910 0.72683722 1.31418103
v 0.46847560 0.70653487 1.15470861
v 0.23323039 0.35264278 1.48790890
v 0.18352140 0.23311189 1.65490078
v 0.25781099 0.37439548 1.79333828
v 0.14829139 0.49033580 1.63941647
v 0.44577159 0.50839217 1.24319791
v 0.63371378 0.49673190 1.15664754
v 0.72091582 0.61514430 1.30267240
v 0.58601428 0.48023139 1.40693188
v 0.29864070 0.60783057 1.41339230
v 0.45936728 0.50265860 1.59365719
v 0.36972579 0.71115347 1.72738735
v 0.12169130 0.62862879 1.62865170
v 0.32330581 0.63674647 1.43720929
v 0.17834240 0.86561598 1.43045270
v 0.41931609 0.96665930 1.50231015
v 0.51585879 0.79440695 1.29355405
v 0.36707729 0.66584860 1.48399273
v 0.56483000 0.82116247 1.36137235
v 0.65718817 0.83238249 1.62520596
v 0.60024729 0.54148070 1.61844189
v 0.39049911 0.68706175 1.51536740
v 0.39821670 0.59170119 1.75926296
v 0.38530818 0.84841337 1.80996044
v 0.18572570 0.84541655 1.61655621
v 0.43066447 0.71836592 1.55777325
v 0.31895650 0.70038039 1.81169643
v 0.39969298 0.96632627 1.81747143
v 0.27913459 0.97090666 1.54864819
v 0.41380691 -0.06237070 1.39099927
v 0.27029020 0.03063440 1.49616559
v 0.39833018 0.08928489 1.63924893
v 0.49800689 0.11939840 1.45613644
v 0.55521598 -0.11140939 1.27687863
v 0.59384089 -0.24858280 1.12481428
v 0.67980055 -0.38661189 1.25516316
v 0.50340308 -0.30788940 1.35755444
v 0.56253470 0.05492870 1.28812955
v 0.53076300 0.25020059 1.19844617
v 0.73730345 0.26844329 1.13370084
v 0.67533781 0.05355820 1.09018430
v 0.42360148 -0.06977720 1.41829419
v 0.56442790 0.05598690 1.48218319
v 0.64187056 -0.07805440 1.60774594
v 0.59954840 -0.18208719 1.43131894
v 0.58236937 -0.11752940 1.28408643
v 0.67585822 -0.02844210 1.45653363
v 0.87441671 -0.04962220 1.37565900
v 0.74354086 0.01969920 1.20497716
v 0.59618498 0.07386020 1.29993054
v 0.77546065 -0.04637390 1.32119489
v 0.86382765 0.08791090 1.46682156
v 0.64398322 0.06921170 1.52231366
v 0.42730998 -0.07860260 1.46006344
v 0.49693110 -0.27251550 1.51154339
v 0.40709308 -0.26710340 1.70389568
v 0.25794450 -0.18026350 1.56304608
v 0.61762347 -0.13690940 1.28910062
v 0.79125609 -0.01411770 1.25244084
v 0.91511381 -0.18271379 1.19948056
v 0.71429205 -0.21811340 1.10122449
v 0.64045805 0.10853170 1.30819272
v 0.65859419 0.21992849 1.48401745
v 0.78823836 0.35859729 1.39674863
v 0.63202178 0.31915849 1.24815579
v 0.43500319 -0.07915030 1.48667264
v 0.49091639 0.08431720 1.60611889
v 0.59754408 -0.03577220 1.74148693
v 0.64616835 -0.11174340 1.54046292
v 0.63898558 -0.14969189 1.29768002
v 0.64315329 -0.34377769 1.39071545
v 0.83664785 -0.31120189 1.47926556
v 0.72181631 -0.11854500 1.50542019
v 0.67118208 0.12647050 1.31339673
v 0.84051100 0.16494800 1.18433866
v 0.96111646 0.24518339 1.34504117
v 0.85550817 0.06295920 1.42953671
v 0.44147128 -0.08699460 1.52506207
v 0.63339259 -0.12967510 1.61173016
v 0.54829367 -0.20802660 1.79279918
v 0.42268458 -0.28865390 1.62393170
v 0.67320532 -0.16449381 1.30339948
v 0.80013762 -0.12595959 1.47583325
v 0.97729200 -0.20845270 1.38022336
v 0.87046308 -0.08447710 1.22120504
v 0.44517261 -0.08916290 1.55030239
v 0.31777690 -0.11549570 1.71569271
v 0.47488639 -0.09848779 1.85463283
v 0.51039668 0.05713830 1.70217556
v 0.69378905 -0.17664150 1.30784238
v 0.78958265 -0.33784450 1.22163221
v 0.93498251 -0.34427859 1.36796231
v 0.74776518 -0.30867450 1.47073636
v 0.69263945 -0.00045420 1.47801861
v 0.69441466 -0.19241519 1.65680752
v 0.81553145 -0.00266360 1.79150280
v 0.60969828 0.15628009 1.69247570
v 0.73010176 -0.00476000 1.50196057
v 0.83805250 0.24253959 1.49688519
v 1.05539281 0.09985659 1.56928112
v 0.96850012 -0.07507590 1.36014432
v 0.77823195 -0.02481140 1.54878170
v 1.01746137 -0.10080750 1.42789731
v 1.07656805 -0.17175760 1.69075008
v 0.80488318 -0.28706329 1.68182797
v 0.80859831 -0.03241830 1.58019177
v 0.73269125 -0.09293530 1.82236629
v 0.93692221 0.06074340 1.87476009
v 0.82432562 0.22445709 1.68206707
v 0.85656050 -0.04824970 1.62266888
v 0.77778197 0.03287840 1.87536312
v 1.04216360 0.11463520 1.88312267
v 0.98038801 0.21768220 1.61540859
v 0.03361890 -0.08550420 0.08522050
v 0.01647490 -0.12513960 -0.00000000
v 0.05826050 -0.08030750 0.08444130
v 0.00000000 -0.11987680 -0.00000000
v 0.03296300 -0.12301940 -0.00000000
v 0.04641900 -0.11206549 -0.00000000
v 0.07062640 -0.05577700 0.08376550
v 0.05520140 -0.09561169 -0.00000000
v 0.06115820 -0.07970290 -0.00000000
v 0.07312950 -0.03122790 0.08337430
v 0.06808390 -0.06808390 -0.00000000
v 0.07816140 -0.05997540 -0.00000000
v 0.10395819 -0.02394390 0.08238930
v 0.09057669 -0.05229450 -0.00000000
v 0.10300640 -0.04266660 -0.00000000
v 0.12081040 -0.00162760 0.08161259
v 0.11348250 -0.03040750 -0.00000000
v 0.12102689 -0.01593350 -0.00000000
v 0.12067380 0.02552780 0.08126380
v 0.12532990 0.00000000 0.00000000
v 0.12621580 0.01661660 0.00000000
v 0.11242770 0.05147520 0.08116480
v 0.12329010 0.03303550 0.00000000
v 0.11594750 0.04802700 0.00000000
v 0.08538770 0.06409110 0.08178180
v 0.10392210 0.05999950 0.00000000
v 0.08830380 0.06775800 0.00000000
v 0.06057800 0.06840530 0.08244230
v 0.07207920 0.07207920 0.00000000
v 0.05873750 0.07654820 0.00000000
v 0.04716890 0.08726050 0.08258460
v 0.04930650 0.08540129 0.00000000
v 0.04114960 0.09934399 0.00000000
v 0.02754820 0.11188289 0.08283130
v 0.03060420 0.11421630 0.00000000
v 0.01639800 0.12455490 0.00000000
v 0.00045660 0.11037989 0.08363320
v 0.00000000 0.12774220 0.00000000
v -0.01640150 0.12458150 0.00000000
v -0.02153870 0.09397589 0.08448160
v -0.03142130 0.11726570 0.00000000
v -0.04457130 0.10760480 0.00000000
v -0.03336380 0.06995030 0.08513530
v -0.05575050 0.09656270 0.00000000
v -0.06490610 0.08458720 0.00000000
v -0.04057580 0.04961030 0.08560779
v -0.07207920 0.07207920 0.00000000
v -0.07776630 0.05967220 0.00000000
v -0.05701960 0.03596340 0.08626000
v -0.08335200 0.04812330 0.00000000
v -0.09100119 0.03769400 0.00000000
v -0.06757870 0.01621530 0.08682150
v -0.10221550 0.02738860 0.00000000
v -0.11542300 0.01519580 0.00000000
v -0.08765449 -0.00968890 0.08773790
v -0.12532990 0.00000000 0.00000000
v -0.12643570 -0.01664550 -0.00000000
v -0.06389890 -0.02926090 0.08730610
v -0.11788760 -0.03158790 -0.00000000
v -0.10394240 -0.04305440 -0.00000000
v -0.04356730 -0.04262440 0.08689250
v -0.08977730 -0.05183300 -0.00000000
v -0.07790630 -0.05977960 -0.00000000
v -0.02250480 -0.04856550 0.08636140
v -0.06808390 -0.06808390 -0.00000000
v -0.05901380 -0.07690840 -0.00000000
v -0.00959640 -0.06550870 0.08620880
v -0.04961270 -0.08593170 -0.00000000
v -0.03930200 -0.09488330 -0.00000000
v 0.01006940 -0.07351220 0.08574480
v -0.02778550 -0.10369680 -0.00000000
v -0.01478040 -0.11226800 -0.00000000
v 0.03361890 -0.08550420 0.08522050
v 0.00000000 -0.11987680 -0.00000000
v 0.05534010 -0.08476350 0.15220790
v 0.07689630 -0.07064270 0.15085920
v 0.07609090 -0.03854160 0.15127189
v 0.08023579 -0.01919730 0.15119720
v 0.10401200 -0.00353470 0.14971050
v 0.10522540 0.02010900 0.14988829
v 0.10810150 0.04725090 0.14998880
v 0.08851080 0.06526450 0.15155710
v 0.06771360 0.07814490 0.15315260
v 0.03895770 0.06765270 0.15504440
v 0.02298390 0.07907090 0.15628689
v 0.00195840 0.09045890 0.15788180
v -0.02499750 0.09668730 0.15983349
v -0.03993900 0.07427930 0.16062820
v -0.04367070 0.04882610 0.16060619
v -0.05509530 0.03297520 0.16122810
v -0.05817370 0.01364320 0.16122841
v -0.06866960 -0.00739780 0.16172779
v -0.07004800 -0.03211070 0.16154970
v -0.04667290 -0.04427420 0.15978220
v -0.02243060 -0.04594800 0.15807049
v -0.01146550 -0.06353780 0.15710930
v 0.00666440 -0.07463010 0.15571999
v 0.02819470 -0.07699230 0.15418999
v 0.05534010 -0.08476350 0.15220790
v 0.06288350 -0.08943169 0.25551479
v 0.07331590 -0.06495000 0.25584590
v 0.07104150 -0.03900900 0.25715940
v 0.06874230 -0.02028090 0.25815519
v 0.09456549 -0.00291810 0.25705930
v 0.09797280 0.02155020 0.25789720
v 0.08513389 0.04203220 0.25973180
v 0.07336890 0.06416390 0.26156200
v 0.04690540 0.06697340 0.26359779
v 0.02327840 0.05973860 0.26498369
v 0.00513600 0.06285280 0.26643190
v -0.01743160 0.07232460 0.26848150
v -0.03728990 0.06246230 0.26947879
v -0.05422570 0.04809510 0.27006540
v -0.05848230 0.02556610 0.26937480
v -0.05452400 0.00468770 0.26816400
v -0.05659850 -0.01237450 0.26755790
v -0.06776100 -0.03417420 0.26739839
v -0.06882740 -0.06011090 0.26632640
v -0.04125690 -0.06547990 0.26409730
v -0.01897210 -0.06495710 0.26251089
v -0.00390970 -0.07291690 0.26107049
v 0.01355880 -0.07946430 0.25951879
v 0.03688810 -0.09113510 0.25731679
v 0.06288360 -0.08943169 0.25551479
v 0.06457670 -0.06966740 0.33131648
v 0.08313900 -0.05569670 0.33174819
v 0.07464630 -0.03056620 0.33389198
v 0.06832590 -0.01239790 0.33544780
v 0.07580280 0.00723510 0.33666190
v 0.07684950 0.03077270 0.33837589
v 0.06466510 0.05022570 0.34021857
v 0.04153590 0.05552530 0.34136741
v 0.02012320 0.05452270 0.34199199
v 0.00186650 0.04699350 0.34202880
v -0.01547610 0.04788860 0.34266158
v -0.04354370 0.05953870 0.34444320
v -0.05589600 0.03946270 0.34335540
v -0.06496890 0.02025660 0.34222511
v -0.06072280 -0.00141580 0.34047679
v -0.05787120 -0.01861620 0.33910609
v -0.05576350 -0.03494950 0.33782420
v -0.05585090 -0.05451460 0.33637378
v -0.05348820 -0.07957020 0.33443568
v -0.03125700 -0.08530490 0.33328387
v -0.00945710 -0.08079090 0.33290740
v 0.00789310 -0.08102259 0.33232379
v 0.02561660 -0.08057200 0.33177860
v 0.04957150 -0.08501779 0.33066631
v 0.06457670 -0.06966740 0.33131648
v 0.06710190 -0.05588660 0.45009269
v 0.07625100 -0.03745520 0.45125270
v 0.06358660 -0.01638950 0.45255008
v 0.06699540 0.00095350 0.45363521
v 0.06324960 0.01869950 0.45473670
v 0.06229990 0.04235260 0.45620971
v 0.04523240 0.05553290 0.45701018
v 0.02541120 0.06331250 0.45747058
v 0.00426830 0.05845710 0.45714179
v -0.01161880 0.04374700 0.45620528
v -0.02999120 0.04626220 0.45633941
v -0.05475390 0.04760320 0.45639239
v -0.07000420 0.03200590 0.45540137
v -0.07043090 0.00930430 0.45398589
v -0.06330000 -0.01038650 0.45276748
v -0.06423540 -0.02757130 0.45169528
v -0.05837730 -0.04392050 0.45068351
v -0.05322030 -0.06251550 0.44953090
v -0.04372130 -0.08270140 0.44828448
v -0.02189300 -0.08453630 0.44819709
v -0.00238610 -0.08188240 0.44838660
v 0.01432890 -0.07512650 0.44882831
v 0.03331010 -0.07619920 0.44878489
v 0.04829390 -0.06547110 0.44947200
v 0.06710190 -0.05588660 0.45009269
v 0.07764680 -0.03464460 0.53326598
v 0.07865460 -0.01403500 0.53346720
v 0.06098460 0.00261940 0.53334368
v 0.05961880 0.01938370 0.53347350
v 0.05646790 0.03892600 0.53360068
v 0.04376620 0.05396780 0.53353957
v 0.02643340 0.06422390 0.53336367
v 0.00646540 0.06733680 0.53308268
v -0.01315070 0.06377090 0.53274699
v -0.02497290 0.04413770 0.53238719
v -0.04201100 0.03990100 0.53208529
v -0.05815310 0.03001900 0.53174659
v -0.07702100 0.01664850 0.53133410
v -0.06703530 -0.00551480 0.53128909
v -0.06538250 -0.02344530 0.53115317
v -0.05245880 -0.03687940 0.53123229
v -0.04345190 -0.04997130 0.53125380
v -0.03350850 -0.06349720 0.53128588
v -0.02443360 -0.08924080 0.53119448
v -0.00206190 -0.07884380 0.53163440
v 0.01537000 -0.07443580 0.53194388
v 0.02892010 -0.06321350 0.53225459
v 0.04447250 -0.05731800 0.53254840
v 0.06187300 -0.04896270 0.53289298
v 0.07764680 -0.03464460 0.53326598
v 0.08867910 -0.02414390 0.63240748
v 0.08256210 -0.00405260 0.63203520
v 0.06803340 0.01060800 0.63186228
v 0.05326020 0.01980850 0.63180918
v 0.05531820 0.04461480 0.63125517
v 0.03904280 0.05429090 0.63120669
v 0.02211410 0.06754040 0.63108767
v 0.00168040 0.06277600 0.63139060
v -0.01456620 0.05083980 0.63180689
v -0.02157330 0.03089020 0.63230490
v -0.04264250 0.03016130 0.63252730
v -0.05630660 0.01714120 0.63294150
v -0.06914030 0.00019190 0.63343207
v -0.05695260 -0.01928560 0.63373168
v -0.04609370 -0.03372820 0.63393588
v -0.03691290 -0.04626400 0.63411559
v -0.02669490 -0.05751430 0.63425738
v -0.01784080 -0.07491590 0.63454497
v -0.00174200 -0.08731840 0.63465388
v 0.01778770 -0.08441140 0.63439978
v 0.03303710 -0.07159580 0.63397440
v 0.04158950 -0.05526860 0.63353919
v 0.06167210 -0.05358400 0.63330588
v 0.07781420 -0.04190690 0.63289629
v 0.08867910 -0.02414390 0.63240748
v 0.10166469 -0.01276110 0.73545485
v 0.07182070 0.01206700 0.73711012
v 0.05507710 0.04192130 0.73777922
v 0.02035990 0.04810440 0.74007445
v -0.00585160 0.02603110 0.74224318
v -0.03521230 0.00832380 0.74455809
v -0.03561290 -0.02613350 0.74514715
v -0.02101830 -0.05448090 0.74460188
v -0.00052550 -0.08095219 0.74361891
v 0.03327460 -0.08356470 0.74132872
v 0.06123840 -0.06791310 0.73914366
v 0.09387649 -0.05046930 0.73660689
v 0.10166469 -0.01276110 0.73545485
v 0.11652039 -0.00304380 0.86679686
v 0.08251310 0.01325880 0.87017881
v 0.06555930 0.04511490 0.87235922
v 0.02964150 0.04598960 0.87559065
v 0.00625230 0.01982110 0.87713819
v -0.01261100 -0.00564600 0.87829534
v -0.01374940 -0.03844550 0.87771406
v 0.01201110 -0.05776350 0.87500700
v 0.03207130 -0.08083480 0.87273191
v 0.06367380 -0.08099550 0.86990118
v 0.08573710 -0.05967750 0.86837126
v 0.10952969 -0.03815560 0.86669096
v 0.11652039 -0.00304380 0.86679686
v 0.11553879 0.01385290 0.96319120
v 0.08592100 0.02937830 0.96614805
v 0.05803860 0.04643220 0.96912191
v 0.02745530 0.03388650 0.96994489
v 0.01396470 0.00650920 0.96860319
v -0.00485110 -0.01838540 0.96776907
v 0.00525340 -0.04813250 0.96485204
v 0.03138250 -0.06213360 0.96221990
v 0.05630290 -0.07331570 0.95987875
v 0.08563760 -0.06994140 0.95841360
v 0.10165829 -0.04535820 0.95938818
v 0.11839989 -0.01960410 0.96041158
v 0.11553879 0.01385290 0.96319120
v 0.09957860 0.01087580 1.10954656
v 0.07233220 0.01951740 1.11057981
v 0.04612220 0.03298260 1.11200178
v 0.01860760 0.02041430 1.11127599
v 0.00494540 -0.00543420 1.10928670
v -0.00170300 -0.03357230 1.10702581
v 0.01141390 -0.05976970 1.10469755
v 0.03526720 -0.07558770 1.10310735
v 0.06325750 -0.07775210 1.10260366
v 0.08867530 -0.06647800 1.10324621
v 0.10356410 -0.04353030 1.10498037
v 0.11350370 -0.01575740 1.10717275
v 0.09957860 0.01087580 1.10954656
v 0.07667690 0.00690170 1.20738095
v 0.05039920 0.01201180 1.20656865
v 0.02173530 0.01790860 1.20569150
v 0.00416370 -0.00535310 1.20441381
v -0.00346330 -0.02990650 1.20346135
v -0.00130010 -0.05531780 1.20284024
v 0.01453470 -0.07581640 1.20285024
v 0.03909280 -0.08139540 1.20358724
v 0.06581600 -0.08552379 1.20444265
v 0.08988400 -0.06982380 1.20574781
v 0.09069500 -0.04140270 1.20655957
v 0.09105470 -0.01601170 1.20727155
v 0.07667690 0.00690170 1.20738095
v 0.05366490 0.00494220 1.35804959
v 0.02652910 0.00604060 1.35739301
v 0.00223330 -0.00164320 1.35701001
v -0.01338540 -0.02128300 1.35711179
v -0.01499920 -0.04511450 1.35763806
v -0.01482900 -0.07099610 1.35825452
v 0.00446550 -0.08995930 1.35915158
v 0.03087430 -0.09000680 1.35976651
v 0.05428200 -0.08303079 1.36014554
v 0.07040190 -0.06468600 1.36008603
v 0.07432300 -0.04102460 1.35961743
v 0.07413240 -0.01407600 1.35897534
v 0.05366490 0.00494220 1.35804959
v 0.03550570 0.01104110 1.46282330
v 0.01158670 0.00728460 1.46427319
v -0.01180740 -0.00153260 1.46595166
v -0.02300900 -0.02454400 1.46770672
v -0.01920900 -0.04900350 1.46874493
v -0.00366370 -0.06605120 1.46878949
v 0.01514490 -0.07713200 1.46835980
v 0.03849300 -0.08078210 1.46731503
v 0.05636250 -0.06528150 1.46558911
v 0.06988760 -0.04623380 1.46391232
v 0.07004070 -0.02194540 1.46267453
v 0.05805400 -0.00001590 1.46219555
v 0.03550570 0.01104110 1.46282330
v 0.03946460 0.01826550 1.63063488
v 0.01777090 0.01597140 1.63284252
v -0.00100130 0.00258240 1.63492779
v -0.00837470 -0.01985150 1.63601025
v -0.00102750 -0.04165130 1.63560879
v 0.01219670 -0.06013930 1.63456783
v 0.03442260 -0.06275110 1.63238201
v 0.05732870 -0.06409060 1.63010861
v 0.07004560 -0.04492130 1.62854122
v 0.08247470 -0.02569970 1.62700161
v 0.07602070 -0.00329900 1.62730450
v 0.05916410 0.01088430 1.62877514
v 0.03946460 0.01826550 1.63063488
v 0.04656620 0.01336790 1.75092113
v 0.01845680 -0.01351750 1.75150890
v 0.02194050 -0.05307240 1.74811230
v 0.06008950 -0.06129100 1.74384975
v 0.08769290 -0.03788040 1.74304089
v 0.08460089 0.00054520 1.74631283
v 0.04656620 0.01336790 1.75092129
v 0.06121680 -0.01761300 1.93010524
v 0.03700300 -0.04563250 1.92778942
v 0.04813160 -0.08217840 1.92323619
v 0.08544360 -0.08463850 1.92161754
v 0.10941950 -0.05837280 1.92374263
v 0.09910559 -0.02212760 1.92823238
v 0.06121680 -0.01761300 1.93010524
v 0.05979140 -0.04196550 2.05183482
v 0.04832710 -0.07177720 2.04906291
v 0.06390280 -0.09968920 2.04812022
v 0.09642730 -0.09641110 2.05038875
v 0.11233470 -0.06757570 2.05337260
v 0.09393360 -0.03826420 2.05423412
v 0.05979140 -0.04196550 2.05183482
v 0.05177020 -0.04130600 2.24671748
v 0.04266330 -0.07308530 2.24634547
v 0.06511880 -0.09696940 2.24831248
v 0.09389570 -0.08609850 2.25040736
v 0.10552359 -0.05812920 2.25101191
v 0.08387390 -0.03424610 2.24910670
v 0.05177020 -0.04130600 2.24671748
v 0.04760560 -0.03167990 2.38342707
v 0.04688270 -0.05955250 2.38616099
v 0.07018310 -0.07567400 2.38736033
v 0.09561590 -0.06225110 2.38563975
v 0.09611089 -0.03416840 2.38288905
v 0.07263200 -0.02081240 2.38196268
v 0.04760560 -0.03167990 2.38342707
v 0.05842770 -0.02300930 2.60075708
v 0.06206290 -0.04787760 2.60224817
v 0.08493650 -0.05938270 2.60057184
v 0.10508070 -0.04335230 2.59709986
v 0.10142200 -0.01854470 2.59561609
v 0.07868930 -0.00766420 2.59732416
v 0.05842770 -0.02300930 2.60075708
v 0.07854810 -0.04118090 2.75155481
v 0.08386260 -0.06029700 2.74923517
v 0.10342430 -0.06182770 2.74581201
v 0.11695679 -0.04748990 2.74458826
v 0.10907190 -0.02950510 2.74725885
v 0.08984050 -0.02442840 2.75088953
v 0.07854810 -0.04118090 2.75155481
v 0.08962470 -0.08197610 2.98170678
v 0.09700969 -0.09871250 2.97800805
v 0.11661850 -0.09899230 2.97605615
v 0.12519160 -0.08212260 2.97823083
v 0.11595730 -0.06746510 2.98173852
v 0.09848310 -0.06665970 2.98357720
v 0.08962470 -0.08197610 2.98170678
v 0.07735960 -0.11603380 3.17712487
v 0.08830410 -0.12715330 3.17649407
v 0.10287090 -0.12375490 3.17874444
v 0.10622890 -0.10996549 3.18147088
v 0.09697540 -0.09916830 3.18224114
v 0.08206030 -0.10122140 3.18017937
v 0.07735960 -0.11603380 3.17712487
v 0.09227879 -0.11381160 3.18601433
v 0.09227879 -0.11381160 3.18601433
v 0.09227879 -0.11381160 3.18601433
v 0.09227879 -0.11381160 3.18601433
v 0.09227879 -0.11381160 3.18601433
v 0.09227879 -0.11381160 3.18601433
v 0.12979479 -0.02695930 1.02080625
v 0.09512379 -0.01373200 1.00367529
v 0.11614210 -0.04076670 1.03590635
v 0.09299310 -0.03261850 1.02723821
v 0.08362610 -0.04904130 1.00359495
v 0.11763530 -0.05905880 1.01952879
v 0.13147489 -0.04530670 1.00404005
v 0.09003210 -0.03153440 0.97453214
v 0.09512379 -0.01373200 1.00367529
v 0.12979479 -0.02695930 1.02080625
v 0.16159250 -0.04423500 1.03833089
v 0.14636980 -0.05560150 1.05046659
v 0.14791170 -0.07255730 1.03569051
v 0.16329889 -0.06124560 1.02329084
v 0.16159250 -0.04423500 1.03833089
v 0.20097200 -0.06657200 1.07200849
v 0.18458160 -0.07427290 1.08049551
v 0.18320730 -0.08728360 1.06536901
v 0.19970300 -0.07962000 1.05671636
v 0.20097200 -0.06657200 1.07200849
v 0.23612070 -0.11022150 1.09843007
v 0.22166450 -0.11741140 1.10634435
v 0.21844230 -0.12690250 1.09141637
v 0.23295589 -0.11972439 1.08338514
v 0.23612070 -0.11022150 1.09843007
v 0.26029600 -0.15527370 1.12034261
v 0.24623710 -0.15878939 1.12577176
v 0.24426309 -0.16864120 1.11400175
v 0.25835990 -0.16514539 1.10851865
v 0.26029600 -0.15527370 1.12034261
v 0.29550449 -0.20281930 1.16029081
v 0.28483579 -0.20789119 1.16679021
v 0.28371599 -0.21747150 1.15736928
v 0.29440299 -0.21240819 1.15083944
v 0.29550449 -0.20281930 1.16029081
v 0.33578330 -0.25446340 1.18624257
v 0.32638549 -0.25737310 1.19117284
v 0.32337219 -0.26288469 1.18213765
v 0.33277499 -0.25997699 1.17719640
v 0.33578330 -0.25446340 1.18624257
v 0.37000831 -0.32264510 1.23791768
v 0.36155048 -0.32324710 1.24101834
v 0.36001670 -0.33020339 1.23547139
v 0.36847629 -0.32960288 1.23236859
v 0.37000831 -0.32264510 1.23791768
v 0.42106368 -0.36695510 1.29420819
v 0.41704528 -0.36923549 1.29887128
v 0.41537360 -0.37424991 1.29497861
v 0.41939208 -0.37196948 1.29031537
v 0.42106368 -0.36695510 1.29420819
v 0.42350650 -0.37453170 1.29799359
v 0.42350650 -0.37453170 1.29799359
v 0.42350650 -0.37453170 1.29799359
v 0.42350650 -0.37453170 1.29799359
v 0.06117310 0.05605630 0.94317465
v 0.04574510 0.02015660 0.91775282
v 0.07011390 0.04158350 0.95627798
v 0.06032390 0.01690600 0.94056234
v 0.07989010 0.00884870 0.93020971
v 0.08987870 0.03841490 0.94937689
v 0.09319360 0.05108390 0.93179396
v 0.07804250 0.00957060 0.89780271
v 0.05733430 0.01807410 0.88812689
v 0.07547760 0.06208240 0.92782827
v 0.06117310 0.05605630 0.94317465
v 0.04574510 0.02015660 0.91775282
v 0.08062210 0.08990310 0.96924314
v 0.08813760 0.07532800 0.98009496
v 0.10565010 0.07115680 0.97274091
v 0.10899040 0.08327150 0.95719305
v 0.09354230 0.09493009 0.95493810
v 0.08062210 0.08990310 0.96924314
v 0.12598070 0.11301790 1.00333807
v 0.12845080 0.09633030 1.00924749
v 0.13997080 0.08850060 0.99828947
v 0.14465560 0.10043850 0.98551206
v 0.13603090 0.11564620 0.98857320
v 0.12598070 0.11301790 1.00333807
v 0.16409610 0.12992380 1.03688581
v 0.16681900 0.11513940 1.04265470
v 0.17884920 0.10881690 1.03420820
v 0.18358760 0.11975429 1.02315801
v 0.17448579 0.13283650 1.02477522
v 0.16409610 0.12992380 1.03688581
v 0.20448570 0.15754920 1.07292585
v 0.20830850 0.14534020 1.07941389
v 0.21945110 0.13995209 1.07228704
v 0.22252660 0.14886550 1.06135221
v 0.21328479 0.15976240 1.06172094
v 0.20448570 0.15754920 1.07292585
v 0.25128969 0.19161380 1.10824956
v 0.25489410 0.18110759 1.11419851
v 0.26345830 0.17537429 1.10701101
v 0.26515090 0.18235429 1.09659391
v 0.25763299 0.19240160 1.09734334
v 0.25128969 0.19161380 1.10824956
v 0.31123140 0.22089210 1.14297788
v 0.31267650 0.21095649 1.14713376
v 0.31885570 0.20532190 1.14022184
v 0.32123267 0.21178409 1.13178235
v 0.31652290 0.22141269 1.13347837
v 0.31123140 0.22089210 1.14297788
v 0.37577399 0.23858629 1.19032621
v 0.37553550 0.22979179 1.19280835
v 0.38160388 0.22526029 1.18770086
v 0.38559527 0.23125799 1.18205854
v 0.38199378 0.23949630 1.18367894
v 0.37577399 0.23858629 1.19032621
v 0.42527350 0.26090099 1.25946775
v 0.42555820 0.25402139 1.26224004
v 0.43192531 0.25091909 1.26002355
v 0.43557628 0.25588230 1.25588071
v 0.43146560 0.26205190 1.25553685
v 0.42527350 0.26090099 1.25946775
v 0.46585189 0.31167129 1.32913007
v 0.46702868 0.30751920 1.33286679
v 0.47213229 0.30533819 1.33153088
v 0.47410968 0.30814229 1.32696866
v 0.47022818 0.31205640 1.32548474
v 0.46585189 0.31167129 1.32913007
v 0.47325721 0.31389570 1.33418485
v 0.47325721 0.31389570 1.33418485
v 0.47325721 0.31389570 1.33418485
v 0.47325721 0.31389570 1.33418485
v 0.47325721 0.31389570 1.33418485
v -0.02022720 0.00953430 1.06170919
v 0.01737820 -0.01821660 1.04389837
v -0.00789230 0.01502880 1.07687078
v 0.02431660 -0.00725370 1.06617521
v 0.03632730 0.00928140 1.05731878
v 0.00023190 0.03257800 1.07169317
v -0.00717230 0.03799550 1.05310499
v 0.03468020 0.00993290 1.02667158
v 0.02165140 -0.00619950 1.01658697
v -0.01987250 0.02379460 1.04679441
v -0.02022720 0.00953430 1.06170919
v 0.01737820 -0.01821660 1.04389837
v -0.06374050 0.05325030 1.08555494
v -0.05084650 0.05667650 1.09850454
v -0.03870470 0.06833380 1.09110441
v -0.04414750 0.07214930 1.07340971
v -0.05965310 0.06285010 1.06987371
v -0.06374050 0.05325030 1.08555494
v -0.08957660 0.10313690 1.10367765
v -0.07722760 0.10430489 1.11452779
v -0.06498990 0.11225890 1.10715948
v -0.06980930 0.11603289 1.09164739
v -0.08502550 0.11041139 1.08942869
v -0.08957660 0.10313690 1.10367765
v -0.12057709 0.16582319 1.13417768
v -0.10948940 0.16670820 1.14395276
v -0.09959610 0.17620449 1.13859517
v -0.10459470 0.18121400 1.12544195
v -0.11757740 0.17481371 1.12267049
v -0.12057709 0.16582319 1.13417768
v -0.15711000 0.22226289 1.15651296
v -0.14853530 0.22434389 1.16569814
v -0.13905170 0.23111450 1.16066808
v -0.14177370 0.23322460 1.14833547
v -0.15293959 0.22775810 1.14574361
v -0.15711000 0.22226289 1.15651296
v -0.19232519 0.30333410 1.19506101
v -0.18371080 0.30243959 1.20199186
v -0.17528150 0.30817329 1.19767987
v -0.17869289 0.31261989 1.18806577
v -0.18923050 0.30963430 1.18643590
v -0.19232519 0.30333410 1.19506101
v -0.23278169 0.36467719 1.23590657
v -0.22718599 0.36586639 1.24291936
v -0.22122079 0.37227698 1.24066510
v -0.22313140 0.37505199 1.23225225
v -0.23027740 0.37035640 1.22930730
v -0.23278169 0.36467719 1.23590657
v -0.28434209 0.46522719 1.28032697
v -0.27918329 0.46467757 1.28563733
v -0.27284740 0.46748000 1.28297498
v -0.27409068 0.46976210 1.27601827
v -0.28119499 0.46837008 1.27438077
v -0.28434209 0.46522719 1.28032712
v -0.31498948 0.54208430 1.35762280
v -0.31129449 0.54059359 1.36126386
v -0.30762840 0.54453799 1.36163083
v -0.30905769 0.54846648 1.35821652
v -0.31360719 0.54694998 1.35573956
v -0.31498948 0.54208430 1.35762280
v -0.31474389 0.54822409 1.36419217
v -0.31474389 0.54822409 1.36419217
v -0.31474389 0.54822409 1.36419217
v -0.31474389 0.54822409 1.36419217
v -0.31474389 0.54822409 1.36419217
v 0.04390540 -0.10630120 1.02639394
v 0.06351390 -0.05915280 0.99751875
v 0.03687460 -0.09308490 1.04050016
v 0.05207740 -0.05722740 1.02092001
v 0.03221560 -0.04947730 1.01352811
v 0.01809650 -0.08788770 1.03486707
v 0.01346540 -0.09801550 1.01706220
v 0.03045620 -0.04884310 0.98248365
v 0.04923070 -0.05620120 0.97068899
v 0.02938130 -0.10947200 1.01169141
v 0.04390540 -0.10630120 1.02639394
v 0.06351390 -0.05915280 0.99751875
v -0.00719100 -0.14580010 1.06693357
v -0.00909500 -0.12911020 1.07545560
v -0.02170870 -0.11941210 1.06576856
v -0.02765810 -0.13021310 1.05111738
v -0.01872140 -0.14658660 1.05174947
v -0.00719100 -0.14580010 1.06693357
v -0.04707080 -0.17121441 1.10393888
v -0.05049430 -0.15764559 1.11304494
v -0.06335320 -0.15001810 1.10591474
v -0.06790860 -0.15893510 1.09230710
v -0.05786520 -0.17207349 1.09102735
v -0.04707080 -0.17121441 1.10393888
v -0.11142299 -0.21556680 1.14884466
v -0.11431830 -0.20330730 1.15699201
v -0.12406410 -0.19501380 1.14932935
v -0.12720800 -0.20218410 1.13638028
v -0.11940520 -0.21490909 1.13603994
v -0.11142299 -0.21556680 1.14884466
v -0.17294429 -0.24378330 1.19017629
v -0.17332121 -0.23215860 1.19576474
v -0.18247640 -0.22529239 1.18990209
v -0.18777429 -0.23269670 1.18066137
v -0.18189340 -0.24413900 1.18081289
v -0.17294429 -0.24378330 1.19017629
v -0.23703319 -0.29069629 1.25782620
v -0.23887289 -0.28172149 1.26433476
v -0.24806190 -0.27654340 1.26052648
v -0.25190870 -0.28232889 1.25164739
v -0.24509710 -0.29108270 1.24996808
v -0.23703319 -0.29069629 1.25782620
v -0.30972030 -0.34219680 1.30480588
v -0.31039338 -0.33453078 1.30979047
v -0.31575750 -0.32866649 1.30523465
v -0.31840169 -0.33271140 1.29742841
v -0.31467180 -0.34107558 1.29715955
v -0.30972030 -0.34219680 1.30480588
v -0.40102519 -0.38077788 1.39425366
v -0.39977637 -0.37388538 1.39699277
v -0.40512809 -0.36932460 1.39432873
v -0.40968539 -0.37339938 1.38994214
v -0.40715037 -0.38047858 1.38989514
v -0.40102519 -0.38077788 1.39425366
v -0.45552569 -0.44462050 1.49070126
v -0.45589038 -0.44113540 1.49489926
v -0.46058040 -0.43836898 1.49439618
v -0.46311408 -0.44014430 1.48988720
v -0.45999007 -0.44400790 1.48760373
v -0.45552569 -0.44462050 1.49070126
v -0.46241019 -0.44648910 1.49601452
v -0.46241019 -0.44648910 1.49601452
v -0.46241019 -0.44648910 1.49601452
v -0.46241019 -0.44648910 1.49601452
v -0.46241019 -0.44648910 1.49601452
v 0.03126940 0.05560710 1.46374875
v 0.01564690 -0.00802200 1.42616742
v 0.03912480 0.04568120 1.47434414
v 0.02661180 -0.00882350 1.44454236
v 0.04316720 -0.01227490 1.43704022
v 0.05472620 0.04515890 1.46968945
v 0.05653390 0.05487440 1.45606000
v 0.04269790 -0.01158630 1.41155514
v 0.02585240 -0.00770950 1.40330670
v 0.04204970 0.06140100 1.45229107
v 0.03126940 0.05560710 1.46374875
v 0.01564690 -0.00802200 1.42616742
v 0.04123590 0.11077430 1.50784207
v 0.04826120 0.10221360 1.51756772
v 0.06256860 0.10370820 1.51510037
v 0.06440140 0.11327460 1.50375271
v 0.05122670 0.11769240 1.49920681
v 0.04123590 0.11077430 1.50784207
v 0.05124720 0.18625040 1.56427212
v 0.05657500 0.17761369 1.57238568
v 0.06785950 0.17396810 1.56729687
v 0.06951580 0.18039009 1.55597027
v 0.05925500 0.18800479 1.55405896
v 0.05124720 0.18625040 1.56427212
v 0.11033040 0.25547479 1.60507702
v 0.11418230 0.24712129 1.61158047
v 0.12260140 0.24214170 1.60609112
v 0.12395810 0.24743820 1.59615673
v 0.11637740 0.25569110 1.59550625
v 0.11033040 0.25547479 1.60507702
v 0.17957491 0.30975549 1.66669399
v 0.18127040 0.30138059 1.67096844
v 0.18892490 0.29749259 1.66682949
v 0.19196680 0.30347770 1.65998196
v 0.18619230 0.31106460 1.65988903
v 0.17957491 0.30975549 1.66669399
v 0.23135309 0.37672290 1.75204693
v 0.23336479 0.37072337 1.75670223
v 0.24082590 0.36885650 1.75514507
v 0.24342800 0.37370689 1.74952206
v 0.23757509 0.37857150 1.74760387
v 0.23135309 0.37672290 1.75204693
v 0.28739990 0.48110728 1.82385158
v 0.28943979 0.47753180 1.82844295
v 0.29479600 0.47504081 1.82667904
v 0.29606670 0.47707728 1.82099621
v 0.29149589 0.48082679 1.81924785
v 0.28739990 0.48110728 1.82385158
v 0.39637919 0.55697348 1.89368145
v 0.39589858 0.55304087 1.89577999
v 0.39845759 0.55002349 1.89367137
v 0.40051978 0.55209120 1.89026958
v 0.39923530 0.55638648 1.89027584
v 0.39637919 0.55697348 1.89368145
v 0.40272887 0.55561339 1.89619030
v 0.40272887 0.55561339 1.89619030
v 0.40272887 0.55561339 1.89619030
v 0.40272887 0.55561339 1.89619030
v 0.40272887 0.55561339 1.89619030
v -0.05327540 -0.09117850 1.44798504
v 0.00705470 -0.06632330 1.39841275
v -0.04808740 -0.08173340 1.45745511
v 0.00331210 -0.06013020 1.41592908
v -0.00300360 -0.04593030 1.41646146
v -0.05355580 -0.06875650 1.45799359
v -0.06421230 -0.06522470 1.44906201
v -0.00557660 -0.03792350 1.39947751
v -0.00374890 -0.04482670 1.37818814
v -0.06958550 -0.07473890 1.43937695
v -0.06411710 -0.08771580 1.43883847
v 0.00256680 -0.05902670 1.37765576
v 0.00705470 -0.06632330 1.39841275
v -0.05327540 -0.09117850 1.44798504
v -0.10519769 -0.12020950 1.50045712
v -0.10119900 -0.11213899 1.50955410
v -0.10714750 -0.10110820 1.51115674
v -0.11709470 -0.09814780 1.50366223
v -0.12121380 -0.10626240 1.49442181
v -0.11526540 -0.11729330 1.49281933
v -0.10519769 -0.12020950 1.50045712
v -0.17239130 -0.16238250 1.56307980
v -0.16955579 -0.15572489 1.57173168
v -0.17444740 -0.14574020 1.57287060
v -0.18217470 -0.14241330 1.56535778
v -0.18507389 -0.14909119 1.55660855
v -0.18018220 -0.15907580 1.55546948
v -0.17239130 -0.16238250 1.56307980
v -0.25584739 -0.19683290 1.62700848
v -0.25537990 -0.18135500 1.63369396
v -0.26573930 -0.18472070 1.62060177
v -0.25584739 -0.19683290 1.62700848
v -0.32895919 -0.22760969 1.71360485
v -0.32855121 -0.21451990 1.71940792
v -0.33910258 -0.21804140 1.71025860
v -0.32895919 -0.22760969 1.71360485
v -0.40518001 -0.28648229 1.80810528
v -0.40630649 -0.27682489 1.81477260
v -0.41401088 -0.27893470 1.80606304
v -0.40518001 -0.28648229 1.80810528
v -0.51587107 -0.34635169 1.89954814
v -0.51556308 -0.33821220 1.90395214
v -0.52081858 -0.33919101 1.89638469
v -0.51587107 -0.34635169 1.89954814
v -0.62199759 -0.35800399 2.02542110
v -0.61980490 -0.35174529 2.02658672
v -0.62575488 -0.35272479 2.02359050
v -0.62199759 -0.35800399 2.02542110
v -0.62568488 -0.35433730 2.03055980
v -0.62568488 -0.35433730 2.03055980
v -0.62568488 -0.35433730 2.03055980
v 0.12015509 -0.08628000 1.42646069
v 0.06091050 -0.04607010 1.38041363
v 0.11066820 -0.08852150 1.43723187
v 0.05745750 -0.05356170 1.39774197
v 0.04819590 -0.06629530 1.39754605
v 0.10319460 -0.10067380 1.43757382
v 0.10520799 -0.11058449 1.42714459
v 0.04238740 -0.07153740 1.38002164
v 0.04741300 -0.06512960 1.35879102
v 0.11482939 -0.10843260 1.41612576
v 0.12230290 -0.09628030 1.41578381
v 0.05667460 -0.05239590 1.35898694
v 0.06091050 -0.04607010 1.38041363
v 0.12015509 -0.08628000 1.42646069
v 0.19280469 -0.13476300 1.47516797
v 0.18457849 -0.13692750 1.48495022
v 0.17726980 -0.14742830 1.48484738
v 0.17818719 -0.15576450 1.47496243
v 0.18649229 -0.15365320 1.46501019
v 0.19380109 -0.14315250 1.46511303
v 0.19280469 -0.13476300 1.47516797
v 0.25911529 -0.18866170 1.53308834
v 0.25091960 -0.18985750 1.54095333
v 0.24402799 -0.19882640 1.54055172
v 0.24533189 -0.20659940 1.53228512
v 0.25358489 -0.20544319 1.52432293
v 0.26047660 -0.19647430 1.52472454
v 0.25911529 -0.18866170 1.53308834
v 0.33725188 -0.24272260 1.60256191
v 0.32517261 -0.25224540 1.60998684
v 0.33384078 -0.25830539 1.59636441
v 0.33725188 -0.24272260 1.60256191
v 0.42893958 -0.29765430 1.67616802
v 0.41905650 -0.30594569 1.68280010
v 0.42507998 -0.31034950 1.67026836
v 0.42893958 -0.29765430 1.67616802
v 0.52411010 -0.37736629 1.76031658
v 0.51434840 -0.38289348 1.76440090
v 0.52031230 -0.38739200 1.75505138
v 0.52411010 -0.37736629 1.76031658
v 0.61680129 -0.44737308 1.88265804
v 0.60943610 -0.45186728 1.88632946
v 0.61514578 -0.45631209 1.88035656
v 0.61680129 -0.44737308 1.88265804
v 0.73791205 -0.49583419 2.00623988
v 0.73340796 -0.49945041 2.00986324
v 0.73649092 -0.50226439 2.00447154
v 0.73791205 -0.49583419 2.00623988
v 0.74050497 -0.50112571 2.01078960
v 0.74050497 -0.50112571 2.01078960
v 0.74050497 -0.50112571 2.01078960
v -0.04562710 -0.00051840 1.76245846
v 0.02016320 -0.02689810 1.70894222
v -0.03762590 0.00254200 1.77111980
v 0.02248050 -0.02073230 1.72362606
v 0.02785420 -0.00867050 1.72365047
v -0.03352800 0.01377350 1.77163250
v -0.03743140 0.02194470 1.76348400
v 0.03091050 -0.00277450 1.70899105
v 0.02694030 -0.00819760 1.69114681
v -0.04557170 0.01894410 1.75462627
v -0.04966960 0.00771250 1.75411358
v 0.02156670 -0.02025940 1.69112240
v 0.02016320 -0.02689810 1.70894222
v -0.04562710 -0.00051840 1.76245846
v -0.14444879 0.03644850 1.83275219
v -0.13784130 0.03925310 1.84056621
v -0.13379210 0.04891960 1.84070202
v -0.13635040 0.05578150 1.83302379
v -0.14303190 0.05300960 1.82508465
v -0.14708120 0.04334310 1.82494869
v -0.14444879 0.03644850 1.83275219
v -0.23063510 0.07949070 1.90612682
v -0.22406530 0.08146890 1.91205196
v -0.22025280 0.08961580 1.91193340
v -0.22301010 0.09578460 1.90588954
v -0.22962749 0.09382780 1.89990322
v -0.23344009 0.08568080 1.90002178
v -0.23063510 0.07949070 1.90612682
v -0.34089778 0.12050339 2.00551921
v -0.33296649 0.12960410 2.01146861
v -0.34112437 0.13329710 2.00128032
v -0.34089778 0.12050339 2.00551921
v -0.46130740 0.16238701 2.10450831
v -0.45472239 0.16964029 2.10922160
v -0.46029010 0.17234060 2.10023662
v -0.46130740 0.16238701 2.10450831
v -0.59425658 0.23600019 2.24493037
v -0.58797698 0.24084899 2.24734217
v -0.59370089 0.24377309 2.24209147
v -0.59425658 0.23600019 2.24493037
v -0.71814520 0.26288890 2.42131052
v -0.71477011 0.26642928 2.42427134
v -0.71868681 0.26854638 2.42068400
v -0.71814520 0.26288890 2.42131052
v -0.72060705 0.26620710 2.42614863
v -0.72060705 0.26620710 2.42614863
v -0.72060705 0.26620710 2.42614863
v 0.08734999 -0.13636650 1.83021709
v 0.07083550 -0.05085260 1.76462093
v 0.08367289 -0.13189040 1.83710750
v 0.06754610 -0.05190850 1.77623730
v 0.05887790 -0.05408460 1.78125149
v 0.07559130 -0.13146189 1.84069561
v 0.06783920 -0.13533200 1.83887951
v 0.04966630 -0.05378830 1.77677120
v 0.04554970 -0.05351110 1.76537594
v 0.06495780 -0.14123359 1.83272289
v 0.06864420 -0.14583100 1.82567989
v 0.04885960 -0.05337440 1.75121319
v 0.05773710 -0.05349930 1.74510677
v 0.07672970 -0.14630970 1.82202877
v 0.08447779 -0.14238940 1.82390804
v 0.06673940 -0.05149460 1.75067928
v 0.07083550 -0.05085260 1.76462093
v 0.08734999 -0.13636650 1.83021709
v 0.10733350 -0.22954019 1.88879787
v 0.10425470 -0.22589090 1.89500988
v 0.09709120 -0.22488939 1.89777904
v 0.09003919 -0.22712230 1.89548320
v 0.08722970 -0.23128169 1.88946727
v 0.09031070 -0.23499410 1.88315639
v 0.09747510 -0.23602180 1.88034633
v 0.10452619 -0.23376270 1.88268322
v 0.10733350 -0.22954019 1.88879787
v 0.12222250 -0.33202949 1.97951839
v 0.11956300 -0.32828700 1.98438396
v 0.11352290 -0.32768958 1.98708003
v 0.10764040 -0.33058730 1.98602718
v 0.10536150 -0.33528270 1.98184215
v 0.10802300 -0.33906841 1.97693035
v 0.11406390 -0.33968360 1.97421504
v 0.11994549 -0.33676799 1.97528697
v 0.12222250 -0.33202949 1.97951839
v 0.15578840 -0.46349799 2.07452525
v 0.14860619 -0.46052607 2.08173305
v 0.14103940 -0.46533538 2.07607768
v 0.14822039 -0.46833171 2.06882945
v 0.15578840 -0.46349799 2.07452525
v 0.16630939 -0.59001578 2.19034083
v 0.16039470 -0.58568228 2.19474910
v 0.15432550 -0.59084609 2.19163554
v 0.16023990 -0.59519297 2.18721660
v 0.16630939 -0.59001578 2.19034083
v 0.22098400 -0.74481856 2.33047938
v 0.21706289 -0.74280791 2.33528788
v 0.21201999 -0.74578200 2.33241297
v 0.21594079 -0.74779448 2.32760188
v 0.22098400 -0.74481856 2.33047938
v 0.20738769 -0.88973394 2.50987589
v 0.20487989 -0.88622160 2.51113810
v 0.20115379 -0.88866537 2.51053537
v 0.20366170 -0.89217771 2.50927286
v 0.20738769 -0.88973394 2.50987589
v 0.20435159 -0.89126791 2.51480997
v 0.20435159 -0.89126791 2.51480997
v 0.20435159 -0.89126791 2.51480997
v 0.20435159 -0.89126791 2.51480997
v 0.14664819 0.04329190 1.83442531
v 0.06672280 -0.00331510 1.75873440
v 0.14361410 0.03707740 1.84022136
v 0.06966730 -0.00623230 1.77015346
v 0.07605410 -0.01291260 1.77463604
v 0.14583370 0.02871310 1.84218486
v 0.15200699 0.02309890 1.83916591
v 0.08025200 -0.02081620 1.76959377
v 0.08169200 -0.02393980 1.75794292
v 0.15851760 0.02352330 1.83293270
v 0.16166320 0.02981550 1.82699611
v 0.07945130 -0.02041410 1.74397457
v 0.07492170 -0.01234400 1.73840496
v 0.15948980 0.03821190 1.82497432
v 0.15327030 0.04379400 1.82805156
v 0.06886650 -0.00583020 1.74453426
v 0.06672280 -0.00331510 1.75873455
v 0.14664819 0.04329190 1.83442531
v 0.21257459 0.08998820 1.91775463
v 0.21022810 0.08485600 1.92321636
v 0.21294990 0.07811810 1.92594829
v 0.21914579 0.07372150 1.92435039
v 0.22518609 0.07424170 1.91935833
v 0.22760040 0.07941960 1.91381206
v 0.22490659 0.08617639 1.91104503
v 0.21868270 0.09055410 1.91267803
v 0.21257459 0.08998820 1.91775463
v 0.30811879 0.15713740 2.01311168
v 0.30606729 0.15281940 2.01781413
v 0.30770709 0.14660020 2.01953166
v 0.31207759 0.14212269 2.01725810
v 0.31661849 0.14200989 2.01232524
v 0.31870370 0.14634929 2.00757335
v 0.31707790 0.15257749 2.00583537
v 0.31269349 0.15704600 2.00812953
v 0.30811879 0.15713740 2.01311168
v 0.41331279 0.21696800 2.14245433
v 0.41207290 0.20749649 2.14710780
v 0.42125068 0.20427059 2.14283427
v 0.42252337 0.21376180 2.13815272
v 0.41331279 0.21696800 2.14245433
v 0.50503978 0.30169950 2.27505900
v 0.50515509 0.29514699 2.28059031
v 0.51203811 0.29193719 2.27660700
v 0.51193217 0.29849439 2.27106227
v 0.50503978 0.30169950 2.27505900
v 0.65503958 0.36945911 2.44414683
v 0.65302672 0.36358020 2.44617899
v 0.65823348 0.36082297 2.44334528
v 0.66024886 0.36670291 2.44131144
v 0.65503958 0.36945911 2.44414683
v 0.72205206 0.46411799 2.66067804
v 0.72114531 0.46104838 2.66385156
v 0.72535460 0.45946978 2.66352716
v 0.72626135 0.46253940 2.66035394
v 0.72205206 0.46411799 2.66067804
v 0.72517561 0.46470401 2.66600366
v 0.72517561 0.46470401 2.66600366
v 0.72517561 0.46470401 2.66600366
v 0.72517561 0.46470401 2.66600366
v 0.00231450 -0.18329240 2.11897349
v 0.07199530 -0.08906150 2.02653758
v 0.00321210 -0.17837829 2.12475017
v 0.06970060 -0.08753890 2.03668086
v 0.06339670 -0.08320910 2.04120860
v -0.00097620 -0.17292720 2.12779185
v -0.00779700 -0.17013219 2.12631724
v 0.05813000 -0.07710690 2.03746547
v 0.05563190 -0.07430840 2.02764720
v -0.01325470 -0.17163070 2.12118983
v -0.01422250 -0.17661560 2.11529292
v 0.05728210 -0.07638130 2.01531413
v 0.06219760 -0.08218290 2.00988170
v -0.01006320 -0.18209610 2.11220119
v -0.00321340 -0.18486169 2.11372584
v 0.06885270 -0.08681330 2.01452953
v 0.07199530 -0.08906150 2.02653758
v 0.00231450 -0.18329240 2.11897349
v -0.07463250 -0.29336089 2.21092936
v -0.07413210 -0.28961780 2.21617305
v -0.07758820 -0.28485080 2.21867518
v -0.08297620 -0.28185220 2.21697001
v -0.08714000 -0.28237869 2.21205668
v -0.08767319 -0.28615169 2.20674174
v -0.08423060 -0.29093108 2.20421000
v -0.07882900 -0.29391729 2.20594462
v -0.07463250 -0.29336089 2.21092936
v -0.17736990 -0.39939609 2.32505610
v -0.17871420 -0.39119590 2.33022761
v -0.18723730 -0.38978339 2.32562815
v -0.18592079 -0.39800990 2.32041880
v -0.17736990 -0.39939609 2.32505610
v -0.26347619 -0.53880709 2.48491572
v -0.26514009 -0.53303969 2.49021891
v -0.27253019 -0.53242961 2.48719050
v -0.27087720 -0.53820670 2.48187144
v -0.26347619 -0.53880709 2.48491572
v -0.39054339 -0.70520178 2.64198267
v -0.39124728 -0.70044806 2.64549066
v -0.39595038 -0.69876578 2.64225763
v -0.39524840 -0.70352095 2.63874628
v -0.39054339 -0.70520178 2.64198267
v -0.51249648 -0.80083716 2.89364953
v -0.51211589 -0.79716475 2.89490472
v -0.51597228 -0.79666479 2.89461145
v -0.51635299 -0.80033728 2.89335595
v -0.51249648 -0.80083716 2.89364953
v -0.51513469 -0.80015158 2.89820123
v -0.51513469 -0.80015158 2.89820123
v -0.51513469 -0.80015158 2.89820123
v -0.51513469 -0.80015158 2.89820123
v 0.19944080 -0.07344350 2.10554576
v 0.10001350 -0.05999790 2.02711955
v 0.19486349 -0.07557300 2.11126979
v 0.10012940 -0.06356830 2.03699764
v 0.09964570 -0.07153400 2.04089687
v 0.19246810 -0.08215339 2.11399028
v 0.19365760 -0.08933010 2.11211345
v 0.09687150 -0.07880890 2.03662242
v 0.09540610 -0.08155120 2.02658900
v 0.19773529 -0.09289890 2.10673869
v 0.20240810 -0.09078520 2.10089198
v 0.09602410 -0.07808280 2.01448451
v 0.09844740 -0.07050730 2.00958888
v 0.20484319 -0.08421130 2.09812083
v 0.20361400 -0.07702820 2.10004848
v 0.09928210 -0.06284230 2.01485957
v 0.10001350 -0.05999790 2.02711955
v 0.19944080 -0.07344350 2.10554576
v 0.35277999 -0.08725770 2.20664500
v 0.34941951 -0.08908170 2.21184947
v 0.34722110 -0.09465290 2.21408778
v 0.34747260 -0.10070760 2.21204890
v 0.35002670 -0.10369920 2.20692698
v 0.35342860 -0.10188329 2.20165004
v 0.35564410 -0.09631550 2.19938166
v 0.35537551 -0.09025739 2.20145060
v 0.35277988 -0.08725770 2.20664500
v 0.49873481 -0.12586720 2.31649378
v 0.49248580 -0.13156789 2.32140605
v 0.49563460 -0.13929160 2.31629664
v 0.50192000 -0.13359870 2.31134547
v 0.49873481 -0.12586720 2.31649378
v 0.66295561 -0.13461810 2.47548624
v 0.65891005 -0.13932230 2.48054423
v 0.66231101 -0.14576390 2.47722483
v 0.66637068 -0.14106310 2.47215098
v 0.66295561 -0.13461810 2.47548624
v 0.87381727 -0.15829739 2.62800470
v 0.87034636 -0.16160089 2.63152582
v 0.87134726 -0.16633129 2.62806482
v 0.87482031 -0.16302839 2.62454035
v 0.87381727 -0.15829739 2.62800470
v 1.02545377 -0.23194490 2.87077844
v 1.02206350 -0.23355659 2.87182580
v 1.02356771 -0.23710340 2.87123681
v 1.02695821 -0.23549169 2.87018976
v 1.02545377 -0.23194490 2.87077844
v 1.02615209 -0.23494249 2.87505883
v 1.02615209 -0.23494249 2.87505883
v 1.02615209 -0.23494249 2.87505883
v 1.02615209 -0.23494249 2.87505883
v 0.03966410 0.03019930 2.12573298
v 0.06146930 -0.05227980 2.04128825
v 0.04402930 0.02588450 2.13013011
v 0.06475640 -0.05122990 2.05109004
v 0.07193680 -0.04803520 2.05501979
v 0.05123890 0.02581950 2.13193416
v 0.05706950 0.03004240 2.13008815
v 0.07941910 -0.04646690 2.05068813
v 0.08220540 -0.04554380 2.04071986
v 0.05810570 0.03607940 2.12567363
v 0.05370370 0.04050850 2.12117900
v 0.07858070 -0.04573430 2.02878810
v 0.07075120 -0.04699920 2.02404842
v 0.04647890 0.04062080 2.11933482
v 0.04066350 0.03635060 2.12122096
v 0.06391810 -0.05049730 2.02919002
v 0.06146930 -0.05227980 2.04128825
v 0.03966410 0.03019930 2.12573298
v -0.01214700 0.12457269 2.25606196
v -0.00874180 0.12139730 2.26043650
v -0.00303850 0.12214050 2.26306880
v 0.00162190 0.12636699 2.26241679
v 0.00250940 0.13160100 2.25886241
v -0.00091340 0.13483550 2.25443217
v -0.00662400 0.13411669 2.25177684
v -0.01127710 0.12986570 2.25245188
v -0.01214700 0.12457269 2.25606196
v -0.07521750 0.24517290 2.36572123
v -0.06775160 0.24300880 2.37148432
v -0.06217280 0.24906900 2.36640635
v -0.06964600 0.25126489 2.36060130
v -0.07521750 0.24517290 2.36572123
v -0.10222520 0.38109599 2.52838114
v -0.09576549 0.37754989 2.53128046
v -0.09123390 0.38305278 2.52783197
v -0.09769729 0.38661620 2.52492060
v -0.10222520 0.38109599 2.52838114
v -0.17020229 0.48473300 2.73474573
v -0.16589800 0.48256431 2.73811822
v -0.16295650 0.48763350 2.73761407
v -0.16726150 0.48980571 2.73423975
v -0.17020229 0.48473300 2.73474573
v -0.29223190 0.65544409 2.91291955
v -0.28988889 0.65412039 2.91568048
v -0.28692060 0.65595572 2.91404138
v -0.28926370 0.65727942 2.91128045
v -0.29223190 0.65544409 2.91291955
v -0.29077369 0.65900145 2.91603418
v -0.29077369 0.65900145 2.91603418
v -0.29077369 0.65900145 2.91603418
v -0.29077369 0.65900145 2.91603418
v 0.13281600 -0.13099320 2.39641306
v 0.08962660 -0.06566780 2.32269343
v 0.12868459 -0.12854290 2.40074229
v 0.08769980 -0.06754320 2.33117716
v 0.08251790 -0.07166850 2.33474909
v 0.12300400 -0.13028060 2.40302836
v 0.11910180 -0.13518840 2.40193217
v 0.07626210 -0.07414530 2.33137888
v 0.07345120 -0.07500470 2.32297862
v 0.11926389 -0.14039130 2.39809580
v 0.12344260 -0.14292610 2.39367640
v 0.07567380 -0.07369910 2.31261317
v 0.08168589 -0.07103740 2.30821055
v 0.12914280 -0.14122340 2.39135294
v 0.13302540 -0.13628060 2.39248652
v 0.08711150 -0.06709690 2.31241160
v 0.08962660 -0.06566780 2.32269343
v 0.13281600 -0.13099320 2.39641306
v 0.21588359 -0.21429769 2.49581446
v 0.21304199 -0.21287029 2.50026713
v 0.20866230 -0.21480630 2.50280008
v 0.20531009 -0.21897169 2.50192942
v 0.20494899 -0.22292629 2.49816523
v 0.20780799 -0.22439130 2.49365488
v 0.21219490 -0.22247100 2.49109827
v 0.21553989 -0.21829000 2.49199274
v 0.21588359 -0.21429769 2.49581446
v 0.28760370 -0.32489890 2.58451380
v 0.28076759 -0.32392040 2.58909540
v 0.27700429 -0.32979099 2.58461725
v 0.28385228 -0.33079608 2.58000055
v 0.28760370 -0.32489890 2.58451380
v 0.35409530 -0.42649039 2.73354395
v 0.34830310 -0.42519450 2.73682550
v 0.34587920 -0.43122020 2.73487299
v 0.35167781 -0.43253009 2.73158167
v 0.35409530 -0.42649039 2.73354395
v 0.47703700 -0.52359870 2.88399377
v 0.47388167 -0.52345149 2.88791833
v 0.47182071 -0.52779689 2.88641839
v 0.47497649 -0.52794627 2.88249109
v 0.47703700 -0.52359870 2.88399377
v 0.56114089 -0.70451926 3.03396081
v 0.55861277 -0.70290442 3.03534081
v 0.55649020 -0.70473997 3.03360070
v 0.55901828 -0.70635496 3.03222070
v 0.56114089 -0.70451926 3.03396081
v 0.55913928 -0.70721968 3.03640405
v 0.55913928 -0.70721968 3.03640405
v 0.55913928 -0.70721968 3.03640405
v 0.55913928 -0.70721968 3.03640405
v 0.12438349 0.03882520 2.36984187
v 0.07411960 -0.03876840 2.29640269
v 0.12592160 0.03247170 2.37550578
v 0.07891580 -0.04089890 2.30683665
v 0.08720670 -0.04568880 2.30644816
v 0.13318030 0.02807040 2.37498286
v 0.13890090 0.03002250 2.36879618
v 0.09070150 -0.04834820 2.29562571
v 0.08645220 -0.04508250 2.28286738
v 0.13740900 0.03646760 2.36300150
v 0.13015030 0.04086890 2.36352427
v 0.07816130 -0.04029250 2.28325587
v 0.07411960 -0.03876840 2.29640269
v 0.12438349 0.03882520 2.36984187
v 0.17942789 0.10809600 2.44759714
v 0.18032850 0.10215750 2.45178919
v 0.18639700 0.09823990 2.45120020
v 0.19156499 0.10026100 2.44641917
v 0.19069440 0.10625540 2.44216410
v 0.18462589 0.11017290 2.44275309
v 0.17942789 0.10809600 2.44759714
v 0.23735549 0.20302709 2.55433085
v 0.24363719 0.19574029 2.55826563
v 0.24694150 0.20188350 2.55042353
v 0.23735549 0.20302709 2.55433085
v 0.31508128 0.31342189 2.67503381
v 0.31973399 0.30674779 2.67754572
v 0.32243098 0.31167150 2.67108972
v 0.31508128 0.31342189 2.67503381
v 0.39905929 0.41935149 2.83157922
v 0.40237788 0.41427318 2.83338495
v 0.40510711 0.41873771 2.82981012
v 0.39905929 0.41935149 2.83157922
v 0.45930289 0.56085910 3.00679772
v 0.46160998 0.55787699 3.00853082
v 0.46314639 0.56013869 3.00540917
v 0.45930289 0.56085910 3.00679772
v 0.46261969 0.56211810 3.00955956
v 0.46261969 0.56211810 3.00955956
v 0.46261969 0.56211810 3.00955956
v -0.01060140 -0.06428000 2.36580546
v 0.05556130 -0.06791550 2.30101176
v -0.00476730 -0.06031730 2.37074656
v 0.05528450 -0.06341510 2.31172999
v 0.05529220 -0.05387730 2.31197169
v -0.00442260 -0.05185720 2.37080973
v -0.00991190 -0.04735970 2.36593195
v 0.05557670 -0.04884010 2.30149531
v 0.05454360 -0.05328160 2.28849452
v -0.01587090 -0.05131640 2.36088252
v -0.01621570 -0.05977660 2.36081919
v 0.05453590 -0.06281930 2.28825282
v 0.05556130 -0.06791550 2.30101176
v -0.01060140 -0.06428000 2.36580546
v -0.09728520 -0.06936810 2.46351862
v -0.09287510 -0.06604000 2.46827830
v -0.09305730 -0.05885310 2.46889048
v -0.09764950 -0.05499440 2.46474314
v -0.10212280 -0.05831880 2.45992106
v -0.10194060 -0.06550560 2.45930872
v -0.09728520 -0.06936810 2.46351862
v -0.19385320 -0.06639710 2.55719522
v -0.18922670 -0.05773920 2.56046839
v -0.19702699 -0.05722930 2.55353601
v -0.19385320 -0.06639710 2.55719522
v -0.29316730 -0.06855320 2.68810907
v -0.28986930 -0.06150200 2.69146570
v -0.29670678 -0.06103130 2.68640802
v -0.29316730 -0.06855320 2.68810907
v -0.42167647 -0.07631170 2.82698907
v -0.41893798 -0.07112420 2.82929162
v -0.42334128 -0.07064050 2.82479883
v -0.42167647 -0.07631170 2.82698907
v -0.52613391 -0.05778370 3.01153588
v -0.52386920 -0.05451200 3.01264672
v -0.52773627 -0.05398360 3.01129235
v -0.52613391 -0.05778370 3.01153588
v -0.52739287 -0.05555240 3.01534570
v -0.52739287 -0.05555240 3.01534570
v -0.52739287 -0.05555240 3.01534570
v 0.17950460 -0.01313300 2.63396540
v 0.09333810 -0.02417470 2.56616236
v 0.17588010 -0.01884870 2.63863336
v 0.09552210 -0.02964800 2.57592096
v 0.09677250 -0.03858610 2.57197687
v 0.17834020 -0.02609540 2.63588709
v 0.18353550 -0.02484620 2.62945947
v 0.09634849 -0.03839960 2.55841150
v 0.09483599 -0.02934630 2.55397089
v 0.18428640 -0.01682750 2.62823328
v 0.17950460 -0.01313300 2.63396540
v 0.09333810 -0.02417470 2.56616236
v 0.27670930 -0.01003780 2.73693475
v 0.27331819 -0.01471420 2.74039239
v 0.27602319 -0.02065550 2.73892847
v 0.28111419 -0.01964550 2.73454156
v 0.28155568 -0.01308000 2.73329431
v 0.27670930 -0.01003780 2.73693475
v 0.39127418 0.01089480 2.84391076
v 0.38916408 0.00736940 2.84720788
v 0.39082530 0.00260620 2.84574121
v 0.39396991 0.00318930 2.84152704
v 0.39425220 0.00831280 2.84038934
v 0.39127418 0.01089480 2.84391076
v 0.52174277 0.00692530 2.98444757
v 0.51925608 0.00442720 2.98592492
v 0.52048457 0.00090900 2.98508813
v 0.52373267 0.00123300 2.98309228
v 0.52451159 0.00495140 2.98269555
v 0.52174277 0.00692530 2.98444757
v 0.64211371 0.05645150 3.14613488
v 0.64118529 0.05517540 3.14792565
v 0.64207777 0.05296550 3.14779626
v 0.64355765 0.05287580 3.14592583
v 0.64357985 0.05503030 3.14489922
v 0.64211371 0.05645150 3.14613488
v 0.64480879 0.05536580 3.14865227
v 0.64480879 0.05536580 3.14865227
v 0.64480879 0.05536580 3.14865227
v 0.64480879 0.05536580 3.14865227
v 0.64480879 0.05536580 3.14865227
v 0.01971500 0.01699130 2.63147241
v 0.06360150 -0.02993690 2.55894999
v 0.02657140 0.01649900 2.63603815
v 0.06760860 -0.02576490 2.56882013
v 0.07461540 -0.02000680 2.56488581
v 0.03065910 0.02348500 2.63499628
v 0.02628660 0.02834210 2.62973596
v 0.07419050 -0.01981640 2.55127039
v 0.06692110 -0.02545670 2.54678873
v 0.01949650 0.02435790 2.62752649
v 0.01971500 0.01699130 2.63147241
v 0.06360150 -0.02993690 2.55894999
v -0.04266670 0.07661610 2.72644800
v -0.03708140 0.07620720 2.73022913
v -0.03323910 0.08150800 2.72873651
v -0.03646740 0.08521350 2.72400659
v -0.04230510 0.08220280 2.72257593
v -0.04266670 0.07661610 2.72644800
v -0.10239790 0.14004180 2.83808587
v -0.09795370 0.13958000 2.84091333
v -0.09531950 0.14413150 2.84052728
v -0.09814279 0.14741439 2.83745355
v -0.10252180 0.14489190 2.83594018
v -0.10239790 0.14004180 2.83808587
v -0.18627689 0.21821689 2.96730371
v -0.18307060 0.21779090 2.96936639
v -0.18069160 0.22065589 2.96845666
v -0.18242870 0.22285400 2.96583032
v -0.18588119 0.22134740 2.96511682
v -0.18627689 0.21821689 2.96730371
v -0.24551130 0.28185779 3.13250420
v -0.24348199 0.28137170 3.13368066
v -0.24230310 0.28343179 3.13400567
v -0.24360389 0.28519100 3.13303002
v -0.24558679 0.28421819 3.13210198
v -0.24551130 0.28185779 3.13250420
v -0.24549789 0.28385330 3.13593957
v -0.24549789 0.28385330 3.13593957
v -0.24549789 0.28385330 3.13593957
v -0.24549789 0.28385330 3.13593957
v -0.24549789 0.28385330 3.13593957
v 0.06747320 -0.10053110 2.66299585
v 0.08468449 -0.04997310 2.59697382
v 0.06312150 -0.09328060 2.66779016
v 0.07707660 -0.04861740 2.60749445
v 0.06946550 -0.04502550 2.59751612
v 0.05454560 -0.09660760 2.66464716
v 0.05885590 -0.10396180 2.65977503
v 0.07636090 -0.04832570 2.58473993
v 0.08468449 -0.04997310 2.59697382
v 0.06747320 -0.10053110 2.66299585
v 0.04731960 -0.16978860 2.75007043
v 0.04403750 -0.16330509 2.75334436
v 0.03711230 -0.16516250 2.74986322
v 0.04037410 -0.17169241 2.74655176
v 0.04731960 -0.16978860 2.75007043
v 0.03264810 -0.24011629 2.85006036
v 0.03001720 -0.23586460 2.85379876
v 0.02441160 -0.23734149 2.85148156
v 0.02703500 -0.24160739 2.84772821
v 0.03264810 -0.24011629 2.85006036
v -0.00042250 -0.32014598 2.97256951
v -0.00189950 -0.31621949 2.97428308
v -0.00618070 -0.31753400 2.97359033
v -0.00470540 -0.32146381 2.97187524
v -0.00042250 -0.32014598 2.97256951
v -0.02604090 -0.42197318 3.09721154
v -0.02646610 -0.41942420 3.09836663
v -0.02891120 -0.41919429 3.09695916
v -0.02848600 -0.42174338 3.09580437
v -0.02604090 -0.42197318 3.09721154
v -0.02870100 -0.42216189 3.09955163
v -0.02870100 -0.42216189 3.09955163
v -0.02870100 -0.42216189 3.09955163
v -0.02870100 -0.42216189 3.09955163
v 0.09332770 0.01446880 2.80458307
v 0.09168010 -0.03118370 2.75030176
v 0.09873940 0.00988840 2.80879999
v 0.09883210 -0.03115900 2.75876123
v 0.10518480 -0.03260390 2.74980188
v 0.10484760 0.01426070 2.80539087
v 0.09944270 0.01892880 2.80109918
v 0.09815039 -0.03084660 2.73945489
v 0.09168010 -0.03118370 2.75030176
v 0.09332770 0.01446880 2.80458307
v 0.09817779 0.07613880 2.87649682
v 0.10256759 0.07182980 2.87930963
v 0.10761630 0.07501790 2.87613214
v 0.10323010 0.07936860 2.87328607
v 0.09817779 0.07613880 2.87649682
v 0.09931840 0.13827969 2.95989190
v 0.10272480 0.13535000 2.96269891
v 0.10674240 0.13819899 2.96074731
v 0.10333760 0.14114310 2.95792840
v 0.09931840 0.13827969 2.95989190
v 0.10684990 0.22085899 3.05723626
v 0.10921200 0.21814640 3.05859734
v 0.11217520 0.21984849 3.05683312
v 0.10981350 0.22256389 3.05547021
v 0.10684990 0.22085899 3.05723626
v 0.09850940 0.28867820 3.17636712
v 0.09985010 0.28736640 3.17786767
v 0.10177370 0.28869150 3.17730736
v 0.10043290 0.29000320 3.17580681
v 0.09850940 0.28867820 3.17636712
v 0.09966960 0.29029538 3.17897881
v 0.09966960 0.29029538 3.17897881
v 0.09966960 0.29029538 3.17897881
v 0.09966960 0.29029538 3.17897881
v 0.04548090 -0.07555790 2.82172815
v 0.08940019 -0.05951280 2.77323328
v 0.04738430 -0.06857430 2.82547784
v 0.08618439 -0.05388370 2.78205408
v 0.08394950 -0.04724750 2.77363977
v 0.04179280 -0.06478730 2.82091180
v 0.03981600 -0.07180220 2.81708093
v 0.08550939 -0.05355150 2.76297601
v 0.08940019 -0.05951280 2.77323328
v 0.04548090 -0.07555790 2.82172815
v 0.00151240 -0.08112819 2.87903955
v 0.00401330 -0.07525770 2.88102899
v -0.00122560 -0.07217070 2.87825403
v -0.00376940 -0.07805670 2.87623803
v 0.00151240 -0.08112819 2.87903955
v -0.04422900 -0.10216880 2.94893853
v -0.04313170 -0.09801380 2.95192864
v -0.04719240 -0.09546270 2.94982812
v -0.04830250 -0.09962160 2.94682550
v -0.04422900 -0.10216880 2.94893853
v -0.11598490 -0.11465810 3.02535211
v -0.11410249 -0.11155490 3.02647881
v -0.11637350 -0.10940070 3.02432336
v -0.11825849 -0.11250459 3.02319482
v -0.11598490 -0.11465810 3.02535211
v -0.15102230 -0.12584099 3.13199364
v -0.14981169 -0.12421580 3.13322991
v -0.15179340 -0.12293450 3.13348626
v -0.15300399 -0.12455960 3.13224999
v -0.15102230 -0.12584099 3.13199364
v -0.15204730 -0.12540020 3.13511346
v -0.15204730 -0.12540020 3.13511346
v -0.15204730 -0.12540020 3.13511346
v -0.15204730 -0.12540020 3.13511346
v 0.13242320 -0.06295370 2.79562616
v 0.11154870 -0.04739110 2.75517114
v 0.12393690 -0.06733140 2.79867364
v 0.10619520 -0.05599240 2.76274072
v 0.10560620 -0.05571750 2.74607019
v 0.13124779 -0.07282540 2.79399530
v 0.13242320 -0.06295370 2.79562616
v 0.11154870 -0.04739110 2.75517114
v 0.16312389 -0.07887640 2.85014489
v 0.15629349 -0.08251500 2.85296319
v 0.16153799 -0.08668790 2.84797998
v 0.16312389 -0.07887640 2.85014489
v 0.19122160 -0.10095740 2.91225396
v 0.18550930 -0.10352600 2.91384118
v 0.19018499 -0.10727460 2.91132013
v 0.19122160 -0.10095740 2.91225396
v 0.23225679 -0.11848739 2.98588861
v 0.22852199 -0.12047060 2.98792809
v 0.23117979 -0.12296210 2.98495538
v 0.23225679 -0.11848739 2.98588861
v 0.26087160 -0.15385950 3.06898370
v 0.25803020 -0.15455660 3.06919549
v 0.26001480 -0.15664360 3.06863915
v 0.26087160 -0.15385950 3.06898370
v 0.26010139 -0.15561980 3.07153405
v 0.26010139 -0.15561980 3.07153405
v 0.26010139 -0.15561980 3.07153405
v 0.19269460 -0.05867940 1.06486570
v 0.18530199 -0.06911430 1.08024221
v 0.19464569 -0.08538700 1.07332357
v 0.20215580 -0.07499310 1.05779058
v 0.19269460 -0.05867940 1.06486570
v 0.23768419 -0.04326450 1.09933050
v 0.23087589 -0.05268150 1.11305196
v 0.24132820 -0.06657370 1.10846181
v 0.24822469 -0.05717960 1.09464681
v 0.23768419 -0.04326450 1.09933050
v 0.27670459 -0.02175440 1.12734174
v 0.27298900 -0.02863800 1.14069471
v 0.28248790 -0.04034200 1.13719114
v 0.28624509 -0.03347360 1.12378530
v 0.27670459 -0.02175440 1.12734174
v 0.33815841 0.00642530 1.15967260
v 0.33556979 0.00082800 1.17166257
v 0.34189029 -0.01041100 1.16772245
v 0.34449588 -0.00482450 1.15570218
v 0.33815841 0.00642530 1.15967260
v 0.40054698 0.02038650 1.18914525
v 0.39581740 0.01519280 1.19761571
v 0.39957240 0.00558030 1.19379590
v 0.40430869 0.01077050 1.18531568
v 0.40054698 0.02038650 1.18914525
v 0.46578578 0.03722170 1.25380979
v 0.46028720 0.03269760 1.25936048
v 0.46485930 0.02509480 1.25768575
v 0.47036029 0.02961810 1.25213338
v 0.46578578 0.03722170 1.25380979
v 0.51056258 0.07463450 1.32012250
v 0.50737998 0.07222290 1.32533292
v 0.51212558 0.06776500 1.32616834
v 0.51530818 0.07017650 1.32095792
v 0.51056258 0.07463450 1.32012250
v 0.51504149 0.07555650 1.32791028
v 0.51504149 0.07555650 1.32791028
v 0.51504149 0.07555650 1.32791028
v 0.51504149 0.07555650 1.32791028
v 0.07812920 0.12541080 0.99579855
v 0.08580459 0.11745229 1.00984296
v 0.10321530 0.12060520 1.00883321
v 0.10632350 0.13058710 0.99405401
v 0.09083380 0.13360329 0.98592985
v 0.07812920 0.12541080 0.99579855
v 0.07513630 0.17387060 1.02520284
v 0.08200320 0.16712110 1.03810880
v 0.09785050 0.16858801 1.03644941
v 0.10079400 0.17628660 1.02244039
v 0.08676590 0.17957780 1.01544180
v 0.07513630 0.17387060 1.02520284
v 0.07857590 0.22881120 1.05658597
v 0.08465319 0.22112760 1.06706426
v 0.09877790 0.22134309 1.06496038
v 0.10144040 0.22919010 1.05313604
v 0.08896109 0.23382440 1.04793226
v 0.07857590 0.22881120 1.05658597
v 0.08185660 0.27904498 1.09937864
v 0.08713569 0.27142850 1.10791578
v 0.09960350 0.27268020 1.10698560
v 0.10203590 0.28109109 1.09785100
v 0.09107139 0.28503770 1.09313581
v 0.08185660 0.27904498 1.09937864
v 0.07467630 0.33270560 1.14681424
v 0.07906170 0.32727119 1.15513974
v 0.08966880 0.32953788 1.15537877
v 0.09184200 0.33638271 1.14718961
v 0.08257800 0.33834640 1.14188939
v 0.07467630 0.33270560 1.14681424
v 0.06491080 0.40372237 1.18846357
v 0.06841210 0.39999259 1.19603940
v 0.07749070 0.40094890 1.19571035
v 0.07960180 0.40527228 1.18792646
v 0.07182780 0.40698810 1.18344465
v 0.06491080 0.40372237 1.18846364
v 0.07374240 0.48075190 1.23890531
v 0.07643020 0.47621131 1.24412587
v 0.08372040 0.47544707 1.24296605
v 0.08553850 0.47951609 1.23702779
v 0.07937200 0.48279509 1.23451757
v 0.07374240 0.48075190 1.23890531
v 0.08848670 0.53988559 1.31316983
v 0.09024380 0.53515578 1.31583997
v 0.09595000 0.53506839 1.31570142
v 0.09771960 0.53974410 1.31294568
v 0.09310700 0.54272128 1.31138104
v 0.08848670 0.53988559 1.31316983
v 0.09357260 0.54267348 1.32039075
v 0.09357260 0.54267348 1.32039075
v 0.09357260 0.54267348 1.32039075
v 0.09357260 0.54267348 1.32039075
v 0.09357260 0.54267348 1.32039075
v -0.06650140 0.02212640 1.08214170
v -0.06000760 0.02868790 1.09828046
v -0.06031650 0.04703920 1.09718137
v -0.06706670 0.05186640 1.08019834
v -0.07092970 0.03649840 1.07080144
v -0.06650140 0.02212640 1.08214170
v -0.11651180 0.02573020 1.10935041
v -0.10833810 0.03150210 1.12244489
v -0.10846940 0.04782280 1.12147794
v -0.11678200 0.05216780 1.10768979
v -0.12178839 0.03853260 1.10013509
v -0.11651180 0.02573020 1.10935041
v -0.18079670 0.02190900 1.15147924
v -0.17337530 0.02707860 1.16320394
v -0.17525159 0.04167700 1.16356077
v -0.18387640 0.04554940 1.15199765
v -0.18733060 0.03334430 1.14449445
v -0.18079670 0.02190900 1.15147924
v -0.23929580 0.00988440 1.18488858
v -0.23495759 0.01389740 1.19617124
v -0.23765069 0.02625990 1.19717099
v -0.24367229 0.02989860 1.18647260
v -0.24470069 0.01978510 1.17886091
v -0.23929580 0.00988440 1.18488858
v -0.32761649 -0.00071510 1.22296094
v -0.32447200 0.00261960 1.23306234
v -0.32527358 0.01365460 1.23339101
v -0.32892040 0.01714650 1.22347394
v -0.33037269 0.00826960 1.21701604
v -0.32761649 -0.00071510 1.22296094
v -0.41004138 0.00728570 1.25755048
v -0.40520598 0.00981920 1.26476888
v -0.40385501 0.01874320 1.26422200
v -0.40785869 0.02172730 1.25665959
v -0.41168399 0.01464770 1.25253270
v -0.41004138 0.00728570 1.25755048
v -0.49743808 0.01397670 1.33967374
v -0.49193129 0.01579110 1.34431027
v -0.49144988 0.02319470 1.34450940
v -0.49666049 0.02595670 1.33999493
v -0.50036219 0.02026000 1.33700559
v -0.49743808 0.01397670 1.33967374
v -0.56606768 -0.01377900 1.42694058
v -0.56267829 -0.01284210 1.43103543
v -0.56395899 -0.00806700 1.43320141
v -0.56813990 -0.00605280 1.43044537
v -0.56944308 -0.00958290 1.42657590
v -0.56606768 -0.01377900 1.42694058
v -0.57066397 -0.01301570 1.43456250
v -0.57066397 -0.01301570 1.43456250
v -0.57066397 -0.01301570 1.43456250
v -0.57066397 -0.01301570 1.43456250
v -0.57066397 -0.01301570 1.43456250
v 0.03702810 -0.15803520 1.05958517
v 0.02994020 -0.14836799 1.07411481
v 0.01138260 -0.14922200 1.07274145
v 0.00695840 -0.15951700 1.05721227
v 0.02278170 -0.16502550 1.04898809
v 0.03702810 -0.15803520 1.05958517
v 0.03565900 -0.20586650 1.10017774
v 0.02934350 -0.19559139 1.11172315
v 0.01285740 -0.19711340 1.11121320
v 0.00895660 -0.20840780 1.09926938
v 0.02303200 -0.21386619 1.09239774
v 0.03565900 -0.20586650 1.10017774
v 0.04615740 -0.26927699 1.15768926
v 0.04060160 -0.26071300 1.16868245
v 0.02601830 -0.26365909 1.16974401
v 0.02254340 -0.27409700 1.15935415
v 0.03497910 -0.27760188 1.15187131
v 0.04615740 -0.26927699 1.15768926
v 0.06262700 -0.33135448 1.20235967
v 0.05835480 -0.32582210 1.21320615
v 0.04579340 -0.32837608 1.21421750
v 0.04229130 -0.33550929 1.20396398
v 0.05268820 -0.33736388 1.19661557
v 0.06262700 -0.33135448 1.20235967
v 0.07044860 -0.42293048 1.26012410
v 0.06673940 -0.41776900 1.26939191
v 0.05553070 -0.41808089 1.26924344
v 0.05230640 -0.42344527 1.25986608
v 0.06152250 -0.42644877 1.25421887
v 0.07044860 -0.42293048 1.26012410
v 0.06011170 -0.50224280 1.32014020
v 0.05729730 -0.49567958 1.32589093
v 0.04819180 -0.49499778 1.32515302
v 0.04537650 -0.50114440 1.31894132
v 0.05274210 -0.50562510 1.31584027
v 0.06011170 -0.50224280 1.32014020
v 0.06850550 -0.58016669 1.42860654
v 0.06628240 -0.57415579 1.43254330
v 0.05883690 -0.57462180 1.43348447
v 0.05645780 -0.58092219 1.43012860
v 0.06243300 -0.58435000 1.42711346
v 0.06850550 -0.58016669 1.42860654
v 0.11404150 -0.65194319 1.52576947
v 0.11315180 -0.64875639 1.53012310
v 0.10835020 -0.65018889 1.53231274
v 0.10627249 -0.65426108 1.52931240
v 0.10978989 -0.65534537 1.52526837
v 0.11404150 -0.65194319 1.52576947
v 0.11359790 -0.65685378 1.53328106
v 0.11359790 -0.65685378 1.53328106
v 0.11359790 -0.65685378 1.53328106
v 0.11359790 -0.65685378 1.53328106
v 0.11359790 -0.65685378 1.53328106
v 0.03295480 0.17719469 1.55759121
v 0.03805510 0.17425979 1.56917492
v 0.04888310 0.18115400 1.57049801
v 0.05048450 0.18839319 1.55966732
v 0.04064620 0.18597309 1.55165036
v 0.03295480 0.17719469 1.55759121
v -0.02620680 0.24392080 1.58948864
v -0.02285160 0.24256999 1.60015774
v -0.01474720 0.25006399 1.60215008
v -0.01308720 0.25606950 1.59267590
v -0.02016570 0.25228710 1.58482800
v -0.02620680 0.24392080 1.58948864
v -0.09563440 0.32363879 1.61211483
v -0.09387610 0.32360721 1.62150601
v -0.08630029 0.32917449 1.62307171
v -0.08337000 0.33265449 1.61462963
v -0.08913480 0.32923789 1.60784664
v -0.09563440 0.32363879 1.61211483
v -0.14969700 0.43262809 1.63840740
v -0.14745479 0.43094939 1.64574688
v -0.14005649 0.43341098 1.64663311
v -0.13772420 0.43661387 1.63983471
v -0.14368089 0.43613200 1.63474697
v -0.14969700 0.43262809 1.63840740
v -0.19674020 0.53764720 1.71683239
v -0.19415100 0.53423030 1.72126476
v -0.18850280 0.53645880 1.72233044
v -0.18760099 0.54125418 1.71855587
v -0.19269189 0.54198928 1.71515728
v -0.19674020 0.53764720 1.71683239
v -0.28650998 0.59721648 1.81482662
v -0.28514730 0.59491698 1.81842602
v -0.28255329 0.59761550 1.82089336
v -0.28231269 0.60158270 1.81881908
v -0.28475799 0.60133608 1.81506954
v -0.28650998 0.59721648 1.81482662
v -0.28887910 0.60061659 1.82100567
v -0.28887910 0.60061659 1.82100567
v -0.28887910 0.60061659 1.82100567
v -0.28887910 0.60061659 1.82100567
v -0.28887910 0.60061659 1.82100567
v -0.57522990 -0.37258659 1.94610683
v -0.48253409 -0.31343000 1.87342250
v -0.58004317 -0.37626731 1.93886684
v -0.48659568 -0.31675409 1.86305553
v -0.57747679 -0.38530658 1.93795146
v -0.48031367 -0.32585490 1.85948787
v -0.57107718 -0.38721259 1.94462581
v -0.47236968 -0.32815570 1.86764995
v -0.56968848 -0.37935119 1.94966625
v -0.47374198 -0.32047649 1.87626201
v -0.57522990 -0.37258659 1.94610683
v -0.48253409 -0.31343000 1.87342250
v -0.70807669 -0.44991729 2.05450206
v -0.71199148 -0.45280879 2.04911174
v -0.71027998 -0.45984969 2.04862209
v -0.70530760 -0.46130969 2.05370982
v -0.70394591 -0.45517108 2.05734401
v -0.70807669 -0.44991729 2.05450206
v -0.86255095 -0.54111109 2.18059977
v -0.86462805 -0.54278739 2.17627314
v -0.86231756 -0.54713370 2.17500209
v -0.85881262 -0.54814349 2.17854304
v -0.85895681 -0.54442137 2.18200267
v -0.86255095 -0.54111109 2.18059977
v -1.00690740 -0.71093352 2.27666270
v -1.00690740 -0.71093352 2.27666270
v -1.00690740 -0.71093352 2.27666270
v -0.59502707 -0.40057479 1.96567104
v -0.60872969 -0.39525687 1.96767772
v -0.88619711 -0.55802119 1.91787899
v -0.59536837 -0.38712440 1.95704463
v -0.59502707 -0.40057479 1.96567104
v -0.88619711 -0.55802119 1.91787899
v -0.62375739 -0.40282558 1.98938442
v -0.63024188 -0.41508609 1.98645686
v -0.65773489 -0.65702879 2.17654445
v -0.61746859 -0.40739921 1.97623989
v -0.62375739 -0.40282558 1.98938442
v -0.65773489 -0.65702879 2.17654445
v -0.64828406 -0.41632541 1.99503291
v -0.64597792 -0.42326140 2.00659099
v -0.78089491 -0.38230147 2.26689173
v -0.63365260 -0.41589110 1.99670406
v -0.64828406 -0.41632541 1.99503291
v -0.78089491 -0.38230147 2.26689173
v 0.32688400 0.54325740 1.86799587
v 0.26864360 0.44924979 1.79667522
v 0.32574470 0.53907389 1.87636440
v 0.26605789 0.44221950 1.80553249
v 0.33383861 0.53479808 1.87860897
v 0.27403379 0.43380347 1.80587551
v 0.33998019 0.53633898 1.87162777
v 0.28154880 0.43563228 1.79723003
v 0.33568210 0.54156718 1.86506832
v 0.27821739 0.44517871 1.79154400
v 0.32688400 0.54325740 1.86799587
v 0.26864360 0.44924979 1.79667522
v 0.40570518 0.68319472 1.96527080
v 0.40490237 0.68022002 1.97183360
v 0.41122779 0.67722350 1.97372402
v 0.41593989 0.67834631 1.96832973
v 0.41252669 0.68203665 1.96310527
v 0.40570518 0.68319472 1.96527080
v 0.49848460 0.84565352 2.07891505
v 0.49755709 0.84285345 2.08304500
v 0.50137248 0.83955168 2.08359035
v 0.50465789 0.84031118 2.07979762
v 0.50287318 0.84408232 2.07690822
v 0.49848460 0.84565352 2.07891505
v 0.64912116 0.95954328 2.23071788
v 0.64912116 0.95954328 2.23071788
v 0.64912116 0.95954328 2.23071788
v 0.35432941 0.56292369 1.88831142
v 0.34704910 0.57311820 1.89621013
v 0.39514228 0.64144232 2.21024714
v 0.33892890 0.55934668 1.88616436
v 0.35432941 0.56292369 1.88831142
v 0.39514228 0.64144232 2.21024714
v 0.35896728 0.59687888 1.90292705
v 0.36665790 0.59501887 1.91465938
v 0.64987395 0.70553885 1.96638118
v 0.35894900 0.58179049 1.90511470
v 0.35896728 0.59687888 1.90292705
v 0.64987395 0.70553885 1.96638118
v 0.36673011 0.61127020 1.92628490
v 0.37824847 0.61773779 1.92283901
v 0.41886508 0.91016111 1.90950313
v 0.37083869 0.60493899 1.91366054
v 0.36673011 0.61127020 1.92628490
v 0.41886508 0.91016111 1.90950313
v -0.44919589 -0.39400130 1.44116803
v -0.35983527 -0.36386977 1.34547803
v -0.44399508 -0.39069789 1.44855954
v -0.35163509 -0.35921390 1.35264355
v -0.44724219 -0.38191890 1.45079205
v -0.35261409 -0.34742149 1.35215070
v -0.45444968 -0.37979659 1.44478009
v -0.36141940 -0.34478919 1.34468045
v -0.45565719 -0.38726390 1.43883206
v -0.36588229 -0.35495479 1.34055661
v -0.44919589 -0.39400130 1.44116803
v -0.35983527 -0.36386977 1.34547803
v -0.57785418 -0.44471778 1.57393353
v -0.57403639 -0.44230960 1.57980023
v -0.57675978 -0.43570830 1.58174862
v -0.58226058 -0.43403659 1.57708660
v -0.58293700 -0.43960479 1.57225643
v -0.57785418 -0.44471778 1.57393353
v -0.72807112 -0.50271289 1.72890987
v -0.72476210 -0.50073909 1.73237423
v -0.72560087 -0.49563399 1.73266155
v -0.72942831 -0.49445277 1.72937481
v -0.73095495 -0.49882769 1.72705608
v -0.72807112 -0.50271289 1.72890987
v -0.88581541 -0.48181529 1.91831462
v -0.88581541 -0.48181529 1.91831462
v -0.88581541 -0.48181529 1.91831462
v -0.47876880 -0.38999377 1.46814801
v -0.47774939 -0.40200488 1.47727536
v -0.49350688 -0.39686587 1.80863704
v -0.46489940 -0.39728969 1.46370083
v -0.47876880 -0.38999377 1.46814801
v -0.49350688 -0.39686587 1.80863704
v -0.50045188 -0.41243190 1.48990277
v -0.50293521 -0.40497008 1.50202282
v -0.78320288 -0.30492120 1.60483959
v -0.49064200 -0.40037311 1.48909771
v -0.50045188 -0.41243190 1.48990277
v -0.78320288 -0.30492120 1.60483959
v -0.51067797 -0.41668078 1.51682461
v -0.52443537 -0.41465819 1.51586758
v -0.74021879 -0.61984519 1.56460980
v -0.51256827 -0.41017398 1.50342328
v -0.51067797 -0.41668078 1.51682461
v -0.74021879 -0.61984519 1.56460980
v -0.30870500 0.53096068 1.30883862
v -0.26069120 0.41793941 1.25479405
v -0.30653930 0.52878798 1.31794507
v -0.25707450 0.41298659 1.26490674
v -0.29835819 0.53329249 1.32020780
v -0.24541189 0.41470901 1.26585347
v -0.29546769 0.53824919 1.31249967
v -0.24182090 0.42072619 1.25632588
v -0.30186229 0.53680808 1.30547299
v -0.25126399 0.42272269 1.24949079
v -0.30870500 0.53096068 1.30883862
v -0.26069120 0.41793941 1.25479405
v -0.38422057 0.69143126 1.38092786
v -0.38272060 0.68998045 1.38801892
v -0.37662139 0.69372137 1.38987515
v -0.37435187 0.69748419 1.38393124
v -0.37904849 0.69606886 1.37840161
v -0.38422057 0.69143126 1.38092786
v -0.47118358 0.87888006 1.46524258
v -0.46972579 0.87707838 1.46986874
v -0.46477160 0.87837889 1.47060238
v -0.46316760 0.88098440 1.46642972
v -0.46713038 0.88129415 1.46311703
v -0.47118358 0.87888006 1.46524258
v -0.48642039 1.09122175 1.59055889
v -0.48642039 1.09122175 1.59055889
v -0.48642039 1.09122175 1.59055889
v -0.31005569 0.56796130 1.32443326
v -0.32336719 0.56903330 1.33147839
v -0.37381499 0.69362822 1.63430294
v -0.31611758 0.55287360 1.32393521
v -0.31005569 0.56796130 1.32443326
v -0.37381499 0.69362822 1.63430294
v -0.33635207 0.59366347 1.33396237
v -0.33108989 0.60060690 1.34546292
v -0.25738630 0.90588919 1.36056699
v -0.32407958 0.58517459 1.33831601
v -0.33635207 0.59366347 1.33396237
v -0.25738630 0.90588919 1.36056699
v -0.34528930 0.61180358 1.35484616
v -0.34351669 0.62457049 1.34959256
v -0.55950377 0.82645880 1.29145841
v -0.33670909 0.60968768 1.34273053
v -0.34528930 0.61180358 1.35484616
v -0.55950377 0.82645880 1.29145841
v 0.47058169 0.27735278 1.32112027
v 0.39854480 0.24945100 1.21071050
v 0.46455661 0.27318950 1.32740659
v 0.38967860 0.24378200 1.21622045
v 0.46803668 0.26444049 1.32952680
v 0.39152881 0.23210220 1.21509465
v 0.47621268 0.26319660 1.32455106
v 0.40153857 0.23055269 1.20888898
v 0.47778560 0.27117679 1.31935544
v 0.40587470 0.24127479 1.20617940
v 0.47058169 0.27735278 1.32112027
v 0.39854480 0.24945100 1.21071050
v 0.57454409 0.32523059 1.47562665
v 0.57005408 0.32215751 1.48067807
v 0.57290938 0.31557439 1.48258282
v 0.57916400 0.31457879 1.47870862
v 0.58017420 0.32054660 1.47440960
v 0.57454409 0.32523059 1.47562665
v 0.69601591 0.37991630 1.65590572
v 0.69235892 0.37749000 1.65868923
v 0.69349562 0.37241927 1.65876110
v 0.69785506 0.37171180 1.65602184
v 0.69941267 0.37634528 1.65425717
v 0.69601591 0.37991630 1.65590572
v 0.82518980 0.35363177 1.86610851
v 0.82518980 0.35363177 1.86610851
v 0.82518980 0.35363177 1.86610851
v 0.49608027 0.27298848 1.35208844
v 0.49288348 0.28422319 1.36176068
v 0.45925948 0.25463359 1.69150433
v 0.48252318 0.27981500 1.34604184
v 0.49608027 0.27298848 1.35208844
v 0.45925948 0.25463359 1.69150433
v 0.51274249 0.29497369 1.37844403
v 0.51389769 0.28673889 1.39031201
v 0.78267279 0.19510810 1.52848141
v 0.50398299 0.28243099 1.37532895
v 0.51274260 0.29497369 1.37844403
v 0.78267279 0.19510810 1.52848141
v 0.51854220 0.29774349 1.40692563
v 0.53243579 0.29658920 1.40796429
v 0.72458777 0.51013961 1.50315365
v 0.52286288 0.29238170 1.39352994
v 0.51854220 0.29774349 1.40692563
v 0.72458777 0.51013961 1.50315365
v 0.39773498 -0.39107150 1.29141568
v 0.35609191 -0.29378539 1.20869451
v 0.39454120 -0.38700828 1.29953015
v 0.35133868 -0.28682399 1.21700994
v 0.38614799 -0.39112029 1.30181027
v 0.33963149 -0.28859680 1.21701230
v 0.38415439 -0.39772491 1.29510510
v 0.33714931 -0.29665380 1.20869817
v 0.39131568 -0.39769469 1.28868070
v 0.34732238 -0.29986049 1.20355748
v 0.39773498 -0.39107150 1.29141568
v 0.35609191 -0.29378539 1.20869451
v 0.46469619 -0.53003230 1.40517590
v 0.46239459 -0.52709899 1.41156842
v 0.45611819 -0.53050109 1.41351712
v 0.45454059 -0.53553698 1.40832913
v 0.45984210 -0.53524729 1.40317395
v 0.46469619 -0.53003230 1.40517590
v 0.54166098 -0.69236288 1.53802533
v 0.53968238 -0.68962645 1.54195385
v 0.53467170 -0.69086241 1.54240185
v 0.53355349 -0.69436270 1.53875042
v 0.53787310 -0.69529005 1.53604565
v 0.54166098 -0.69236288 1.53802533
v 0.54261859 -0.87184751 1.70817562
v 0.54261859 -0.87184751 1.70817562
v 0.54261859 -0.87184751 1.70817562
v 0.39731658 -0.42374881 1.31486386
v 0.40975368 -0.42290999 1.32341519
v 0.42544490 -0.47688300 1.65031979
v 0.40339587 -0.40896949 1.31172360
v 0.39731658 -0.42374881 1.31486386
v 0.42544490 -0.47688300 1.65031979
v 0.42239688 -0.44608458 1.33270612
v 0.41585418 -0.45047770 1.34481152
v 0.34096278 -0.74716421 1.41866971
v 0.40968970 -0.43715449 1.33369168
v 0.42239688 -0.44608458 1.33270612
v 0.34096278 -0.74716421 1.41866971
v 0.42891219 -0.45899039 1.35796506
v 0.42775428 -0.47265490 1.35548978
v 0.64930655 -0.67702002 1.36767102
v 0.42175910 -0.45980060 1.34479016
v 0.42891219 -0.45899039 1.35796506
v 0.64930655 -0.67702002 1.36767102
v 0.79777830 -0.13794679 2.56019434
v 0.68341299 -0.14898450 2.49712656
v 0.80316641 -0.13756850 2.55251749
v 0.68773848 -0.14875539 2.48641504
v 0.80520865 -0.12855920 2.55084757
v 0.68638457 -0.13806530 2.48224573
v 0.80108297 -0.12336930 2.55749384
v 0.68122229 -0.13168750 2.49038035
v 0.79649069 -0.12917110 2.56326960
v 0.67938582 -0.13843589 2.49957712
v 0.79777830 -0.13794679 2.56019434
v 0.68341299 -0.14898450 2.49712656
v 0.95842886 -0.12830040 2.65546778
v 0.96280004 -0.12804840 2.64972528
v 0.96465757 -0.12115559 2.64863550
v 0.96143415 -0.11714770 2.65370416
v 0.95758466 -0.12156339 2.65792688
v 0.95842886 -0.12830040 2.65546778
v 1.14584844 -0.11597700 2.76618646
v 1.14812375 -0.11581629 2.76167535
v 1.14810834 -0.11101710 2.76008813
v 1.14582364 -0.10821170 2.76361841
v 1.14442701 -0.11127700 2.76738733
v 1.14584844 -0.11597700 2.76618646
v 1.35993268 -0.03264990 2.84011865
v 1.35993268 -0.03264990 2.84011865
v 1.35993268 -0.03264990 2.84011865
v 0.82988241 -0.12203300 2.57621027
v 0.83936979 -0.13314780 2.57821894
v 1.15437360 -0.13002189 2.50387354
v 0.82306234 -0.13440770 2.56893579
v 0.82988241 -0.12203300 2.57621027
v 1.15437360 -0.13002189 2.50387354
v 0.85769941 -0.13245809 2.59845056
v 0.86898519 -0.12517990 2.59416956
v 1.02350851 0.08339650 2.75838586
v 0.85343367 -0.12631170 2.58523584
v 0.85769941 -0.13245809 2.59845056
v 1.02350851 0.08339650 2.75838586
v 0.88588751 -0.13229180 2.60190485
v 0.88810041 -0.12441180 2.61276331
v 1.00539259 -0.20821350 2.86941034
v 0.87311430 -0.12546489 2.60411066
v 0.88588751 -0.13229180 2.60190485
v 1.00539259 -0.20821350 2.86941034
v -0.33457240 -0.65132315 2.57261377
v -0.28596959 -0.54865309 2.50721460
v -0.33711787 -0.65626379 2.56504755
v -0.28813440 -0.55265628 2.49659388
v -0.33046588 -0.66268042 2.56339960
v -0.27832479 -0.55706839 2.49237299
v -0.32380920 -0.66170561 2.56994776
v -0.27009740 -0.55579200 2.50038492
v -0.32634708 -0.65468649 2.57564203
v -0.27482219 -0.55059100 2.50955759
v -0.33457240 -0.65132315 2.57261377
v -0.28596959 -0.54865309 2.50721460
v -0.40778430 -0.79241911 2.67117426
v -0.40989028 -0.79639105 2.66552301
v -0.40495059 -0.80154989 2.66445612
v -0.39979148 -0.80076628 2.66944818
v -0.40154288 -0.79512304 2.67360040
v -0.40778430 -0.79241911 2.67117426
v -0.49228377 -0.95758360 2.78572565
v -0.49337390 -0.95969145 2.78126214
v -0.48927138 -0.96217535 2.77966394
v -0.48564570 -0.96160261 2.78313989
v -0.48750750 -0.95876470 2.78688653
v -0.49228377 -0.95758360 2.78572565
v -0.53009558 -1.18276990 2.86388727
v -0.53009558 -1.18276990 2.86388727
v -0.53009558 -1.18276990 2.86388727
v -0.33724998 -0.68677000 2.58925562
v -0.35163699 -0.68914709 2.59148523
v -0.51201808 -0.96200865 2.52366480
v -0.34444099 -0.67467368 2.58186945
v -0.33724998 -0.68677000 2.58925562
v -0.51201808 -0.96200865 2.52366480
v -0.36022449 -0.70487891 2.61209131
v -0.35984691 -0.71837096 2.60802820
v -0.25848339 -0.95548574 2.77494226
v -0.35292590 -0.70460562 2.59877649
v -0.36022449 -0.70487891 2.61209131
v -0.25848339 -0.95548574 2.77494226
v -0.37454600 -0.72907011 2.61612818
v -0.36879218 -0.73484381 2.62701288
v -0.49777350 -0.78798887 2.88623529
v -0.36209109 -0.72159895 2.61805414
v -0.37454600 -0.72907011 2.61612818
v -0.49777350 -0.78798887 2.88623529
v 0.55033900 0.35956187 2.33702296
v 0.49409560 0.27350549 2.25296260
v 0.55456050 0.36490970 2.33038600
v 0.49816649 0.27834180 2.24310969
v 0.54914820 0.37259299 2.32892222
v 0.48961989 0.28486909 2.23848445
v 0.54158179 0.37199390 2.33465464
v 0.48026698 0.28406690 2.24547877
v 0.54231768 0.36394008 2.33966105
v 0.48303309 0.27704379 2.25442683
v 0.55033900 0.35956187 2.33702296
v 0.49409560 0.27350549 2.25296260
v 0.63294898 0.47573279 2.46187296
v 0.63634928 0.47997210 2.45697413
v 0.63237208 0.48605029 2.45609659
v 0.62651370 0.48556758 2.46045313
v 0.62687029 0.47919108 2.46402308
v 0.63294898 0.47573279 2.46187296
v 0.72855727 0.61201918 2.60707514
v 0.73051352 0.61444319 2.60300959
v 0.72701781 0.61778739 2.60132776
v 0.72290129 0.61743010 2.60435388
v 0.72385268 0.61386519 2.60790583
v 0.72855727 0.61201918 2.60707514
v 0.79154112 0.81997686 2.71921289
v 0.79154112 0.81997686 2.71921289
v 0.79154112 0.81997686 2.71921289
v 0.55646937 0.39234828 2.35867533
v 0.57086199 0.39201270 2.36268794
v 0.78088698 0.64344161 2.34787074
v 0.56263961 0.37998569 2.35040705
v 0.55646937 0.39234828 2.35867533
v 0.78088698 0.64344161 2.34787074
v 0.57931918 0.40377898 2.38625956
v 0.58153559 0.41770011 2.38397089
v 0.49722689 0.65076720 2.57218683
v 0.57365180 0.40628669 2.37217677
v 0.57931918 0.40377898 2.38625956
v 0.49722689 0.65076720 2.57218683
v 0.59681288 0.42488780 2.39499644
v 0.59066149 0.43032870 2.40605830
v 0.69539351 0.43117747 2.68530451
v 0.58304137 0.41936069 2.39464869
v 0.59681288 0.42488780 2.39499644
v 0.69539351 0.43117747 2.68530451
v 0.18469740 -0.66682051 2.25009547
v 0.15121609 -0.56451960 2.17237407
v 0.18626140 -0.67302100 2.24305735
v 0.15245209 -0.57008979 2.16215526
v 0.19563640 -0.67340987 2.24151286
v 0.16283319 -0.56711157 2.15764506
v 0.19986660 -0.66744978 2.24759654
v 0.16801319 -0.55970069 2.16507655
v 0.19310590 -0.66337721 2.25290080
v 0.16083339 -0.55809878 2.17417964
v 0.18469740 -0.66682051 2.25009547
v 0.15121609 -0.56451960 2.17237407
v 0.22583629 -0.81086851 2.36606532
v 0.22704500 -0.81584829 2.36084528
v 0.23427520 -0.81641218 2.35988978
v 0.23753519 -0.81178091 2.36451930
v 0.23231960 -0.80835478 2.36833598
v 0.22583629 -0.81086851 2.36606532
v 0.27489669 -0.97875608 2.50091211
v 0.27557329 -0.98153524 2.49666514
v 0.28035100 -0.98074514 2.49500147
v 0.28262719 -0.97747755 2.49822016
v 0.27925630 -0.97624830 2.50187327
v 0.27489669 -0.97875608 2.50091211
v 0.40027671 -1.16311040 2.60118311
v 0.40027671 -1.16311040 2.60118311
v 0.40027671 -1.16311040 2.60118311
v 0.20683189 -0.69314482 2.27003840
v 0.19771099 -0.70448851 2.27341365
v 0.26583259 -1.02330579 2.23858744
v 0.19325199 -0.68987418 2.26203578
v 0.20683189 -0.69314482 2.27003840
v 0.26583259 -1.02330579 2.23858744
v 0.20188520 -0.71981901 2.29605845
v 0.21145570 -0.72998869 2.29308573
v 0.44790500 -0.81877852 2.47479456
v 0.20727329 -0.71604788 2.28215266
v 0.20188520 -0.71981901 2.29605845
v 0.44790500 -0.81877852 2.47479456
v 0.20774770 -0.74708815 2.30310038
v 0.21588710 -0.74628416 2.31418315
v 0.15354860 -0.84618711 2.58811914
v 0.21189470 -0.73284819 2.30360301
v 0.20774770 -0.74708815 2.30310038
v 0.15354860 -0.84618711 2.58811914
v -0.54590438 0.17989750 2.15777080
v -0.43217929 0.16661470 2.08960155
v -0.55159789 0.18078800 2.15016276
v -0.43689040 0.16745660 2.07887385
v -0.55565219 0.17230829 2.14850429
v -0.43802798 0.15659549 2.07454631
v -0.55246409 0.16617689 2.15508738
v -0.43401999 0.14904100 2.08259944
v -0.54643969 0.17086740 2.16081447
v -0.43040530 0.15523329 2.09190410
v -0.54590438 0.17989750 2.15777080
v -0.43217929 0.16661470 2.08960155
v -0.70414412 0.20429510 2.26033900
v -0.70873457 0.20506639 2.25466136
v -0.71212225 0.19864111 2.25359385
v -0.70962569 0.19389869 2.25861170
v -0.70469481 0.19739309 2.26278041
v -0.70414412 0.20429510 2.26033885
v -0.88900030 0.23170099 2.37955653
v -0.89144850 0.23209089 2.37505473
v -0.89253736 0.22734100 2.37342249
v -0.89076200 0.22401540 2.37691554
v -0.88857595 0.22671009 2.38070658
v -0.88900030 0.23170099 2.37955653
v -1.11710927 0.19486040 2.46207987
v -1.11710927 0.19486040 2.46207987
v -1.11710927 0.19486040 2.46207987
v -0.58068907 0.17092180 2.17514110
v -0.58760378 0.18400610 2.17756831
v -0.90342268 0.25056110 2.11340068
v -0.57146628 0.18180360 2.16755244
v -0.58068907 0.17092180 2.17514110
v -0.90342268 0.25056110 2.11340068
v -0.60524619 0.18708879 2.19878428
v -0.61818377 0.18237680 2.19481349
v -0.81146765 0.00712010 2.36641978
v -0.60281230 0.18020830 2.18517894
v -0.60524619 0.18708879 2.19878428
v -0.81146765 0.00712010 2.36641978
v -0.63313429 0.19303930 2.20331187
v -0.63667929 0.18557230 2.21439326
v -0.72590346 0.29140539 2.47972513
v -0.62187640 0.18344589 2.20506434
v -0.63313429 0.19303930 2.20331187
v -0.72590346 0.29140539 2.47972513
v 0.57261069 -0.40417701 1.78465664
v 0.46659129 -0.34784301 1.72199367
v 0.57734347 -0.40680320 1.77660732
v 0.47027087 -0.34995139 1.71083401
v 0.58419680 -0.40016521 1.77485912
v 0.47510650 -0.33989841 1.70658260
v 0.58369959 -0.39343658 1.78182812
v 0.47441539 -0.33157680 1.71511456
v 0.57653899 -0.39591598 1.78788326
v 0.46915278 -0.33648689 1.72463909
v 0.57261069 -0.40417701 1.78465664
v 0.46659129 -0.34784301 1.72199367
v 0.71832190 -0.48846000 1.87956600
v 0.72213866 -0.49064479 1.87353847
v 0.72763945 -0.48573649 1.87238842
v 0.72722235 -0.48051829 1.87770519
v 0.72146376 -0.48220149 1.88214107
v 0.71832190 -0.48846000 1.87956600
v 0.88891371 -0.58585787 1.98984828
v 0.89089125 -0.58694819 1.98513866
v 0.89357809 -0.58277560 1.98351085
v 0.89326116 -0.57910639 1.98721462
v 0.89037840 -0.58101149 1.99113109
v 0.88891371 -0.58585787 1.98984828
v 1.12223371 -0.63661269 2.06171428
v 1.12223371 -0.63661269 2.06171428
v 1.12223371 -0.63661269 2.06171428
v 0.60962557 -0.40890807 1.80053417
v 0.61152918 -0.42391761 1.80237316
v 0.88381842 -0.59912058 1.71865322
v 0.59658537 -0.41560981 1.79313961
v 0.60962557 -0.40890807 1.80053417
v 0.88381842 -0.59912058 1.71865322
v 0.62808047 -0.43402068 1.82287166
v 0.64188017 -0.43409080 1.81821850
v 0.89652319 -0.34419910 1.98496089
v 0.62766749 -0.42610690 1.80932918
v 0.62808047 -0.43402068 1.82287166
v 0.89652319 -0.34419910 1.98496089
v 0.65255362 -0.44993899 1.82582058
v 0.65912566 -0.44454928 1.83700786
v 0.71707556 -0.58711848 2.09934550
v 0.64545012 -0.43682269 1.82839657
v 0.65255362 -0.44993899 1.82582058
v 0.71707556 -0.58711848 2.09934550
v -0.40540771 -0.28709720 1.79136455
v -0.32615749 -0.21067359 1.70980099
v -0.41110908 -0.29072589 1.78424862
v -0.33158298 -0.21358669 1.69941021
v -0.40785171 -0.29971620 1.78204082
v -0.32490508 -0.22204530 1.69395611
v -0.40013709 -0.30164378 1.78779232
v -0.31535270 -0.22436000 1.70097607
v -0.39862670 -0.29384479 1.79355465
v -0.31612670 -0.21733190 1.71076870
v -0.40540771 -0.28709720 1.79136455
v -0.32615749 -0.21067359 1.70980099
v -0.51898509 -0.38931270 1.91334011
v -0.52355658 -0.39220260 1.90807338
v -0.52128108 -0.39925300 1.90662303
v -0.51530318 -0.40072040 1.91099346
v -0.51388419 -0.39457698 1.91514476
v -0.51898509 -0.38931270 1.91334011
v -0.65093611 -0.50948748 2.05510219
v -0.65356772 -0.51103858 2.05079021
v -0.65102126 -0.51518328 2.04872585
v -0.64681586 -0.51619380 2.05176204
v -0.64676329 -0.51267360 2.05570277
v -0.65093611 -0.50948748 2.05510219
v -0.77035025 -0.70711531 2.15674846
v -0.77035025 -0.70711531 2.15674846
v -0.77035025 -0.70711531 2.15674846
v -0.42043830 -0.31960639 1.81138164
v -0.43463790 -0.31563520 1.81589687
v -0.71281432 -0.50615359 1.78742382
v -0.42320460 -0.30501239 1.80394039
v -0.42043830 -0.31960639 1.81138164
v -0.71281432 -0.50615359 1.78742382
v -0.44618098 -0.32681171 1.83949459
v -0.45223128 -0.33982940 1.83617077
v -0.43176440 -0.60868739 2.01053798
v -0.44130149 -0.32975990 1.82467861
v -0.44618098 -0.32681171 1.83949459
v -0.43176440 -0.60868739 2.01053798
v -0.46935138 -0.34361999 1.84736919
v -0.46468360 -0.35156230 1.85819500
v -0.56777129 -0.34534728 2.14806727
v -0.45413711 -0.34189201 1.84707210
v -0.46935138 -0.34361999 1.84736919
v -0.56777129 -0.34534728 2.14806727
v -0.19376169 0.39980319 1.62138073
v -0.07900920 0.32562610 1.61751324
v -0.19523590 0.40002311 1.61170422
v -0.07850470 0.32441581 1.60553463
v -0.20188819 0.39318568 1.60950115
v -0.08280220 0.31351878 1.60270886
v -0.20452539 0.38874000 1.61781597
v -0.08596269 0.30799419 1.61294079
v -0.19950300 0.39282989 1.62515804
v -0.08361850 0.31547700 1.62209042
v -0.19376169 0.39980319 1.62138073
v -0.07900920 0.32562610 1.61751324
v -0.35363498 0.51096228 1.63278439
v -0.35497169 0.51134101 1.62538220
v -0.36034801 0.50633269 1.62372891
v -0.36233398 0.50285880 1.63010922
v -0.35818507 0.50571997 1.63570568
v -0.35363498 0.51096228 1.63278439
v -0.54067420 0.63962420 1.64572842
v -0.54083960 0.63931220 1.64046826
v -0.54331168 0.63483809 1.63917858
v -0.54467417 0.63238490 1.64364163
v -0.54304408 0.63534289 1.64768948
v -0.54067420 0.63962420 1.64572842
v -0.77946997 0.71271559 1.61437664
v -0.77946997 0.71271559 1.61437664
v -0.77946997 0.71271559 1.61437664
v -0.23352640 0.40951350 1.62136242
v -0.23422189 0.42456740 1.61827053
v -0.44343528 0.57238047 1.39842450
v -0.21795469 0.41363898 1.61746227
v -0.23352640 0.40951350 1.62136242
v -0.44343528 0.57238047 1.39842450
v -0.25557840 0.44057078 1.62821881
v -0.26705390 0.43943809 1.61910183
v -0.57392577 0.40501967 1.70434795
v -0.25155569 0.42893298 1.61825833
v -0.25557840 0.44057078 1.62821881
v -0.57392577 0.40501967 1.70434795
v -0.27787370 0.45711039 1.61789364
v -0.28845310 0.45528930 1.62716046
v -0.41481818 0.67099326 1.80534389
v -0.27352659 0.44512118 1.62630856
v -0.27787370 0.45711039 1.61789364
v -0.41481818 0.67099326 1.80534389
v 0.09986220 -0.50057799 1.29084500
v 0.05095840 -0.37908088 1.23956845
v 0.10124990 -0.50506980 1.28193540
v 0.05166670 -0.38216491 1.22758031
v 0.11100779 -0.50430678 1.27955144
v 0.06199810 -0.37712661 1.22293195
v 0.11565079 -0.49934340 1.28698651
v 0.06767490 -0.37092879 1.23204724
v 0.10876250 -0.49703891 1.29396680
v 0.06085200 -0.37213660 1.24232930
v 0.09986220 -0.50057799 1.29084500
v 0.05095840 -0.37908088 1.23956845
v 0.16300020 -0.67377272 1.37019803
v 0.16410459 -0.67749129 1.36348965
v 0.17166860 -0.67723219 1.36182507
v 0.17523889 -0.67335349 1.36750485
v 0.16988149 -0.67121535 1.37267941
v 0.16300020 -0.67377272 1.37019803
v 0.23773069 -0.87546026 1.46227643
v 0.23822599 -0.87720495 1.45716397
v 0.24305540 -0.87558432 1.45530011
v 0.24554500 -0.87283796 1.45926037
v 0.24225419 -0.87276129 1.46357190
v 0.23773069 -0.87546026 1.46227643
v 0.39070140 -1.07914014 1.50899792
v 0.39070140 -1.07914014 1.50899792
v 0.39070140 -1.07914014 1.50899792
v 0.12668270 -0.53070357 1.30296994
v 0.11810130 -0.54394408 1.30423810
v 0.20673740 -0.85695875 1.18255384
v 0.11143090 -0.52649249 1.29660657
v 0.12668270 -0.53070357 1.30296994
v 0.20673740 -0.85695875 1.18255384
v 0.12555830 -0.56494609 1.32326749
v 0.13600640 -0.57385420 1.31692212
v 0.40748900 -0.69036322 1.46310742
v 0.12971110 -0.55718119 1.30955548
v 0.12555830 -0.56494609 1.32326749
v 0.40748900 -0.69036322 1.46310742
v 0.13410390 -0.59419867 1.32313626
v 0.14365229 -0.59544207 1.33410016
v 0.10960430 -0.77105818 1.59444454
v 0.13762150 -0.57935908 1.32695310
v 0.13410390 -0.59419867 1.32313626
v 0.10960430 -0.77105818 1.59444454
v -0.41354381 -0.03437080 1.24279981
v -0.28758199 0.01970460 1.21251905
v -0.41648639 -0.03573370 1.23328214
v -0.28867149 0.01913060 1.20020536
v -0.41498309 -0.04539020 1.23091764
v -0.28257509 0.00909800 1.19629041
v -0.41111140 -0.04999550 1.23897374
v -0.27771789 0.00347150 1.20618459
v -0.41022189 -0.04318510 1.24631734
v -0.28081239 0.01002670 1.21621450
v -0.41354381 -0.03437080 1.24279981
v -0.28758199 0.01970460 1.21251905
v -0.59435500 -0.10502450 1.29222012
v -0.59689959 -0.10612190 1.28499906
v -0.59609099 -0.11362270 1.28329404
v -0.59304667 -0.11716099 1.28946134
v -0.59197367 -0.11184700 1.29497785
v -0.59435500 -0.10502450 1.29222012
v -0.80481299 -0.18849710 1.34943036
v -0.80569311 -0.18894970 1.34410748
v -0.80361601 -0.19367149 1.34246365
v -0.80145186 -0.19613729 1.34677060
v -0.80219175 -0.19293939 1.35107632
v -0.80481299 -0.18849710 1.34943036
v -1.00699995 -0.34915580 1.36053616
v -1.00699995 -0.34915580 1.36053616
v -1.00699995 -0.34915580 1.36053616
v -0.44412448 -0.06242170 1.24951894
v -0.45768779 -0.05435490 1.24876103
v -0.74298262 -0.15131570 1.07732648
v -0.43953868 -0.04693540 1.24414456
v -0.44412448 -0.06242170 1.24951894
v -0.74298262 -0.15131570 1.07732648
v -0.48112719 -0.06291300 1.26402226
v -0.48848399 -0.07351850 1.25619214
v -0.61628638 -0.35129901 1.37759930
v -0.47112979 -0.06650570 1.25170590
v -0.48112719 -0.06291300 1.26402226
v -0.61628638 -0.35129901 1.37759930
v -0.50957930 -0.07246170 1.25906919
v -0.51219668 -0.08224809 1.26953290
v -0.72806235 -0.05970280 1.49821270
v -0.49544829 -0.07552440 1.26516446
v -0.50957930 -0.07246170 1.25906919
v -0.72806235 -0.05970280 1.49821270
v 0.03994360 0.39569980 1.18287740
v 0.09761450 0.28721639 1.11318204
v 0.03795420 0.40134128 1.17471830
v 0.09634229 0.29197719 1.10174688
v 0.02819310 0.40010200 1.17236478
v 0.08630319 0.28679170 1.09651494
v 0.02414970 0.39369460 1.17906926
v 0.08137080 0.27882619 1.10471670
v 0.03141190 0.39097381 1.18556646
v 0.08836160 0.27908859 1.11501745
v 0.03994360 0.39569980 1.18287740
v 0.09761450 0.28721639 1.11318204
v -0.03552760 0.54998378 1.28835431
v -0.03711300 0.55455950 1.28226224
v -0.04470220 0.55390071 1.28067014
v -0.04780730 0.54891780 1.28577847
v -0.04213710 0.54649710 1.29052762
v -0.03552760 0.54998378 1.28835431
v -0.12462949 0.72959425 1.41087369
v -0.12540080 0.73203322 1.40606381
v -0.13014660 0.73029051 1.40403455
v -0.13230830 0.72677466 1.40759030
v -0.12889849 0.72634436 1.41181699
v -0.12462949 0.72959425 1.41087369
v -0.29334359 0.91116705 1.48967892
v -0.29334359 0.91116705 1.48967892
v -0.29334359 0.91116705 1.48967892
v 0.01092640 0.42142650 1.19976659
v 0.01844870 0.43507838 1.20288884
v -0.09927760 0.75522421 1.12992917
v 0.02637130 0.41950500 1.19261838
v 0.01092640 0.42142650 1.19976659
v -0.09927760 0.75522421 1.12992917
v 0.00973800 0.45241588 1.22501805
v -0.00161620 0.46127318 1.22018384
v -0.27913110 0.53174098 1.38631070
v 0.00587350 0.44639918 1.21029737
v 0.00973800 0.45241588 1.22501805
v -0.27913110 0.53174098 1.38631070
v -0.00123740 0.48065337 1.22936574
v -0.01061200 0.47944770 1.24056447
v 0.01560560 0.61774329 1.52485547
v -0.00343010 0.46510238 1.23098775
v -0.00123740 0.48065337 1.22936574
v 0.01560560 0.61774329 1.52485547
v 0.41853549 0.06948620 1.18887601
v 0.31614188 -0.02026740 1.15380330
v 0.42123199 0.07183430 1.17946126
v 0.31740699 -0.01919750 1.14151960
v 0.41690940 0.08061410 1.17708394
v 0.30864389 -0.01144540 1.13742734
v 0.41154147 0.08369240 1.18502958
v 0.30196288 -0.00772420 1.14718198
v 0.41254649 0.07681490 1.19231740
v 0.30659690 -0.01317660 1.15730291
v 0.41853549 0.06948620 1.18887601
v 0.31614188 -0.02026740 1.15380330
v 0.56746230 0.19158840 1.24514997
v 0.56978598 0.19352630 1.23801847
v 0.56676619 0.20045429 1.23631650
v 0.56257621 0.20279830 1.24239629
v 0.56300639 0.19731889 1.24785565
v 0.56746230 0.19158840 1.24514997
v 0.74043875 0.33489269 1.31034131
v 0.74131277 0.33567569 1.30504697
v 0.73793646 0.33956439 1.30334836
v 0.73497580 0.34118468 1.30759290
v 0.73652235 0.33829749 1.31191464
v 0.74043875 0.33489269 1.31034131
v 0.88332472 0.54994178 1.32943631
v 0.88332472 0.54994178 1.32943631
v 0.88332472 0.54994178 1.32943631
v 0.43882880 0.10551120 1.19682531
v 0.45425460 0.10199670 1.19651700
v 0.70187720 0.28462980 1.03559591
v 0.43939548 0.08942310 1.19121144
v 0.43882880 0.10551120 1.19682531
v 0.70187720 0.28462980 1.03559591
v 0.47345538 0.11711690 1.21267217
v 0.47746150 0.12960499 1.20514646
v 0.50986968 0.43177989 1.33250470
v 0.46323008 0.11766110 1.20000150
v 0.47345538 0.11711700 1.21267217
v 0.50986968 0.43177989 1.33250470
v 0.49778968 0.13502960 1.20877835
v 0.49693271 0.14500220 1.21938985
v 0.70202475 0.18628089 1.45592908
v 0.48318587 0.13351790 1.21438604
v 0.49778968 0.13502960 1.20877835
v 0.70202475 0.18628089 1.45592908
v 0.17690109 -0.14366160 2.98490014
v 0.17595810 -0.08662440 2.86914575
v 0.16953140 -0.13922750 2.98828515
v 0.16688440 -0.08001370 2.87098321
v 0.16221830 -0.14482430 2.98749352
v 0.15788029 -0.08496730 2.86610498
v 0.16506830 -0.15271750 2.98361993
v 0.16138900 -0.09463950 2.86125238
v 0.17414280 -0.15199890 2.98201684
v 0.17256179 -0.09566370 2.86313165
v 0.17690109 -0.14366160 2.98490014
v 0.17595810 -0.08662440 2.86914575
v 0.18649370 -0.22391529 3.15035546
v 0.18089090 -0.22059879 3.15321221
v 0.17533340 -0.22502359 3.15291772
v 0.17750150 -0.23107479 3.14987908
v 0.18439899 -0.23038980 3.14829552
v 0.18649370 -0.22391529 3.15035546
v 0.19673109 -0.31803769 3.34301567
v 0.19272499 -0.31532989 3.34419426
v 0.18869260 -0.31777980 3.34261009
v 0.19020670 -0.32200160 3.34045311
v 0.19517480 -0.32216090 3.34070397
v 0.19673109 -0.31803769 3.34301567
v 0.12929640 -0.44138640 3.53458030
v 0.12929640 -0.44138640 3.53458030
v 0.12929640 -0.44138640 3.53458030
v 0.16818119 -0.16789779 3.01370751
v 0.17330721 -0.16173919 3.02582024
v 0.01778800 -0.13549550 3.30273766
v 0.17277769 -0.15364430 3.00917535
v 0.16818119 -0.16789779 3.01370751
v 0.01778800 -0.13549550 3.30273766
v 0.18124490 -0.17676559 3.04665673
v 0.17017450 -0.17998100 3.05438317
v 0.10928210 -0.45021590 3.17573479
v 0.16957000 -0.17225839 3.03847527
v 0.18124490 -0.17676559 3.04665673
v 0.10928210 -0.45021590 3.17573479
v 0.17451570 -0.18099510 3.07346459
v 0.17665849 -0.19403629 3.07560418
v 0.37068790 -0.30972638 3.25716515
v 0.17602220 -0.18659290 3.06025658
v 0.17451570 -0.18099510 3.07346459
v 0.37068790 -0.30972638 3.25716515
v -0.07676760 -0.07055380 3.00963098
v -0.01402280 -0.09008529 2.89866174
v -0.06985160 -0.06623170 3.01396813
v -0.00425030 -0.08517540 2.90176690
v -0.07141020 -0.05714040 3.01347375
v -0.00405540 -0.07467510 2.89741327
v -0.07928960 -0.05584370 3.00883019
v -0.01370740 -0.07309540 2.89161706
v -0.08260070 -0.06413360 3.00645562
v -0.01986760 -0.08261940 2.89238885
v -0.07676760 -0.07055380 3.00963098
v -0.01402280 -0.09008529 2.89866174
v -0.16906139 -0.05052630 3.16757653
v -0.16388069 -0.04722980 3.17115166
v -0.16524839 -0.04025760 3.17106865
v -0.17127439 -0.03924510 3.16744195
v -0.17363090 -0.04559150 3.16528405
v -0.16906139 -0.05052630 3.16757653
v -0.27670369 -0.02607050 3.35153221
v -0.27261329 -0.02382440 3.35325279
v -0.27279230 -0.01904590 3.35188408
v -0.27699350 -0.01833890 3.34931725
v -0.27941089 -0.02268030 3.34909935
v -0.27670369 -0.02607050 3.35153221
v -0.37490848 0.08069150 3.53953972
v -0.37490848 0.08069150 3.53953972
v -0.37490848 0.08069150 3.53953972
v -0.09721190 -0.05314490 3.03738702
v -0.09532389 -0.06112750 3.04936089
v -0.02998360 0.05064620 3.34034142
v -0.08621740 -0.06353800 3.03343316
v -0.09721190 -0.05314490 3.03738702
v -0.02998360 0.05064620 3.34034142
v -0.11434910 -0.06230790 3.06830071
v -0.11296980 -0.05141120 3.07676873
v -0.33693328 0.12058369 3.18449822
v -0.10423430 -0.05362140 3.06155450
v -0.11434910 -0.06230790 3.06830071
v -0.33693328 0.12058369 3.18449822
v -0.11778660 -0.05575430 3.09524712
v -0.13051639 -0.05176910 3.09628991
v -0.33937110 -0.17969579 3.25090569
v -0.12207100 -0.05385100 3.08161523
v -0.11778660 -0.05575430 3.09524712
v -0.33937110 -0.17969579 3.25090569
v 0.14208379 0.14622059 3.00965447
v 0.09695370 0.09705800 2.89917169
v 0.14293090 0.13815489 3.01409234
v 0.09707420 0.08615110 2.90241021
v 0.15179070 0.13555580 3.01362847
v 0.10643070 0.08130990 2.89811090
v 0.15641929 0.14201510 3.00890435
v 0.11209269 0.08922479 2.89221521
v 0.15042010 0.14860630 3.00644799
v 0.10623560 0.09895770 2.89287072
v 0.14208379 0.14622059 3.00965447
v 0.09695370 0.09705800 2.89917169
v 0.20064250 0.22229619 3.16683434
v 0.20133010 0.21623239 3.17048546
v 0.20820039 0.21439760 3.17042473
v 0.21175899 0.21932739 3.16673607
v 0.20708789 0.22420900 3.16451714
v 0.20064250 0.22229619 3.16683434
v 0.26992669 0.31053769 3.34990257
v 0.27014890 0.30589349 3.35168083
v 0.27452449 0.30393840 3.35033409
v 0.27700649 0.30737449 3.34772392
v 0.27416490 0.31145309 3.34745720
v 0.26992669 0.31053769 3.34990257
v 0.40907340 0.35417701 3.53756340
v 0.40907340 0.35417701 3.53756340
v 0.40907340 0.35417701 3.53756340
v 0.16672041 0.15728570 3.03730431
v 0.15871250 0.15923910 3.04926507
v 0.23049499 0.05485980 3.34175896
v 0.15254389 0.15191950 3.03341027
v 0.16672041 0.15728570 3.03730431
v 0.23049499 0.05485980 3.34175896
v 0.16601040 0.17709049 3.06800866
v 0.17520219 0.17116380 3.07655602
v 0.42827159 0.29825330 3.18287194
v 0.16937679 0.16409839 3.06141198
v 0.16601040 0.17709049 3.06800866
v 0.42827159 0.29825330 3.18287194
v 0.17341270 0.17762430 3.09497308
v 0.18259010 0.18733160 3.09590111
v 0.15932900 0.43318198 3.24771447
v 0.17700740 0.18047710 3.08129510
v 0.17341270 0.17762430 3.09497308
v 0.15932900 0.43318198 3.24771447
v -0.01046580 -0.23074340 2.88962732
v 0.04341740 -0.19199840 2.77704370
v -0.00977140 -0.22249610 2.89400018
v 0.04536830 -0.18108020 2.78015985
v -0.01809420 -0.21824270 2.89349115
v 0.03696490 -0.17455909 2.77573450
v -0.02393230 -0.22386119 2.88880426
v 0.02982040 -0.18144720 2.76988336
v -0.01921770 -0.23158710 2.88641626
v 0.03380830 -0.19222530 2.77069238
v -0.01046580 -0.23074340 2.88962732
v 0.04341740 -0.19199840 2.77704370
v -0.08266670 -0.29303270 3.04988824
v -0.08219430 -0.28681810 3.05349419
v -0.08868160 -0.28369510 3.05340447
v -0.09316340 -0.28797960 3.04974389
v -0.08944600 -0.29375049 3.04757043
v -0.08266670 -0.29303270 3.04988824
v -0.16776540 -0.36501460 3.23653923
v -0.16710359 -0.36032741 3.23827019
v -0.17108999 -0.35757541 3.23687737
v -0.17421560 -0.36056190 3.23428582
v -0.17216089 -0.36515960 3.23407677
v -0.16776540 -0.36501460 3.23653923
v -0.31391229 -0.37935958 3.42717064
v -0.31391229 -0.37935958 3.42717064
v -0.31391229 -0.37935958 3.42717064
v -0.03698830 -0.23668539 2.91778375
v -0.02935920 -0.23996700 2.92992273
v -0.08022919 -0.11829320 3.22448479
v -0.02188290 -0.23408569 2.91376214
v -0.03698830 -0.23668539 2.91778375
v -0.08022919 -0.11829320 3.22448479
v -0.03994210 -0.25606750 2.94916436
v -0.04794150 -0.24830970 2.95772882
v -0.32340591 -0.32530639 3.06724541
v -0.04085260 -0.24260589 2.94229211
v -0.03994210 -0.25606750 2.94916436
v -0.32340591 -0.32530639 3.06724541
v -0.04733250 -0.25480369 2.97647088
v -0.05829380 -0.26270980 2.97755487
v -0.08121850 -0.50940459 3.13491753
v -0.05148480 -0.25716190 2.96266564
v -0.04733250 -0.25480369 2.97647088
v -0.08121850 -0.50940459 3.13491753
v -0.06513810 0.16506090 2.86685022
v -0.06179870 0.09589599 2.75578577
v -0.05888840 0.15985030 2.87150537
v -0.05405630 0.08808800 2.75927972
v -0.05059850 0.16420679 2.87108575
v -0.04377060 0.09111049 2.75501489
v -0.05172470 0.17211000 2.86617151
v -0.04515620 0.10078650 2.74888513
v -0.06071070 0.17263790 2.86355371
v -0.05629820 0.10374409 2.74936151
v -0.06513810 0.16506090 2.86685022
v -0.06179870 0.09589599 2.75578577
v -0.07832830 0.26393760 3.02473931
v -0.07359700 0.26006029 3.02855798
v -0.06730020 0.26357429 3.02853204
v -0.06813970 0.26962339 3.02469750
v -0.07495540 0.26984790 3.02235345
v -0.07832830 0.26393760 3.02473931
v -0.09264730 0.37959739 3.20864068
v -0.08923150 0.37639880 3.21053307
v -0.08464850 0.37804629 3.20920586
v -0.08523180 0.38226298 3.20649346
v -0.09017540 0.38322169 3.20614403
v -0.09264730 0.37959739 3.20864068
v -0.02469350 0.51217978 3.39806297
v -0.02469350 0.51217978 3.39806297
v -0.02469350 0.51217978 3.39806297
v -0.05538770 0.19088810 2.89467035
v -0.06275690 0.18682159 2.90675866
v 0.05922300 0.16557090 3.20531701
v -0.06186690 0.17692089 2.89082544
v -0.05538770 0.19088810 2.89467035
v 0.05922300 0.16557090 3.20531701
v -0.07029740 0.20522439 2.92541711
v -0.05953860 0.20751819 2.93419763
v 0.03353690 0.48013419 3.03954766
v -0.05858780 0.19805450 2.91898034
v -0.07029740 0.20522439 2.92541711
v 0.03353690 0.48013419 3.03954766
v -0.06564950 0.21121099 2.95274499
v -0.06583340 0.22476739 2.95349908
v -0.25833969 0.38936748 3.10266412
v -0.06486200 0.21563600 2.93882287
v -0.06564950 0.21121099 2.95274499
v -0.25833969 0.38936748 3.10266412
v 0.38757808 -0.03513000 2.86455621
v 0.31031179 -0.00326160 2.76388788
v 0.38067710 -0.03730640 2.87051141
v 0.30026990 -0.00528340 2.76919000
v 0.37971809 -0.04662860 2.87055047
v 0.29649379 -0.01565350 2.76583734
v 0.38602649 -0.05021370 2.86461938
v 0.30420200 -0.02004080 2.75846338
v 0.39088409 -0.04310720 2.86091485
v 0.31274190 -0.01238210 2.75725885
v 0.38757808 -0.03513000 2.86455621
v 0.31031179 -0.00326160 2.76388788
v 0.50243857 -0.07370910 3.00660180
v 0.49731879 -0.07538460 3.01139214
v 0.49680777 -0.08256930 3.01168572
v 0.50161189 -0.08533430 3.00707665
v 0.50509188 -0.07985840 3.00393426
v 0.50243857 -0.07370910 3.00660180
v 0.63606467 -0.11978599 3.17211266
v 0.63189559 -0.12080280 3.17476769
v 0.63055617 -0.12557120 3.17380211
v 0.63389750 -0.12750149 3.17055047
v 0.63730189 -0.12392609 3.16950615
v 0.63606467 -0.11978599 3.17211266
v 0.74008742 -0.24353580 3.35073601
v 0.74008742 -0.24353580 3.35073601
v 0.74008742 -0.24353580 3.35073601
v 0.40821910 -0.05662380 2.88999444
v 0.41085700 -0.04785490 2.90152642
v 0.37697749 -0.12812299 3.21267418
v 0.39956821 -0.04363720 2.88713006
v 0.40821910 -0.05662380 2.88999444
v 0.37697749 -0.12812299 3.21267418
v 0.43320250 -0.05114430 2.91679284
v 0.43073588 -0.06108820 2.92643762
v 0.62266520 -0.28579530 3.00825158
v 0.41989341 -0.05713960 2.91270135
v 0.43320250 -0.05114430 2.91679284
v 0.62266520 -0.28579530 3.00825158
v 0.44016311 -0.05744620 2.94354333
v 0.45156360 -0.06475700 2.94262445
v 0.71608382 0.00938400 3.04693841
v 0.44107379 -0.06099170 2.92938378
v 0.44016311 -0.05744620 2.94354333
v 0.71608382 0.00938400 3.04693841
v -0.23694370 -0.01871090 2.63425257
v -0.17026809 -0.06679300 2.52998865
v -0.22945180 -0.01803340 2.64007074
v -0.15971559 -0.06694070 2.53504953
v -0.22650510 -0.00899180 2.64002680
v -0.15385629 -0.05746030 2.53147379
v -0.23217559 -0.00408130 2.63418146
v -0.16078769 -0.05145350 2.52420298
v -0.23862710 -0.01008800 2.63061273
v -0.17093080 -0.05722140 2.52328501
v -0.23694370 -0.01871090 2.63425257
v -0.17026809 -0.06679300 2.52998865
v -0.33817699 0.04404680 2.78158868
v -0.33259429 0.04460940 2.78628229
v -0.33054130 0.05162660 2.78652215
v -0.33485500 0.05540080 2.78197687
v -0.33957420 0.05071620 2.77892786
v -0.33817699 0.04404680 2.78158868
v -0.45568610 0.11824270 2.95325097
v -0.45125300 0.11835700 2.95581170
v -0.44893451 0.12280080 2.95476373
v -0.45193469 0.12543299 2.95155603
v -0.45610740 0.12261590 2.95062097
v -0.45568610 0.11824270 2.95325097
v -0.52681880 0.26313819 3.13686028
v -0.52681880 0.26313819 3.13686028
v -0.52681880 0.26313819 3.13686028
v -0.25202279 0.00701040 2.66055536
v -0.25615810 -0.00113090 2.67238306
v -0.19577440 0.07102380 2.98647790
v -0.24631320 -0.00772120 2.65746332
v -0.25202279 0.00701040 2.66055536
v -0.19577440 0.07102380 2.98647790
v -0.27713689 0.00690480 2.68852686
v -0.27226549 0.01623380 2.69817651
v -0.41194259 0.28015470 2.78567071
v -0.26278509 0.01000550 2.68393823
v -0.27713689 0.00690480 2.68852686
v -0.41194259 0.28015470 2.78567071
v -0.28186269 0.01462750 2.71583398
v -0.29162990 0.02432020 2.71520532
v -0.56653140 0.00733080 2.82947381
v -0.28244459 0.01834900 2.70147913
v -0.28186269 0.01462750 2.71583398
v -0.56653140 0.00733080 2.82947381
v 0.29798730 0.21414239 2.62619623
v 0.22303230 0.17895660 2.52233469
v 0.29492700 0.20730890 2.63206568
v 0.21775009 0.16985340 2.52746683
v 0.30136949 0.20030830 2.63203974
v 0.22313640 0.16007770 2.52392679
v 0.30841140 0.20281530 2.62615412
v 0.23174760 0.16313919 2.51660654
v 0.30632110 0.21136520 2.62254267
v 0.23168329 0.17480690 2.51562265
v 0.29798730 0.21414239 2.62619623
v 0.22303230 0.17895660 2.52233469
v 0.40281829 0.27252290 2.77291803
v 0.40058948 0.26740449 2.77765008
v 0.40570499 0.26217689 2.77790308
v 0.41109519 0.26406459 2.77332696
v 0.40931129 0.27045869 2.77024621
v 0.40281829 0.27252290 2.77291803
v 0.52568179 0.33963199 2.94386804
v 0.52361808 0.33572398 2.94645867
v 0.52635470 0.33151839 2.94542474
v 0.53010970 0.33282741 2.94219537
v 0.52969390 0.33784190 2.94123315
v 0.52568179 0.33963199 2.94386804
v 0.68752898 0.33171859 3.12706353
v 0.68752898 0.33171859 3.12706353
v 0.68752898 0.33171859 3.12706353
v 0.32789790 0.21484069 2.65240686
v 0.32286250 0.22250339 2.66421350
v 0.35726218 0.13625760 2.97882073
v 0.31224099 0.21706119 2.64935297
v 0.32789790 0.21484069 2.65240686
v 0.35726218 0.13625760 2.97882073
v 0.34020408 0.23695529 2.68022485
v 0.34598659 0.22819009 2.68990869
v 0.64491377 0.22120040 2.77648340
v 0.33586150 0.22289230 2.67572778
v 0.34020408 0.23695529 2.68022485
v 0.64491377 0.22120040 2.77648340
v 0.34934669 0.23744770 2.70751093
v 0.36258437 0.24121400 2.70681665
v 0.48283660 0.48995620 2.81932947
v 0.35282989 0.23605060 2.69314569
v 0.34934669 0.23744770 2.70751093
v 0.48283660 0.48995620 2.81932947
v 0.27590169 -0.39214217 2.64815302
v 0.26838640 -0.29561670 2.55769022
v 0.27174320 -0.38731498 2.65518671
v 0.26313379 -0.28773300 2.56452204
v 0.26265699 -0.39001979 2.65562799
v 0.25172740 -0.28780420 2.56200647
v 0.26119989 -0.39651858 2.64886682
v 0.24993049 -0.29573200 2.55361994
v 0.26938560 -0.39783038 2.64424707
v 0.26022630 -0.30056039 2.55095133
v 0.27590169 -0.39214217 2.64815302
v 0.26838640 -0.29561670 2.55769022
v 0.29468940 -0.53129939 2.77476861
v 0.29157749 -0.52778788 2.78036188
v 0.28468219 -0.53011698 2.78093256
v 0.28353238 -0.53506800 2.77569208
v 0.28971719 -0.53579879 2.77188287
v 0.29468940 -0.53129939 2.77476861
v 0.31544879 -0.69368346 2.92236352
v 0.31313899 -0.69053526 2.92566033
v 0.30809070 -0.69100821 2.92502282
v 0.30728059 -0.69444876 2.92133203
v 0.31182809 -0.69610228 2.91968835
v 0.31544879 -0.69368346 2.92236352
v 0.25338249 -0.86013197 3.08959893
v 0.25338249 -0.86013197 3.08959893
v 0.25338249 -0.86013197 3.08959893
v 0.26563890 -0.42274619 2.67122766
v 0.27578149 -0.42325271 2.68214777
v 0.21313739 -0.46142680 3.00103845
v 0.27429839 -0.40935767 2.66925562
v 0.26563890 -0.42274619 2.67122766
v 0.21313739 -0.46142680 3.00103845
v 0.28237819 -0.44716258 2.69427271
v 0.27292159 -0.44990237 2.70457391
v 0.14165459 -0.72479071 2.76484369
v 0.27140880 -0.43660739 2.69228510
v 0.28237819 -0.44716258 2.69427271
v 0.14165459 -0.72479071 2.76484369
v 0.28128040 -0.45937938 2.72023096
v 0.27866500 -0.47266391 2.71785272
v 0.45640880 -0.70264716 2.78166040
v 0.27715389 -0.45982860 2.70601434
v 0.28128040 -0.45937938 2.72023096
v 0.45640880 -0.70264716 2.78166040
v -0.05200840 0.30464540 2.43187220
v -0.05696930 0.21316730 2.33326411
v -0.04798570 0.29888290 2.43847147
v -0.05213530 0.20423570 2.33939921
v -0.03853140 0.30075460 2.43869471
v -0.04069740 0.20345510 2.33634165
v -0.03671090 0.30767389 2.43223337
v -0.03846260 0.21190429 2.32831675
v -0.04504020 0.31007859 2.42801707
v -0.04851910 0.21790670 2.32641474
v -0.05200840 0.30464540 2.43187220
v -0.05696930 0.21316730 2.33326411
v -0.05304200 0.43752578 2.57054010
v -0.05000960 0.43329120 2.57581873
v -0.04279980 0.43497340 2.57624598
v -0.04137630 0.44024768 2.57123102
v -0.04770630 0.44182521 2.56770472
v -0.05304200 0.43752578 2.57054010
v -0.05307750 0.59249179 2.73214563
v -0.05091050 0.58886420 2.73516077
v -0.04578850 0.58892939 2.73431970
v -0.04478990 0.59259707 2.73078455
v -0.04929480 0.59479869 2.72944086
v -0.05307750 0.59249179 2.73214563
v 0.03174180 0.74259932 2.91017175
v 0.03174180 0.74259932 2.91017175
v 0.03174180 0.74259932 2.91017175
v -0.03787160 0.33290958 2.45688792
v -0.04765240 0.33354461 2.46843744
v 0.03159270 0.34308429 2.79109827
v -0.04795600 0.32033019 2.45435618
v -0.03787160 0.33290958 2.45688792
v 0.03159270 0.34308429 2.79109827
v -0.05160760 0.35738528 2.48266596
v -0.04139390 0.35853870 2.49285715
v 0.11939600 0.61959788 2.56696344
v -0.04158770 0.34588290 2.47942728
v -0.05160760 0.35738528 2.48266596
v 0.11939600 0.61959788 2.56696344
v -0.04834700 0.36771751 2.50974268
v -0.04454970 0.38105880 2.50813593
v -0.20015579 0.62461829 2.59668787
v -0.04468470 0.36883430 2.49519343
v -0.04834700 0.36771751 2.50974268
v -0.20015579 0.62461829 2.59668787
v 0.52775428 -0.18309320 2.37837214
v 0.45949698 -0.11679330 2.28295558
v 0.52104487 -0.18225799 2.38525996
v 0.44987838 -0.11441950 2.28950999
v 0.51607169 -0.19052290 2.38559733
v 0.44147689 -0.12233340 2.28669978
v 0.51970748 -0.19646619 2.37891795
v 0.44590308 -0.12959830 2.27840861
v 0.52692767 -0.19187440 2.37445246
v 0.45704009 -0.12617429 2.27609461
v 0.52775428 -0.18309320 2.37837214
v 0.45949698 -0.11679330 2.28295558
v 0.63227129 -0.27325109 2.51224482
v 0.62730658 -0.27269819 2.51773752
v 0.62371287 -0.27917529 2.51824244
v 0.62645648 -0.28373130 2.51306193
v 0.63174590 -0.28006990 2.50935526
v 0.63227129 -0.27325109 2.51224482
v 0.75336691 -0.37925880 2.66827753
v 0.74934408 -0.37845088 2.67146723
v 0.74590956 -0.38227950 2.67072229
v 0.74780981 -0.38545379 2.66707208
v 0.75241858 -0.38358680 2.66556116
v 0.75336691 -0.37925880 2.66827753
v 0.81437986 -0.54500540 2.84254754
v 0.81437986 -0.54500540 2.84254754
v 0.81437986 -0.54500540 2.84254754
v 0.54013930 -0.21285709 2.40264216
v 0.54765517 -0.20615890 2.41398432
v 0.51418757 -0.27456260 2.73793054
v 0.53752349 -0.19688919 2.40037211
v 0.54013930 -0.21285709 2.40264216
v 0.51418757 -0.27456260 2.73793054
v 0.56852187 -0.21943410 2.42727610
v 0.56290259 -0.22787910 2.43762553
v 0.65069991 -0.52356879 2.50537760
v 0.55313620 -0.21907369 2.42464655
v 0.56852187 -0.21943410 2.42727610
v 0.65069991 -0.52356879 2.50537760
v 0.57504710 -0.22908479 2.45404978
v 0.58229579 -0.24086759 2.45203120
v 0.87078810 -0.29059270 2.52878061
v 0.57282809 -0.23240110 2.43952570
v 0.57504710 -0.22908479 2.45404978
v 0.87078810 -0.29059270 2.52878061
v -0.24006320 -0.39534259 2.38850230
v -0.15077140 -0.37015510 2.29075770
v -0.23592359 -0.38975459 2.39519602
v -0.14387570 -0.36278758 2.29702662
v -0.24070169 -0.38137179 2.39545405
v -0.14673600 -0.35165038 2.29404078
v -0.24779439 -0.38177890 2.38891978
v -0.15539950 -0.35213489 2.28592662
v -0.24739969 -0.39041328 2.38462321
v -0.15789349 -0.36357150 2.28389750
v -0.24006320 -0.39534259 2.38850230
v -0.15077140 -0.37015510 2.29075770
v -0.36711509 -0.43971339 2.52586329
v -0.36410098 -0.43553859 2.53121271
v -0.36798888 -0.42922900 2.53166391
v -0.37340598 -0.42950438 2.52659342
v -0.37286590 -0.43598418 2.52300852
v -0.36711509 -0.43971339 2.52586329
v -0.51565390 -0.49034697 2.68594843
v -0.51292228 -0.48716609 2.68902002
v -0.51460158 -0.48231490 2.68820703
v -0.51837100 -0.48249778 2.68463342
v -0.51902129 -0.48746188 2.68323755
v -0.51565390 -0.49034697 2.68594843
v -0.68663466 -0.45900538 2.86302392
v -0.68663466 -0.45900538 2.86302392
v -0.68663466 -0.45900538 2.86302392
v -0.27160299 -0.39110618 2.41331812
v -0.26920299 -0.40070018 2.42481699
v -0.30617099 -0.33138240 2.74821069
v -0.25643680 -0.39667098 2.41086314
v -0.27160299 -0.39110618 2.41331812
v -0.30617099 -0.33138240 2.74821069
v -0.29071069 -0.41214488 2.43877650
v -0.29513320 -0.40290309 2.44902643
v -0.59468058 -0.33366111 2.52128428
v -0.28293800 -0.39895259 2.43571909
v -0.29071069 -0.41214488 2.43877650
v -0.59468058 -0.33366111 2.52128428
v -0.30178949 -0.41256919 2.46578989
v -0.31564950 -0.41317920 2.46405649
v -0.49834719 -0.63898558 2.54912226
v -0.30388660 -0.40931411 2.45123301
v -0.30178949 -0.41256919 2.46578989
v -0.49834719 -0.63898558 2.54912226
v 0.40916968 0.15706609 2.14342448
v 0.32957309 0.16625259 2.03215480
v 0.40267768 0.15225979 2.14901057
v 0.31998260 0.16053970 2.03678966
v 0.40498290 0.14271539 2.14881312
v 0.32013561 0.14913470 2.03278957
v 0.41289958 0.14162280 2.14310512
v 0.32982101 0.14779879 2.02568263
v 0.41548720 0.15049209 2.13977473
v 0.33565368 0.15837829 2.02529018
v 0.40916968 0.15706609 2.14342448
v 0.32957309 0.16625259 2.03215480
v 0.52500239 0.15243700 2.30103984
v 0.52017890 0.14879470 2.30557170
v 0.52216040 0.14150600 2.30571421
v 0.52820838 0.14064370 2.30127040
v 0.52996489 0.14739939 2.29838145
v 0.52500239 0.15243700 2.30103984
v 0.66015662 0.14585960 2.48465601
v 0.65620215 0.14329240 2.48705134
v 0.65661978 0.13816000 2.48584772
v 0.66083235 0.13755510 2.48270868
v 0.66301817 0.14231380 2.48197214
v 0.66015662 0.14585960 2.48465601
v 0.79225348 0.05170040 2.67811029
v 0.79225348 0.05170040 2.67811029
v 0.79225348 0.05170040 2.67811029
v 0.43507319 0.14185179 2.17141414
v 0.43373599 0.15091710 2.18383037
v 0.40472659 0.04604270 2.50447947
v 0.42223598 0.15181229 2.16789195
v 0.43507319 0.14185179 2.17141414
v 0.40472659 0.04604270 2.50447947
v 0.45573909 0.15473159 2.20164897
v 0.45604609 0.14362360 2.21134166
v 0.71733465 -0.01551820 2.30962000
v 0.44502959 0.14437830 2.19612635
v 0.45573909 0.15473159 2.20164897
v 0.71733465 -0.01551820 2.30962000
v 0.46276339 0.14972829 2.23007975
v 0.47661639 0.14649649 2.22998378
v 0.70342932 0.30677160 2.36301173
v 0.46597369 0.14717020 2.21531352
v 0.46276339 0.14972829 2.23007975
v 0.70342932 0.30677160 2.36301173
v 0.10139140 -0.45247279 2.08928355
v 0.12598210 -0.35648879 1.99456172
v 0.09887029 -0.44628169 2.09647426
v 0.12339070 -0.34694289 2.00150264
v 0.08906689 -0.44595038 2.09689448
v 0.11218469 -0.34330558 1.99881725
v 0.08552910 -0.45193660 2.08996318
v 0.10785050 -0.35060348 1.99021663
v 0.09314609 -0.45596770 2.08525935
v 0.11637769 -0.35875110 1.98758663
v 0.10139140 -0.45247279 2.08928355
v 0.12598210 -0.35648879 1.99456172
v 0.07375600 -0.59350638 2.22196513
v 0.07183530 -0.58896807 2.22768809
v 0.06430430 -0.58898478 2.22825389
v 0.06157040 -0.59353358 2.22288050
v 0.06741190 -0.59632800 2.21899394
v 0.07375600 -0.59350638 2.22196513
v 0.04036610 -0.75770071 2.37662440
v 0.03912110 -0.75381155 2.37998179
v 0.03401520 -0.75262861 2.37929041
v 0.03210450 -0.75578657 2.37550562
v 0.03602970 -0.75892119 2.37385767
v 0.04036610 -0.75770071 2.37662440
v -0.07568690 -0.89846891 2.55103510
v -0.07568690 -0.89846891 2.55103510
v -0.07568690 -0.89846891 2.55103510
v 0.08120680 -0.47883189 2.11342219
v 0.09095470 -0.48251208 2.12479854
v 0.01588430 -0.49526660 2.45463206
v 0.09410050 -0.46856170 2.11129497
v 0.08120680 -0.47883189 2.11342219
v 0.01588430 -0.49526660 2.45463206
v 0.08954429 -0.50797438 2.13765910
v 0.07933250 -0.50742739 2.14827601
v -0.13981350 -0.73328825 2.21275355
v 0.08225020 -0.49404818 2.13540324
v 0.08954429 -0.50797438 2.13765910
v -0.13981350 -0.73328825 2.21275355
v 0.08437210 -0.51926169 2.16464045
v 0.07745760 -0.53146819 2.16231105
v 0.17620800 -0.81454725 2.23221934
v 0.08022470 -0.51853469 2.14990886
v 0.08437210 -0.51926169 2.16464045
v 0.17620800 -0.81454725 2.23221934
v -0.30750009 0.16174070 2.02431636
v -0.25060079 0.09020910 1.92128795
v -0.30031289 0.16011320 2.03087444
v -0.24062410 0.08675589 1.92728389
v -0.29446830 0.16805860 2.03102626
v -0.23153589 0.09410180 1.92398952
v -0.29804330 0.17459659 2.02456203
v -0.23589580 0.10209490 1.91595775
v -0.30609739 0.17069189 2.02041499
v -0.24767850 0.09968910 1.91428813
v -0.30750009 0.16174070 2.02431636
v -0.25060079 0.09020910 1.92128795
v -0.39648578 0.25999349 2.16940791
v -0.39113570 0.25884630 2.17466548
v -0.38684798 0.26509519 2.17505015
v -0.38954829 0.27010450 2.17003047
v -0.39550479 0.26695150 2.16654353
v -0.39648578 0.25999349 2.16940791
v -0.49938208 0.37538589 2.33848551
v -0.49516299 0.37411929 2.34145350
v -0.49136599 0.37771690 2.34052866
v -0.49323840 0.38120681 2.33698908
v -0.49819270 0.37976607 2.33572627
v -0.49938208 0.37538589 2.33848551
v -0.53448439 0.54561869 2.52314615
v -0.53448439 0.54561869 2.52314615
v -0.53448439 0.54561869 2.52314615
v -0.31571409 0.19260509 2.05041011
v -0.32323100 0.18621639 2.06236568
v -0.26166629 0.24521400 2.39162379
v -0.31469610 0.17616739 2.04764430
v -0.31571409 0.19260509 2.05041011
v -0.26166629 0.24521400 2.39162379
v -0.34231670 0.20133680 2.07755138
v -0.33514407 0.20917320 2.08787196
v -0.39229011 0.51658377 2.16795558
v -0.32689529 0.19961559 2.07382915
v -0.34231670 0.20133689 2.07755138
v -0.39229011 0.51658377 2.16795558
v -0.34629249 0.21113569 2.10545741
v -0.35268710 0.22384029 2.10408961
v -0.63604498 0.29920389 2.20260753
v -0.34467910 0.21464399 2.09055492
v -0.34629249 0.21113569 2.10545741
v -0.63604498 0.29920389 2.20260753
v 0.35371448 -0.31753888 1.67549770
v 0.30887389 -0.22858440 1.57570446
v 0.34736968 -0.31441839 1.68270901
v 0.30017900 -0.22294639 1.58256863
v 0.33962299 -0.32088809 1.68306362
v 0.28916099 -0.22789449 1.57963162
v 0.34117999 -0.32800719 1.67607143
v 0.29104650 -0.23659049 1.57095242
v 0.34988910 -0.32593719 1.67139553
v 0.30322969 -0.23701690 1.56852536
v 0.35371448 -0.31753888 1.67549770
v 0.30887389 -0.22858440 1.57570446
v 0.42625949 -0.44250937 1.81550686
v 0.42154250 -0.44026481 1.82125713
v 0.41577189 -0.44543910 1.82178661
v 0.41692260 -0.45088160 1.81636364
v 0.42340430 -0.44907088 1.81248256
v 0.42625949 -0.44250937 1.81550686
v 0.50978228 -0.58883490 1.97869350
v 0.50608268 -0.58665988 1.98203349
v 0.50137561 -0.58926959 1.98125545
v 0.50216609 -0.59305758 1.97743434
v 0.50736171 -0.59278887 1.97585124
v 0.50978228 -0.58883490 1.97869350
v 0.51345340 -0.77366575 2.16098674
v 0.51345340 -0.77366575 2.16098674
v 0.51345340 -0.77366575 2.16098674
v 0.35578300 -0.35121658 1.70088207
v 0.36551318 -0.34717010 1.71274685
v 0.30916080 -0.40345321 2.05172664
v 0.35866199 -0.33453140 1.69851055
v 0.35578300 -0.35121658 1.70088207
v 0.30916080 -0.40345321 2.05172664
v 0.38160770 -0.36744430 1.72664150
v 0.37316527 -0.37387427 1.73747265
v 0.35878379 -0.69632681 1.80827465
v 0.36651660 -0.36181998 1.72389873
v 0.38160770 -0.36744430 1.72664150
v 0.35878379 -0.69632681 1.80827465
v 0.38476890 -0.37922931 1.75465160
v 0.38790149 -0.39336078 1.75253384
v 0.65617300 -0.54131659 1.83267238
v 0.38143241 -0.38174399 1.73945476
v 0.38476890 -0.37922931 1.75465160
v 0.65617300 -0.54131659 1.83267238
v -0.33033420 -0.17019680 1.70139980
v -0.23038219 -0.18157840 1.60296948
v -0.32432388 -0.16668670 1.70869183
v -0.22097650 -0.17750499 1.60996029
v -0.32542358 -0.15667410 1.70908474
v -0.21896249 -0.16559749 1.60711651
v -0.33211360 -0.15399600 1.70203564
v -0.22712350 -0.16231180 1.59836804
v -0.33514857 -0.16235349 1.69728603
v -0.23418119 -0.17218860 1.59580517
v -0.33033420 -0.17019680 1.70139980
v -0.23038219 -0.18157840 1.60296948
v -0.47603061 -0.16214189 1.83938671
v -0.47162978 -0.15949279 1.84519558
v -0.47274718 -0.15183950 1.84575054
v -0.47783870 -0.14975870 1.84028454
v -0.47986789 -0.15612600 1.83635158
v -0.47603061 -0.16214189 1.83938671
v -0.64582976 -0.15152770 2.00022304
v -0.64201910 -0.14967300 2.00361446
v -0.64157660 -0.14431430 2.00287135
v -0.64511397 -0.14285720 1.99902080
v -0.64774245 -0.14731530 1.99738399
v -0.64582976 -0.15152770 2.00022304
v -0.80373411 -0.05336570 2.18074214
v -0.80373411 -0.05336570 2.18074214
v -0.80373411 -0.05336570 2.18074214
v -0.35978191 -0.15343279 1.72646038
v -0.36194450 -0.16381860 1.73822246
v -0.38179340 -0.08765620 2.07675731
v -0.34747710 -0.16503620 1.72418529
v -0.35978191 -0.15343279 1.72646038
v -0.38179340 -0.08765620 2.07675731
v -0.38786189 -0.16606010 1.75175747
v -0.38867438 -0.15554650 1.76261486
v -0.64958449 0.03428020 1.83103771
v -0.37481280 -0.15661299 1.74923199
v -0.38786189 -0.16606010 1.75175747
v -0.64958449 0.03428020 1.83103771
v -0.39975188 -0.16232010 1.77958935
v -0.41320098 -0.15710080 1.77733501
v -0.68543112 -0.29868909 1.85319011
v -0.39980849 -0.15807729 1.76444103
v -0.39975188 -0.16232010 1.77958935
v -0.68543112 -0.29868909 1.85319011
v -0.04360760 0.33874030 1.64948620
v -0.00388850 0.22338020 1.58011593
v -0.03986810 0.33601451 1.65841015
v 0.00149650 0.21769990 1.58969738
v -0.03100840 0.34061198 1.65960110
v 0.01371110 0.21945810 1.58881161
v -0.02927230 0.34617938 1.65141308
v 0.01587500 0.22622510 1.57868267
v -0.03705900 0.34502250 1.64516186
v 0.00499790 0.22864910 1.57330838
v -0.04360760 0.33874030 1.64948620
v -0.00388850 0.22338020 1.58011593
v -0.10836150 0.50276137 1.74441463
v -0.10564029 0.50089061 1.75140667
v -0.09900400 0.50470950 1.75248821
v -0.09762379 0.50894049 1.74616466
v -0.10340709 0.50773650 1.74117489
v -0.10836150 0.50276137 1.74441463
v -0.18269489 0.69435210 1.85520290
v -0.18043109 0.69223830 1.85964199
v -0.17518280 0.69356299 1.85963588
v -0.17420309 0.69649542 1.85519313
v -0.17884580 0.69698317 1.85245327
v -0.18269489 0.69435210 1.85520290
v -0.17593080 0.90993475 1.99753978
v -0.17593080 0.90993475 1.99753978
v -0.17593080 0.90993475 1.99753978
v -0.04212340 0.37661941 1.66763226
v -0.05468660 0.37737929 1.67717556
v -0.05532680 0.49235591 2.00413997
v -0.04857960 0.36087608 1.66738278
v -0.04212340 0.37661941 1.66763226
v -0.05532680 0.49235591 2.00413997
v -0.06749690 0.40298389 1.68312771
v -0.06009200 0.40966498 1.69445583
v 0.02082820 0.72793417 1.71286510
v -0.05416060 0.39390189 1.68514797
v -0.06749690 0.40298389 1.68312771
v 0.02082820 0.72793417 1.71286510
v -0.07310600 0.42088660 1.70706127
v -0.07205630 0.43449100 1.70197918
v -0.30328809 0.64824652 1.68809673
v -0.06628260 0.41928767 1.69302624
v -0.07310600 0.42088660 1.70706127
v -0.30328809 0.64824652 1.68809673
v 0.01976660 -0.38266917 1.26468114
v 0.04258670 -0.27841350 1.16599851
v 0.01695950 -0.37631808 1.27243840
v 0.03960880 -0.26850389 1.17355626
v 0.00656080 -0.37625320 1.27294004
v 0.02761240 -0.26491510 1.17083699
v 0.00294110 -0.38256431 1.26549314
v 0.02317610 -0.27260669 1.16159864
v 0.01110270 -0.38652949 1.26038884
v 0.03243080 -0.28094919 1.15860830
v 0.01976660 -0.38266917 1.26468114
v 0.04258670 -0.27841350 1.16599851
v -0.00479390 -0.53549041 1.40274777
v -0.00692600 -0.53084548 1.40891339
v -0.01490530 -0.53108790 1.40955121
v -0.01770480 -0.53588259 1.40377972
v -0.01145550 -0.53860350 1.39957501
v -0.00479390 -0.53549041 1.40274777
v -0.03467560 -0.71344595 1.56369442
v -0.03608650 -0.70942435 1.56733624
v -0.04153620 -0.70830222 1.56665219
v -0.04349340 -0.71163016 1.56258770
v -0.03925330 -0.71480925 1.56075970
v -0.03467560 -0.71344595 1.56369442
v -0.15273300 -0.86930105 1.74645916
v -0.15273300 -0.86930105 1.74645916
v -0.15273300 -0.86930105 1.74645916
v -0.00074830 -0.41164489 1.28986249
v 0.00975250 -0.41548839 1.30180264
v -0.06761050 -0.43750758 1.65163067
v 0.01261670 -0.40035308 1.28774137
v -0.00074830 -0.41164489 1.28986249
v -0.06761050 -0.43750758 1.65163067
v 0.00904980 -0.44276298 1.31494916
v -0.00173070 -0.44267817 1.32626813
v -0.22727840 -0.68952078 1.39134991
v 0.00091140 -0.42816669 1.31286557
v 0.00904980 -0.44276298 1.31494931
v -0.22727840 -0.68952078 1.39134991
v 0.00403790 -0.45539378 1.34336209
v -0.00295950 -0.46848208 1.34068997
v 0.11011530 -0.76705061 1.40879605
v -0.00046170 -0.45445640 1.32777875
v 0.00403790 -0.45539378 1.34336209
v 0.11011530 -0.76705061 1.40879605
v -0.30203479 0.05148720 1.24700276
v -0.19024749 0.02604260 1.15818090
v -0.29634359 0.05380400 1.25537801
v -0.18099910 0.02836480 1.16669690
v -0.29585639 0.06415020 1.25616620
v -0.17663709 0.04020860 1.16466108
v -0.30124648 0.06822760 1.24827794
v -0.18318969 0.04520630 1.15488698
v -0.30506490 0.06040150 1.24261479
v -0.19160139 0.03645130 1.15088201
v -0.30203479 0.05148720 1.24700284
v -0.19024749 0.02604260 1.15818090
v -0.46567168 0.08007769 1.37041898
v -0.46155280 0.08183970 1.37703549
v -0.46149287 0.08978690 1.37786359
v -0.46557479 0.09293649 1.37175916
v -0.46815749 0.08693590 1.36715817
v -0.46567168 0.08007769 1.37041898
v -0.65618056 0.11464380 1.51433957
v -0.65247275 0.11577470 1.51837170
v -0.65104765 0.12116669 1.51794644
v -0.65387488 0.12336819 1.51365155
v -0.65704718 0.11933690 1.51142239
v -0.65618056 0.11464380 1.51433957
v -0.82284605 0.23551139 1.68440487
v -0.82284605 0.23551139 1.68440487
v -0.82284605 0.23551139 1.68440487
v -0.33224879 0.07273100 1.26984685
v -0.33767219 0.06217850 1.28105466
v -0.38926898 0.13230440 1.62845806
v -0.32144851 0.05892560 1.26843610
v -0.33224879 0.07273100 1.26984685
v -0.38926898 0.13230440 1.62845806
v -0.36595119 0.06387690 1.29156720
v -0.36645511 0.07435500 1.30310819
v -0.60734759 0.30934600 1.35071256
v -0.35090289 0.07133800 1.29109067
v -0.36595119 0.06387690 1.29156720
v -0.60734759 0.30934600 1.35071256
v -0.38095691 0.06882210 1.31873059
v -0.39337230 0.07647830 1.31503949
v -0.70119437 -0.02352120 1.35155103
v -0.37834220 0.07361700 1.30346784
v -0.38095691 0.06882210 1.31873059
v -0.70119437 -0.02352120 1.35155103
v 0.14007379 0.30709859 1.13724111
v 0.08418939 0.20935869 1.04443945
v 0.14069700 0.30066860 1.14545545
v 0.08381679 0.19948839 1.05267774
v 0.15055210 0.29726190 1.14614950
v 0.09403290 0.19201599 1.05039228
v 0.15601960 0.30158649 1.13836400
v 0.10071950 0.19726800 1.04074155
v 0.14954369 0.30766580 1.13285817
v 0.09463580 0.20798639 1.03706251
v 0.14007379 0.30709859 1.13724111
v 0.08418939 0.20935869 1.04443945
v 0.21352849 0.45283130 1.26651639
v 0.21406099 0.44813479 1.27301877
v 0.22171909 0.44581378 1.27378629
v 0.22591949 0.44907588 1.26775838
v 0.22085750 0.45341300 1.26326528
v 0.21352849 0.45283130 1.26651639
v 0.30028240 0.62212798 1.41724744
v 0.30032510 0.61809359 1.42117016
v 0.30513299 0.61521609 1.42065259
v 0.30806178 0.61747199 1.41641034
v 0.30506389 0.62174368 1.41430585
v 0.30028240 0.62212798 1.41724744
v 0.46364520 0.74324797 1.59279232
v 0.46364520 0.74324797 1.59279232
v 0.46364520 0.74324797 1.59279232
v 0.16905689 0.32951511 1.16103994
v 0.16037201 0.33733749 1.17257314
v 0.24206510 0.35562308 1.52302487
v 0.15268600 0.32301948 1.15937421
v 0.16905689 0.32951511 1.16103994
v 0.24206510 0.35562308 1.52302487
v 0.16995159 0.36380160 1.18406476
v 0.18019569 0.36094920 1.19560224
v 0.47487067 0.52578948 1.24956189
v 0.17292539 0.34719268 1.18302854
v 0.16995159 0.36380160 1.18406476
v 0.47487067 0.52578948 1.24956189
v 0.17890609 0.37597381 1.21183355
v 0.18980020 0.38593108 1.20847188
v 0.17975320 0.70996725 1.25615697
v 0.18282650 0.37261958 1.19636274
v 0.17890609 0.37597381 1.21183355
v 0.17975320 0.70996725 1.25615697
v 0.35785991 -0.03636800 1.20072057
v 0.24664730 -0.04444090 1.10755735
v 0.35285140 -0.04050150 1.20885320
v 0.23824529 -0.04967230 1.11568776
v 0.35553550 -0.05053430 1.20952237
v 0.23779600 -0.06225990 1.11335981
v 0.36220279 -0.05260150 1.20180341
v 0.24592039 -0.06480790 1.10379064
v 0.36363940 -0.04384620 1.19636350
v 0.25139079 -0.05379510 1.10020444
v 0.35785991 -0.03636800 1.20072057
v 0.24664730 -0.04444090 1.10755735
v 0.51823211 -0.01615390 1.33056851
v 0.51461379 -0.01923870 1.33700909
v 0.51696708 -0.02685370 1.33775891
v 0.52203990 -0.02847520 1.33178189
v 0.52282168 -0.02186240 1.32733792
v 0.51823211 -0.01615390 1.33056851
v 0.70532461 0.00615360 1.48196499
v 0.70199545 0.00385230 1.48584103
v 0.70230765 -0.00171730 1.48530606
v 0.70582968 -0.00285810 1.48109921
v 0.70769415 0.00200630 1.47903424
v 0.70532461 0.00615360 1.48196499
v 0.89526350 -0.06170890 1.65773907
v 0.89526350 -0.06170890 1.65773907
v 0.89526350 -0.06170890 1.65773907
v 0.39237041 -0.04786170 1.22459767
v 0.39390380 -0.03637790 1.23613805
v 0.45233668 -0.09492400 1.58529766
v 0.37788879 -0.03797490 1.22288465
v 0.39237041 -0.04786170 1.22459767
v 0.45233668 -0.09492400 1.58529766
v 0.42100509 -0.02955960 1.24778234
v 0.42429439 -0.03964610 1.25925427
v 0.72433485 -0.19096359 1.31431973
v 0.40897059 -0.04127520 1.24662801
v 0.42100509 -0.02955960 1.24778234
v 0.72433485 -0.19096359 1.31431973
v 0.43586497 -0.03026270 1.27552945
v 0.45017817 -0.03368080 1.27225980
v 0.71155836 0.15521120 1.32215482
v 0.43538409 -0.03530800 1.26009938
v 0.43586497 -0.03026270 1.27552945
v 0.71155836 0.15521120 1.32215482
v 0.45017817 -0.03368080 1.27225980
v 0.89526350 -0.06170890 1.65773907
v 0.89526350 -0.06170890 1.65773907
v 0.70769415 0.00200630 1.47903424
v 0.25139079 -0.05379510 1.10020444
v 0.24592039 -0.06480790 1.10379064
v 0.36220279 -0.05260150 1.20180341
v 0.23779600 -0.06225990 1.11335981
v 0.35553550 -0.05053430 1.20952237
v 0.23824529 -0.04967230 1.11568776
v 0.18980020 0.38593108 1.20847188
v 0.17292539 0.34719268 1.18302854
v 0.47487067 0.52578948 1.24956189
v 0.18019569 0.36094920 1.19560224
v 0.46364520 0.74324797 1.59279232
v 0.46364520 0.74324797 1.59279232
v 0.30806178 0.61747199 1.41641034
v 0.21406099 0.44813479 1.27301877
v 0.52282168 -0.02186240 1.32733792
v 0.09463580 0.20798639 1.03706251
v 0.14954369 0.30766580 1.13285817
v 0.15601960 0.30158649 1.13836400
v 0.09403290 0.19201599 1.05039228
v 0.15055210 0.29726190 1.14614950
v 0.08381679 0.19948839 1.05267774
v 0.14069700 0.30066860 1.14545545
v -0.37834220 0.07361700 1.30346784
v -0.70119437 -0.02352120 1.35155103
v -0.35090289 0.07133800 1.29109067
v -0.60734759 0.30934600 1.35071256
v -0.36645511 0.07435500 1.30310819
v -0.32144851 0.05892560 1.26843610
v -0.33767219 0.06217850 1.28105466
v -0.65387488 0.12336819 1.51365155
v -0.65104765 0.12116669 1.51794644
v -0.46155280 0.08183970 1.37703549
v -0.30506490 0.06040150 1.24261479
v -0.17663709 0.04020860 1.16466108
v -0.29634359 0.05380400 1.25537801
v -0.00046170 -0.45445640 1.32777875
v -0.00295950 -0.46848208 1.34068997
v 0.00091140 -0.42816669 1.31286557
v -0.22727840 -0.68952078 1.39134991
v 0.01261670 -0.40035308 1.28774137
v -0.03925330 -0.71480925 1.56075970
v 0.00294110 -0.38256431 1.26549314
v 0.02761240 -0.26491510 1.17083699
v 0.00656080 -0.37625320 1.27294004
v 0.03960880 -0.26850389 1.17355626
v 0.01695950 -0.37631808 1.27243840
v -0.05416060 0.39390189 1.68514797
v 0.02082820 0.72793417 1.71286510
v -0.04857960 0.36087608 1.66738278
v -0.05532680 0.49235591 2.00413997
v -0.17420309 0.69649542 1.85519313
v -0.17518280 0.69356299 1.85963588
v -0.09762379 0.50894049 1.74616466
v -0.09900400 0.50470950 1.75248821
v 0.00499790 0.22864910 1.57330838
v -0.03100840 0.34061198 1.65960110
v 0.00149650 0.21769990 1.58969738
v -0.39980849 -0.15807729 1.76444103
v -0.68543112 -0.29868909 1.85319011
v -0.64958449 0.03428020 1.83103771
v -0.34747710 -0.16503620 1.72418529
v -0.38179340 -0.08765620 2.07675731
v -0.36194450 -0.16381860 1.73822246
v -0.64774245 -0.14731530 1.99738399
v -0.47986789 -0.15612600 1.83635158
v -0.23418119 -0.17218860 1.59580517
v -0.06009200 0.40966498 1.69445583
v -0.33514857 -0.16235349 1.69728603
v -0.22097650 -0.17750499 1.60996029
v 0.65617300 -0.54131659 1.83267238
v 0.38790149 -0.39336078 1.75253384
v 0.36651660 -0.36181998 1.72389873
v 0.35878379 -0.69632681 1.80827465
v 0.35866199 -0.33453140 1.69851055
v 0.30916080 -0.40345321 2.05172664
v 0.36551318 -0.34717010 1.71274685
v 0.50137561 -0.58926959 1.98125545
v 0.50608268 -0.58665988 1.98203349
v 0.42340430 -0.44907088 1.81248256
v 0.41692260 -0.45088160 1.81636364
v 0.41577189 -0.44543910 1.82178661
v 0.42154250 -0.44026481 1.82125713
v 0.30322969 -0.23701690 1.56852536
v 0.29104650 -0.23659049 1.57095242
v 0.33962299 -0.32088809 1.68306362
v 0.30017900 -0.22294639 1.58256863
v -0.63604498 0.29920389 2.20260753
v -0.35268710 0.22384029 2.10408961
v -0.39229011 0.51658377 2.16795558
v -0.33514407 0.20917320 2.08787196
v -0.26166629 0.24521400 2.39162379
v -0.32323100 0.18621639 2.06236568
v -0.53448439 0.54561869 2.52314615
v -0.53448439 0.54561869 2.52314615
v -0.49819270 0.37976607 2.33572627
v -0.49323840 0.38120681 2.33698908
v -0.49136599 0.37771690 2.34052866
v -0.39113570 0.25884630 2.17466548
v -0.24767850 0.09968910 1.91428813
v -0.30609739 0.17069189 2.02041499
v 0.70199545 0.00385230 1.48584103
v -0.23153589 0.09410180 1.92398952
v -0.29446830 0.16805860 2.03102626
v -0.30031289 0.16011320 2.03087444
v 0.08225020 -0.49404818 2.13540324
v -0.13981350 -0.73328825 2.21275355
v 0.07933250 -0.50742739 2.14827601
v 0.09410050 -0.46856170 2.11129497
v 0.09095470 -0.48251208 2.12479854
v -0.07568690 -0.89846891 2.55103510
v -0.07568690 -0.89846891 2.55103510
v 0.03210450 -0.75578657 2.37550562
v 0.03401520 -0.75262861 2.37929041
v 0.06157040 -0.59353358 2.22288050
v 0.07183530 -0.58896807 2.22768809
v -0.31469610 0.17616739 2.04764430
v 0.09314609 -0.45596770 2.08525935
v 0.12339070 -0.34694289 2.00150264
v 0.09887029 -0.44628169 2.09647426
v 0.46597369 0.14717020 2.21531352
v 0.70342932 0.30677160 2.36301173
v 0.45604609 0.14362360 2.21134166
v 0.43373599 0.15091710 2.18383037
v 0.66083235 0.13755510 2.48270868
v 0.52996489 0.14739939 2.29838145
v 0.52820838 0.14064370 2.30127040
v 0.52216040 0.14150600 2.30571421
v 0.52017890 0.14879470 2.30557170
v 0.41548720 0.15049209 2.13977473
v 0.32982101 0.14779879 2.02568263
v 0.70230765 -0.00171730 1.48530606
v 0.32013561 0.14913470 2.03278957
v 0.40498290 0.14271539 2.14881312
v 0.31998260 0.16053970 2.03678966
v 0.40267768 0.15225979 2.14901057
v -0.49834719 -0.63898558 2.54912226
v -0.31564950 -0.41317920 2.46405649
v -0.59468058 -0.33366111 2.52128428
v -0.29513320 -0.40290309 2.44902643
v -0.25643680 -0.39667098 2.41086314
v -0.68663466 -0.45900538 2.86302392
v -0.68663466 -0.45900538 2.86302392
v -0.51837100 -0.48249778 2.68463342
v -0.37340598 -0.42950438 2.52659342
v -0.24779439 -0.38177890 2.38891978
v -0.24070169 -0.38137179 2.39545405
v -0.14387570 -0.36278758 2.29702662
v 0.57282809 -0.23240110 2.43952570
v 0.16037201 0.33733749 1.17257314
v 0.58229579 -0.24086759 2.45203120
v 0.55313620 -0.21907369 2.42464655
v 0.65069991 -0.52356879 2.50537760
v 0.53752349 -0.19688919 2.40037211
v 0.51418757 -0.27456260 2.73793054
v 0.74590956 -0.38227950 2.67072229
v 0.74934408 -0.37845088 2.67146723
v 0.63174590 -0.28006990 2.50935526
v 0.45704009 -0.12617429 2.27609461
v 0.52692767 -0.19187440 2.37445246
v 0.44590308 -0.12959830 2.27840861
v 0.51970748 -0.19646619 2.37891795
v -0.04468470 0.36883430 2.49519343
v -0.20015579 0.62461829 2.59668787
v -0.04454970 0.38105880 2.50813593
v -0.04139390 0.35853870 2.49285715
v -0.04795600 0.32033019 2.45435618
v 0.03159270 0.34308429 2.79109827
v -0.04765240 0.33354461 2.46843744
v -0.04929480 0.59479869 2.72944086
v -0.04578850 0.58892939 2.73431970
v -0.05091050 0.58886420 2.73516077
v -0.04137630 0.44024768 2.57123102
v -0.04279980 0.43497340 2.57624598
v -0.04851910 0.21790670 2.32641474
v -0.04504020 0.31007859 2.42801707
v -0.04069740 0.20345510 2.33634165
v -0.03853140 0.30075460 2.43869471
v -0.04798570 0.29888290 2.43847147
v 0.45640880 -0.70264716 2.78166040
v 0.27866500 -0.47266391 2.71785272
v 0.27292159 -0.44990237 2.70457391
v 0.27429839 -0.40935767 2.66925562
v 0.27578149 -0.42325271 2.68214777
v 0.25338249 -0.86013197 3.08959893
v 0.25338249 -0.86013197 3.08959893
v 0.30728059 -0.69444876 2.92133203
v 0.31313899 -0.69053526 2.92566033
v 0.28971719 -0.53579879 2.77188287
v 0.28353238 -0.53506800 2.77569208
v 0.29157749 -0.52778788 2.78036188
v 0.26022630 -0.30056039 2.55095133
v 0.26119989 -0.39651858 2.64886682
v 0.26313379 -0.28773300 2.56452204
v 0.27174320 -0.38731498 2.65518671
v 0.52104487 -0.18225799 2.38525996
v 0.34598659 0.22819009 2.68990869
v 0.35726218 0.13625760 2.97882073
v 0.32286250 0.22250339 2.66421350
v 0.30513299 0.61521609 1.42065259
v 0.68752898 0.33171859 3.12706353
v 0.68752898 0.33171859 3.12706353
v 0.52969390 0.33784190 2.94123315
v 0.53010970 0.33282741 2.94219537
v 0.52635470 0.33151839 2.94542474
v 0.40570499 0.26217689 2.77790308
v 0.23168329 0.17480690 2.51562265
v 0.30632110 0.21136520 2.62254267
v 0.23174760 0.16313919 2.51660654
v 0.30841140 0.20281530 2.62615412
v 0.22313640 0.16007770 2.52392679
v 0.21775009 0.16985340 2.52746683
v -0.05000960 0.43329120 2.57581873
v -0.56653140 0.00733080 2.82947381
v -0.29162990 0.02432020 2.71520532
v -0.26278509 0.01000550 2.68393823
v -0.41194259 0.28015470 2.78567071
v -0.24631320 -0.00772120 2.65746332
v -0.24739969 -0.39041328 2.38462321
v -0.19577440 0.07102380 2.98647790
v -0.52681880 0.26313819 3.13686028
v -0.52681880 0.26313819 3.13686028
v -0.45193469 0.12543299 2.95155603
v -0.44893451 0.12280080 2.95476373
v -0.18318969 0.04520630 1.15488698
v -0.33957420 0.05071620 2.77892786
v -0.33485500 0.05540080 2.78197687
v -0.33054130 0.05162660 2.78652215
v -0.17093080 -0.05722140 2.52328501
v -0.23862710 -0.01008800 2.63061273
v -0.23217559 -0.00408130 2.63418146
v -0.22650510 -0.00899180 2.64002680
v -0.15971559 -0.06694070 2.53504953
v 0.71608382 0.00938400 3.04693841
v 0.45156360 -0.06475700 2.94262445
v 0.43073588 -0.06108820 2.92643762
v 0.74008742 -0.24353580 3.35073601
v 0.74008742 -0.24353580 3.35073601
v 0.63730189 -0.12392609 3.16950615
v 0.63389750 -0.12750149 3.17055047
v 0.63055617 -0.12557120 3.17380211
v 0.50509188 -0.07985840 3.00393426
v 0.31274190 -0.01238210 2.75725885
v 0.37971809 -0.04662860 2.87055047
v 0.38067710 -0.03730640 2.87051141
v -0.06486200 0.21563600 2.93882287
v -0.25833969 0.38936748 3.10266412
v -0.05858780 0.19805450 2.91898034
v 0.03353690 0.48013419 3.03954766
v -0.05953860 0.20751819 2.93419763
v 0.37316527 -0.37387427 1.73747265
v 0.26265699 -0.39001979 2.65562799
v -0.06186690 0.17692089 2.89082544
v -0.06275690 0.18682159 2.90675866
v -0.02469350 0.51217978 3.39806297
v -0.02469350 0.51217978 3.39806297
v -0.08523180 0.38226298 3.20649346
v 0.00975250 -0.41548839 1.30180264
v -0.08923150 0.37639880 3.21053307
v -0.15789349 -0.36357150 2.28389750
v -0.07495540 0.26984790 3.02235345
v -0.07359700 0.26006029 3.02855798
v -0.05629820 0.10374409 2.74936151
v -0.04515620 0.10078650 2.74888513
v -0.05172470 0.17211000 2.86617151
v 0.47661639 0.14649649 2.22998378
v -0.05059850 0.16420679 2.87108575
v -0.02935920 -0.23996700 2.92992273
v -0.17216089 -0.36515960 3.23407677
v -0.17421560 -0.36056190 3.23428582
v 0.44147689 -0.12233340 2.28669978
v -0.17108999 -0.35757541 3.23687737
v -0.08944600 -0.29375049 3.04757043
v -0.09316340 -0.28797960 3.04974389
v -0.01921770 -0.23158710 2.88641626
v 0.03696490 -0.17455909 2.77573450
v -0.00977140 -0.22249610 2.89400018
v -0.16710359 -0.36032741 3.23827019
v 0.18259010 0.18733160 3.09590111
v 0.16937679 0.16409839 3.06141198
v 0.15254389 0.15191950 3.03341027
v 0.15871250 0.15923910 3.04926507
v 0.27416490 0.31145309 3.34745720
v 0.27700649 0.30737449 3.34772392
v 0.27452449 0.30393840 3.35033409
v 0.27014890 0.30589349 3.35168083
v 0.20708789 0.22420900 3.16451714
v 0.21175899 0.21932739 3.16673607
v 0.20133010 0.21623239 3.17048546
v 0.20820039 0.21439760 3.17042473
v 0.10623560 0.09895770 2.89287072
v 0.11209269 0.08922479 2.89221521
v 0.10643070 0.08130990 2.89811090
v 0.14293090 0.13815489 3.01409234
v -0.04153620 -0.70830222 1.56665219
v -0.12207100 -0.05385100 3.08161523
v -0.33937110 -0.17969579 3.25090569
v -0.10423430 -0.05362140 3.06155450
v 0.24993049 -0.29573200 2.55361994
v -0.33693328 0.12058369 3.18449822
v -0.11296980 -0.05141120 3.07676873
v -0.08621740 -0.06353800 3.03343316
v -0.02998360 0.05064620 3.34034142
v 0.34988910 -0.32593719 1.67139553
v -0.09532389 -0.06112750 3.04936089
v -0.37490848 0.08069150 3.53953972
v -0.37490848 0.08069150 3.53953972
v -0.08121850 -0.50940459 3.13491753
v -0.17363090 -0.04559150 3.16528405
v -0.16388069 -0.04722980 3.17115166
v -0.01986760 -0.08261940 2.89238885
v -0.01370740 -0.07309540 2.89161706
v -0.07928960 -0.05584370 3.00883019
v -0.00405540 -0.07467510 2.89741327
v -0.00425030 -0.08517540 2.90176690
v 0.15179070 0.13555580 3.01362847
v 0.17602220 -0.18659290 3.06025658
v 0.37068790 -0.30972638 3.25716515
v 0.38143241 -0.38174399 1.73945476
v 0.16957000 -0.17225839 3.03847527
v 0.10928210 -0.45021590 3.17573479
v 0.17017450 -0.17998100 3.05438317
v 0.01778800 -0.13549550 3.30273766
v 0.12929640 -0.44138640 3.53458030
v 0.12929640 -0.44138640 3.53458030
v 0.19020670 -0.32200160 3.34045311
v 0.43538409 -0.03530800 1.26009938
v 0.18869260 -0.31777980 3.34261009
v 0.19272499 -0.31532989 3.34419426
v 0.18439899 -0.23038980 3.14829552
v 0.17750150 -0.23107479 3.14987908
v 0.16221830 -0.14482430 2.98749352
v 0.70202475 0.18628089 1.45592908
v 0.46323008 0.11766110 1.20000150
v 0.17620800 -0.81454725 2.23221934
v 0.04536830 -0.18108020 2.78015985
v 0.47746150 0.12960499 1.20514646
v 0.43939548 0.08942310 1.19121144
v 0.70187720 0.28462980 1.03559591
v -0.15539950 -0.35213489 2.28592662
v 0.45425460 0.10199670 1.19651700
v 0.73652235 0.33829749 1.31191464
v 0.73497580 0.34118468 1.30759290
v -0.27279230 -0.01904590 3.35188408
v 0.74131277 0.33567569 1.30504697
v 0.56300639 0.19731889 1.24785565
v 0.56257621 0.20279830 1.24239629
v 0.41254649 0.07681490 1.19231740
v 0.30196288 -0.00772420 1.14718198
v -0.00343010 0.46510238 1.23098775
v 0.01560560 0.61774329 1.52485547
v 0.00587350 0.44639918 1.21029737
v 0.21313739 -0.46142680 3.00103845
v -0.27913110 0.53174098 1.38631070
v -0.65247275 0.11577470 1.51837170
v -0.09927760 0.75522421 1.12992917
v 0.50736171 -0.59278887 1.97585124
v 0.01844870 0.43507838 1.20288884
v -0.29334359 0.91116705 1.48967892
v -0.29334359 0.91116705 1.48967892
v -0.12889849 0.72634436 1.41181699
v -0.13230830 0.72677466 1.40759030
v -0.12540080 0.73203322 1.40606381
v -0.04213710 0.54649710 1.29052762
v -0.04780730 0.54891780 1.28577847
v -0.04470220 0.55390071 1.28067014
v -0.03711300 0.55455950 1.28226224
v 0.08836160 0.27908859 1.11501745
v 0.03141190 0.39097381 1.18556646
v 0.02414970 0.39369460 1.17906926
v 0.08630319 0.28679170 1.09651494
v 0.02819310 0.40010200 1.17236478
v 0.09634229 0.29197719 1.10174688
v -0.72806235 -0.05970280 1.49821270
v -0.47112979 -0.06650570 1.25170590
v -0.61628638 -0.35129901 1.37759930
v 0.38602649 -0.05021370 2.86461938
v -0.48848399 -0.07351850 1.25619214
v -0.02188290 -0.23408569 2.91376214
v -0.74298262 -0.15131570 1.07732648
v -0.45768779 -0.05435490 1.24876103
v -0.05148480 -0.25716190 2.96266564
v -0.80219175 -0.19293939 1.35107632
v -0.23589580 0.10209490 1.91595775
v -0.80145186 -0.19613729 1.34677060
v -0.80361601 -0.19367149 1.34246365
v 0.72433485 -0.19096359 1.31431973
v -0.80569311 -0.18894970 1.34410748
v -0.59197367 -0.11184700 1.29497785
v -0.59304667 -0.11716099 1.28946134
v -0.28081239 0.01002670 1.21621450
v -0.41022189 -0.04318510 1.24631734
v -0.30328809 0.64824652 1.68809673
v -0.27771789 0.00347150 1.20618459
v -0.41111140 -0.04999550 1.23897374
v -0.28257509 0.00909800 1.19629041
v -0.41498309 -0.04539020 1.23091764
v -0.28867149 0.01913060 1.20020536
v -0.03608650 -0.70942435 1.56733624
v 0.13762150 -0.57935908 1.32695310
v 0.10960430 -0.77105818 1.59444454
v 0.14365229 -0.59544207 1.33410016
v 0.13600640 -0.57385420 1.31692212
v 0.11143090 -0.52649249 1.29660657
v 0.20673740 -0.85695875 1.18255384
v -1.00699995 -0.34915580 1.36053616
v -1.00699995 -0.34915580 1.36053616
v 0.11810130 -0.54394408 1.30423810
v 0.39070140 -1.07914014 1.50899792
v 0.39070140 -1.07914014 1.50899792
v -0.80373411 -0.05336570 2.18074214
v -0.80373411 -0.05336570 2.18074214
v 0.24225419 -0.87276129 1.46357190
v 0.24554500 -0.87283796 1.45926037
v 0.23822599 -0.87720495 1.45716397
v 0.17523889 -0.67335349 1.36750485
v -0.37286590 -0.43598418 2.52300852
v 0.10876250 -0.49703891 1.29396680
v 0.06767490 -0.37092879 1.23204724
v 0.11565079 -0.49934340 1.28698651
v 0.11100779 -0.50430678 1.27955144
v 0.10124990 -0.50506980 1.28193540
v -0.41481818 0.67099326 1.80534389
v -0.65704718 0.11933690 1.51142239
v -0.28845310 0.45528930 1.62716046
v -0.25155569 0.42893298 1.61825833
v -0.26705390 0.43943809 1.61910183
v -0.23422189 0.42456740 1.61827053
v -0.41648639 -0.03573370 1.23328214
v -0.77946997 0.71271559 1.61437664
v -0.77946997 0.71271559 1.61437664
v -0.54467417 0.63238490 1.64364163
v -0.54331168 0.63483809 1.63917858
v -0.54083960 0.63931220 1.64046826
v -0.35818507 0.50571997 1.63570568
v -0.36233398 0.50285880 1.63010922
v -0.35497169 0.51134101 1.62538220
v -0.08361850 0.31547700 1.62209042
v -0.19950300 0.39282989 1.62515804
v -0.08596269 0.30799419 1.61294079
v -0.08280220 0.31351878 1.60270886
v -0.20188819 0.39318568 1.60950115
v -0.07850470 0.32441581 1.60553463
v -0.45413711 -0.34189201 1.84707210
v -0.56777129 -0.34534728 2.14806727
v -0.44130149 -0.32975990 1.82467861
v -0.45223128 -0.33982940 1.83617077
v -0.42320460 -0.30501239 1.80394039
v -0.71281432 -0.50615359 1.78742382
v -0.43463790 -0.31563520 1.81589687
v -0.64681586 -0.51619380 2.05176204
v -0.65102126 -0.51518328 2.04872585
v -0.65356772 -0.51103858 2.05079021
v 0.42827159 0.29825330 3.18287194
v -0.51388419 -0.39457698 1.91514476
v -0.51530318 -0.40072040 1.91099346
v -0.52355658 -0.39220260 1.90807338
v 0.36363940 -0.04384620 1.19636350
v -0.31612670 -0.21733190 1.71076870
v -0.32490508 -0.22204530 1.69395611
v -0.17593080 0.90993475 1.99753978
v -0.17593080 0.90993475 1.99753978
v -0.47274718 -0.15183950 1.84575054
v -0.33158298 -0.21358669 1.69941021
v -0.41110908 -0.29072589 1.78424862
v 0.64545012 -0.43682269 1.82839657
v 0.62266520 -0.28579530 3.00825158
v 0.65912566 -0.44454928 1.83700786
v 0.62766749 -0.42610690 1.80932918
v 0.64188017 -0.43409080 1.81821850
v 0.59658537 -0.41560981 1.79313961
v 1.12223371 -0.63661269 2.06171428
v 1.12223371 -0.63661269 2.06171428
v 0.89037840 -0.58101149 1.99113109
v 0.89326116 -0.57910639 1.98721462
v 0.72763945 -0.48573649 1.87238842
v 0.46915278 -0.33648689 1.72463909
v 0.47510650 -0.33989841 1.70658260
v 0.58419680 -0.40016521 1.77485912
v 0.47027087 -0.34995139 1.71083401
v -0.06071070 0.17263790 2.86355371
v 0.57734347 -0.40680320 1.77660732
v -0.62187640 0.18344589 2.20506434
v -0.63667929 0.18557230 2.21439326
v 0.24206510 0.35562308 1.52302487
v -0.81146765 0.00712010 2.36641978
v -0.61818377 0.18237680 2.19481349
v -0.00692600 -0.53084548 1.40891339
v -0.58760378 0.18400610 2.17756831
v -1.11710927 0.19486040 2.46207987
v -1.11710927 0.19486040 2.46207987
v -0.88857595 0.22671009 2.38070658
v -0.89076200 0.22401540 2.37691554
v -0.89253736 0.22734100 2.37342249
v -0.70469481 0.19739309 2.26278041
v -0.70962569 0.19389869 2.25861170
v -0.70873457 0.20506639 2.25466136
v 0.41207290 0.20749649 2.14710780
v 0.73649092 -0.50226439 2.00447154
v -0.05405630 0.08808800 2.75927972
v -0.46058040 -0.43836898 1.49439618
v 0.31707790 0.15257749 2.00583537
v -0.59370089 0.24377309 2.24209147
v -0.04158770 0.34588290 2.47942728
v 0.50986968 0.43177989 1.33250470
v -0.31535270 -0.22436000 1.70097607
v 0.30770709 0.14660020 2.01953166
v 0.21868270 0.09055410 1.91267803
v 0.21914579 0.07372150 1.92435039
v -0.64511397 -0.14285720 1.99902080
v -0.41893798 -0.07112420 2.82929162
v 0.56676619 0.20045429 1.23631650
v 0.14583370 0.02871310 1.84218486
v -0.11526540 -0.11729330 1.49281933
v 0.20487989 -0.88622160 2.51113810
v 0.10401200 -0.00353470 0.14971050
v -0.36798888 -0.42922900 2.53166391
v -0.14673600 -0.35165038 2.29404078
v 0.10560620 -0.05571750 2.74607019
v 0.33565368 0.15837829 2.02529018
v -0.17127439 -0.03924510 3.16744195
v 0.83936979 -0.13314780 2.57821894
v 0.17277769 -0.15364430 3.00917535
v 0.50192000 -0.13359870 2.31134547
v 0.10452619 -0.23376270 1.88268322
v -0.06583340 0.22476739 2.95349908
v 0.09003919 -0.22712230 1.89548320
v 0.25172740 -0.28780420 2.56200647
v -0.48659568 -0.31675409 1.86305553
v -0.01061200 0.47944770 1.24056447
v 0.07672970 -0.14630970 1.82202877
v 0.18428640 -0.01682750 2.62823328
v 0.02982040 -0.18144720 2.76988336
v 1.14810834 -0.11101710 2.76008813
v 0.04966630 -0.05378830 1.77677120
v 0.06754610 -0.05190850 1.77623730
v 0.18358760 0.11975429 1.02315801
v -0.71477011 0.26642928 2.42427134
v -0.45472239 0.16964029 2.10922160
v -0.34112437 0.13329710 2.00128032
v 0.05528450 -0.06341510 2.31172999
v -0.22962749 0.09382780 1.89990322
v -0.13784130 0.03925310 1.84056621
v 0.06946550 -0.04502550 2.59751612
v -0.03743140 0.02194470 1.76348400
v 0.57653899 -0.39591598 1.78788326
v 0.02248050 -0.02073230 1.72362606
v -0.03762590 0.00254200 1.77111980
v -0.47374198 -0.32047649 1.87626201
v 0.33998019 0.53633898 1.87162777
v -0.44399508 -0.39069789 1.44855954
v -0.06985160 -0.06623170 3.01396813
v 0.41905650 -0.30594569 1.68280010
v 0.33384078 -0.25830539 1.59636441
v 0.37697749 -0.12812299 3.21267418
v 0.32517261 -0.25224540 1.60998684
v 0.39088409 -0.04310720 2.86091485
v 0.24402799 -0.19882640 1.54055172
v 0.07891580 -0.04089890 2.30683665
v 0.18457849 -0.13692750 1.48495022
v -0.03671090 0.30767389 2.43223337
v -0.36879218 -0.73484381 2.62701288
v 0.51461379 -0.01923870 1.33700909
v -0.34467910 0.21464399 2.09055492
v 0.08966880 0.32953788 1.15537877
v 0.03468020 0.00993290 1.02667158
v -0.38867438 -0.15554650 1.76261486
v -0.62575488 -0.35272479 2.02359050
v 0.55861277 -0.70290442 3.03534081
v -0.52081858 -0.33919101 1.89638469
v 0.08813760 0.07532800 0.98009496
v 0.51925608 0.00442720 2.98592492
v 0.58017420 0.32054660 1.47440960
v 0.51193217 0.29849439 2.27106227
v -0.41401088 -0.27893470 1.80606304
v 0.03174180 0.74259932 2.91017175
v 0.03174180 0.74259932 2.91017175
v -0.32855121 -0.21451990 1.71940792
v 0.11939600 0.61959788 2.56696344
v -0.26573930 -0.18472070 1.62060177
v -0.72560087 -0.49563399 1.73266155
v 0.07605410 -0.01291260 1.77463604
v 0.17520219 0.17116380 3.07655602
v -0.54304408 0.63534289 1.64768948
v -0.17444740 -0.14574020 1.57287060
v -0.12121380 -0.10626240 1.49442181
v -0.04557170 0.01894410 1.75462627
v -0.10119900 -0.11213899 1.50955410
v 0.00256680 -0.05902670 1.37765576
v -0.00374890 -0.04482670 1.37818814
v -0.05355580 -0.06875650 1.45799359
v 0.40051978 0.55209120 1.89026958
v 0.39845759 0.55002349 1.89367137
v 0.29606670 0.47707728 1.82099621
v 0.44502959 0.14437830 2.19612635
v 0.28943979 0.47753180 1.82844295
v -0.06031650 0.04703920 1.09718137
v 0.23757509 0.37857150 1.74760387
v -0.15385629 -0.05746030 2.53147379
v -0.61746859 -0.40739921 1.97623989
v 0.24342800 0.37370689 1.74952206
v 0.24082590 0.36885650 1.75514507
v 0.65823348 0.36082297 2.44334528
v 0.28154880 0.43563228 1.79723003
v 0.14860619 -0.46052607 2.08173305
v 0.19196680 0.30347770 1.65998196
v 0.50465789 0.84031118 2.07979762
v 0.12395810 0.24743820 1.59615673
v 0.11418230 0.24712129 1.61158047
v 0.05925500 0.18800479 1.55405896
v 0.62645648 -0.28373130 2.51306193
v 0.10785050 -0.35060348 1.99021663
v -0.24806190 -0.27654340 1.26052648
v -0.17871420 -0.39119590 2.33022761
v 0.04204970 0.06140100 1.45229107
v 0.05657500 0.17761369 1.57238568
v -0.45444968 -0.37979659 1.44478009
v 0.02585240 -0.00770950 1.40330670
v 0.04269790 -0.01158630 1.41155514
v -0.03646740 0.08521350 2.72400659
v 0.03912110 -0.75381155 2.37998179
v 0.29479600 0.47504081 1.82667904
v 0.16023990 -0.59519297 2.18721660
v -0.59609099 -0.11362270 1.28329404
v -0.46311408 -0.44014430 1.48988720
v -0.19269189 0.54198928 1.71515728
v 0.45611819 -0.53050109 1.41351712
v 0.04238740 -0.07153740 1.38002164
v -0.45589038 -0.44113540 1.49489926
v -0.40715037 -0.38047858 1.38989514
v -0.33296649 0.12960410 2.01146861
v 0.09003210 -0.03153440 0.97453214
v 0.10520799 -0.11058449 1.42714459
v -0.24509710 -0.29108270 1.24996808
v 0.30809070 -0.69100821 2.92502282
v -0.12406410 -0.19501380 1.14932935
v -0.11431830 -0.20330730 1.15699201
v -0.31840169 -0.33271140 1.29742841
v 0.06970060 -0.08753890 2.03668086
v -0.01872140 -0.14658660 1.05174947
v -0.07205630 0.43449100 1.70197918
v 0.07625100 -0.03745520 0.45125270
v -0.55565219 0.17230829 2.14850429
v 0.01809650 -0.08788770 1.03486707
v 0.03795420 0.40134128 1.17471830
v 0.39454120 -0.38700828 1.29953015
v 0.05207740 -0.05722740 1.02092001
v 0.03687460 -0.09308490 1.04050016
v 0.34704910 0.57311820 1.89621013
v 0.08025200 -0.02081620 1.76959377
v 0.82306234 -0.13440770 2.56893579
v -0.31360719 0.54694998 1.35573956
v 0.28385228 -0.33079608 2.58000055
v -0.31129449 0.54059359 1.36126386
v -0.49516299 0.37411929 2.34145350
v -0.52443537 -0.41465819 1.51586758
v 0.10565010 0.07115680 0.97274091
v -0.27918329 0.46467757 1.28563733
v -0.22122079 0.37227698 1.24066510
v -0.24558679 0.28421819 3.13210198
v 1.14812375 -0.11581629 2.76167535
v -0.18923050 0.30963430 1.18643590
v -0.32689529 0.19961559 2.07382915
v -0.17332121 -0.23215860 1.19576474
v 0.18550930 -0.10352600 2.91384118
v -0.14853530 0.22434389 1.16569814
v 0.02035990 0.04810440 0.74007445
v -0.05049430 -0.15764559 1.11304494
v -0.05965310 0.06285010 1.06987371
v 0.30659690 -0.01317660 1.15730291
v -0.04966960 0.00771250 1.75411358
v -0.03870470 0.06833380 1.09110441
v 0.49731879 -0.07538460 3.01139214
v -0.51292228 -0.48716609 2.68902002
v -0.01987250 0.02379460 1.04679441
v 0.40907340 0.35417701 3.53756340
v 0.40907340 0.35417701 3.53756340
v 0.12230290 -0.09628030 1.41578381
v -0.14368089 0.43613200 1.63474697
v 0.02165140 -0.00619950 1.01658697
v -0.35163699 -0.68914709 2.59148523
v 0.50216609 -0.59305758 1.97743434
v 0.18892490 0.29749259 1.66682949
v -0.18189340 -0.24413900 1.18081289
v 0.22852199 -0.12047060 2.98792809
v 1.02350851 0.08339650 2.75838586
v 0.51345340 -0.77366575 2.16098674
v 0.51345340 -0.77366575 2.16098674
v 0.44987838 -0.11441950 2.28950999
v -0.08630029 0.32917449 1.62307171
v 0.60943610 -0.45186728 1.88632946
v 0.47022818 0.31205640 1.32548474
v -0.57747679 -0.38530658 1.93795146
v 0.47410968 0.30814229 1.32696866
v 0.00895660 -0.20840780 1.09926938
v 0.09709120 -0.22488939 1.89777904
v 0.17975320 0.70996725 1.25615697
v 0.88381842 -0.59912058 1.71865322
v 0.47213229 0.30533819 1.33153088
v -0.02285160 0.24256999 1.60015774
v 0.15641929 0.14201510 3.00890435
v -0.43176440 -0.60868739 2.01053798
v 0.05835480 -0.32582210 1.21320615
v 0.18127040 0.30138059 1.67096844
v 0.27331819 -0.01471420 2.74039239
v 0.43146560 0.26205190 1.25553685
v 0.06951580 0.18039009 1.55597027
v 0.40897059 -0.04127520 1.24662801
v -0.45610740 0.12261590 2.95062097
v 0.54158179 0.37199390 2.33465464
v 0.39923530 0.55638648 1.89027584
v 0.43557628 0.25588230 1.25588071
v 0.43192531 0.25091909 1.26002355
v -0.46149287 0.08978690 1.37786359
v 0.66301817 0.14231380 2.48197214
v 0.38160388 0.22526029 1.18770086
v 0.37553550 0.22979179 1.19280835
v 0.31652290 0.22141269 1.13347837
v 0.32123267 0.21178409 1.13178235
v 1.15437360 -0.13002189 2.50387354
v 0.26515090 0.18235429 1.09659391
v 0.21328479 0.15976240 1.06172094
v 0.22252660 0.14886550 1.06135221
v 0.31224099 0.21706119 2.64935297
v 0.40931129 0.27045869 2.77024621
v 0.48303309 0.27704379 2.25442683
v 0.21945110 0.13995209 1.07228704
v 0.10319460 -0.10067380 1.43757382
v -0.49144988 0.02319470 1.34450940
v 0.14465560 0.10043850 0.98551206
v 0.12845080 0.09633030 1.00924749
v -0.25707450 0.41298659 1.26490674
v 0.86898519 -0.12517990 2.59416956
v 0.09354230 0.09493009 0.95493810
v 0.44107379 -0.06099170 2.92938378
v 0.22490659 0.08617639 1.91104503
v 0.08062210 0.08990310 0.96924314
v 0.01346540 -0.09801550 1.01706220
v 0.07547760 0.06208240 0.92782827
v 0.26605789 0.44221950 1.80553249
v 0.07804250 0.00957060 0.89780271
v 0.14165459 -0.72479071 2.76484369
v 0.09319360 0.05108390 0.93179396
v -0.40630649 -0.27682489 1.81477260
v -0.12720800 -0.20218410 1.13638028
v -0.06498990 0.11225890 1.10715948
v 0.47388167 -0.52345149 2.88791833
v -0.25126399 0.42272269 1.24949079
v 0.26938560 -0.39783038 2.64424707
v 0.02785420 -0.00867050 1.72365047
v -0.54643969 0.17086740 2.16081447
v -0.31467180 -0.34107558 1.29715955
v 0.41939208 -0.37196948 1.29031537
v -0.30124648 0.06822760 1.24827794
v -0.42334128 -0.07064050 2.82479883
v -0.18043109 0.69223830 1.85964199
v -0.06335320 -0.15001810 1.10591474
v 0.04060160 -0.26071300 1.16868245
v -0.28244459 0.01834900 2.70147913
v 0.36665790 0.59501887 1.91465938
v 0.07636090 -0.04832570 2.58473993
v 0.15948980 0.03821190 1.82497432
v -0.08868160 -0.28369510 3.05340447
v 0.09299310 -0.03261850 1.02723821
v 0.17700740 0.18047710 3.08129510
v 0.03632730 0.00928140 1.05731878
v -0.00991190 -0.04735970 2.36593195
v 0.08513389 0.04203220 0.25973180
v 0.25763299 0.19240160 1.09734334
v 0.06085200 -0.37213660 1.24232930
v -0.61980490 -0.35174529 2.02658672
v -0.30762840 0.54453799 1.36163083
v 0.13740900 0.03646760 2.36300150
v 0.02156670 -0.02025940 1.69112240
v 0.05733430 0.01807410 0.88812689
v 0.04316720 -0.01227490 1.43704022
v 0.03045620 -0.04884310 0.98248365
v -0.18922670 -0.05773920 2.56046839
v 0.15788029 -0.08496730 2.86610498
v -0.14708120 0.04334310 1.82494869
v -0.14177370 0.23322460 1.14833547
v 0.10518480 -0.03260390 2.74980188
v 0.13124779 -0.07282540 2.79399530
v -0.46029010 0.17234060 2.10023662
v 1.02695821 -0.23549169 2.87018976
v -0.18307060 0.21779090 2.96936639
v 0.10043290 0.29000320 3.17580681
v 0.68122229 -0.13168750 2.49038035
v 0.13997080 0.08850060 0.99828947
v 0.13318030 0.02807040 2.37498286
v 0.17533340 -0.22502359 3.15291772
v 0.06339670 -0.08320910 2.04120860
v 0.18530199 -0.06911430 1.08024221
v 0.03091050 -0.00277450 1.70899105
v 0.71707556 -0.58711848 2.09934550
v 0.02661180 -0.00882350 1.44454236
v 0.06555930 0.04511490 0.87235922
v 0.17166860 -0.67723219 1.36182507
v 0.18639700 0.09823990 2.45120020
v -0.46557479 0.09293649 1.37175916
v -0.17884580 0.69698317 1.85245327
v 0.78088698 0.64344161 2.34787074
v 0.08493650 -0.05938270 2.60057184
v 0.04153590 0.05552530 0.34136741
v 0.09960350 0.27268020 1.10698560
v -0.32447200 0.00261960 1.23306234
v 0.49288348 0.28422319 1.36176068
v -0.49544829 -0.07552440 1.26516446
v 0.12260140 0.24214170 1.60609112
v -0.00909500 -0.12911020 1.07545560
v 0.41690940 0.08061410 1.17708394
v 0.23087589 -0.05268150 1.11305196
v -0.33037269 0.00826960 1.21701604
v 0.10674240 0.13819899 2.96074731
v 0.51696708 -0.02685370 1.33775891
v 0.06966730 -0.00623230 1.77015346
v 0.17726980 -0.14742830 1.48484738
v 0.17588010 -0.01884870 2.63863336
v 0.08200320 0.16712110 1.03810880
v 0.21294990 0.07811810 1.92594829
v -0.10714750 -0.10110820 1.51115674
v 0.16688440 -0.08001370 2.87098321
v 0.06256860 0.10370820 1.51510037
v -0.09769729 0.38661620 2.52492060
v -0.38684798 0.26509519 2.17505015
v 0.05885590 -0.10396180 2.65977503
v -0.51219668 -0.08224809 1.26953290
v 0.28262719 -0.97747755 2.49822016
v -0.31575750 -0.32866649 1.30523465
v 0.30506389 0.62174368 1.41430585
v 0.49816649 0.27834180 2.24310969
v -0.07722760 0.10430489 1.11452779
v 0.53355349 -0.69436270 1.53875042
v 0.35894900 0.58179049 1.90511470
v 0.56290259 -0.22787910 2.43762553
v 0.04888310 0.18115400 1.57049801
v -0.33910258 -0.21804140 1.71025860
v 0.61514578 -0.45631209 1.88035656
v -0.27253019 -0.53242961 2.48719050
v 0.10622890 -0.10996549 3.18147088
v 0.10622890 -0.10996549 3.18147088
v 0.30136949 0.20030830 2.63203974
v 0.09310700 0.54272128 1.31138104
v 0.19563640 -0.67340987 2.24151286
v 0.02694030 -0.00819760 1.69114681
v 0.28483579 -0.20789119 1.16679021
v -0.32542358 -0.15667410 1.70908474
v 0.03065910 0.02348500 2.63499628
v -0.05213530 0.20423570 2.33939921
v 0.24694150 0.20188350 2.55042353
v 0.18089090 -0.22059879 3.15321221
v 0.05122670 0.11769240 1.49920681
v 0.37788879 -0.03797490 1.22288465
v 0.01588430 -0.49526660 2.45463206
v 0.41154147 0.08369240 1.18502958
v 0.07263200 -0.02081240 2.38196268
v 0.16039470 -0.58568228 2.19474910
v 0.08168589 -0.07103740 2.30821055
v 0.10079400 0.17628660 1.02244039
v -0.38926898 0.13230440 1.62845806
v -0.40968539 -0.37339938 1.38994214
v -0.32340591 -0.32530639 3.06724541
v 0.10272480 0.13535000 2.96269891
v 0.27925630 -0.97624830 2.50187327
v -0.13379210 0.04891960 1.84070202
v 0.42507998 -0.31034950 1.67026836
v 0.30026990 -0.00528340 2.76919000
v -0.40512809 -0.36932460 1.39432873
v 0.08720670 -0.04568880 2.30644816
v -0.00173070 -0.44267817 1.32626813
v -0.05348820 -0.07957020 0.33443568
v 0.72114531 0.46104838 2.66385156
v 0.03711230 -0.16516250 2.74986322
v 0.39589858 0.55304087 1.89577999
v -0.06730020 0.26357429 3.02853204
v 0.05553070 -0.41808089 1.26924344
v -0.07702100 0.01664850 0.53133410
v -0.08464850 0.37804629 3.20920586
v 0.20115379 -0.88866537 2.51053537
v 0.33277499 -0.25997699 1.17719640
v 0.29149589 0.48082679 1.81924785
v 0.10921200 0.21814640 3.05859734
v 0.11695679 -0.04748990 2.74458826
v -0.28514730 0.59491698 1.81842602
v 0.58369959 -0.39343658 1.78182812
v 0.35285140 -0.04050150 1.20885320
v 0.82518980 0.35363177 1.86610851
v 0.82518980 0.35363177 1.86610851
v -0.27409068 0.46976210 1.27601827
v 0.06199810 -0.37712661 1.22293195
v 0.38614799 -0.39112029 1.30181027
v 0.08022470 -0.51853469 2.14990886
v -0.04478990 0.59259707 2.73078455
v -0.07758820 -0.28485080 2.21867518
v 0.06032390 0.01690600 0.94056234
v -0.04808740 -0.08173340 1.45745511
v -0.40785171 -0.29971620 1.78204082
v 0.06760860 -0.02576490 2.56882013
v -0.11709470 -0.09814780 1.50366223
v 0.38967860 0.24378200 1.21622045
v 0.17818719 -0.15576450 1.47496243
v 0.06206290 -0.04787760 2.60224817
v 0.13147489 -0.04530670 1.00404005
v 0.09910559 -0.02212760 1.92823238
v 0.41537360 -0.37424991 1.29497861
v -0.00789230 0.01502880 1.07687078
v -0.06914030 0.00019190 0.63343207
v 0.64207777 0.05296550 3.14779626
v 0.17330721 -0.16173919 3.02582024
v -0.43802798 0.15659549 2.07454631
v 0.01371110 0.21945810 1.58881161
v 0.09747510 -0.23602180 1.88034633
v 0.41109519 0.26406459 2.77332696
v -0.20452539 0.38874000 1.61781597
v 0.07559130 -0.13146189 1.84069561
v -0.36141940 -0.34478919 1.34468045
v 0.49680777 -0.08256930 3.01168572
v 0.46803668 0.26444049 1.32952680
v 0.11614210 -0.04076670 1.03590635
v 0.31885570 0.20532190 1.14022184
v 0.04612220 0.03298260 1.11200178
v -0.39124728 -0.70044806 2.64549066
v -0.33211360 -0.15399600 1.70203564
v 0.41085700 -0.04785490 2.90152642
v -0.28475799 0.60133608 1.81506954
v 0.32638549 -0.25737310 1.19117284
v -0.04354370 0.05953870 0.34444320
v -0.07004800 -0.03211070 0.16154970
v -0.21795469 0.41363898 1.61746227
v 0.09815039 -0.03084660 2.73945489
v 0.07492170 -0.01234400 1.73840496
v -0.02646610 -0.41942420 3.09836663
v -0.32432388 -0.16668670 1.70869183
v -0.26920299 -0.40070018 2.42481699
v 0.17665849 -0.19403629 3.07560418
v -0.41320098 -0.15710080 1.77733501
v 0.28371599 -0.21747150 1.15736928
v -0.18777429 -0.23269670 1.18066137
v 0.08386260 -0.06029700 2.74923517
v -0.06790860 -0.15893510 1.09230710
v 0.16681900 0.11513940 1.04265470
v 0.10142200 -0.01854470 2.59561609
v -0.56813990 -0.00605280 1.43044537
v -0.22025280 0.08961580 1.91193340
v -0.64201910 -0.14967300 2.00361446
v 0.08387390 -0.03424610 2.24910670
v -0.31391229 -0.37935958 3.42717064
v -0.31391229 -0.37935958 3.42717064
v 0.19380109 -0.14315250 1.46511303
v 0.85343367 -0.12631170 2.58523584
v 0.06430430 -0.58898478 2.22825389
v 0.32337219 -0.26288469 1.18213765
v -0.64157660 -0.14431430 2.00287135
v 0.71733465 -0.01551820 2.30962000
v 0.06440140 0.11327460 1.50375271
v 0.05123890 0.02581950 2.13193416
v 0.64491377 0.22120040 2.77648340
v -0.06882740 -0.06011090 0.26632640
v -0.29546769 0.53824919 1.31249967
v 0.09483599 -0.02934630 2.55397089
v -0.51556308 -0.33821220 1.90395214
v 0.06511880 -0.09696940 2.24831248
v 0.25835990 -0.16514539 1.10851865
v -0.10948940 0.16670820 1.14395276
v -0.05888840 0.15985030 2.87150537
v 0.06475640 -0.05122990 2.05109004
v 0.11233470 -0.06757570 2.05337260
v -0.17337530 0.02707860 1.16320394
v 0.18458160 -0.07427290 1.08049551
v 0.04819590 -0.06629530 1.39754605
v -0.04356730 -0.04262440 0.08689250
v -0.34444099 -0.67467368 2.58186945
v 0.00331210 -0.06013020 1.41592908
v 0.41989341 -0.05713960 2.91270135
v -0.39595038 -0.69876578 2.64225763
v 0.35564410 -0.09631550 2.19938166
v 0.01285740 -0.19711340 1.11121320
v -0.25190870 -0.28232889 1.25164739
v -0.00300360 -0.04593030 1.41646146
v -0.04414750 0.07214930 1.07340971
v 0.01110270 -0.38652949 1.26038884
v -0.22945180 -0.01803340 2.64007074
v 0.35282989 0.23605060 2.69314569
v 0.24623710 -0.15878939 1.12577176
v 0.02938130 -0.10947200 1.01169141
v 0.09848310 -0.06665970 2.98357720
v 0.12971110 -0.55718119 1.30955548
v 0.17448579 0.13283650 1.02477522
v 0.70582968 -0.00285810 1.48109921
v 0.06785950 0.17396810 1.56729687
v -0.02765810 -0.13021310 1.05111738
v -0.24182090 0.42072619 1.25632588
v -0.00174200 -0.08731840 0.63465388
v 0.36001670 -0.33020339 1.23547139
v 0.08618439 -0.05388370 2.78205408
v 0.72626135 0.46253940 2.66035394
v -0.05475390 0.04760320 0.45639239
v 0.66024886 0.36670291 2.44131144
v -0.04794150 -0.24830970 2.95772882
v -0.27009740 -0.55579200 2.50038492
v 0.51434840 -0.38289348 1.76440090
v 0.08257800 0.33834640 1.14188939
v 0.88810041 -0.12441180 2.61276331
v 0.31267650 0.21095649 1.14713376
v -0.29835819 0.53329249 1.32020780
v 0.41289958 0.14162280 2.14310512
v 0.13603090 0.11564620 0.98857320
v -0.01587090 -0.05131640 2.36088252
v -0.08765449 -0.00968890 0.08773790
v -0.86231756 -0.54713370 2.17500209
v -0.38272060 0.68998045 1.38801892
v 0.34736968 -0.31441839 1.68270901
v -0.27226549 0.01623380 2.69817651
v -0.25615810 -0.00113090 2.67238306
v 0.80520865 -0.12855920 2.55084757
v -0.71212225 0.19864111 2.25359385
v 0.05887790 -0.05408460 1.78125149
v 1.02356771 -0.23710340 2.87123681
v -0.13014660 0.73029051 1.40403455
v 0.26345830 0.17537429 1.10701101
v 0.05645780 -0.58092219 1.43012860
v 0.54261859 -0.87184751 1.70817562
v 0.54261859 -0.87184751 1.70817562
v 0.10342430 -0.06182770 2.74581201
v -0.18371080 0.30243959 1.20199186
v -0.10846940 0.04782280 1.12147794
v -0.04377060 0.09111049 2.75501489
v -0.26514009 -0.53303969 2.49021891
v 0.64357985 0.05503030 3.14489922
v 0.08987870 0.03841490 0.94937689
v -0.27087720 -0.53820670 2.48187144
v -0.00557660 -0.03792350 1.39947751
v 0.27140880 -0.43660739 2.69228510
v -0.64676329 -0.51267360 2.05570277
v 0.10552359 -0.05812920 2.25101191
v -0.51597228 -0.79666479 2.89461145
v -0.15179340 -0.12293450 3.13348626
v 0.54231768 0.36394008 2.33966105
v 0.21706289 -0.74280791 2.33528788
v 0.21201999 -0.74578200 2.33241297
v 0.11482939 -0.10843260 1.41612576
v 0.72722235 -0.48051829 1.87770519
v 0.33892890 0.55934668 1.88616436
v 0.07689630 -0.07064270 0.15085920
v -0.46468360 -0.35156230 1.85819500
v -0.24367229 0.02989860 1.18647260
v -0.10564029 0.50089061 1.75140667
v 0.49722689 0.65076720 2.57218683
v 0.10899040 0.08327150 0.95719305
v 0.10899040 0.08327150 0.95719305
v 0.18353550 -0.02484620 2.62945947
v -0.47783870 -0.14975870 1.84028454
v -0.06958550 -0.07473890 1.43937695
v 0.42223598 0.15181229 2.16789195
v 0.18626140 -0.67302100 2.24305735
v 0.95758466 -0.12156339 2.65792688
v 0.28468219 -0.53011698 2.78093256
v 0.18282650 0.37261958 1.19636274
v -0.00097620 -0.17292720 2.12779185
v 0.28916099 -0.22789449 1.57963162
v 0.46702868 0.30751920 1.33286679
v 0.19325199 -0.68987418 2.26203578
v -0.01809420 -0.21824270 2.89349115
v -0.00717230 0.03799550 1.05310499
v 0.42175910 -0.45980060 1.34479016
v 0.01949650 0.02435790 2.62752649
v -0.16524839 -0.04025760 3.17106865
v 0.03895770 0.06765270 0.15504440
v 0.07419050 -0.01981640 2.55127039
v 0.66637068 -0.14106310 2.47215098
v 0.18649229 -0.15365320 1.46501019
v 0.02211410 0.06754040 0.63108767
v 0.13890090 0.03002250 2.36879618
v 0.55649020 -0.70473997 3.03360070
v -0.49666049 0.02595670 1.33999493
v -0.77035025 -0.70711531 2.15674846
v -0.77035025 -0.70711531 2.15674846
v 0.10333760 0.14114310 2.95792840
v 0.29649379 -0.01565350 2.76583734
v 0.30420200 -0.02004080 2.75846338
v 0.02994020 -0.14836799 1.07411481
v -0.28293800 -0.39895259 2.43571909
v 0.15245209 -0.57008979 2.16215526
v 0.23336479 0.37072337 1.75670223
v -0.15293959 0.22775810 1.14574361
v -0.03705900 0.34502250 1.64516186
v 0.52031230 -0.38739200 1.75505138
v -0.08423060 -0.29093108 2.20421000
v 0.03805510 0.17425979 1.56917492
v 0.09707420 0.08615110 2.90241021
v 0.05507710 0.04192130 0.73777922
v 0.20830850 0.14534020 1.07941389
v 0.42252337 0.21376180 2.13815272
v -0.11637350 -0.10940070 3.02432336
v -0.03561290 -0.02613350 0.74514715
v -0.16295650 0.48763350 2.73761407
v -0.00052550 -0.08095219 0.74361891
v 0.08465319 0.22112760 1.06706426
v -0.11757740 0.17481371 1.12267049
v -0.07141020 -0.05714040 3.01347375
v 0.36258437 0.24121400 2.70681665
v 0.03602970 -0.75892119 2.37385767
v 0.51203811 0.29193719 2.27660700
v -0.23027740 0.37035640 1.22930730
v 0.40472659 0.04604270 2.50447947
v -0.18733060 0.03334430 1.14449445
v -0.17869289 0.31261989 1.18806577
v 0.87078810 -0.29059270 2.52878061
v -0.39977637 -0.37388538 1.39699277
v 0.88332472 0.54994178 1.32943631
v 0.88332472 0.54994178 1.32943631
v -0.35984691 -0.71837096 2.60802820
v 0.65661978 0.13816000 2.48584772
v 0.05803860 0.04643220 0.96912191
v 0.52286288 0.29238170 1.39352994
v -0.06980930 0.11603289 1.09164739
v 0.36847629 -0.32960288 1.23236859
v 0.23295589 -0.11972439 1.08338514
v 0.48318587 0.13351790 1.21438604
v 0.47497649 -0.52794627 2.88249109
v 0.02317610 -0.27260669 1.16159864
v 0.16506830 -0.15271750 2.98361993
v 0.57086199 0.39201270 2.36268794
v 0.10287090 -0.12375490 3.17874444
v 0.10287090 -0.12375490 3.17874444
v 0.64930655 -0.67702002 1.36767102
v 0.04266330 -0.07308530 2.24634547
v 0.16138900 -0.09463950 2.86125238
v 0.04229130 -0.33550929 1.20396398
v -0.36410098 -0.43553859 2.53121271
v 0.05922300 0.16557090 3.20531701
v -0.08219430 -0.28681810 3.05349419
v 0.09700969 -0.09871250 2.97800805
v -0.06421230 -0.06522470 1.44906201
v -0.57392577 0.40501967 1.70434795
v 0.53968238 -0.68962645 1.54195385
v 0.09844740 -0.07050730 2.00958888
v 0.04741300 -0.06512960 1.35879102
v -0.00470540 -0.32146381 2.97187524
v 0.07989010 0.00884870 0.93020971
v 0.00023190 0.03257800 1.07169317
v 0.08362610 -0.04904130 1.00359495
v 0.07816130 -0.04029250 2.28325587
v -0.49777350 -0.78798887 2.88623529
v 0.56978598 0.19352630 1.23801847
v 0.09642730 -0.09641110 2.05038875
v 0.08984050 -0.02442840 2.75088953
v 0.12519160 -0.08212260 2.97823083
v 0.23049499 0.05485980 3.34175896
v -0.44343528 0.57238047 1.39842450
v 0.07865460 -0.01403500 0.53346720
v 0.42123199 0.07183430 1.17946126
v -0.03352800 0.01377350 1.77163250
v 0.30032510 0.61809359 1.42117016
v -0.09123390 0.38305278 2.52783197
v -0.09387610 0.32360721 1.62150601
v 0.27715389 -0.45982860 2.70601434
v -0.45125300 0.11835700 2.95581170
v 0.04829390 -0.06547110 0.44947200
v 0.18320730 -0.08728360 1.06536901
v 0.89357809 -0.58277560 1.98351085
v 0.03700300 -0.04563250 1.92778942
v 0.15432550 -0.59084609 2.19163554
v 0.10941950 -0.05837280 1.92374263
v 0.10508070 -0.04335230 2.59709986
v 0.05667460 -0.05239590 1.35898694
v 0.17884920 0.10881690 1.03420820
v 0.21844230 -0.12690250 1.09141637
v 0.09389570 -0.08609850 2.25040736
v -0.22718599 0.36586639 1.24291936
v 0.04819180 -0.49499778 1.32515302
v 0.04688270 -0.05955250 2.38616099
v 0.89652319 -0.34419910 1.98496089
v 0.22166450 -0.11741140 1.10634435
v 0.06390280 -0.09968920 2.04812022
v 0.09561590 -0.06225110 2.38563975
v 0.48283660 0.48995620 2.81932947
v -0.16078769 -0.05145350 2.52420298
v -0.58797698 0.24084899 2.24734217
v -0.18507389 -0.14909119 1.55660855
v 0.09611089 -0.03416840 2.38288905
v 0.08676590 0.17957780 1.01544180
v 0.19970300 -0.07962000 1.05671636
v 0.07868930 -0.00766420 2.59732416
v -0.05084650 0.05667650 1.09850454
v 0.15268600 0.32301948 1.15937421
v 0.38916408 0.00736940 2.84720788
v -0.63365260 -0.41589110 1.99670406
v 0.42775428 -0.47265490 1.35548978
v -0.06628260 0.41928767 1.69302624
v 0.39152881 0.23210220 1.21509465
v 0.12868459 -0.12854290 2.40074229
v -0.03323910 0.08150800 2.72873651
v 0.10907190 -0.02950510 2.74725885
v -0.28119499 0.46837008 1.27438077
v -0.65773489 -0.65702879 2.17654445
v -0.60872969 -0.39525687 1.96767772
v -0.09959610 0.17620449 1.13859517
v -0.30905769 0.54846648 1.35821652
v -0.25537990 -0.18135500 1.63369396
v 0.53243579 0.29658920 1.40796429
v 0.02657140 0.01649900 2.63603815
v 0.11661850 -0.09899230 2.97605615
v -0.70394591 -0.45517108 2.05734401
v 0.10981350 0.22256389 3.05547021
v 0.07735960 -0.11603380 3.17712487
v 0.07735960 -0.11603380 3.17712487
v 0.75241858 -0.38358680 2.66556116
v 0.23427520 -0.81641218 2.35988978
v 0.22591949 0.44907588 1.26775838
v -0.18247640 -0.22529239 1.18990209
v 0.08206030 -0.10122140 3.18017937
v 0.08206030 -0.10122140 3.18017937
v 0.17834020 -0.02609540 2.63588709
v -0.43401999 0.14904100 2.08259944
v 0.45233668 -0.09492400 1.58529766
v 0.05048450 0.18839319 1.55966732
v 0.14636980 -0.05560150 1.05046659
v 0.89089125 -0.58694819 1.98513866
v 0.33963149 -0.28859680 1.21701230
v 0.04826120 0.10221360 1.51756772
v 0.04923070 -0.05620120 0.97068899
v -0.48927138 -0.96217535 2.77966394
v 0.08251790 -0.07166850 2.33474909
v 0.41585418 -0.45047770 1.34481152
v 0.08830410 -0.12715330 3.17649407
v 0.08830410 -0.12715330 3.17649407
v -0.27699350 -0.01833890 3.34931725
v 0.46028720 0.03269760 1.25936048
v 0.29440299 -0.21240819 1.15083944
v 0.62651370 0.48556758 2.46045313
v -0.29670678 -0.06103130 2.68640802
v -0.30186229 0.53680808 1.30547299
v -0.28988889 0.65412039 2.91568048
v 0.63189559 -0.12080280 3.17476769
v 0.05745750 -0.05356170 1.39774197
v -0.03846260 0.21190429 2.32831675
v 0.36155048 -0.32324710 1.24101834
v 0.03912480 0.04568120 1.47434414
v 0.41704528 -0.36923549 1.29887128
v -0.33670909 0.60968768 1.34273053
v 0.15932900 0.43318198 3.24771447
v 0.20727329 -0.71604788 2.28215266
v 0.05653390 0.05487440 1.45606000
v -0.39979148 -0.80076628 2.66944818
v 0.65302672 0.36358020 2.44617899
v 1.14582364 -0.10821170 2.76361841
v 0.72535460 0.45946978 2.66352716
v 0.05813000 -0.07710690 2.03746547
v -0.13772420 0.43661387 1.63983471
v 0.80108297 -0.12336930 2.55749384
v 0.06219760 -0.08218290 2.00988170
v 0.39131568 -0.39769469 1.28868070
v 0.34189029 -0.01041100 1.16772245
v -0.01006320 -0.18209610 2.11220119
v -0.23887289 -0.28172149 1.26433476
v -0.02443360 -0.08924080 0.53119448
v 0.12914280 -0.14122340 2.39135294
v 0.10203590 0.28109109 1.09785100
v 0.10627249 -0.65426108 1.52931240
v -0.39337230 0.07647830 1.31503949
v 0.20215580 -0.07499310 1.05779058
v -0.25848339 -0.95548574 2.77494226
v 0.09944270 0.01892880 2.80109918
v 0.14822039 -0.46833171 2.06882945
v 0.68773848 -0.14875539 2.48641504
v 0.09024380 0.53515578 1.31583997
v 0.09985010 0.28736640 3.17786767
v 0.03380830 -0.19222530 2.77069238
v -0.57146628 0.18180360 2.16755244
v 0.38199378 0.23949630 1.18367894
v -0.48564570 -0.96160261 2.78313989
v -0.00442260 -0.05185720 2.37080973
v -0.01490530 -0.53108790 1.40955121
v 0.50515509 0.29514699 2.28059031
v -0.39524840 -0.70352095 2.63874628
v -0.51635299 -0.80033728 2.89335595
v 0.15200699 0.02309890 1.83916591
v 0.49693271 0.14500220 1.21938985
v -0.72590346 0.29140539 2.47972513
v 0.10012940 -0.06356830 2.03699764
v -0.51902129 -0.48746188 2.68323755
v 0.09964570 -0.07153400 2.04089687
v 0.19246810 -0.08215339 2.11399028
v 0.09634849 -0.03839960 2.55841150
v 0.27602319 -0.02065550 2.73892847
v 0.19365760 -0.08933010 2.11211345
v 0.09687150 -0.07880890 2.03662242
v 0.16953140 -0.13922750 2.98828515
v 0.09070150 -0.04834820 2.29562571
v 0.09677250 -0.03858610 2.57197687
v 0.34722110 -0.09465290 2.21408778
v 0.73340796 -0.49945041 2.00986324
v -0.37435187 0.69748419 1.38393124
v 0.71155836 0.15521120 1.32215482
v -0.46815749 0.08693590 1.36715817
v 0.10619520 -0.05599240 2.76274072
v -0.27261329 -0.02382440 3.35325279
v 0.65891005 -0.13932230 2.48054423
v 0.19517480 -0.32216090 3.34070397
v 0.87034636 -0.16160089 2.63152582
v 0.87134726 -0.16633129 2.62806482
v -0.38954829 0.27010450 2.17003047
v 0.87482031 -0.16302839 2.62454035
v 0.40490237 0.68022002 1.97183360
v -0.19415100 0.53423030 1.72126476
v 0.08394950 -0.04724750 2.77363977
v 0.04402930 0.02588450 2.13013011
v 0.35167781 -0.43253009 2.73158167
v 0.07193680 -0.04803520 2.05501979
v 0.07941910 -0.04646690 2.05068813
v -0.13635040 0.05578150 1.83302379
v 0.04579340 -0.32837608 1.21421750
v 0.61152918 -0.42391761 1.80237316
v 0.12300400 -0.13028060 2.40302836
v -0.53009558 -1.18276990 2.86388727
v -0.53009558 -1.18276990 2.86388727
v -0.00303850 0.12214050 2.26306880
v 0.39390380 -0.03637790 1.23613805
v -0.00662400 0.13411669 2.25177684
v -0.09017540 0.38322169 3.20614403
v 0.05230640 -0.42344527 1.25986608
v 0.49248580 -0.13156789 2.32140605
v -0.06964600 0.25126489 2.36060130
v 0.52203990 -0.02847520 1.33178189
v -0.46972579 0.87707838 1.46986874
v -0.09576549 0.37754989 2.53128046
v -0.28926370 0.65727942 2.91128045
v -0.16589800 0.48256431 2.73811822
v -0.33259429 0.04460940 2.78628229
v 1.14442701 -0.11127700 2.76738733
v -0.16726150 0.48980571 2.73423975
v -0.28692060 0.65595572 2.91404138
v -0.09795370 0.13958000 2.84091333
v 0.09883210 -0.03115900 2.75876123
v 0.96465757 -0.12115559 2.64863550
v -0.55246409 0.16617689 2.15508738
v -0.89144850 0.23209089 2.37505473
v -0.10833810 0.03150210 1.12244489
v 0.08769980 -0.06754320 2.33117716
v 0.05166670 -0.38216491 1.22758031
v 0.07626210 -0.07414530 2.33137888
v 0.02628660 0.02834210 2.62973596
v -0.39862670 -0.29384479 1.79355465
v -0.44724219 -0.38191890 1.45079205
v -0.11940520 -0.21490909 1.13603994
v 0.63237208 0.48605029 2.45609659
v 0.15354860 -0.84618711 2.58811914
v 0.09184200 0.33638271 1.14718961
v 0.05274210 -0.50562510 1.31584027
v 0.05883690 -0.57462180 1.43348447
v 0.20866230 -0.21480630 2.50280008
v 0.33568210 0.54156718 1.86506832
v 0.24305540 -0.87558432 1.45530011
v -0.18099910 0.02836480 1.16669690
v 0.49755709 0.84285345 2.08304500
v 0.21219490 -0.22247100 2.49109827
v 0.28076759 -0.32392040 2.58909540
v -0.47162978 -0.15949279 1.84519558
v 0.34830310 -0.42519450 2.73682550
v 0.34587920 -0.43122020 2.73487299
v -0.40013709 -0.30164378 1.78779232
v -0.17528150 0.30817329 1.19767987
v 0.47182071 -0.52779689 2.88641839
v 0.79154112 0.81997686 2.71921289
v 0.79154112 0.81997686 2.71921289
v 0.55901828 -0.70635496 3.03222070
v 0.12592160 0.03247170 2.37550578
v 0.04403750 -0.16330509 2.75334436
v 0.08645220 -0.04508250 2.28286738
v 0.07745760 -0.53146819 2.16231105
v -0.00189950 -0.31621949 2.97428308
v 0.62371287 -0.27917529 2.51824244
v 0.72213866 -0.49064479 1.87353847
v 0.19069440 0.10625540 2.44216410
v -0.17525159 0.04167700 1.16356077
v -0.55159789 0.18078800 2.15016276
v -0.37481280 -0.15661299 1.74923199
v -0.28231269 0.60158270 1.81881908
v 0.50161189 -0.08533430 3.00707665
v 0.31973399 0.30674779 2.67754572
v 0.47441539 -0.33157680 1.71511456
v 0.32243098 0.31167150 2.67108972
v 0.40237788 0.41427318 2.83338495
v -0.56395899 -0.00806700 1.43320141
v 0.40510711 0.41873771 2.82981012
v 0.11217520 0.21984849 3.05683312
v 0.40027671 -1.16311040 2.60118311
v 0.40027671 -1.16311040 2.60118311
v 0.42555820 0.25402139 1.26224004
v 0.46160998 0.55787699 3.00853082
v 0.46314639 0.56013869 3.00540917
v -0.88581541 -0.48181529 1.91831462
v -0.88581541 -0.48181529 1.91831462
v -0.06813970 0.26962339 3.02469750
v -0.30388660 -0.40931411 2.45123301
v -0.00476730 -0.06031730 2.37074656
v 0.05529220 -0.05387730 2.31197169
v -0.59689959 -0.10612190 1.28499906
v 0.05557670 -0.04884010 2.30149531
v 0.74780981 -0.38545379 2.66707208
v 0.05454360 -0.05328160 2.28849452
v 0.09552210 -0.02964800 2.57592096
v -0.23592359 -0.38975459 2.39519602
v 0.05454560 -0.09660760 2.66464716
v 0.11011530 -0.76705061 1.40879605
v 0.39956821 -0.04363720 2.88713006
v -0.01621570 -0.05977660 2.36081919
v 0.07018310 -0.07567400 2.38736033
v 0.05453590 -0.06281930 2.28825282
v -0.02848600 -0.42174338 3.09580437
v -0.11678200 0.05216780 1.10768979
v -0.43953868 -0.04693540 1.24414456
v -0.09305730 -0.05885310 2.46889048
v -0.71868681 0.26854638 2.42068400
v 0.37824847 0.61773779 1.92283901
v 0.10071950 0.19726800 1.04074155
v -0.45999007 -0.44400790 1.48760373
v -0.10212280 -0.05831880 2.45992106
v -0.32407958 0.58517459 1.33831601
v -0.37662139 0.69372137 1.38987515
v 0.72290129 0.61743010 2.60435388
v -0.15273300 -0.86930105 1.74645916
v -0.15273300 -0.86930105 1.74645916
v -0.19702699 -0.05722930 2.55353601
v 0.04813160 -0.08217840 1.92323619
v -0.28986930 -0.06150200 2.69146570
v 0.09393360 -0.03826420 2.05423412
v -0.52773627 -0.05398360 3.01129235
v 1.02206350 -0.23355659 2.87182580
v 0.68638457 -0.13806530 2.48224573
v -0.05468660 0.37737929 1.67717556
v 0.28111419 -0.01964550 2.73454156
v 0.62730658 -0.27269819 2.51773752
v 0.16329889 -0.06124560 1.02329084
v 0.39082530 0.00260620 2.84574121
v 0.39396991 0.00318930 2.84152704
v 0.39425220 0.00831280 2.84038934
v 0.02964150 0.04598960 0.87559065
v 0.52048457 0.00090900 2.98508813
v 0.22085750 0.45341300 1.26326528
v 0.52361808 0.33572398 2.94645867
v 0.52373267 0.00123300 2.98309228
v 0.52451159 0.00495140 2.98269555
v 0.64118529 0.05517540 3.14792565
v 0.06783920 -0.13533200 1.83887951
v 0.64355765 0.05287580 3.14592583
v 0.20366170 -0.89217771 2.50927286
v 0.02254340 -0.27409700 1.15935415
v 0.10256759 0.07182980 2.87930963
v 0.07461540 -0.02000680 2.56488581
v 0.02431660 -0.00725370 1.06617521
v 0.07960180 0.40527228 1.18792646
v 0.06692110 -0.02545670 2.54678873
v -0.03986810 0.33601451 1.65841015
v -0.39550479 0.26695150 2.16654353
v 0.57916400 0.31457879 1.47870862
v -0.03708140 0.07620720 2.73022913
v -0.09531950 0.14413150 2.84052728
v -0.10252180 0.14489190 2.83594018
v -0.18069160 0.22065589 2.96845666
v -0.18242870 0.22285400 2.96583032
v -0.18588119 0.22134740 2.96511682
v 0.23231960 -0.80835478 2.36833598
v -0.24348199 0.28137170 3.13368066
v -0.24230310 0.28343179 3.13400567
v -0.24360389 0.28519100 3.13303002
v 0.06312150 -0.09328060 2.66779016
v 0.46455661 0.27318950 1.32740659
v 0.07707660 -0.04861740 2.60749445
v -0.37381499 0.69362822 1.63430294
v 0.04037410 -0.17169241 2.74655176
v 0.02703500 -0.24160739 2.84772821
v 0.09873940 0.00988840 2.80879999
v 0.40748900 -0.69036322 1.46310742
v 0.10484760 0.01426070 2.80539087
v 0.04832710 -0.07177720 2.04906291
v 0.10761630 0.07501790 2.87613214
v 0.73793646 0.33956439 1.30334836
v 0.10323010 0.07936860 2.87328607
v -0.02891120 -0.41919429 3.09695916
v 0.79649069 -0.12917110 2.56326960
v 0.17414280 -0.15199890 2.98201684
v -0.40520598 0.00981920 1.26476888
v 0.04738430 -0.06857430 2.82547784
v 0.04179280 -0.06478730 2.82091180
v -0.30617099 -0.33138240 2.74821069
v 0.03981600 -0.07180220 2.81708093
v 0.08550939 -0.05355150 2.76297601
v 0.00401330 -0.07525770 2.88102899
v 0.09595000 0.53506839 1.31570142
v 0.47778560 0.27117679 1.31935544
v -0.00376940 -0.07805670 2.87623803
v -0.04313170 -0.09801380 2.95192864
v -0.04719240 -0.09546270 2.94982812
v -0.04830250 -0.09962160 2.94682550
v 0.02637130 0.41950500 1.19261838
v -0.11410249 -0.11155490 3.02647881
v -0.11825849 -0.11250459 3.02319482
v -0.14981169 -0.12421580 3.13322991
v -0.32892040 0.01714650 1.22347394
v 0.65620215 0.14329240 2.48705134
v 0.33586150 0.22289230 2.67572778
v 0.12393690 -0.06733140 2.79867364
v 0.15629349 -0.08251500 2.85296319
v 0.45984210 -0.53524729 1.40317395
v 0.16153799 -0.08668790 2.84797998
v 0.11637769 -0.35875110 1.98758663
v 0.08544360 -0.08463850 1.92161754
v 0.23117979 -0.12296210 2.98495538
v 0.66231101 -0.14576390 2.47722483
v 0.24426309 -0.16864120 1.11400175
v 0.25803020 -0.15455660 3.06919549
v 0.26001480 -0.15664360 3.06863915
v 0.46239459 -0.52709899 1.41156842
v 0.19464569 -0.08538700 1.07332357
v 0.24132820 -0.06657370 1.10846181
v -0.05786520 -0.17207349 1.09102735
v 0.24822469 -0.05717960 1.09464681
v 0.08896109 0.23382440 1.04793226
v -0.01474720 0.25006399 1.60215008
v 0.27298900 -0.02863800 1.14069471
v 0.28248790 -0.04034200 1.13719114
v 0.28624509 -0.03347360 1.12378530
v -0.06411710 -0.08771580 1.43883847
v 0.05472620 0.04515890 1.46968945
v 0.33556979 0.00082800 1.17166257
v 0.04064620 0.18597309 1.55165036
v 0.34449588 -0.00482450 1.15570218
v 0.11218469 -0.34330558 1.99881725
v 0.39581740 0.01519280 1.19761571
v 0.39957240 0.00558030 1.19379590
v -0.28255329 0.59761550 1.82089336
v -0.27352659 0.44512118 1.62630856
v 0.40430869 0.01077050 1.18531568
v 0.46485930 0.02509480 1.25768575
v -0.71027998 -0.45984969 2.04862209
v -0.49350688 -0.39686587 1.80863704
v 0.26583259 -1.02330579 2.23858744
v -0.22712350 -0.16231180 1.59836804
v -0.24062410 0.08675589 1.92728389
v 0.51212558 0.06776500 1.32616834
v 0.51530818 0.07017650 1.32095792
v 0.00695840 -0.15951700 1.05721227
v -0.08022919 -0.11829320 3.22448479
v 0.10321530 0.12060520 1.00883321
v 0.50737998 0.07222290 1.32533292
v 0.10632350 0.13058710 0.99405401
v 0.09083380 0.13360329 0.98592985
v 0.09785050 0.16858801 1.03644941
v -0.04372130 -0.08270140 0.44828448
v -0.27284740 0.46748000 1.28297498
v 0.09877790 0.22134309 1.06496038
v -0.04230510 0.08220280 2.72257593
v 0.96280004 -0.12804840 2.64972528
v 0.10144040 0.22919010 1.05313604
v 0.80316641 -0.13756850 2.55251749
v 0.08713569 0.27142850 1.10791578
v 0.09107139 0.28503770 1.09313581
v 0.07906170 0.32727119 1.15513974
v 0.11352290 -0.32768958 1.98708003
v 0.06841210 0.39999259 1.19603940
v 0.01587500 0.22622510 1.57868267
v -0.05829380 -0.26270980 2.97755487
v 0.07749070 0.40094890 1.19571035
v 0.07182780 0.40698810 1.18344465
v 0.07643020 0.47621131 1.24412587
v 0.08372040 0.47544707 1.24296605
v 0.08553850 0.47951609 1.23702779
v 0.08552910 -0.45193660 2.08996318
v -0.09814279 0.14741439 2.83745355
v 0.07937200 0.48279509 1.23451757
v -0.19160139 0.03645130 1.15088201
v 0.09771960 0.53974410 1.31294568
v 0.09697540 -0.09916830 3.18224114
v 0.09697540 -0.09916830 3.18224114
v 0.42544490 -0.47688300 1.65031979
v -0.31039338 -0.33453078 1.30979047
v -0.06000760 0.02868790 1.09828046
v -0.13905170 0.23111450 1.16066808
v -0.06706670 0.05186640 1.08019834
v -0.12643570 -0.01664550 -0.00000000
v -0.07092970 0.03649840 1.07080144
v -0.12178839 0.03853260 1.10013509
v -0.50293521 -0.40497008 1.50202282
v -0.18387640 0.04554940 1.15199765
v -0.04085260 -0.24260589 2.94229211
v -0.27941089 -0.02268030 3.34909935
v -0.23495759 0.01389740 1.19617124
v -0.23765069 0.02625990 1.19717099
v -0.24470069 0.01978510 1.17886091
v -0.32527358 0.01365460 1.23339101
v 0.25358489 -0.20544319 1.52432293
v -0.40385501 0.01874320 1.26422200
v -0.40785869 0.02172730 1.25665959
v -0.40989028 -0.79639105 2.66552301
v -0.35292590 -0.70460562 2.59877649
v -0.41168399 0.01464770 1.25253270
v 0.72146376 -0.48220149 1.88214107
v -0.40495059 -0.80154989 2.66445612
v -0.49193129 0.01579110 1.34431027
v -0.50036219 0.02026000 1.33700559
v -0.56944308 -0.00958290 1.42657590
v 0.40058948 0.26740449 2.77765008
v 0.01138260 -0.14922200 1.07274145
v -0.22313140 0.37505199 1.23225225
v -0.49337390 -0.95969145 2.78126214
v 0.02278170 -0.16502550 1.04898809
v 0.73051352 0.61444319 2.60300959
v 0.02934350 -0.19559139 1.11172315
v -0.52128108 -0.39925300 1.90662303
v 0.02303200 -0.21386619 1.09239774
v 0.02601830 -0.26365909 1.16974401
v 0.03497910 -0.27760188 1.15187131
v 0.31740699 -0.01919750 1.14151960
v 0.05268820 -0.33736388 1.19661557
v 0.06673940 -0.41776900 1.26939191
v 0.06152250 -0.42644877 1.25421887
v 0.05773710 -0.05349930 1.74510677
v -0.08260070 -0.06413360 3.00645562
v 0.58304137 0.41936069 2.39464869
v -0.32380920 -0.66170561 2.56994776
v 0.05729730 -0.49567958 1.32589093
v 0.28155568 -0.01308000 2.73329431
v 0.04537650 -0.50114440 1.31894132
v -0.70530760 -0.46130969 2.05370982
v 0.06628240 -0.57415579 1.43254330
v -0.24541189 0.41470901 1.26585347
v 0.11315180 -0.64875639 1.53012310
v 0.10835020 -0.65018889 1.53231274
v 0.03001720 -0.23586460 2.85379876
v 0.10978989 -0.65534537 1.52526837
v 0.17256179 -0.09566370 2.86313165
v 0.16283319 -0.56711157 2.15764506
v -0.01308720 0.25606950 1.59267590
v -0.02016570 0.25228710 1.58482800
v 0.16988149 -0.67121535 1.37267941
v -0.08337000 0.33265449 1.61462963
v -0.08913480 0.32923789 1.60784664
v -0.46477160 0.87837889 1.47060238
v -0.14745479 0.43094939 1.64574688
v -0.14005649 0.43341098 1.64663311
v -0.18850280 0.53645880 1.72233044
v -0.18760099 0.54125418 1.71855587
v 0.10177370 0.28869150 3.17730736
v -0.48031367 -0.32585490 1.85948787
v 0.18619230 0.31106460 1.65988903
v -0.57107718 -0.38721259 1.94462581
v -0.47236968 -0.32815570 1.86764995
v -0.56968848 -0.37935119 1.94966625
v -0.71199148 -0.45280879 2.04911174
v -0.08502550 0.11041139 1.08942869
v -0.86462805 -0.54278739 2.17627314
v -0.21896249 -0.16559749 1.60711651
v -0.85881262 -0.54814349 2.17854304
v -0.85895681 -0.54442137 2.18200267
v -1.00690740 -0.71093352 2.27666270
v -1.00690740 -0.71093352 2.27666270
v -0.02393230 -0.22386119 2.88880426
v -0.88619711 -0.55802119 1.91787899
v 0.51607169 -0.19052290 2.38559733
v -0.59536837 -0.38712440 1.95704463
v -0.63024188 -0.41508609 1.98645686
v -0.48642039 1.09122175 1.59055889
v -0.48642039 1.09122175 1.59055889
v 0.21594079 -0.74779448 2.32760188
v -0.78089491 -0.38230147 2.26689173
v -0.04349340 -0.71163016 1.56258770
v 0.08137080 0.27882619 1.10471670
v 0.33383861 0.53479808 1.87860897
v 0.27403379 0.43380347 1.80587551
v 0.27821739 0.44517871 1.79154400
v 0.41593989 0.67834631 1.96832973
v 0.53787310 -0.69529005 1.53604565
v 0.41252669 0.68203665 1.96310527
v 0.50137248 0.83955168 2.08359035
v 0.79225348 0.05170040 2.67811029
v 0.79225348 0.05170040 2.67811029
v 0.07011390 0.04158350 0.95627798
v 0.50287318 0.84408232 2.07690822
v 0.64912116 0.95954328 2.23071788
v 0.64912116 0.95954328 2.23071788
v 0.81437986 -0.54500540 2.84254754
v 0.81437986 -0.54500540 2.84254754
v 0.13015030 0.04086890 2.36352427
v 0.39514228 0.64144232 2.21024714
v -0.00161620 0.46127318 1.22018384
v 0.04647890 0.04062080 2.11933482
v 0.41886508 0.91016111 1.90950313
v 0.07075120 -0.04699920 2.02404842
v 0.08580459 0.11745229 1.00984296
v 0.37083869 0.60493899 1.91366054
v 0.69539351 0.43117747 2.68530451
v 0.29492700 0.20730890 2.63206568
v 0.06243300 -0.58435000 1.42711346
v -0.35163509 -0.35921390 1.35264355
v 0.20484319 -0.08421130 2.09812083
v -0.35261409 -0.34742149 1.35215070
v 0.32574470 0.53907389 1.87636440
v -0.45565719 -0.38726390 1.43883206
v -0.00618070 -0.31753400 2.97359033
v 0.41122779 0.67722350 1.97372402
v -0.36588229 -0.35495479 1.34055661
v -0.57403639 -0.44230960 1.57980023
v -0.57675978 -0.43570830 1.58174862
v -0.58226058 -0.43403659 1.57708660
v -0.58293700 -0.43960479 1.57225643
v -0.72476210 -0.50073909 1.73237423
v 0.42429439 -0.03964610 1.25925427
v -0.72942831 -0.49445277 1.72937481
v -0.73095495 -0.49882769 1.72705608
v -0.06761050 -0.43750758 1.65163067
v 0.06741190 -0.59632800 2.21899394
v -0.46489940 -0.39728969 1.46370083
v -0.78320288 -0.30492120 1.60483959
v 0.11406390 -0.33968360 1.97421504
v -0.49064200 -0.40037311 1.48909771
v -0.74021879 -0.61984519 1.56460980
v -0.51256827 -0.41017398 1.50342328
v 0.25489410 0.18110759 1.11419851
v -0.30653930 0.52878798 1.31794507
v -0.37904849 0.69606886 1.37840161
v -0.51211589 -0.79716475 2.89490472
v -0.58004317 -0.37626731 1.93886684
v -0.33711787 -0.65626379 2.56504755
v -0.46713038 0.88129415 1.46311703
v 0.16801319 -0.55970069 2.16507655
v 0.05531820 0.04461480 0.63125517
v -0.56267829 -0.01284210 1.43103543
v -0.32336719 0.56903330 1.33147839
v -0.31611758 0.55287360 1.32393521
v -0.33108989 0.60060690 1.34546292
v -0.18592079 -0.39800990 2.32041880
v -0.34351669 0.62457049 1.34959256
v 0.62687029 0.47919108 2.46402308
v -0.27482219 -0.55059100 2.50955759
v -0.55950377 0.82645880 1.29145841
v -0.90342268 0.25056110 2.11340068
v -0.10459470 0.18121400 1.12544195
v 0.47621268 0.26319660 1.32455106
v 0.40153857 0.23055269 1.20888898
v 0.16410459 -0.67749129 1.36348965
v 0.40587470 0.24127479 1.20617940
v 0.57005408 0.32215751 1.48067807
v 0.96143415 -0.11714770 2.65370416
v 0.57290938 0.31557439 1.48258282
v -0.13051639 -0.05176910 3.09628991
v 0.69235892 0.37749000 1.65868923
v 0.24363719 0.19574029 2.55826563
v 0.69349562 0.37241927 1.65876110
v 0.69785506 0.37171180 1.65602184
v 0.69941267 0.37634528 1.65425717
v 0.45925948 0.25463359 1.69150433
v 0.48252318 0.27981500 1.34604184
v -0.01770480 -0.53588259 1.40377972
v 0.30864389 -0.01144540 1.13742734
v 0.51389769 0.28673889 1.39031201
v 0.78267279 0.19510810 1.52848141
v 0.50398299 0.28243099 1.37532895
v 0.08906689 -0.44595038 2.09689448
v 0.72458777 0.51013961 1.50315365
v 0.35133868 -0.28682399 1.21700994
v -0.29804330 0.17459659 2.02456203
v 0.38415439 -0.39772491 1.29510510
v 0.33714931 -0.29665380 1.20869817
v 0.34732238 -0.29986049 1.20355748
v 0.34117999 -0.32800719 1.67607143
v 0.02441160 -0.23734149 2.85148156
v -0.52386920 -0.05451200 3.01264672
v 0.45454059 -0.53553698 1.40832913
v 0.53467170 -0.69086241 1.54240185
v 0.40975368 -0.42290999 1.32341519
v 0.21145570 -0.72998869 2.29308573
v -0.60281230 0.18020830 2.18517894
v 0.40339587 -0.40896949 1.31172360
v 0.11595730 -0.06746510 2.98173852
v 0.64987395 0.70553885 1.96638118
v 0.34096278 -0.74716421 1.41866971
v -0.04770630 0.44182521 2.56770472
v 0.40968970 -0.43715449 1.33369168
v 0.54765517 -0.20615890 2.41398432
v -0.10340709 0.50773650 1.74117489
v 0.67938582 -0.13843589 2.49957712
v 0.11066820 -0.08852150 1.43723187
v 1.35993268 -0.03264990 2.84011865
v 1.35993268 -0.03264990 2.84011865
v 0.03243080 -0.28094919 1.15860830
v 1.00539259 -0.20821350 2.86941034
v -0.51460158 -0.48231490 2.68820703
v 0.87311430 -0.12546489 2.60411066
v -0.28813440 -0.55265628 2.49659388
v 0.15042010 0.14860630 3.00644799
v -0.06775160 0.24300880 2.37148432
v 0.11763530 -0.05905880 1.01952879
v -0.33046588 -0.66268042 2.56339960
v -0.32634708 -0.65468649 2.57564203
v -0.27832479 -0.55706839 2.49237299
v 0.11637740 0.25569110 1.59550625
v -0.40154288 -0.79512304 2.67360040
v -0.48750750 -0.95876470 2.78688653
v -0.01145550 -0.53860350 1.39957501
v -0.51201808 -0.96200865 2.52366480
v -0.36209109 -0.72159895 2.61805414
v -0.02170870 -0.11941210 1.06576856
v 0.55456050 0.36490970 2.33038600
v -0.36034801 0.50633269 1.62372891
v 0.14791170 -0.07255730 1.03569051
v -0.46316760 0.88098440 1.46642972
v 0.54914820 0.37259299 2.32892222
v 0.48961989 0.28486909 2.23848445
v -0.25738630 0.90588919 1.36056699
v 0.48026698 0.28406690 2.24547877
v -0.00779700 -0.17013219 2.12631724
v 0.63634928 0.47997210 2.45697413
v 0.72701781 0.61778739 2.60132776
v -0.64597792 -0.42326140 2.00659099
v 0.72385268 0.61386519 2.60790583
v 0.56263961 0.37998569 2.35040705
v 0.58153559 0.41770011 2.38397089
v -0.15300399 -0.12455960 3.13224999
v 0.57365180 0.40628669 2.37217677
v 0.27557329 -0.98153524 2.49666514
v -0.19523590 0.40002311 1.61170422
v 0.38559527 0.23125799 1.18205854
v 0.59066149 0.43032870 2.40605830
v -0.82284605 0.23551139 1.68440487
v -0.82284605 0.23551139 1.68440487
v 0.03221560 -0.04947730 1.01352811
v 0.47036029 0.02961810 1.25213338
v 0.19986660 -0.66744978 2.24759654
v -0.47774939 -0.40200488 1.47727536
v 0.19018499 -0.10727460 2.91132013
v 0.19310590 -0.66337721 2.25290080
v -0.14303190 0.05300960 1.82508465
v 0.16083339 -0.55809878 2.17417964
v 0.22704500 -0.81584829 2.36084528
v 0.23753519 -0.81178091 2.36451930
v 0.28035100 -0.98074514 2.49500147
v 0.22171909 0.44581378 1.27378629
v 0.19771099 -0.70448851 2.27341365
v -0.00122560 -0.07217070 2.87825403
v 0.44790500 -0.81877852 2.47479456
v -0.29585639 0.06415020 1.25616620
v 0.21588710 -0.74628416 2.31418315
v 0.31182809 -0.69610228 2.91968835
v 0.21189470 -0.73284819 2.30360301
v -0.43689040 0.16745660 2.07887385
v -0.43040530 0.15523329 2.09190410
v -0.02927230 0.34617938 1.65141308
vt 0.25192336 0.49974449
vt 0.25192336 0.00172131
vt 0.50093496 0.00172131
vt 0.50093496 0.49974449
vt 0.25192336 0.49974449
vt 0.50093496 0.49974449
vt 0.50093496 0.00172131
vt 0.25192336 0.00172131
vt 0.25192336 0.49974449
vt 0.25192336 0.00172131
vt 0.50093496 0.00172131
vt 0.50093496 0.49974449
vt 0.25192336 0.49974449
vt 0.25192336 0.00172131
vt 0.50093496 0.00172131
vt 0.50093496 0.49974449
vt 0.25192336 0.49974449
vt 0.25192336 0.00172131
vt 0.50093496 0.00172131
vt 0.50093496 0.49974449
vt 0.25192336 0.49974449
vt 0.50093496 0.49974449
vt 0.50093496 0.00172131
vt 0.25192336 0.00172131
vt 0.25192336 0.49974449
vt 0.50093496 0.49974449
vt 0.50093496 0.00172131
vt 0.25192336 0.00172131
vt 0.25192336 0.49974449
vt 0.25192336 0.00172131
vt 0.50093496 0.00172131
vt 0.50093496 0.49974449
vt 0.25192336 0.49974449
vt 0.25192336 0.00172131
vt 0.50093496 0.00172131
vt 0.50093496 0.49974449
vt 0.25192336 0.49974449
vt 0.50093496 0.49974449
vt 0.50093496 0.00172131
vt 0.25192336 0.00172131
vt 0.25192336 0.49974449
vt 0.25192336 0.00172131
vt 0.50093496 0.00172131
vt 0.50093496 0.49974449
vt 0.25192336 0.49974449
vt 0.25192336 0.00172131
vt 0.50093496 0.00172131
vt 0.50093496 0.49974449
vt 0.25192336 0.49974449
vt 0.25192336 0.00172131
vt 0.50093496 0.00172131
vt 0.50093496 0.49974449
vt 0.25192336 0.49974449
vt 0.25192336 0.00172131
vt 0.50093496 0.00172131
vt 0.50093496 0.49974449
vt 0.25192336 0.49974449
vt 0.25192336 0.00172131
vt 0.50093496 0.00172131
vt 0.50093496 0.49974449
vt 0.25192336 0.49974449
vt 0.25192336 0.00172131
vt 0.50093496 0.00172131
vt 0.50093496 0.49974449
vt 0.25192336 0.49974449
vt 0.25192336 0.00172131
vt 0.50093496 0.00172131
vt 0.50093496 0.49974449
vt 0.25192336 0.49974449
vt 0.50093496 0.49974449
vt 0.50093496 0.00172131
vt 0.25192336 0.00172131
vt 0.25192336 0.49974449
vt 0.25192336 0.00172131
vt 0.50093496 0.00172131
vt 0.50093496 0.49974449
vt 0.25192336 0.49974449
vt 0.25192336 0.00172131
vt 0.50093496 0.00172131
vt 0.50093496 0.49974449
vt 0.25192336 0.49974449
vt 0.25192336 0.00172131
vt 0.50093496 0.00172131
vt 0.50093496 0.49974449
vt 0.25192336 0.49974449
vt 0.25192336 0.00172131
vt 0.50093496 0.00172131
vt 0.50093496 0.49974449
vt 0.25192336 0.49974449
vt 0.50093496 0.49974449
vt 0.50093496 0.00172131
vt 0.25192336 0.00172131
vt 0.25192336 0.49974449
vt 0.25192336 0.00172131
vt 0.50093496 0.00172131
vt 0.50093496 0.49974449
vt 0.25192336 0.49974449
vt 0.25192336 0.00172131
vt 0.50093496 0.00172131
vt 0.50093496 0.49974449
vt 0.25192336 0.49974449
vt 0.25192336 0.00172131
vt 0.50093496 0.00172131
vt 0.50093496 0.49974449
vt 0.25192336 0.49974449
vt 0.50093496 0.49974449
vt 0.50093496 0.00172131
vt 0.25192336 0.00172131
vt 0.25192336 0.49974449
vt 0.50093496 0.49974449
vt 0.50093496 0.00172131
vt 0.25192336 0.00172131
vt 0.25192336 0.49974449
vt 0.25192336 0.00172131
vt 0.50093496 0.00172131
vt 0.50093496 0.49974449
vt 0.25192336 0.49974449
vt 0.25192336 0.00172131
vt 0.50093496 0.00172131
vt 0.50093496 0.49974449
vt 0.25192336 0.49974449
vt 0.50093496 0.49974449
vt 0.50093496 0.00172131
vt 0.25192336 0.00172131
vt 0.25192336 0.49974449
vt 0.25192336 0.00172131
vt 0.50093496 0.00172131
vt 0.50093496 0.49974449
vt 0.25192336 0.49974449
vt 0.25192336 0.00172131
vt 0.50093496 0.00172131
vt 0.50093496 0.49974449
vt 0.25192336 0.49974449
vt 0.25192336 0.00172131
vt 0.50093496 0.00172131
vt 0.50093496 0.49974449
vt 0.25192336 0.49974449
vt 0.25192336 0.00172131
vt 0.50093496 0.00172131
vt 0.50093496 0.49974449
vt 0.25192336 0.49974449
vt 0.25192336 0.00172131
vt 0.50093496 0.00172131
vt 0.50093496 0.49974449
vt 0.25192336 0.49974449
vt 0.25192336 0.00172131
vt 0.50093496 0.00172131
vt 0.50093496 0.49974449
vt 0.25192336 0.49974449
vt 0.25192336 0.00172131
vt 0.50093496 0.00172131
vt 0.50093496 0.49974449
vt 0.25192336 0.49974449
vt 0.50093496 0.49974449
vt 0.50093496 0.00172131
vt 0.25192336 0.00172131
vt 0.25192336 0.49974449
vt 0.25192336 0.00172131
vt 0.50093496 0.00172131
vt 0.50093496 0.49974449
vt 0.25192336 0.49974449
vt 0.25192336 0.00172131
vt 0.50093496 0.00172131
vt 0.50093496 0.49974449
vt 0.25192336 0.49974449
vt 0.25192336 0.00172131
vt 0.50093496 0.00172131
vt 0.50093496 0.49974449
vt 0.25192336 0.49974449
vt 0.25192336 0.00172131
vt 0.50093496 0.00172131
vt 0.50093496 0.49974449
vt 0.25192336 0.49974449
vt 0.50093496 0.49974449
vt 0.50093496 0.00172131
vt 0.25192336 0.00172131
vt 0.25192336 0.49974449
vt 0.25192336 0.00172131
vt 0.50093496 0.00172131
vt 0.50093496 0.49974449
vt 0.25192336 0.49974449
vt 0.25192336 0.00172131
vt 0.50093496 0.00172131
vt 0.50093496 0.49974449
vt 0.25192336 0.49974449
vt 0.25192336 0.00172131
vt 0.50093496 0.00172131
vt 0.50093496 0.49974449
vt 0.25192336 0.49974449
vt 0.50093496 0.49974449
vt 0.50093496 0.00172131
vt 0.25192336 0.00172131
vt 0.25192336 0.49974449
vt 0.50093496 0.49974449
vt 0.50093496 0.00172131
vt 0.25192336 0.00172131
vt 0.25192336 0.49974449
vt 0.25192336 0.00172131
vt 0.50093496 0.00172131
vt 0.50093496 0.49974449
vt 0.25192336 0.49974449
vt 0.25192336 0.00172131
vt 0.50093496 0.00172131
vt 0.50093496 0.49974449
vt 0.25192336 0.49974449
vt 0.50093496 0.49974449
vt 0.50093496 0.00172131
vt 0.25192336 0.00172131
vt 0.25192336 0.49974449
vt 0.25192336 0.00172131
vt 0.50093496 0.00172131
vt 0.50093496 0.49974449
vt 0.25192336 0.49974449
vt 0.25192336 0.00172131
vt 0.50093496 0.00172131
vt 0.50093496 0.49974449
vt 0.25192336 0.49974449
vt 0.25192336 0.00172131
vt 0.50093496 0.00172131
vt 0.50093496 0.49974449
vt 0.25192336 0.49974449
vt 0.25192336 0.00172131
vt 0.50093496 0.00172131
vt 0.50093496 0.49974449
vt 0.25192336 0.49974449
vt 0.25192336 0.00172131
vt 0.50093496 0.00172131
vt 0.50093496 0.49974449
vt 0.25192336 0.49974449
vt 0.25192336 0.00172131
vt 0.50093496 0.00172131
vt 0.50093496 0.49974449
vt 0.25192336 0.49974449
vt 0.25192336 0.00172131
vt 0.50093496 0.00172131
vt 0.50093496 0.49974449
vt 0.25192336 0.49974449
vt 0.50093496 0.49974449
vt 0.50093496 0.00172131
vt 0.25192336 0.00172131
vt 0.25192336 0.49974449
vt 0.25192336 0.00172131
vt 0.50093496 0.00172131
vt 0.50093496 0.49974449
vt 0.25192336 0.49974449
vt 0.25192336 0.00172131
vt 0.50093496 0.00172131
vt 0.50093496 0.49974449
vt 0.25192336 0.49974449
vt 0.25192336 0.00172131
vt 0.50093496 0.00172131
vt 0.50093496 0.49974449
vt 0.25192336 0.49974449
vt 0.25192336 0.00172131
vt 0.50093496 0.00172131
vt 0.50093496 0.49974449
vt 0.25192336 0.49974449
vt 0.50093496 0.49974449
vt 0.50093496 0.00172131
vt 0.25192336 0.00172131
vt 0.25192336 0.49974449
vt 0.25192336 0.00172131
vt 0.50093496 0.00172131
vt 0.50093496 0.49974449
vt 0.25192336 0.49974449
vt 0.25192336 0.00172131
vt 0.50093496 0.00172131
vt 0.50093496 0.49974449
vt 0.25192336 0.49974449
vt 0.25192336 0.00172131
vt 0.50093496 0.00172131
vt 0.50093496 0.49974449
vt 0.25192336 0.49974449
vt 0.50093496 0.49974449
vt 0.50093496 0.00172131
vt 0.25192336 0.00172131
vt 0.25192336 0.49974449
vt 0.50093496 0.49974449
vt 0.50093496 0.00172131
vt 0.25192336 0.00172131
vt 0.25192336 0.49974449
vt 0.25192336 0.00172131
vt 0.50093496 0.00172131
vt 0.50093496 0.49974449
vt 0.25192336 0.49974449
vt 0.25192336 0.00172131
vt 0.50093496 0.00172131
vt 0.50093496 0.49974449
vt 0.25192336 0.49974449
vt 0.50093496 0.49974449
vt 0.50093496 0.00172131
vt 0.25192336 0.00172131
vt 0.25192336 0.49974449
vt 0.25192336 0.00172131
vt 0.50093496 0.00172131
vt 0.50093496 0.49974449
vt 0.25192336 0.49974449
vt 0.25192336 0.00172131
vt 0.50093496 0.00172131
vt 0.50093496 0.49974449
vt 0.25192336 0.49974449
vt 0.25192336 0.00172131
vt 0.50093496 0.00172131
vt 0.50093496 0.49974449
vt 0.25192336 0.49974449
vt 0.25192336 0.00172131
vt 0.50093496 0.00172131
vt 0.50093496 0.49974449
vt 0.25192336 0.49974449
vt 0.25192336 0.00172131
vt 0.50093496 0.00172131
vt 0.50093496 0.49974449
vt 0.25192336 0.49974449
vt 0.25192336 0.00172131
vt 0.50093496 0.00172131
vt 0.50093496 0.49974449
vt 0.25192336 0.49974449
vt 0.25192336 0.00172131
vt 0.50093496 0.00172131
vt 0.50093496 0.49974449
vt 0.25192336 0.49974449
vt 0.50093496 0.49974449
vt 0.50093496 0.00172131
vt 0.25192336 0.00172131
vt 0.25192336 0.49974449
vt 0.25192336 0.00172131
vt 0.50093496 0.00172131
vt 0.50093496 0.49974449
vt 0.25192336 0.49974449
vt 0.25192336 0.00172131
vt 0.50093496 0.00172131
vt 0.50093496 0.49974449
vt 0.25192336 0.49974449
vt 0.25192336 0.00172131
vt 0.50093496 0.00172131
vt 0.50093496 0.49974449
vt 0.25192336 0.49974449
vt 0.25192336 0.00172131
vt 0.50093496 0.00172131
vt 0.50093496 0.49974449
vt 0.25192336 0.49974449
vt 0.50093496 0.49974449
vt 0.50093496 0.00172131
vt 0.25192336 0.00172131
vt 0.25192336 0.49974449
vt 0.25192336 0.00172131
vt 0.50093496 0.00172131
vt 0.50093496 0.49974449
vt 0.25192336 0.49974449
vt 0.25192336 0.00172131
vt 0.50093496 0.00172131
vt 0.50093496 0.49974449
vt 0.25192336 0.49974449
vt 0.25192336 0.00172131
vt 0.50093496 0.00172131
vt 0.50093496 0.49974449
vt 0.25192336 0.49974449
vt 0.50093496 0.49974449
vt 0.50093496 0.00172131
vt 0.25192336 0.00172131
vt 0.25192336 0.49974449
vt 0.50093496 0.49974449
vt 0.50093496 0.00172131
vt 0.25192336 0.00172131
vt 0.25192336 0.49974449
vt 0.25192336 0.00172131
vt 0.50093496 0.00172131
vt 0.50093496 0.49974449
vt 0.25192336 0.49974449
vt 0.25192336 0.00172131
vt 0.50093496 0.00172131
vt 0.50093496 0.49974449
vt 0.25192336 0.49974449
vt 0.50093496 0.49974449
vt 0.50093496 0.00172131
vt 0.25192336 0.00172131
vt 0.25192336 0.49974449
vt 0.25192336 0.00172131
vt 0.50093496 0.00172131
vt 0.50093496 0.49974449
vt 0.25192336 0.49974449
vt 0.25192336 0.00172131
vt 0.50093496 0.00172131
vt 0.50093496 0.49974449
vt 0.25192336 0.49974449
vt 0.25192336 0.00172131
vt 0.50093496 0.00172131
vt 0.50093496 0.49974449
vt 0.25192336 0.49974449
vt 0.25192336 0.00172131
vt 0.50093496 0.00172131
vt 0.50093496 0.49974449
vt 0.25192336 0.49974449
vt 0.25192336 0.00172131
vt 0.50093496 0.00172131
vt 0.50093496 0.49974449
vt 0.25192336 0.49974449
vt 0.25192336 0.00172131
vt 0.50093496 0.00172131
vt 0.50093496 0.49974449
vt 0.25192336 0.49974449
vt 0.25192336 0.00172131
vt 0.50093496 0.00172131
vt 0.50093496 0.49974449
vt 0.25192336 0.49974449
vt 0.50093496 0.49974449
vt 0.50093496 0.00172131
vt 0.25192336 0.00172131
vt 0.25192336 0.49974449
vt 0.25192336 0.00172131
vt 0.50093496 0.00172131
vt 0.50093496 0.49974449
vt 0.25192336 0.49974449
vt 0.25192336 0.00172131
vt 0.50093496 0.00172131
vt 0.50093496 0.49974449
vt 0.25192336 0.49974449
vt 0.25192336 0.00172131
vt 0.50093496 0.00172131
vt 0.50093496 0.49974449
vt 0.25192336 0.49974449
vt 0.25192336 0.00172131
vt 0.50093496 0.00172131
vt 0.50093496 0.49974449
vt 0.25192336 0.49974449
vt 0.50093496 0.49974449
vt 0.50093496 0.00172131
vt 0.25192336 0.00172131
vt 0.25192336 0.49974449
vt 0.25192336 0.00172131
vt 0.50093496 0.00172131
vt 0.50093496 0.49974449
vt 0.25192336 0.49974449
vt 0.25192336 0.00172131
vt 0.50093496 0.00172131
vt 0.50093496 0.49974449
vt 0.25192336 0.49974449
vt 0.25192336 0.00172131
vt 0.50093496 0.00172131
vt 0.50093496 0.49974449
vt 0.25192336 0.49974449
vt 0.50093496 0.49974449
vt 0.50093496 0.00172131
vt 0.25192336 0.00172131
vt 0.25192336 0.49974449
vt 0.50093496 0.49974449
vt 0.50093496 0.00172131
vt 0.25192336 0.00172131
vt 0.25192336 0.49974449
vt 0.25192336 0.00172131
vt 0.50093496 0.00172131
vt 0.50093496 0.49974449
vt 0.25192336 0.49974449
vt 0.25192336 0.00172131
vt 0.50093496 0.00172131
vt 0.50093496 0.49974449
vt 0.25192336 0.49974449
vt 0.50093496 0.49974449
vt 0.50093496 0.00172131
vt 0.25192336 0.00172131
vt 0.25192336 0.49974449
vt 0.25192336 0.00172131
vt 0.50093496 0.00172131
vt 0.50093496 0.49974449
vt 0.25192336 0.49974449
vt 0.25192336 0.00172131
vt 0.50093496 0.00172131
vt 0.50093496 0.49974449
vt 0.25192336 0.49974449
vt 0.25192336 0.00172131
vt 0.50093496 0.00172131
vt 0.50093496 0.49974449
vt 0.25192336 0.49974449
vt 0.25192336 0.00172131
vt 0.50093496 0.00172131
vt 0.50093496 0.49974449
vt 0.25192336 0.49974449
vt 0.25192336 0.00172131
vt 0.50093496 0.00172131
vt 0.50093496 0.49974449
vt 0.25192336 0.49974449
vt 0.25192336 0.00172131
vt 0.50093496 0.00172131
vt 0.50093496 0.49974449
vt 0.25192336 0.49974449
vt 0.25192336 0.00172131
vt 0.50093496 0.00172131
vt 0.50093496 0.49974449
vt 0.25192336 0.49974449
vt 0.50093496 0.49974449
vt 0.50093496 0.00172131
vt 0.25192336 0.00172131
vt 0.25192336 0.49974449
vt 0.25192336 0.00172131
vt 0.50093496 0.00172131
vt 0.50093496 0.49974449
vt 0.25192336 0.49974449
vt 0.25192336 0.00172131
vt 0.50093496 0.00172131
vt 0.50093496 0.49974449
vt 0.25192336 0.49974449
vt 0.25192336 0.00172131
vt 0.50093496 0.00172131
vt 0.50093496 0.49974449
vt 0.25192336 0.49974449
vt 0.25192336 0.00172131
vt 0.50093496 0.00172131
vt 0.50093496 0.49974449
vt 0.25192336 0.49974449
vt 0.50093496 0.49974449
vt 0.50093496 0.00172131
vt 0.25192336 0.00172131
vt 0.25192336 0.49974449
vt 0.25192336 0.00172131
vt 0.50093496 0.00172131
vt 0.50093496 0.49974449
vt 0.25192336 0.49974449
vt 0.25192336 0.00172131
vt 0.50093496 0.00172131
vt 0.50093496 0.49974449
vt 0.25192336 0.49974449
vt 0.25192336 0.00172131
vt 0.50093496 0.00172131
vt 0.50093496 0.49974449
vt 0.25192336 0.49974449
vt 0.50093496 0.49974449
vt 0.50093496 0.00172131
vt 0.25192336 0.00172131
vt 0.25192336 0.49974449
vt 0.50093496 0.49974449
vt 0.50093496 0.00172131
vt 0.25192336 0.00172131
vt 0.25192336 0.49974449
vt 0.25192336 0.00172131
vt 0.50093496 0.00172131
vt 0.50093496 0.49974449
vt 0.25192336 0.49974449
vt 0.25192336 0.00172131
vt 0.50093496 0.00172131
vt 0.50093496 0.49974449
vt 0.25192336 0.49974449
vt 0.50093496 0.49974449
vt 0.50093496 0.00172131
vt 0.25192336 0.00172131
vt 0.25192336 0.49974449
vt 0.25192336 0.00172131
vt 0.50093496 0.00172131
vt 0.50093496 0.49974449
vt 0.25192336 0.49974449
vt 0.25192336 0.00172131
vt 0.50093496 0.00172131
vt 0.50093496 0.49974449
vt 0.25192336 0.49974449
vt 0.25192336 0.00172131
vt 0.50093496 0.00172131
vt 0.50093496 0.49974449
vt 0.25192336 0.49974449
vt 0.25192336 0.00172131
vt 0.50093496 0.00172131
vt 0.50093496 0.49974449
vt 0.25192336 0.49974449
vt 0.25192336 0.00172131
vt 0.50093496 0.00172131
vt 0.50093496 0.49974449
vt 0.25192336 0.49974449
vt 0.25192336 0.00172131
vt 0.50093496 0.00172131
vt 0.50093496 0.49974449
vt 0.25192336 0.49974449
vt 0.25192336 0.00172131
vt 0.50093496 0.00172131
vt 0.50093496 0.49974449
vt 0.25192336 0.49974449
vt 0.50093496 0.49974449
vt 0.50093496 0.00172131
vt 0.25192336 0.00172131
vt 0.25192336 0.49974449
vt 0.25192336 0.00172131
vt 0.50093496 0.00172131
vt 0.50093496 0.49974449
vt 0.25192336 0.49974449
vt 0.25192336 0.00172131
vt 0.50093496 0.00172131
vt 0.50093496 0.49974449
vt 0.25192336 0.49974449
vt 0.25192336 0.00172131
vt 0.50093496 0.00172131
vt 0.50093496 0.49974449
vt 0.25192336 0.49974449
vt 0.25192336 0.00172131
vt 0.50093496 0.00172131
vt 0.50093496 0.49974449
vt 0.25192336 0.49974449
vt 0.50093496 0.49974449
vt 0.50093496 0.00172131
vt 0.25192336 0.00172131
vt 0.25192336 0.49974449
vt 0.25192336 0.00172131
vt 0.50093496 0.00172131
vt 0.50093496 0.49974449
vt 0.25192336 0.49974449
vt 0.25192336 0.00172131
vt 0.50093496 0.00172131
vt 0.50093496 0.49974449
vt 0.25192336 0.49974449
vt 0.25192336 0.00172131
vt 0.50093496 0.00172131
vt 0.50093496 0.49974449
vt 0.25192336 0.49974449
vt 0.50093496 0.49974449
vt 0.50093496 0.00172131
vt 0.25192336 0.00172131
vt 0.25192336 0.49974449
vt 0.50093496 0.49974449
vt 0.50093496 0.00172131
vt 0.25192336 0.00172131
vt 0.25192336 0.49974449
vt 0.25192336 0.00172131
vt 0.50093496 0.00172131
vt 0.50093496 0.49974449
vt 0.25192336 0.49974449
vt 0.25192336 0.00172131
vt 0.50093496 0.00172131
vt 0.50093496 0.49974449
vt 0.25192336 0.49974449
vt 0.50093496 0.49974449
vt 0.50093496 0.00172131
vt 0.25192336 0.00172131
vt 0.25192336 0.49974449
vt 0.25192336 0.00172131
vt 0.50093496 0.00172131
vt 0.50093496 0.49974449
vt 0.25192336 0.49974449
vt 0.25192336 0.00172131
vt 0.50093496 0.00172131
vt 0.50093496 0.49974449
vt 0.25192336 0.49974449
vt 0.25192336 0.00172131
vt 0.50093496 0.00172131
vt 0.50093496 0.49974449
vt 0.25192336 0.49974449
vt 0.25192336 0.00172131
vt 0.50093496 0.00172131
vt 0.50093496 0.49974449
vt 0.25192336 0.49974449
vt 0.25192336 0.00172131
vt 0.50093496 0.00172131
vt 0.50093496 0.49974449
vt 0.25192336 0.49974449
vt 0.25192336 0.00172131
vt 0.50093496 0.00172131
vt 0.50093496 0.49974449
vt 0.25192336 0.49974449
vt 0.25192336 0.00172131
vt 0.50093496 0.00172131
vt 0.50093496 0.49974449
vt 0.25192336 0.49974449
vt 0.50093496 0.49974449
vt 0.50093496 0.00172131
vt 0.25192336 0.00172131
vt 0.25192336 0.49974449
vt 0.25192336 0.00172131
vt 0.50093496 0.00172131
vt 0.50093496 0.49974449
vt 0.25192336 0.49974449
vt 0.25192336 0.00172131
vt 0.50093496 0.00172131
vt 0.50093496 0.49974449
vt 0.25192336 0.49974449
vt 0.25192336 0.00172131
vt 0.50093496 0.00172131
vt 0.50093496 0.49974449
vt 0.25192336 0.49974449
vt 0.25192336 0.00172131
vt 0.50093496 0.00172131
vt 0.50093496 0.49974449
vt 0.25192336 0.49974449
vt 0.50093496 0.49974449
vt 0.50093496 0.00172131
vt 0.25192336 0.00172131
vt 0.25192336 0.49974449
vt 0.25192336 0.00172131
vt 0.50093496 0.00172131
vt 0.50093496 0.49974449
vt 0.25192336 0.49974449
vt 0.25192336 0.00172131
vt 0.50093496 0.00172131
vt 0.50093496 0.49974449
vt 0.25192336 0.49974449
vt 0.25192336 0.00172131
vt 0.50093496 0.00172131
vt 0.50093496 0.49974449
vt 0.25192336 0.49974449
vt 0.50093496 0.49974449
vt 0.50093496 0.00172131
vt 0.25192336 0.00172131
vt 0.25192336 0.49974449
vt 0.50093496 0.49974449
vt 0.50093496 0.00172131
vt 0.25192336 0.00172131
vt 0.25192336 0.49974449
vt 0.25192336 0.00172131
vt 0.50093496 0.00172131
vt 0.50093496 0.49974449
vt 0.25192336 0.49974449
vt 0.25192336 0.00172131
vt 0.50093496 0.00172131
vt 0.50093496 0.49974449
vt 0.25192336 0.49974449
vt 0.50093496 0.49974449
vt 0.50093496 0.00172131
vt 0.25192336 0.00172131
vt 0.25192336 0.49974449
vt 0.25192336 0.00172131
vt 0.50093496 0.00172131
vt 0.50093496 0.49974449
vt 0.25192336 0.49974449
vt 0.25192336 0.00172131
vt 0.50093496 0.00172131
vt 0.50093496 0.49974449
vt 0.25192336 0.49974449
vt 0.25192336 0.00172131
vt 0.50093496 0.00172131
vt 0.50093496 0.49974449
vt 0.25192336 0.49974449
vt 0.25192336 0.00172131
vt 0.50093496 0.00172131
vt 0.50093496 0.49974449
vt 0.25192336 0.49974449
vt 0.25192336 0.00172131
vt 0.50093496 0.00172131
vt 0.50093496 0.49974449
vt 0.25192336 0.49974449
vt 0.25192336 0.00172131
vt 0.50093496 0.00172131
vt 0.50093496 0.49974449
vt 0.25192336 0.49974449
vt 0.25192336 0.00172131
vt 0.50093496 0.00172131
vt 0.50093496 0.49974449
vt 0.25192336 0.49974449
vt 0.50093496 0.49974449
vt 0.50093496 0.00172131
vt 0.25192336 0.00172131
vt 0.25192336 0.49974449
vt 0.25192336 0.00172131
vt 0.50093496 0.00172131
vt 0.50093496 0.49974449
vt 0.25192336 0.49974449
vt 0.25192336 0.00172131
vt 0.50093496 0.00172131
vt 0.50093496 0.49974449
vt 0.25192336 0.49974449
vt 0.25192336 0.00172131
vt 0.50093496 0.00172131
vt 0.50093496 0.49974449
vt 0.25192336 0.49974449
vt 0.25192336 0.00172131
vt 0.50093496 0.00172131
vt 0.50093496 0.49974449
vt 0.25192336 0.49974449
vt 0.50093496 0.49974449
vt 0.50093496 0.00172131
vt 0.25192336 0.00172131
vt 0.25192336 0.49974449
vt 0.25192336 0.00172131
vt 0.50093496 0.00172131
vt 0.50093496 0.49974449
vt 0.25192336 0.49974449
vt 0.25192336 0.00172131
vt 0.50093496 0.00172131
vt 0.50093496 0.49974449
vt 0.25192336 0.49974449
vt 0.25192336 0.00172131
vt 0.50093496 0.00172131
vt 0.50093496 0.49974449
vt 0.25192336 0.49974449
vt 0.50093496 0.49974449
vt 0.50093496 0.00172131
vt 0.25192336 0.00172131
vt 0.25192336 0.49974449
vt 0.50093496 0.49974449
vt 0.50093496 0.00172131
vt 0.25192336 0.00172131
vt 0.25192336 0.49974449
vt 0.25192336 0.00172131
vt 0.50093496 0.00172131
vt 0.50093496 0.49974449
vt 0.25192336 0.49974449
vt 0.25192336 0.00172131
vt 0.50093496 0.00172131
vt 0.50093496 0.49974449
vt 0.25192336 0.49974449
vt 0.50093496 0.49974449
vt 0.50093496 0.00172131
vt 0.25192336 0.00172131
vt 0.25192336 0.49974449
vt 0.25192336 0.00172131
vt 0.50093496 0.00172131
vt 0.50093496 0.49974449
vt 0.25192336 0.49974449
vt 0.25192336 0.00172131
vt 0.50093496 0.00172131
vt 0.50093496 0.49974449
vt 0.25192336 0.49974449
vt 0.25192336 0.00172131
vt 0.50093496 0.00172131
vt 0.50093496 0.49974449
vt 0.25192336 0.49974449
vt 0.25192336 0.00172131
vt 0.50093496 0.00172131
vt 0.50093496 0.49974449
vt 0.25192336 0.49974449
vt 0.25192336 0.00172131
vt 0.50093496 0.00172131
vt 0.50093496 0.49974449
vt 0.25192336 0.49974449
vt 0.25192336 0.00172131
vt 0.50093496 0.00172131
vt 0.50093496 0.49974449
vt 0.25192336 0.49974449
vt 0.25192336 0.00172131
vt 0.50093496 0.00172131
vt 0.50093496 0.49974449
vt 0.25192336 0.49974449
vt 0.50093496 0.49974449
vt 0.50093496 0.00172131
vt 0.25192336 0.00172131
vt 0.25192336 0.49974449
vt 0.25192336 0.00172131
vt 0.50093496 0.00172131
vt 0.50093496 0.49974449
vt 0.25192336 0.49974449
vt 0.25192336 0.00172131
vt 0.50093496 0.00172131
vt 0.50093496 0.49974449
vt 0.25192336 0.49974449
vt 0.25192336 0.00172131
vt 0.50093496 0.00172131
vt 0.50093496 0.49974449
vt 0.25192336 0.49974449
vt 0.25192336 0.00172131
vt 0.50093496 0.00172131
vt 0.50093496 0.49974449
vt 0.25192336 0.49974449
vt 0.50093496 0.49974449
vt 0.50093496 0.00172131
vt 0.25192336 0.00172131
vt 0.25192336 0.49974449
vt 0.25192336 0.00172131
vt 0.50093496 0.00172131
vt 0.50093496 0.49974449
vt 0.25192336 0.49974449
vt 0.25192336 0.00172131
vt 0.50093496 0.00172131
vt 0.50093496 0.49974449
vt 0.25192336 0.49974449
vt 0.25192336 0.00172131
vt 0.50093496 0.00172131
vt 0.50093496 0.49974449
vt 0.25192336 0.49974449
vt 0.50093496 0.49974449
vt 0.50093496 0.00172131
vt 0.25192336 0.00172131
vt 0.25192336 0.49974449
vt 0.50093496 0.49974449
vt 0.50093496 0.00172131
vt 0.25192336 0.00172131
vt 0.25192336 0.49974449
vt 0.25192336 0.00172131
vt 0.50093496 0.00172131
vt 0.50093496 0.49974449
vt 0.25192336 0.49974449
vt 0.25192336 0.00172131
vt 0.50093496 0.00172131
vt 0.50093496 0.49974449
vt 0.25192336 0.49974449
vt 0.50093496 0.49974449
vt 0.50093496 0.00172131
vt 0.25192336 0.00172131
vt 0.25192336 0.49974449
vt 0.25192336 0.00172131
vt 0.50093496 0.00172131
vt 0.50093496 0.49974449
vt 0.25192336 0.49974449
vt 0.25192336 0.00172131
vt 0.50093496 0.00172131
vt 0.50093496 0.49974449
vt 0.25192336 0.49974449
vt 0.25192336 0.00172131
vt 0.50093496 0.00172131
vt 0.50093496 0.49974449
vt 0.25192336 0.49974449
vt 0.25192336 0.00172131
vt 0.50093496 0.00172131
vt 0.50093496 0.49974449
vt 0.25192336 0.49974449
vt 0.25192336 0.00172131
vt 0.50093496 0.00172131
vt 0.50093496 0.49974449
vt 0.25192336 0.49974449
vt 0.25192336 0.00172131
vt 0.50093496 0.00172131
vt 0.50093496 0.49974449
vt 0.25192336 0.49974449
vt 0.25192336 0.00172131
vt 0.50093496 0.00172131
vt 0.50093496 0.49974449
vt 0.25192336 0.49974449
vt 0.50093496 0.49974449
vt 0.50093496 0.00172131
vt 0.25192336 0.00172131
vt 0.25192336 0.49974449
vt 0.25192336 0.00172131
vt 0.50093496 0.00172131
vt 0.50093496 0.49974449
vt 0.25192336 0.49974449
vt 0.25192336 0.00172131
vt 0.50093496 0.00172131
vt 0.50093496 0.49974449
vt 0.25192336 0.49974449
vt 0.25192336 0.00172131
vt 0.50093496 0.00172131
vt 0.50093496 0.49974449
vt 0.25192336 0.49974449
vt 0.25192336 0.00172131
vt 0.50093496 0.00172131
vt 0.50093496 0.49974449
vt 0.25192336 0.49974449
vt 0.50093496 0.49974449
vt 0.50093496 0.00172131
vt 0.25192336 0.00172131
vt 0.25192336 0.49974449
vt 0.25192336 0.00172131
vt 0.50093496 0.00172131
vt 0.50093496 0.49974449
vt 0.25192336 0.49974449
vt 0.25192336 0.00172131
vt 0.50093496 0.00172131
vt 0.50093496 0.49974449
vt 0.25192336 0.49974449
vt 0.25192336 0.00172131
vt 0.50093496 0.00172131
vt 0.50093496 0.49974449
vt 0.25192336 0.49974449
vt 0.50093496 0.49974449
vt 0.50093496 0.00172131
vt 0.25192336 0.00172131
vt 0.25192336 0.49974449
vt 0.50093496 0.49974449
vt 0.50093496 0.00172131
vt 0.25192336 0.00172131
vt 0.25192336 0.49974449
vt 0.25192336 0.00172131
vt 0.50093496 0.00172131
vt 0.50093496 0.49974449
vt 0.25192336 0.49974449
vt 0.25192336 0.00172131
vt 0.50093496 0.00172131
vt 0.50093496 0.49974449
vt 0.25192336 0.49974449
vt 0.50093496 0.49974449
vt 0.50093496 0.00172131
vt 0.25192336 0.00172131
vt 0.25192336 0.49974449
vt 0.25192336 0.00172131
vt 0.50093496 0.00172131
vt 0.50093496 0.49974449
vt 0.25192336 0.49974449
vt 0.25192336 0.00172131
vt 0.50093496 0.00172131
vt 0.50093496 0.49974449
vt 0.25192336 0.49974449
vt 0.25192336 0.00172131
vt 0.50093496 0.00172131
vt 0.50093496 0.49974449
vt 0.25192336 0.49974449
vt 0.25192336 0.00172131
vt 0.50093496 0.00172131
vt 0.50093496 0.49974449
vt 0.25192336 0.49974449
vt 0.25192336 0.00172131
vt 0.50093496 0.00172131
vt 0.50093496 0.49974449
vt 0.25192336 0.49974449
vt 0.25192336 0.00172131
vt 0.50093496 0.00172131
vt 0.50093496 0.49974449
vt 0.25192336 0.49974449
vt 0.25192336 0.00172131
vt 0.50093496 0.00172131
vt 0.50093496 0.49974449
vt 0.25192336 0.49974449
vt 0.50093496 0.49974449
vt 0.50093496 0.00172131
vt 0.25192336 0.00172131
vt 0.25192336 0.49974449
vt 0.25192336 0.00172131
vt 0.50093496 0.00172131
vt 0.50093496 0.49974449
vt 0.25192336 0.49974449
vt 0.25192336 0.00172131
vt 0.50093496 0.00172131
vt 0.50093496 0.49974449
vt 0.25192336 0.49974449
vt 0.25192336 0.00172131
vt 0.50093496 0.00172131
vt 0.50093496 0.49974449
vt 0.25192336 0.49974449
vt 0.25192336 0.00172131
vt 0.50093496 0.00172131
vt 0.50093496 0.49974449
vt 0.25192336 0.49974449
vt 0.50093496 0.49974449
vt 0.50093496 0.00172131
vt 0.25192336 0.00172131
vt 0.25192336 0.49974449
vt 0.25192336 0.00172131
vt 0.50093496 0.00172131
vt 0.50093496 0.49974449
vt 0.25192336 0.49974449
vt 0.25192336 0.00172131
vt 0.50093496 0.00172131
vt 0.50093496 0.49974449
vt 0.25192336 0.49974449
vt 0.25192336 0.00172131
vt 0.50093496 0.00172131
vt 0.50093496 0.49974449
vt 0.25192336 0.49974449
vt 0.50093496 0.49974449
vt 0.50093496 0.00172131
vt 0.25192336 0.00172131
vt 0.25192336 0.49974449
vt 0.50093496 0.49974449
vt 0.50093496 0.00172131
vt 0.25192336 0.00172131
vt 0.25192336 0.49974449
vt 0.25192336 0.00172131
vt 0.50093496 0.00172131
vt 0.50093496 0.49974449
vt 0.25192336 0.49974449
vt 0.25192336 0.00172131
vt 0.50093496 0.00172131
vt 0.50093496 0.49974449
vt 0.25192336 0.49974449
vt 0.50093496 0.49974449
vt 0.50093496 0.00172131
vt 0.25192336 0.00172131
vt 0.25192336 0.49974449
vt 0.25192336 0.00172131
vt 0.50093496 0.00172131
vt 0.50093496 0.49974449
vt 0.25192336 0.49974449
vt 0.25192336 0.00172131
vt 0.50093496 0.00172131
vt 0.50093496 0.49974449
vt 0.25192336 0.49974449
vt 0.25192336 0.00172131
vt 0.50093496 0.00172131
vt 0.50093496 0.49974449
vt 0.25192336 0.49974449
vt 0.25192336 0.00172131
vt 0.50093496 0.00172131
vt 0.50093496 0.49974449
vt 0.25192336 0.49974449
vt 0.25192336 0.00172131
vt 0.50093496 0.00172131
vt 0.50093496 0.49974449
vt 0.25192336 0.49974449
vt 0.25192336 0.00172131
vt 0.50093496 0.00172131
vt 0.50093496 0.49974449
vt 0.25192336 0.49974449
vt 0.25192336 0.00172131
vt 0.50093496 0.00172131
vt 0.50093496 0.49974449
vt 0.25192336 0.49974449
vt 0.50093496 0.49974449
vt 0.50093496 0.00172131
vt 0.25192336 0.00172131
vt 0.25192336 0.49974449
vt 0.25192336 0.00172131
vt 0.50093496 0.00172131
vt 0.50093496 0.49974449
vt 0.25192336 0.49974449
vt 0.25192336 0.00172131
vt 0.50093496 0.00172131
vt 0.50093496 0.49974449
vt 0.25192336 0.49974449
vt 0.25192336 0.00172131
vt 0.50093496 0.00172131
vt 0.50093496 0.49974449
vt 0.25192336 0.49974449
vt 0.25192336 0.00172131
vt 0.50093496 0.00172131
vt 0.50093496 0.49974449
vt 0.25192336 0.49974449
vt 0.50093496 0.49974449
vt 0.50093496 0.00172131
vt 0.25192336 0.00172131
vt 0.25192336 0.49974449
vt 0.25192336 0.00172131
vt 0.50093496 0.00172131
vt 0.50093496 0.49974449
vt 0.25192336 0.49974449
vt 0.25192336 0.00172131
vt 0.50093496 0.00172131
vt 0.50093496 0.49974449
vt 0.25192336 0.49974449
vt 0.25192336 0.00172131
vt 0.50093496 0.00172131
vt 0.50093496 0.49974449
vt 0.25192336 0.49974449
vt 0.50093496 0.49974449
vt 0.50093496 0.00172131
vt 0.25192336 0.00172131
vt 0.25192336 0.49974449
vt 0.50093496 0.49974449
vt 0.50093496 0.00172131
vt 0.25192336 0.00172131
vt 0.25192336 0.49974449
vt 0.25192336 0.00172131
vt 0.50093496 0.00172131
vt 0.50093496 0.49974449
vt 0.25192336 0.49974449
vt 0.25192336 0.00172131
vt 0.50093496 0.00172131
vt 0.50093496 0.49974449
vt 0.25192336 0.49974449
vt 0.50093496 0.49974449
vt 0.50093496 0.00172131
vt 0.25192336 0.00172131
vt 0.25192336 0.49974449
vt 0.25192336 0.00172131
vt 0.50093496 0.00172131
vt 0.50093496 0.49974449
vt 0.25192336 0.49974449
vt 0.25192336 0.00172131
vt 0.50093496 0.00172131
vt 0.50093496 0.49974449
vt 0.25192336 0.49974449
vt 0.25192336 0.00172131
vt 0.50093496 0.00172131
vt 0.50093496 0.49974449
vt 0.25192336 0.49974449
vt 0.25192336 0.00172131
vt 0.50093496 0.00172131
vt 0.50093496 0.49974449
vt 0.25192336 0.49974449
vt 0.25192336 0.00172131
vt 0.50093496 0.00172131
vt 0.50093496 0.49974449
vt 0.25192336 0.49974449
vt 0.25192336 0.00172131
vt 0.50093496 0.00172131
vt 0.50093496 0.49974449
vt 0.25192336 0.49974449
vt 0.25192336 0.00172131
vt 0.50093496 0.00172131
vt 0.50093496 0.49974449
vt 0.25192336 0.49974449
vt 0.50093496 0.49974449
vt 0.50093496 0.00172131
vt 0.25192336 0.00172131
vt 0.25192336 0.49974449
vt 0.25192336 0.00172131
vt 0.50093496 0.00172131
vt 0.50093496 0.49974449
vt 0.25192336 0.49974449
vt 0.25192336 0.00172131
vt 0.50093496 0.00172131
vt 0.50093496 0.49974449
vt 0.25192336 0.49974449
vt 0.25192336 0.00172131
vt 0.50093496 0.00172131
vt 0.50093496 0.49974449
vt 0.25192336 0.49974449
vt 0.25192336 0.00172131
vt 0.50093496 0.00172131
vt 0.50093496 0.49974449
vt 0.25192336 0.49974449
vt 0.50093496 0.49974449
vt 0.50093496 0.00172131
vt 0.25192336 0.00172131
vt 0.25192336 0.49974449
vt 0.25192336 0.00172131
vt 0.50093496 0.00172131
vt 0.50093496 0.49974449
vt 0.25192336 0.49974449
vt 0.25192336 0.00172131
vt 0.50093496 0.00172131
vt 0.50093496 0.49974449
vt 0.25192336 0.49974449
vt 0.25192336 0.00172131
vt 0.50093496 0.00172131
vt 0.50093496 0.49974449
vt 0.25192336 0.49974449
vt 0.50093496 0.49974449
vt 0.50093496 0.00172131
vt 0.25192336 0.00172131
vt 0.25192336 0.49974449
vt 0.50093496 0.49974449
vt 0.50093496 0.00172131
vt 0.25192336 0.00172131
vt 0.25192336 0.49974449
vt 0.25192336 0.00172131
vt 0.50093496 0.00172131
vt 0.50093496 0.49974449
vt 0.25192336 0.49974449
vt 0.25192336 0.00172131
vt 0.50093496 0.00172131
vt 0.50093496 0.49974449
vt 0.25192336 0.49974449
vt 0.50093496 0.49974449
vt 0.50093496 0.00172131
vt 0.25192336 0.00172131
vt 0.25192336 0.49974449
vt 0.25192336 0.00172131
vt 0.50093496 0.00172131
vt 0.50093496 0.49974449
vt 0.25192336 0.49974449
vt 0.25192336 0.00172131
vt 0.50093496 0.00172131
vt 0.50093496 0.49974449
vt 0.25192336 0.49974449
vt 0.25192336 0.00172131
vt 0.50093496 0.00172131
vt 0.50093496 0.49974449
vt 0.25192336 0.49974449
vt 0.25192336 0.00172131
vt 0.50093496 0.00172131
vt 0.50093496 0.49974449
vt 0.25192336 0.49974449
vt 0.25192336 0.00172131
vt 0.50093496 0.00172131
vt 0.50093496 0.49974449
vt 0.25192336 0.49974449
vt 0.25192336 0.00172131
vt 0.50093496 0.00172131
vt 0.50093496 0.49974449
vt 0.25192336 0.49974449
vt 0.25192336 0.00172131
vt 0.50093496 0.00172131
vt 0.50093496 0.49974449
vt 0.25192336 0.49974449
vt 0.50093496 0.49974449
vt 0.50093496 0.00172131
vt 0.25192336 0.00172131
vt 0.25192336 0.49974449
vt 0.25192336 0.00172131
vt 0.50093496 0.00172131
vt 0.50093496 0.49974449
vt 0.25192336 0.49974449
vt 0.25192336 0.00172131
vt 0.50093496 0.00172131
vt 0.50093496 0.49974449
vt 0.25192336 0.49974449
vt 0.25192336 0.00172131
vt 0.50093496 0.00172131
vt 0.50093496 0.49974449
vt 0.25192336 0.49974449
vt 0.25192336 0.00172131
vt 0.50093496 0.00172131
vt 0.50093496 0.49974449
vt 0.25192336 0.49974449
vt 0.50093496 0.49974449
vt 0.50093496 0.00172131
vt 0.25192336 0.00172131
vt 0.25192336 0.49974449
vt 0.25192336 0.00172131
vt 0.50093496 0.00172131
vt 0.50093496 0.49974449
vt 0.25192336 0.49974449
vt 0.25192336 0.00172131
vt 0.50093496 0.00172131
vt 0.50093496 0.49974449
vt 0.25192336 0.49974449
vt 0.25192336 0.00172131
vt 0.50093496 0.00172131
vt 0.50093496 0.49974449
vt 0.25192336 0.49974449
vt 0.50093496 0.49974449
vt 0.50093496 0.00172131
vt 0.25192336 0.00172131
vt 0.25192336 0.49974449
vt 0.50093496 0.49974449
vt 0.50093496 0.00172131
vt 0.25192336 0.00172131
vt 0.25192336 0.49974449
vt 0.25192336 0.00172131
vt 0.50093496 0.00172131
vt 0.50093496 0.49974449
vt 0.25192336 0.49974449
vt 0.25192336 0.00172131
vt 0.50093496 0.00172131
vt 0.50093496 0.49974449
vt 0.25192336 0.49974449
vt 0.50093496 0.49974449
vt 0.50093496 0.00172131
vt 0.25192336 0.00172131
vt 0.25192336 0.49974449
vt 0.25192336 0.00172131
vt 0.50093496 0.00172131
vt 0.50093496 0.49974449
vt 0.25192336 0.49974449
vt 0.25192336 0.00172131
vt 0.50093496 0.00172131
vt 0.50093496 0.49974449
vt 0.25192336 0.49974449
vt 0.25192336 0.00172131
vt 0.50093496 0.00172131
vt 0.50093496 0.49974449
vt 0.25192336 0.49974449
vt 0.25192336 0.00172131
vt 0.50093496 0.00172131
vt 0.50093496 0.49974449
vt 0.25192336 0.49974449
vt 0.25192336 0.00172131
vt 0.50093496 0.00172131
vt 0.50093496 0.49974449
vt 0.25192336 0.49974449
vt 0.25192336 0.00172131
vt 0.50093496 0.00172131
vt 0.50093496 0.49974449
vt 0.25192336 0.49974449
vt 0.25192336 0.00172131
vt 0.50093496 0.00172131
vt 0.50093496 0.49974449
vt 0.25192336 0.49974449
vt 0.50093496 0.49974449
vt 0.50093496 0.00172131
vt 0.25192336 0.00172131
vt 0.25192336 0.49974449
vt 0.25192336 0.00172131
vt 0.50093496 0.00172131
vt 0.50093496 0.49974449
vt 0.25192336 0.49974449
vt 0.25192336 0.00172131
vt 0.50093496 0.00172131
vt 0.50093496 0.49974449
vt 0.25192336 0.49974449
vt 0.25192336 0.00172131
vt 0.50093496 0.00172131
vt 0.50093496 0.49974449
vt 0.25192336 0.49974449
vt 0.25192336 0.00172131
vt 0.50093496 0.00172131
vt 0.50093496 0.49974449
vt 0.25192336 0.49974449
vt 0.50093496 0.49974449
vt 0.50093496 0.00172131
vt 0.25192336 0.00172131
vt 0.25192336 0.49974449
vt 0.25192336 0.00172131
vt 0.50093496 0.00172131
vt 0.50093496 0.49974449
vt 0.25192336 0.49974449
vt 0.25192336 0.00172131
vt 0.50093496 0.00172131
vt 0.50093496 0.49974449
vt 0.25192336 0.49974449
vt 0.25192336 0.00172131
vt 0.50093496 0.00172131
vt 0.50093496 0.49974449
vt 0.25192336 0.49974449
vt 0.50093496 0.49974449
vt 0.50093496 0.00172131
vt 0.25192336 0.00172131
vt 0.25192336 0.49974449
vt 0.50093496 0.49974449
vt 0.50093496 0.00172131
vt 0.25192336 0.00172131
vt 0.25192336 0.49974449
vt 0.25192336 0.00172131
vt 0.50093496 0.00172131
vt 0.50093496 0.49974449
vt 0.25192336 0.49974449
vt 0.25192336 0.00172131
vt 0.50093496 0.00172131
vt 0.50093496 0.49974449
vt 0.25192336 0.49974449
vt 0.50093496 0.49974449
vt 0.50093496 0.00172131
vt 0.25192336 0.00172131
vt 0.25192336 0.49974449
vt 0.25192336 0.00172131
vt 0.50093496 0.00172131
vt 0.50093496 0.49974449
vt 0.25192336 0.49974449
vt 0.25192336 0.00172131
vt 0.50093496 0.00172131
vt 0.50093496 0.49974449
vt 0.25192336 0.49974449
vt 0.25192336 0.00172131
vt 0.50093496 0.00172131
vt 0.50093496 0.49974449
vt 0.25192336 0.49974449
vt 0.25192336 0.00172131
vt 0.50093496 0.00172131
vt 0.50093496 0.49974449
vt 0.25192336 0.49974449
vt 0.25192336 0.00172131
vt 0.50093496 0.00172131
vt 0.50093496 0.49974449
vt 0.25192336 0.49974449
vt 0.25192336 0.00172131
vt 0.50093496 0.00172131
vt 0.50093496 0.49974449
vt 0.25192336 0.49974449
vt 0.25192336 0.00172131
vt 0.50093496 0.00172131
vt 0.50093496 0.49974449
vt 0.25192336 0.49974449
vt 0.50093496 0.49974449
vt 0.50093496 0.00172131
vt 0.25192336 0.00172131
vt 0.25192336 0.49974449
vt 0.25192336 0.00172131
vt 0.50093496 0.00172131
vt 0.50093496 0.49974449
vt 0.25192336 0.49974449
vt 0.25192336 0.00172131
vt 0.50093496 0.00172131
vt 0.50093496 0.49974449
vt 0.25192336 0.49974449
vt 0.25192336 0.00172131
vt 0.50093496 0.00172131
vt 0.50093496 0.49974449
vt 0.25192336 0.49974449
vt 0.25192336 0.00172131
vt 0.50093496 0.00172131
vt 0.50093496 0.49974449
vt 0.25192336 0.49974449
vt 0.50093496 0.49974449
vt 0.50093496 0.00172131
vt 0.25192336 0.00172131
vt 0.25192336 0.49974449
vt 0.25192336 0.00172131
vt 0.50093496 0.00172131
vt 0.50093496 0.49974449
vt 0.25192336 0.49974449
vt 0.25192336 0.00172131
vt 0.50093496 0.00172131
vt 0.50093496 0.49974449
vt 0.25192336 0.49974449
vt 0.25192336 0.00172131
vt 0.50093496 0.00172131
vt 0.50093496 0.49974449
vt 0.25192336 0.49974449
vt 0.50093496 0.49974449
vt 0.50093496 0.00172131
vt 0.25192336 0.00172131
vt 0.25192336 0.49974449
vt 0.50093496 0.49974449
vt 0.50093496 0.00172131
vt 0.25192336 0.00172131
vt 0.25192336 0.49974449
vt 0.25192336 0.00172131
vt 0.50093496 0.00172131
vt 0.50093496 0.49974449
vt 0.25192336 0.49974449
vt 0.25192336 0.00172131
vt 0.50093496 0.00172131
vt 0.50093496 0.49974449
vt 0.25192336 0.49974449
vt 0.50093496 0.49974449
vt 0.50093496 0.00172131
vt 0.25192336 0.00172131
vt 0.25192336 0.49974449
vt 0.25192336 0.00172131
vt 0.50093496 0.00172131
vt 0.50093496 0.49974449
vt 0.25192336 0.49974449
vt 0.25192336 0.00172131
vt 0.50093496 0.00172131
vt 0.50093496 0.49974449
vt 0.25192336 0.49974449
vt 0.25192336 0.00172131
vt 0.50093496 0.00172131
vt 0.50093496 0.49974449
vt 0.25192336 0.49974449
vt 0.25192336 0.00172131
vt 0.50093496 0.00172131
vt 0.50093496 0.49974449
vt 0.25192336 0.49974449
vt 0.25192336 0.00172131
vt 0.50093496 0.00172131
vt 0.50093496 0.49974449
vt 0.25192336 0.49974449
vt 0.25192336 0.00172131
vt 0.50093496 0.00172131
vt 0.50093496 0.49974449
vt 0.25192336 0.49974449
vt 0.25192336 0.00172131
vt 0.50093496 0.00172131
vt 0.50093496 0.49974449
vt 0.25192336 0.49974449
vt 0.50093496 0.49974449
vt 0.50093496 0.00172131
vt 0.25192336 0.00172131
vt 0.25192336 0.49974449
vt 0.25192336 0.00172131
vt 0.50093496 0.00172131
vt 0.50093496 0.49974449
vt 0.25192336 0.49974449
vt 0.25192336 0.00172131
vt 0.50093496 0.00172131
vt 0.50093496 0.49974449
vt 0.25192336 0.49974449
vt 0.25192336 0.00172131
vt 0.50093496 0.00172131
vt 0.50093496 0.49974449
vt 0.25192336 0.49974449
vt 0.25192336 0.00172131
vt 0.50093496 0.00172131
vt 0.50093496 0.49974449
vt 0.25192336 0.49974449
vt 0.50093496 0.49974449
vt 0.50093496 0.00172131
vt 0.25192336 0.00172131
vt 0.25192336 0.49974449
vt 0.25192336 0.00172131
vt 0.50093496 0.00172131
vt 0.50093496 0.49974449
vt 0.25192336 0.49974449
vt 0.25192336 0.00172131
vt 0.50093496 0.00172131
vt 0.50093496 0.49974449
vt 0.25192336 0.49974449
vt 0.25192336 0.00172131
vt 0.50093496 0.00172131
vt 0.50093496 0.49974449
vt 0.25192336 0.49974449
vt 0.50093496 0.49974449
vt 0.50093496 0.00172131
vt 0.25192336 0.00172131
vt 0.25192336 0.49974449
vt 0.50093496 0.49974449
vt 0.50093496 0.00172131
vt 0.25192336 0.00172131
vt 0.25192336 0.49974449
vt 0.25192336 0.00172131
vt 0.50093496 0.00172131
vt 0.50093496 0.49974449
vt 0.25192336 0.49974449
vt 0.25192336 0.00172131
vt 0.50093496 0.00172131
vt 0.50093496 0.49974449
vt 0.25192336 0.49974449
vt 0.50093496 0.49974449
vt 0.50093496 0.00172131
vt 0.25192336 0.00172131
vt 0.25192336 0.49974449
vt 0.25192336 0.00172131
vt 0.50093496 0.00172131
vt 0.50093496 0.49974449
vt 0.25192336 0.49974449
vt 0.25192336 0.00172131
vt 0.50093496 0.00172131
vt 0.50093496 0.49974449
vt 0.25192336 0.49974449
vt 0.25192336 0.00172131
vt 0.50093496 0.00172131
vt 0.50093496 0.49974449
vt 0.25192336 0.49974449
vt 0.25192336 0.00172131
vt 0.50093496 0.00172131
vt 0.50093496 0.49974449
vt 0.25192336 0.49974449
vt 0.25192336 0.00172131
vt 0.50093496 0.00172131
vt 0.50093496 0.49974449
vt 0.25192336 0.49974449
vt 0.25192336 0.00172131
vt 0.50093496 0.00172131
vt 0.50093496 0.49974449
vt 0.25192336 0.49974449
vt 0.25192336 0.00172131
vt 0.50093496 0.00172131
vt 0.50093496 0.49974449
vt 0.25192336 0.49974449
vt 0.50093496 0.49974449
vt 0.50093496 0.00172131
vt 0.25192336 0.00172131
vt 0.25192336 0.49974449
vt 0.25192336 0.00172131
vt 0.50093496 0.00172131
vt 0.50093496 0.49974449
vt 0.25192336 0.49974449
vt 0.25192336 0.00172131
vt 0.50093496 0.00172131
vt 0.50093496 0.49974449
vt 0.25192336 0.49974449
vt 0.25192336 0.00172131
vt 0.50093496 0.00172131
vt 0.50093496 0.49974449
vt 0.25192336 0.49974449
vt 0.25192336 0.00172131
vt 0.50093496 0.00172131
vt 0.50093496 0.49974449
vt 0.25192336 0.49974449
vt 0.50093496 0.49974449
vt 0.50093496 0.00172131
vt 0.25192336 0.00172131
vt 0.25192336 0.49974449
vt 0.25192336 0.00172131
vt 0.50093496 0.00172131
vt 0.50093496 0.49974449
vt 0.25192336 0.49974449
vt 0.25192336 0.00172131
vt 0.50093496 0.00172131
vt 0.50093496 0.49974449
vt 0.25192336 0.49974449
vt 0.25192336 0.00172131
vt 0.50093496 0.00172131
vt 0.50093496 0.49974449
vt 0.25192336 0.49974449
vt 0.50093496 0.49974449
vt 0.50093496 0.00172131
vt 0.25192336 0.00172131
vt 0.25192336 0.49974449
vt 0.50093496 0.49974449
vt 0.50093496 0.00172131
vt 0.25192336 0.00172131
vt 0.25192336 0.49974449
vt 0.25192336 0.00172131
vt 0.50093496 0.00172131
vt 0.50093496 0.49974449
vt 0.25192336 0.49974449
vt 0.25192336 0.00172131
vt 0.50093496 0.00172131
vt 0.50093496 0.49974449
vt 0.25192336 0.49974449
vt 0.50093496 0.49974449
vt 0.50093496 0.00172131
vt 0.25192336 0.00172131
vt 0.25192336 0.49974449
vt 0.25192336 0.00172131
vt 0.50093496 0.00172131
vt 0.50093496 0.49974449
vt 0.25192336 0.49974449
vt 0.25192336 0.00172131
vt 0.50093496 0.00172131
vt 0.50093496 0.49974449
vt 0.25192336 0.49974449
vt 0.25192336 0.00172131
vt 0.50093496 0.00172131
vt 0.50093496 0.49974449
vt 0.25192336 0.49974449
vt 0.25192336 0.00172131
vt 0.50093496 0.00172131
vt 0.50093496 0.49974449
vt 0.25192336 0.49974449
vt 0.25192336 0.00172131
vt 0.50093496 0.00172131
vt 0.50093496 0.49974449
vt 0.25192336 0.49974449
vt 0.25192336 0.00172131
vt 0.50093496 0.00172131
vt 0.50093496 0.49974449
vt 0.25192336 0.49974449
vt 0.25192336 0.00172131
vt 0.50093496 0.00172131
vt 0.50093496 0.49974449
vt 0.25192336 0.49974449
vt 0.50093496 0.49974449
vt 0.50093496 0.00172131
vt 0.25192336 0.00172131
vt 0.25192336 0.49974449
vt 0.25192336 0.00172131
vt 0.50093496 0.00172131
vt 0.50093496 0.49974449
vt 0.25192336 0.49974449
vt 0.25192336 0.00172131
vt 0.50093496 0.00172131
vt 0.50093496 0.49974449
vt 0.25192336 0.49974449
vt 0.25192336 0.00172131
vt 0.50093496 0.00172131
vt 0.50093496 0.49974449
vt 0.25192336 0.49974449
vt 0.25192336 0.00172131
vt 0.50093496 0.00172131
vt 0.50093496 0.49974449
vt 0.25192336 0.49974449
vt 0.50093496 0.49974449
vt 0.50093496 0.00172131
vt 0.25192336 0.00172131
vt 0.25192336 0.49974449
vt 0.25192336 0.00172131
vt 0.50093496 0.00172131
vt 0.50093496 0.49974449
vt 0.25192336 0.49974449
vt 0.25192336 0.00172131
vt 0.50093496 0.00172131
vt 0.50093496 0.49974449
vt 0.25192336 0.49974449
vt 0.25192336 0.00172131
vt 0.50093496 0.00172131
vt 0.50093496 0.49974449
vt 0.25192336 0.49974449
vt 0.50093496 0.49974449
vt 0.50093496 0.00172131
vt 0.25192336 0.00172131
vt 0.25192336 0.49974449
vt 0.50093496 0.49974449
vt 0.50093496 0.00172131
vt 0.25192336 0.00172131
vt 0.25192336 0.49974449
vt 0.25192336 0.00172131
vt 0.50093496 0.00172131
vt 0.50093496 0.49974449
vt 0.25192336 0.49974449
vt 0.25192336 0.00172131
vt 0.50093496 0.00172131
vt 0.50093496 0.49974449
vt 0.25192336 0.49974449
vt 0.50093496 0.49974449
vt 0.50093496 0.00172131
vt 0.25192336 0.00172131
vt 0.25192336 0.49974449
vt 0.25192336 0.00172131
vt 0.50093496 0.00172131
vt 0.50093496 0.49974449
vt 0.25192336 0.49974449
vt 0.25192336 0.00172131
vt 0.50093496 0.00172131
vt 0.50093496 0.49974449
vt 0.25192336 0.49974449
vt 0.25192336 0.00172131
vt 0.50093496 0.00172131
vt 0.50093496 0.49974449
vt 0.25192336 0.49974449
vt 0.25192336 0.00172131
vt 0.50093496 0.00172131
vt 0.50093496 0.49974449
vt 0.25192336 0.49974449
vt 0.25192336 0.00172131
vt 0.50093496 0.00172131
vt 0.50093496 0.49974449
vt 0.25192336 0.49974449
vt 0.25192336 0.00172131
vt 0.50093496 0.00172131
vt 0.50093496 0.49974449
vt 0.25192336 0.49974449
vt 0.25192336 0.00172131
vt 0.50093496 0.00172131
vt 0.50093496 0.49974449
vt 0.25192336 0.49974449
vt 0.50093496 0.49974449
vt 0.50093496 0.00172131
vt 0.25192336 0.00172131
vt 0.25192336 0.49974449
vt 0.25192336 0.00172131
vt 0.50093496 0.00172131
vt 0.50093496 0.49974449
vt 0.25192336 0.49974449
vt 0.25192336 0.00172131
vt 0.50093496 0.00172131
vt 0.50093496 0.49974449
vt 0.25192336 0.49974449
vt 0.25192336 0.00172131
vt 0.50093496 0.00172131
vt 0.50093496 0.49974449
vt 0.25192336 0.49974449
vt 0.25192336 0.00172131
vt 0.50093496 0.00172131
vt 0.50093496 0.49974449
vt 0.25192336 0.49974449
vt 0.50093496 0.49974449
vt 0.50093496 0.00172131
vt 0.25192336 0.00172131
vt 0.25192336 0.49974449
vt 0.25192336 0.00172131
vt 0.50093496 0.00172131
vt 0.50093496 0.49974449
vt 0.25192336 0.49974449
vt 0.25192336 0.00172131
vt 0.50093496 0.00172131
vt 0.50093496 0.49974449
vt 0.25192336 0.49974449
vt 0.25192336 0.00172131
vt 0.50093496 0.00172131
vt 0.50093496 0.49974449
vt 0.25192336 0.49974449
vt 0.50093496 0.49974449
vt 0.50093496 0.00172131
vt 0.25192336 0.00172131
vt 0.25192336 0.49974449
vt 0.50093496 0.49974449
vt 0.50093496 0.00172131
vt 0.25192336 0.00172131
vt 0.25192336 0.49974449
vt 0.25192336 0.00172131
vt 0.50093496 0.00172131
vt 0.50093496 0.49974449
vt 0.25192336 0.49974449
vt 0.25192336 0.00172131
vt 0.50093496 0.00172131
vt 0.50093496 0.49974449
vt 0.25192336 0.49974449
vt 0.50093496 0.49974449
vt 0.50093496 0.00172131
vt 0.25192336 0.00172131
vt 0.25192336 0.49974449
vt 0.25192336 0.00172131
vt 0.50093496 0.00172131
vt 0.50093496 0.49974449
vt 0.25192336 0.49974449
vt 0.25192336 0.00172131
vt 0.50093496 0.00172131
vt 0.50093496 0.49974449
vt 0.25192336 0.49974449
vt 0.25192336 0.00172131
vt 0.50093496 0.00172131
vt 0.50093496 0.49974449
vt 0.25192336 0.49974449
vt 0.25192336 0.00172131
vt 0.50093496 0.00172131
vt 0.50093496 0.49974449
vt 0.25192336 0.49974449
vt 0.25192336 0.00172131
vt 0.50093496 0.00172131
vt 0.50093496 0.49974449
vt 0.25192336 0.49974449
vt 0.25192336 0.00172131
vt 0.50093496 0.00172131
vt 0.50093496 0.49974449
vt 0.25192336 0.49974449
vt 0.25192336 0.00172131
vt 0.50093496 0.00172131
vt 0.50093496 0.49974449
vt 0.25192336 0.49974449
vt 0.50093496 0.49974449
vt 0.50093496 0.00172131
vt 0.25192336 0.00172131
vt 0.25192336 0.49974449
vt 0.25192336 0.00172131
vt 0.50093496 0.00172131
vt 0.50093496 0.49974449
vt 0.25192336 0.49974449
vt 0.25192336 0.00172131
vt 0.50093496 0.00172131
vt 0.50093496 0.49974449
vt 0.25192336 0.49974449
vt 0.25192336 0.00172131
vt 0.50093496 0.00172131
vt 0.50093496 0.49974449
vt 0.25192336 0.49974449
vt 0.25192336 0.00172131
vt 0.50093496 0.00172131
vt 0.50093496 0.49974449
vt 0.25192336 0.49974449
vt 0.50093496 0.49974449
vt 0.50093496 0.00172131
vt 0.25192336 0.00172131
vt 0.25192336 0.49974449
vt 0.25192336 0.00172131
vt 0.50093496 0.00172131
vt 0.50093496 0.49974449
vt 0.25192336 0.49974449
vt 0.25192336 0.00172131
vt 0.50093496 0.00172131
vt 0.50093496 0.49974449
vt 0.25192336 0.49974449
vt 0.25192336 0.00172131
vt 0.50093496 0.00172131
vt 0.50093496 0.49974449
vt 0.25192336 0.49974449
vt 0.50093496 0.49974449
vt 0.50093496 0.00172131
vt 0.25192336 0.00172131
vt 0.25192336 0.49974449
vt 0.50093496 0.49974449
vt 0.50093496 0.00172131
vt 0.25192336 0.00172131
vt 0.25192336 0.49974449
vt 0.25192336 0.00172131
vt 0.50093496 0.00172131
vt 0.50093496 0.49974449
vt 0.25192336 0.49974449
vt 0.25192336 0.00172131
vt 0.50093496 0.00172131
vt 0.50093496 0.49974449
vt 0.25192336 0.49974449
vt 0.50093496 0.49974449
vt 0.50093496 0.00172131
vt 0.25192336 0.00172131
vt 0.25192336 0.49974449
vt 0.25192336 0.00172131
vt 0.50093496 0.00172131
vt 0.50093496 0.49974449
vt 0.25192336 0.49974449
vt 0.25192336 0.00172131
vt 0.50093496 0.00172131
vt 0.50093496 0.49974449
vt 0.25192336 0.49974449
vt 0.25192336 0.00172131
vt 0.50093496 0.00172131
vt 0.50093496 0.49974449
vt 0.25192336 0.49974449
vt 0.25192336 0.00172131
vt 0.50093496 0.00172131
vt 0.50093496 0.49974449
vt 0.25192336 0.49974449
vt 0.25192336 0.00172131
vt 0.50093496 0.00172131
vt 0.50093496 0.49974449
vt 0.25192336 0.49974449
vt 0.25192336 0.00172131
vt 0.50093496 0.00172131
vt 0.50093496 0.49974449
vt 0.25192336 0.49974449
vt 0.25192336 0.00172131
vt 0.50093496 0.00172131
vt 0.50093496 0.49974449
vt 0.25192336 0.49974449
vt 0.50093496 0.49974449
vt 0.50093496 0.00172131
vt 0.25192336 0.00172131
vt 0.25192336 0.49974449
vt 0.25192336 0.00172131
vt 0.50093496 0.00172131
vt 0.50093496 0.49974449
vt 0.25192336 0.49974449
vt 0.25192336 0.00172131
vt 0.50093496 0.00172131
vt 0.50093496 0.49974449
vt 0.25192336 0.49974449
vt 0.25192336 0.00172131
vt 0.50093496 0.00172131
vt 0.50093496 0.49974449
vt 0.25192336 0.49974449
vt 0.25192336 0.00172131
vt 0.50093496 0.00172131
vt 0.50093496 0.49974449
vt 0.25192336 0.49974449
vt 0.50093496 0.49974449
vt 0.50093496 0.00172131
vt 0.25192336 0.00172131
vt 0.25192336 0.49974449
vt 0.25192336 0.00172131
vt 0.50093496 0.00172131
vt 0.50093496 0.49974449
vt 0.25192336 0.49974449
vt 0.25192336 0.00172131
vt 0.50093496 0.00172131
vt 0.50093496 0.49974449
vt 0.25192336 0.49974449
vt 0.25192336 0.00172131
vt 0.50093496 0.00172131
vt 0.50093496 0.49974449
vt 0.25192336 0.49974449
vt 0.50093496 0.49974449
vt 0.50093496 0.00172131
vt 0.25192336 0.00172131
vt 0.25192336 0.49974449
vt 0.50093496 0.49974449
vt 0.50093496 0.00172131
vt 0.25192336 0.00172131
vt 0.25192336 0.49974449
vt 0.25192336 0.00172131
vt 0.50093496 0.00172131
vt 0.50093496 0.49974449
vt 0.25192336 0.49974449
vt 0.25192336 0.00172131
vt 0.50093496 0.00172131
vt 0.50093496 0.49974449
vt 0.25192336 0.49974449
vt 0.50093496 0.49974449
vt 0.50093496 0.00172131
vt 0.25192336 0.00172131
vt 0.25192336 0.49974449
vt 0.25192336 0.00172131
vt 0.50093496 0.00172131
vt 0.50093496 0.49974449
vt 0.25192336 0.49974449
vt 0.25192336 0.00172131
vt 0.50093496 0.00172131
vt 0.50093496 0.49974449
vt 0.25192336 0.49974449
vt 0.25192336 0.00172131
vt 0.50093496 0.00172131
vt 0.50093496 0.49974449
vt 0.25192336 0.49974449
vt 0.25192336 0.00172131
vt 0.50093496 0.00172131
vt 0.50093496 0.49974449
vt 0.25192336 0.49974449
vt 0.25192336 0.00172131
vt 0.50093496 0.00172131
vt 0.50093496 0.49974449
vt 0.25192336 0.49974449
vt 0.25192336 0.00172131
vt 0.50093496 0.00172131
vt 0.50093496 0.49974449
vt 0.25192336 0.49974449
vt 0.25192336 0.00172131
vt 0.50093496 0.00172131
vt 0.50093496 0.49974449
vt 0.25192336 0.49974449
vt 0.50093496 0.49974449
vt 0.50093496 0.00172131
vt 0.25192336 0.00172131
vt 0.25192336 0.49974449
vt 0.25192336 0.00172131
vt 0.50093496 0.00172131
vt 0.50093496 0.49974449
vt 0.25192336 0.49974449
vt 0.25192336 0.00172131
vt 0.50093496 0.00172131
vt 0.50093496 0.49974449
vt 0.25192336 0.49974449
vt 0.25192336 0.00172131
vt 0.50093496 0.00172131
vt 0.50093496 0.49974449
vt 0.25192336 0.49974449
vt 0.25192336 0.00172131
vt 0.50093496 0.00172131
vt 0.50093496 0.49974449
vt 0.25192336 0.49974449
vt 0.50093496 0.49974449
vt 0.50093496 0.00172131
vt 0.25192336 0.00172131
vt 0.25192336 0.49974449
vt 0.25192336 0.00172131
vt 0.50093496 0.00172131
vt 0.50093496 0.49974449
vt 0.25192336 0.49974449
vt 0.25192336 0.00172131
vt 0.50093496 0.00172131
vt 0.50093496 0.49974449
vt 0.25192336 0.49974449
vt 0.25192336 0.00172131
vt 0.50093496 0.00172131
vt 0.50093496 0.49974449
vt 0.25192336 0.49974449
vt 0.50093496 0.49974449
vt 0.50093496 0.00172131
vt 0.25192336 0.00172131
vt 0.25192336 0.49974449
vt 0.50093496 0.49974449
vt 0.50093496 0.00172131
vt 0.25192336 0.00172131
vt 0.25192336 0.49974449
vt 0.25192336 0.00172131
vt 0.50093496 0.00172131
vt 0.50093496 0.49974449
vt 0.25192336 0.49974449
vt 0.25192336 0.00172131
vt 0.50093496 0.00172131
vt 0.50093496 0.49974449
vt 0.25192336 0.49974449
vt 0.50093496 0.49974449
vt 0.50093496 0.00172131
vt 0.25192336 0.00172131
vt 0.25192336 0.49974449
vt 0.25192336 0.00172131
vt 0.50093496 0.00172131
vt 0.50093496 0.49974449
vt 0.25192336 0.49974449
vt 0.25192336 0.00172131
vt 0.50093496 0.00172131
vt 0.50093496 0.49974449
vt 0.25192336 0.49974449
vt 0.25192336 0.00172131
vt 0.50093496 0.00172131
vt 0.50093496 0.49974449
vt 0.25192336 0.49974449
vt 0.25192336 0.00172131
vt 0.50093496 0.00172131
vt 0.50093496 0.49974449
vt 0.25192336 0.49974449
vt 0.25192336 0.00172131
vt 0.50093496 0.00172131
vt 0.50093496 0.49974449
vt 0.25192336 0.49974449
vt 0.25192336 0.00172131
vt 0.50093496 0.00172131
vt 0.50093496 0.49974449
vt 0.25192336 0.49974449
vt 0.25192336 0.00172131
vt 0.50093496 0.00172131
vt 0.50093496 0.49974449
vt 0.25192336 0.49974449
vt 0.50093496 0.49974449
vt 0.50093496 0.00172131
vt 0.25192336 0.00172131
vt 0.25192336 0.49974449
vt 0.25192336 0.00172131
vt 0.50093496 0.00172131
vt 0.50093496 0.49974449
vt 0.25192336 0.49974449
vt 0.25192336 0.00172131
vt 0.50093496 0.00172131
vt 0.50093496 0.49974449
vt 0.25192336 0.49974449
vt 0.25192336 0.00172131
vt 0.50093496 0.00172131
vt 0.50093496 0.49974449
vt 0.25192336 0.49974449
vt 0.25192336 0.00172131
vt 0.50093496 0.00172131
vt 0.50093496 0.49974449
vt 0.25192336 0.49974449
vt 0.50093496 0.49974449
vt 0.50093496 0.00172131
vt 0.25192336 0.00172131
vt 0.25192336 0.49974449
vt 0.25192336 0.00172131
vt 0.50093496 0.00172131
vt 0.50093496 0.49974449
vt 0.25192336 0.49974449
vt 0.25192336 0.00172131
vt 0.50093496 0.00172131
vt 0.50093496 0.49974449
vt 0.25192336 0.49974449
vt 0.25192336 0.00172131
vt 0.50093496 0.00172131
vt 0.50093496 0.49974449
vt 0.25192336 0.49974449
vt 0.50093496 0.49974449
vt 0.50093496 0.00172131
vt 0.25192336 0.00172131
vt 0.25192336 0.49974449
vt 0.50093496 0.49974449
vt 0.50093496 0.00172131
vt 0.25192336 0.00172131
vt 0.25192336 0.49974449
vt 0.25192336 0.00172131
vt 0.50093496 0.00172131
vt 0.50093496 0.49974449
vt 0.25192336 0.49974449
vt 0.25192336 0.00172131
vt 0.50093496 0.00172131
vt 0.50093496 0.49974449
vt 0.25192336 0.49974449
vt 0.50093496 0.49974449
vt 0.50093496 0.00172131
vt 0.25192336 0.00172131
vt 0.25192336 0.49974449
vt 0.25192336 0.00172131
vt 0.50093496 0.00172131
vt 0.50093496 0.49974449
vt 0.25192336 0.49974449
vt 0.25192336 0.00172131
vt 0.50093496 0.00172131
vt 0.50093496 0.49974449
vt 0.25192336 0.49974449
vt 0.25192336 0.00172131
vt 0.50093496 0.00172131
vt 0.50093496 0.49974449
vt 0.25192336 0.49974449
vt 0.25192336 0.00172131
vt 0.50093496 0.00172131
vt 0.50093496 0.49974449
vt 0.25192336 0.49974449
vt 0.25192336 0.00172131
vt 0.50093496 0.00172131
vt 0.50093496 0.49974449
vt 0.25192336 0.49974449
vt 0.25192336 0.00172131
vt 0.50093496 0.00172131
vt 0.50093496 0.49974449
vt 0.25192336 0.49974449
vt 0.25192336 0.00172131
vt 0.50093496 0.00172131
vt 0.50093496 0.49974449
vt 0.25192336 0.49974449
vt 0.50093496 0.49974449
vt 0.50093496 0.00172131
vt 0.25192336 0.00172131
vt 0.25192336 0.49974449
vt 0.25192336 0.00172131
vt 0.50093496 0.00172131
vt 0.50093496 0.49974449
vt 0.25192336 0.49974449
vt 0.25192336 0.00172131
vt 0.50093496 0.00172131
vt 0.50093496 0.49974449
vt 0.25192336 0.49974449
vt 0.25192336 0.00172131
vt 0.50093496 0.00172131
vt 0.50093496 0.49974449
vt 0.25192336 0.49974449
vt 0.25192336 0.00172131
vt 0.50093496 0.00172131
vt 0.50093496 0.49974449
vt 0.25192336 0.49974449
vt 0.50093496 0.49974449
vt 0.50093496 0.00172131
vt 0.25192336 0.00172131
vt 0.25192336 0.49974449
vt 0.25192336 0.00172131
vt 0.50093496 0.00172131
vt 0.50093496 0.49974449
vt 0.25192336 0.49974449
vt 0.25192336 0.00172131
vt 0.50093496 0.00172131
vt 0.50093496 0.49974449
vt 0.25192336 0.49974449
vt 0.25192336 0.00172131
vt 0.50093496 0.00172131
vt 0.50093496 0.49974449
vt 0.25192336 0.49974449
vt 0.50093496 0.49974449
vt 0.50093496 0.00172131
vt 0.25192336 0.00172131
vt 0.25192336 0.49974449
vt 0.50093496 0.49974449
vt 0.50093496 0.00172131
vt 0.25192336 0.00172131
vt 0.25192336 0.49974449
vt 0.25192336 0.00172131
vt 0.50093496 0.00172131
vt 0.50093496 0.49974449
vt 0.25192336 0.49974449
vt 0.25192336 0.00172131
vt 0.50093496 0.00172131
vt 0.50093496 0.49974449
vt 0.25192336 0.49974449
vt 0.50093496 0.49974449
vt 0.50093496 0.00172131
vt 0.25192336 0.00172131
vt 0.25192336 0.49974449
vt 0.25192336 0.00172131
vt 0.50093496 0.00172131
vt 0.50093496 0.49974449
vt 0.25192336 0.49974449
vt 0.25192336 0.00172131
vt 0.50093496 0.00172131
vt 0.50093496 0.49974449
vt 0.25192336 0.49974449
vt 0.25192336 0.00172131
vt 0.50093496 0.00172131
vt 0.50093496 0.49974449
vt 0.25192336 0.49974449
vt 0.25192336 0.00172131
vt 0.50093496 0.00172131
vt 0.50093496 0.49974449
vt 0.25192336 0.49974449
vt 0.25192336 0.00172131
vt 0.50093496 0.00172131
vt 0.50093496 0.49974449
vt 0.25192336 0.49974449
vt 0.25192336 0.00172131
vt 0.50093496 0.00172131
vt 0.50093496 0.49974449
vt 0.25192336 0.49974449
vt 0.25192336 0.00172131
vt 0.50093496 0.00172131
vt 0.50093496 0.49974449
vt 0.25192336 0.49974449
vt 0.50093496 0.49974449
vt 0.50093496 0.00172131
vt 0.25192336 0.00172131
vt 0.25192336 0.49974449
vt 0.25192336 0.00172131
vt 0.50093496 0.00172131
vt 0.50093496 0.49974449
vt 0.25192336 0.49974449
vt 0.25192336 0.00172131
vt 0.50093496 0.00172131
vt 0.50093496 0.49974449
vt 0.25192336 0.49974449
vt 0.25192336 0.00172131
vt 0.50093496 0.00172131
vt 0.50093496 0.49974449
vt 0.25192336 0.49974449
vt 0.25192336 0.00172131
vt 0.50093496 0.00172131
vt 0.50093496 0.49974449
vt 0.25192336 0.49974449
vt 0.50093496 0.49974449
vt 0.50093496 0.00172131
vt 0.25192336 0.00172131
vt 0.25192336 0.49974449
vt 0.25192336 0.00172131
vt 0.50093496 0.00172131
vt 0.50093496 0.49974449
vt 0.25192336 0.49974449
vt 0.25192336 0.00172131
vt 0.50093496 0.00172131
vt 0.50093496 0.49974449
vt 0.25192336 0.49974449
vt 0.25192336 0.00172131
vt 0.50093496 0.00172131
vt 0.50093496 0.49974449
vt 0.25192336 0.49974449
vt 0.50093496 0.49974449
vt 0.50093496 0.00172131
vt 0.25192336 0.00172131
vt 0.25192336 0.49974449
vt 0.50093496 0.49974449
vt 0.50093496 0.00172131
vt 0.25192336 0.00172131
vt 0.25192336 0.49974449
vt 0.25192336 0.00172131
vt 0.50093496 0.00172131
vt 0.50093496 0.49974449
vt 0.25192336 0.49974449
vt 0.25192336 0.00172131
vt 0.50093496 0.00172131
vt 0.50093496 0.49974449
vt 0.25192336 0.49974449
vt 0.50093496 0.49974449
vt 0.50093496 0.00172131
vt 0.25192336 0.00172131
vt 0.25192336 0.49974449
vt 0.25192336 0.00172131
vt 0.50093496 0.00172131
vt 0.50093496 0.49974449
vt 0.25192336 0.49974449
vt 0.25192336 0.00172131
vt 0.50093496 0.00172131
vt 0.50093496 0.49974449
vt 0.25192336 0.49974449
vt 0.25192336 0.00172131
vt 0.50093496 0.00172131
vt 0.50093496 0.49974449
vt 0.25192336 0.49974449
vt 0.25192336 0.00172131
vt 0.50093496 0.00172131
vt 0.50093496 0.49974449
vt 0.25192336 0.49974449
vt 0.25192336 0.00172131
vt 0.50093496 0.00172131
vt 0.50093496 0.49974449
vt 0.25192336 0.49974449
vt 0.25192336 0.00172131
vt 0.50093496 0.00172131
vt 0.50093496 0.49974449
vt 0.25192336 0.49974449
vt 0.25192336 0.00172131
vt 0.50093496 0.00172131
vt 0.50093496 0.49974449
vt 0.25192336 0.49974449
vt 0.50093496 0.49974449
vt 0.50093496 0.00172131
vt 0.25192336 0.00172131
vt 0.25192336 0.49974449
vt 0.25192336 0.00172131
vt 0.50093496 0.00172131
vt 0.50093496 0.49974449
vt 0.25192336 0.49974449
vt 0.25192336 0.00172131
vt 0.50093496 0.00172131
vt 0.50093496 0.49974449
vt 0.25192336 0.49974449
vt 0.25192336 0.00172131
vt 0.50093496 0.00172131
vt 0.50093496 0.49974449
vt 0.25192336 0.49974449
vt 0.25192336 0.00172131
vt 0.50093496 0.00172131
vt 0.50093496 0.49974449
vt 0.25192336 0.49974449
vt 0.50093496 0.49974449
vt 0.50093496 0.00172131
vt 0.25192336 0.00172131
vt 0.25192336 0.49974449
vt 0.25192336 0.00172131
vt 0.50093496 0.00172131
vt 0.50093496 0.49974449
vt 0.25192336 0.49974449
vt 0.25192336 0.00172131
vt 0.50093496 0.00172131
vt 0.50093496 0.49974449
vt 0.25192336 0.49974449
vt 0.25192336 0.00172131
vt 0.50093496 0.00172131
vt 0.50093496 0.49974449
vt 0.25192336 0.49974449
vt 0.50093496 0.49974449
vt 0.50093496 0.00172131
vt 0.25192336 0.00172131
vt 0.25192336 0.49974449
vt 0.50093496 0.49974449
vt 0.50093496 0.00172131
vt 0.25192336 0.00172131
vt 0.25192336 0.49974449
vt 0.25192336 0.00172131
vt 0.50093496 0.00172131
vt 0.50093496 0.49974449
vt 0.25192336 0.49974449
vt 0.25192336 0.00172131
vt 0.50093496 0.00172131
vt 0.50093496 0.49974449
vt 0.25192336 0.49974449
vt 0.50093496 0.49974449
vt 0.50093496 0.00172131
vt 0.25192336 0.00172131
vt 0.25192336 0.49974449
vt 0.25192336 0.00172131
vt 0.50093496 0.00172131
vt 0.50093496 0.49974449
vt 0.25192336 0.49974449
vt 0.25192336 0.00172131
vt 0.50093496 0.00172131
vt 0.50093496 0.49974449
vt 0.25192336 0.49974449
vt 0.25192336 0.00172131
vt 0.50093496 0.00172131
vt 0.50093496 0.49974449
vt 0.25192336 0.49974449
vt 0.25192336 0.00172131
vt 0.50093496 0.00172131
vt 0.50093496 0.49974449
vt 0.25192336 0.49974449
vt 0.25192336 0.00172131
vt 0.50093496 0.00172131
vt 0.50093496 0.49974449
vt 0.25192336 0.49974449
vt 0.25192336 0.00172131
vt 0.50093496 0.00172131
vt 0.50093496 0.49974449
vt 0.25192336 0.49974449
vt 0.25192336 0.00172131
vt 0.50093496 0.00172131
vt 0.50093496 0.49974449
vt 0.25192336 0.49974449
vt 0.50093496 0.49974449
vt 0.50093496 0.00172131
vt 0.25192336 0.00172131
vt 0.25192336 0.49974449
vt 0.25192336 0.00172131
vt 0.50093496 0.00172131
vt 0.50093496 0.49974449
vt 0.25192336 0.49974449
vt 0.25192336 0.00172131
vt 0.50093496 0.00172131
vt 0.50093496 0.49974449
vt 0.25192336 0.49974449
vt 0.25192336 0.00172131
vt 0.50093496 0.00172131
vt 0.50093496 0.49974449
vt 0.25192336 0.49974449
vt 0.25192336 0.00172131
vt 0.50093496 0.00172131
vt 0.50093496 0.49974449
vt 0.25192336 0.49974449
vt 0.50093496 0.49974449
vt 0.50093496 0.00172131
vt 0.25192336 0.00172131
vt 0.25192336 0.49974449
vt 0.25192336 0.00172131
vt 0.50093496 0.00172131
vt 0.50093496 0.49974449
vt 0.25192336 0.49974449
vt 0.25192336 0.00172131
vt 0.50093496 0.00172131
vt 0.50093496 0.49974449
vt 0.25192336 0.49974449
vt 0.25192336 0.00172131
vt 0.50093496 0.00172131
vt 0.50093496 0.49974449
vt 0.25192336 0.49974449
vt 0.50093496 0.49974449
vt 0.50093496 0.00172131
vt 0.25192336 0.00172131
vt 0.25192336 0.49974449
vt 0.50093496 0.49974449
vt 0.50093496 0.00172131
vt 0.25192336 0.00172131
vt 0.25192336 0.49974449
vt 0.25192336 0.00172131
vt 0.50093496 0.00172131
vt 0.50093496 0.49974449
vt 0.25192336 0.49974449
vt 0.25192336 0.00172131
vt 0.50093496 0.00172131
vt 0.50093496 0.49974449
vt 0.25192336 0.49974449
vt 0.50093496 0.49974449
vt 0.50093496 0.00172131
vt 0.25192336 0.00172131
vt 0.25192336 0.49974449
vt 0.25192336 0.00172131
vt 0.50093496 0.00172131
vt 0.50093496 0.49974449
vt 0.25192336 0.49974449
vt 0.25192336 0.00172131
vt 0.50093496 0.00172131
vt 0.50093496 0.49974449
vt 0.25192336 0.49974449
vt 0.25192336 0.00172131
vt 0.50093496 0.00172131
vt 0.50093496 0.49974449
vt 0.25192336 0.49974449
vt 0.25192336 0.00172131
vt 0.50093496 0.00172131
vt 0.50093496 0.49974449
vt 0.25192336 0.49974449
vt 0.25192336 0.00172131
vt 0.50093496 0.00172131
vt 0.50093496 0.49974449
vt 0.25192336 0.49974449
vt 0.25192336 0.00172131
vt 0.50093496 0.00172131
vt 0.50093496 0.49974449
vt 0.25192336 0.49974449
vt 0.25192336 0.00172131
vt 0.50093496 0.00172131
vt 0.50093496 0.49974449
vt 0.25192336 0.49974449
vt 0.50093496 0.49974449
vt 0.50093496 0.00172131
vt 0.25192336 0.00172131
vt 0.25192336 0.49974449
vt 0.25192336 0.00172131
vt 0.50093496 0.00172131
vt 0.50093496 0.49974449
vt 0.25192336 0.49974449
vt 0.25192336 0.00172131
vt 0.50093496 0.00172131
vt 0.50093496 0.49974449
vt 0.25192336 0.49974449
vt 0.25192336 0.00172131
vt 0.50093496 0.00172131
vt 0.50093496 0.49974449
vt 0.25192336 0.49974449
vt 0.25192336 0.00172131
vt 0.50093496 0.00172131
vt 0.50093496 0.49974449
vt 0.25192336 0.49974449
vt 0.50093496 0.49974449
vt 0.50093496 0.00172131
vt 0.25192336 0.00172131
vt 0.25192336 0.49974449
vt 0.25192336 0.00172131
vt 0.50093496 0.00172131
vt 0.50093496 0.49974449
vt 0.25192336 0.49974449
vt 0.25192336 0.00172131
vt 0.50093496 0.00172131
vt 0.50093496 0.49974449
vt 0.25192336 0.49974449
vt 0.25192336 0.00172131
vt 0.50093496 0.00172131
vt 0.50093496 0.49974449
vt 0.25192336 0.49974449
vt 0.50093496 0.49974449
vt 0.50093496 0.00172131
vt 0.25192336 0.00172131
vt 0.25192336 0.49974449
vt 0.50093496 0.49974449
vt 0.50093496 0.00172131
vt 0.25192336 0.00172131
vt 0.25192336 0.49974449
vt 0.25192336 0.00172131
vt 0.50093496 0.00172131
vt 0.50093496 0.49974449
vt 0.25192336 0.49974449
vt 0.25192336 0.00172131
vt 0.50093496 0.00172131
vt 0.50093496 0.49974449
vt 0.25192336 0.49974449
vt 0.50093496 0.49974449
vt 0.50093496 0.00172131
vt 0.25192336 0.00172131
vt 0.25192336 0.49974449
vt 0.25192336 0.00172131
vt 0.50093496 0.00172131
vt 0.50093496 0.49974449
vt 0.25192336 0.49974449
vt 0.25192336 0.00172131
vt 0.50093496 0.00172131
vt 0.50093496 0.49974449
vt 0.25192336 0.49974449
vt 0.25192336 0.00172131
vt 0.50093496 0.00172131
vt 0.50093496 0.49974449
vt 0.25192336 0.49974449
vt 0.25192336 0.00172131
vt 0.50093496 0.00172131
vt 0.50093496 0.49974449
vt 0.25192336 0.49974449
vt 0.25192336 0.00172131
vt 0.50093496 0.00172131
vt 0.50093496 0.49974449
vt 0.25192336 0.49974449
vt 0.25192336 0.00172131
vt 0.50093496 0.00172131
vt 0.50093496 0.49974449
vt 0.25192336 0.49974449
vt 0.25192336 0.00172131
vt 0.50093496 0.00172131
vt 0.50093496 0.49974449
vt 0.25192336 0.49974449
vt 0.50093496 0.49974449
vt 0.50093496 0.00172131
vt 0.25192336 0.00172131
vt 0.25192336 0.49974449
vt 0.25192336 0.00172131
vt 0.50093496 0.00172131
vt 0.50093496 0.49974449
vt 0.25192336 0.49974449
vt 0.25192336 0.00172131
vt 0.50093496 0.00172131
vt 0.50093496 0.49974449
vt 0.25192336 0.49974449
vt 0.25192336 0.00172131
vt 0.50093496 0.00172131
vt 0.50093496 0.49974449
vt 0.25192336 0.49974449
vt 0.25192336 0.00172131
vt 0.50093496 0.00172131
vt 0.50093496 0.49974449
vt 0.25192336 0.49974449
vt 0.50093496 0.49974449
vt 0.50093496 0.00172131
vt 0.25192336 0.00172131
vt 0.25192336 0.49974449
vt 0.25192336 0.00172131
vt 0.50093496 0.00172131
vt 0.50093496 0.49974449
vt 0.25192336 0.49974449
vt 0.25192336 0.00172131
vt 0.50093496 0.00172131
vt 0.50093496 0.49974449
vt 0.25192336 0.49974449
vt 0.25192336 0.00172131
vt 0.50093496 0.00172131
vt 0.50093496 0.49974449
vt 0.25192336 0.49974449
vt 0.50093496 0.49974449
vt 0.50093496 0.00172131
vt 0.25192336 0.00172131
vt 0.25192336 0.49974449
vt 0.50093496 0.49974449
vt 0.50093496 0.00172131
vt 0.25192336 0.00172131
vt 0.25192336 0.49974449
vt 0.25192336 0.00172131
vt 0.50093496 0.00172131
vt 0.50093496 0.49974449
vt 0.25192336 0.49974449
vt 0.25192336 0.00172131
vt 0.50093496 0.00172131
vt 0.50093496 0.49974449
vt 0.25192336 0.49974449
vt 0.50093496 0.49974449
vt 0.50093496 0.00172131
vt 0.25192336 0.00172131
vt 0.25192336 0.49974449
vt 0.25192336 0.00172131
vt 0.50093496 0.00172131
vt 0.50093496 0.49974449
vt 0.25192336 0.49974449
vt 0.25192336 0.00172131
vt 0.50093496 0.00172131
vt 0.50093496 0.49974449
vt 0.25192336 0.49974449
vt 0.25192336 0.00172131
vt 0.50093496 0.00172131
vt 0.50093496 0.49974449
vt 0.25192336 0.49974449
vt 0.25192336 0.00172131
vt 0.50093496 0.00172131
vt 0.50093496 0.49974449
vt 0.25192336 0.49974449
vt 0.25192336 0.00172131
vt 0.50093496 0.00172131
vt 0.50093496 0.49974449
vt 0.25192336 0.49974449
vt 0.25192336 0.00172131
vt 0.50093496 0.00172131
vt 0.50093496 0.49974449
vt 0.25192336 0.49974449
vt 0.25192336 0.00172131
vt 0.50093496 0.00172131
vt 0.50093496 0.49974449
vt 0.25192336 0.49974449
vt 0.50093496 0.49974449
vt 0.50093496 0.00172131
vt 0.25192336 0.00172131
vt 0.25192336 0.49974449
vt 0.25192336 0.00172131
vt 0.50093496 0.00172131
vt 0.50093496 0.49974449
vt 0.25192336 0.49974449
vt 0.25192336 0.00172131
vt 0.50093496 0.00172131
vt 0.50093496 0.49974449
vt 0.25192336 0.49974449
vt 0.25192336 0.00172131
vt 0.50093496 0.00172131
vt 0.50093496 0.49974449
vt 0.25192336 0.49974449
vt 0.25192336 0.00172131
vt 0.50093496 0.00172131
vt 0.50093496 0.49974449
vt 0.25192336 0.49974449
vt 0.50093496 0.49974449
vt 0.50093496 0.00172131
vt 0.25192336 0.00172131
vt 0.25192336 0.49974449
vt 0.25192336 0.00172131
vt 0.50093496 0.00172131
vt 0.50093496 0.49974449
vt 0.25192336 0.49974449
vt 0.25192336 0.00172131
vt 0.50093496 0.00172131
vt 0.50093496 0.49974449
vt 0.25192336 0.49974449
vt 0.25192336 0.00172131
vt 0.50093496 0.00172131
vt 0.50093496 0.49974449
vt 0.25192336 0.49974449
vt 0.50093496 0.49974449
vt 0.50093496 0.00172131
vt 0.25192336 0.00172131
vt 0.25192336 0.49974449
vt 0.50093496 0.49974449
vt 0.50093496 0.00172131
vt 0.25192336 0.00172131
vt 0.25192336 0.49974449
vt 0.25192336 0.00172131
vt 0.50093496 0.00172131
vt 0.50093496 0.49974449
vt 0.25192336 0.49974449
vt 0.25192336 0.00172131
vt 0.50093496 0.00172131
vt 0.50093496 0.49974449
vt 0.25192336 0.49974449
vt 0.50093496 0.49974449
vt 0.50093496 0.00172131
vt 0.25192336 0.00172131
vt 0.25192336 0.49974449
vt 0.25192336 0.00172131
vt 0.50093496 0.00172131
vt 0.50093496 0.49974449
vt 0.25192336 0.49974449
vt 0.25192336 0.00172131
vt 0.50093496 0.00172131
vt 0.50093496 0.49974449
vt 0.25192336 0.49974449
vt 0.25192336 0.00172131
vt 0.50093496 0.00172131
vt 0.50093496 0.49974449
vt 0.25192336 0.49974449
vt 0.25192336 0.00172131
vt 0.50093496 0.00172131
vt 0.50093496 0.49974449
vt 0.25192336 0.49974449
vt 0.25192336 0.00172131
vt 0.50093496 0.00172131
vt 0.50093496 0.49974449
vt 0.25192336 0.49974449
vt 0.25192336 0.00172131
vt 0.50093496 0.00172131
vt 0.50093496 0.49974449
vt 0.25192336 0.49974449
vt 0.25192336 0.00172131
vt 0.50093496 0.00172131
vt 0.50093496 0.49974449
vt 0.25192336 0.49974449
vt 0.50093496 0.49974449
vt 0.50093496 0.00172131
vt 0.25192336 0.00172131
vt 0.25192336 0.49974449
vt 0.25192336 0.00172131
vt 0.50093496 0.00172131
vt 0.50093496 0.49974449
vt 0.25192336 0.49974449
vt 0.25192336 0.00172131
vt 0.50093496 0.00172131
vt 0.50093496 0.49974449
vt 0.25192336 0.49974449
vt 0.25192336 0.00172131
vt 0.50093496 0.00172131
vt 0.50093496 0.49974449
vt 0.25192336 0.49974449
vt 0.25192336 0.00172131
vt 0.50093496 0.00172131
vt 0.50093496 0.49974449
vt 0.25192336 0.49974449
vt 0.50093496 0.49974449
vt 0.50093496 0.00172131
vt 0.25192336 0.00172131
vt 0.25192336 0.49974449
vt 0.25192336 0.00172131
vt 0.50093496 0.00172131
vt 0.50093496 0.49974449
vt 0.25192336 0.49974449
vt 0.25192336 0.00172131
vt 0.50093496 0.00172131
vt 0.50093496 0.49974449
vt 0.25192336 0.49974449
vt 0.25192336 0.00172131
vt 0.50093496 0.00172131
vt 0.50093496 0.49974449
vt 0.25192336 0.49974449
vt 0.50093496 0.49974449
vt 0.50093496 0.00172131
vt 0.25192336 0.00172131
vt 0.25192336 0.49974449
vt 0.50093496 0.49974449
vt 0.50093496 0.00172131
vt 0.25192336 0.00172131
vt 0.25192336 0.49974449
vt 0.25192336 0.00172131
vt 0.50093496 0.00172131
vt 0.50093496 0.49974449
vt 0.25192336 0.49974449
vt 0.25192336 0.00172131
vt 0.50093496 0.00172131
vt 0.50093496 0.49974449
vt 0.25192336 0.49974449
vt 0.50093496 0.49974449
vt 0.50093496 0.00172131
vt 0.25192336 0.00172131
vt 0.25192336 0.49974449
vt 0.25192336 0.00172131
vt 0.50093496 0.00172131
vt 0.50093496 0.49974449
vt 0.25192336 0.49974449
vt 0.25192336 0.00172131
vt 0.50093496 0.00172131
vt 0.50093496 0.49974449
vt 0.25192336 0.49974449
vt 0.25192336 0.00172131
vt 0.50093496 0.00172131
vt 0.50093496 0.49974449
vt 0.25192336 0.49974449
vt 0.25192336 0.00172131
vt 0.50093496 0.00172131
vt 0.50093496 0.49974449
vt 0.25192336 0.49974449
vt 0.25192336 0.00172131
vt 0.50093496 0.00172131
vt 0.50093496 0.49974449
vt 0.25192336 0.49974449
vt 0.25192336 0.00172131
vt 0.50093496 0.00172131
vt 0.50093496 0.49974449
vt 0.25192336 0.49974449
vt 0.25192336 0.00172131
vt 0.50093496 0.00172131
vt 0.50093496 0.49974449
vt 0.25192336 0.49974449
vt 0.50093496 0.49974449
vt 0.50093496 0.00172131
vt 0.25192336 0.00172131
vt 0.25192336 0.49974449
vt 0.25192336 0.00172131
vt 0.50093496 0.00172131
vt 0.50093496 0.49974449
vt 0.25192336 0.49974449
vt 0.25192336 0.00172131
vt 0.50093496 0.00172131
vt 0.50093496 0.49974449
vt 0.25192336 0.49974449
vt 0.25192336 0.00172131
vt 0.50093496 0.00172131
vt 0.50093496 0.49974449
vt 0.25192336 0.49974449
vt 0.25192336 0.00172131
vt 0.50093496 0.00172131
vt 0.50093496 0.49974449
vt 0.25192336 0.49974449
vt 0.50093496 0.49974449
vt 0.50093496 0.00172131
vt 0.25192336 0.00172131
vt 0.25192336 0.49974449
vt 0.25192336 0.00172131
vt 0.50093496 0.00172131
vt 0.50093496 0.49974449
vt 0.25192336 0.49974449
vt 0.25192336 0.00172131
vt 0.50093496 0.00172131
vt 0.50093496 0.49974449
vt 0.25192336 0.49974449
vt 0.25192336 0.00172131
vt 0.50093496 0.00172131
vt 0.50093496 0.49974449
vt 0.25192336 0.49974449
vt 0.50093496 0.49974449
vt 0.50093496 0.00172131
vt 0.25192336 0.00172131
vt 0.25192336 0.49974449
vt 0.50093496 0.49974449
vt 0.50093496 0.00172131
vt 0.25192336 0.00172131
vt 0.25192336 0.49974449
vt 0.25192336 0.00172131
vt 0.50093496 0.00172131
vt 0.50093496 0.49974449
vt 0.25192336 0.49974449
vt 0.25192336 0.00172131
vt 0.50093496 0.00172131
vt 0.50093496 0.49974449
vt 0.25192336 0.49974449
vt 0.50093496 0.49974449
vt 0.50093496 0.00172131
vt 0.25192336 0.00172131
vt 0.25192336 0.49974449
vt 0.25192336 0.00172131
vt 0.50093496 0.00172131
vt 0.50093496 0.49974449
vt 0.25192336 0.49974449
vt 0.25192336 0.00172131
vt 0.50093496 0.00172131
vt 0.50093496 0.49974449
vt 0.25192336 0.49974449
vt 0.25192336 0.00172131
vt 0.50093496 0.00172131
vt 0.50093496 0.49974449
vt 0.25192336 0.49974449
vt 0.25192336 0.00172131
vt 0.50093496 0.00172131
vt 0.50093496 0.49974449
vt 0.25192336 0.49974449
vt 0.25192336 0.00172131
vt 0.50093496 0.00172131
vt 0.50093496 0.49974449
vt 0.25192336 0.49974449
vt 0.25192336 0.00172131
vt 0.50093496 0.00172131
vt 0.50093496 0.49974449
vt 0.25192336 0.49974449
vt 0.25192336 0.00172131
vt 0.50093496 0.00172131
vt 0.50093496 0.49974449
vt 0.25192336 0.49974449
vt 0.50093496 0.49974449
vt 0.50093496 0.00172131
vt 0.25192336 0.00172131
vt 0.25192336 0.49974449
vt 0.25192336 0.00172131
vt 0.50093496 0.00172131
vt 0.50093496 0.49974449
vt 0.25192336 0.49974449
vt 0.25192336 0.00172131
vt 0.50093496 0.00172131
vt 0.50093496 0.49974449
vt 0.25192336 0.49974449
vt 0.25192336 0.00172131
vt 0.50093496 0.00172131
vt 0.50093496 0.49974449
vt 0.25192336 0.49974449
vt 0.25192336 0.00172131
vt 0.50093496 0.00172131
vt 0.50093496 0.49974449
vt 0.25192336 0.49974449
vt 0.50093496 0.49974449
vt 0.50093496 0.00172131
vt 0.25192336 0.00172131
vt 0.25192336 0.49974449
vt 0.25192336 0.00172131
vt 0.50093496 0.00172131
vt 0.50093496 0.49974449
vt 0.25192336 0.49974449
vt 0.25192336 0.00172131
vt 0.50093496 0.00172131
vt 0.50093496 0.49974449
vt 0.25192336 0.49974449
vt 0.25192336 0.00172131
vt 0.50093496 0.00172131
vt 0.50093496 0.49974449
vt 0.25192336 0.49974449
vt 0.50093496 0.49974449
vt 0.50093496 0.00172131
vt 0.25192336 0.00172131
vt 0.25192336 0.49974449
vt 0.50093496 0.49974449
vt 0.50093496 0.00172131
vt 0.25192336 0.00172131
vt 0.25192336 0.49974449
vt 0.25192336 0.00172131
vt 0.50093496 0.00172131
vt 0.50093496 0.49974449
vt 0.25192336 0.49974449
vt 0.25192336 0.00172131
vt 0.50093496 0.00172131
vt 0.50093496 0.49974449
vt 0.25192336 0.49974449
vt 0.50093496 0.49974449
vt 0.50093496 0.00172131
vt 0.25192336 0.00172131
vt 0.25192336 0.49974449
vt 0.25192336 0.00172131
vt 0.50093496 0.00172131
vt 0.50093496 0.49974449
vt 0.25192336 0.49974449
vt 0.25192336 0.00172131
vt 0.50093496 0.00172131
vt 0.50093496 0.49974449
vt 0.25192336 0.49974449
vt 0.25192336 0.00172131
vt 0.50093496 0.00172131
vt 0.50093496 0.49974449
vt 0.25192336 0.49974449
vt 0.25192336 0.00172131
vt 0.50093496 0.00172131
vt 0.50093496 0.49974449
vt 0.25192336 0.49974449
vt 0.25192336 0.00172131
vt 0.50093496 0.00172131
vt 0.50093496 0.49974449
vt 0.25192336 0.49974449
vt 0.25192336 0.00172131
vt 0.50093496 0.00172131
vt 0.50093496 0.49974449
vt 0.25192336 0.49974449
vt 0.25192336 0.00172131
vt 0.50093496 0.00172131
vt 0.50093496 0.49974449
vt 0.25192336 0.49974449
vt 0.50093496 0.49974449
vt 0.50093496 0.00172131
vt 0.25192336 0.00172131
vt 0.25192336 0.49974449
vt 0.25192336 0.00172131
vt 0.50093496 0.00172131
vt 0.50093496 0.49974449
vt 0.25192336 0.49974449
vt 0.25192336 0.00172131
vt 0.50093496 0.00172131
vt 0.50093496 0.49974449
vt 0.25192336 0.49974449
vt 0.25192336 0.00172131
vt 0.50093496 0.00172131
vt 0.50093496 0.49974449
vt 0.25192336 0.49974449
vt 0.25192336 0.00172131
vt 0.50093496 0.00172131
vt 0.50093496 0.49974449
vt 0.25192336 0.49974449
vt 0.50093496 0.49974449
vt 0.50093496 0.00172131
vt 0.25192336 0.00172131
vt 0.25192336 0.49974449
vt 0.25192336 0.00172131
vt 0.50093496 0.00172131
vt 0.50093496 0.49974449
vt 0.25192336 0.49974449
vt 0.25192336 0.00172131
vt 0.50093496 0.00172131
vt 0.50093496 0.49974449
vt 0.25192336 0.49974449
vt 0.25192336 0.00172131
vt 0.50093496 0.00172131
vt 0.50093496 0.49974449
vt 0.25192336 0.49974449
vt 0.50093496 0.49974449
vt 0.50093496 0.00172131
vt 0.25192336 0.00172131
vt 0.25192336 0.49974449
vt 0.50093496 0.49974449
vt 0.50093496 0.00172131
vt 0.25192336 0.00172131
vt 0.25192336 0.49974449
vt 0.25192336 0.00172131
vt 0.50093496 0.00172131
vt 0.50093496 0.49974449
vt 0.25192336 0.49974449
vt 0.25192336 0.00172131
vt 0.50093496 0.00172131
vt 0.50093496 0.49974449
vt 0.25192336 0.49974449
vt 0.50093496 0.49974449
vt 0.50093496 0.00172131
vt 0.25192336 0.00172131
vt 0.25192336 0.49974449
vt 0.25192336 0.00172131
vt 0.50093496 0.00172131
vt 0.50093496 0.49974449
vt 0.25192336 0.49974449
vt 0.25192336 0.00172131
vt 0.50093496 0.00172131
vt 0.50093496 0.49974449
vt 0.25192336 0.49974449
vt 0.25192336 0.00172131
vt 0.50093496 0.00172131
vt 0.50093496 0.49974449
vt 0.25192336 0.49974449
vt 0.25192336 0.00172131
vt 0.50093496 0.00172131
vt 0.50093496 0.49974449
vt 0.25192336 0.49974449
vt 0.25192336 0.00172131
vt 0.50093496 0.00172131
vt 0.50093496 0.49974449
vt 0.25192336 0.49974449
vt 0.25192336 0.00172131
vt 0.50093496 0.00172131
vt 0.50093496 0.49974449
vt 0.25192336 0.49974449
vt 0.25192336 0.00172131
vt 0.50093496 0.00172131
vt 0.50093496 0.49974449
vt 0.25192336 0.49974449
vt 0.50093496 0.49974449
vt 0.50093496 0.00172131
vt 0.25192336 0.00172131
vt 0.25192336 0.49974449
vt 0.25192336 0.00172131
vt 0.50093496 0.00172131
vt 0.50093496 0.49974449
vt 0.25192336 0.49974449
vt 0.25192336 0.00172131
vt 0.50093496 0.00172131
vt 0.50093496 0.49974449
vt 0.25192336 0.49974449
vt 0.25192336 0.00172131
vt 0.50093496 0.00172131
vt 0.50093496 0.49974449
vt 0.25192336 0.49974449
vt 0.25192336 0.00172131
vt 0.50093496 0.00172131
vt 0.50093496 0.49974449
vt 0.25192336 0.49974449
vt 0.50093496 0.49974449
vt 0.50093496 0.00172131
vt 0.25192336 0.00172131
vt 0.25192336 0.49974449
vt 0.25192336 0.00172131
vt 0.50093496 0.00172131
vt 0.50093496 0.49974449
vt 0.25192336 0.49974449
vt 0.25192336 0.00172131
vt 0.50093496 0.00172131
vt 0.50093496 0.49974449
vt 0.25192336 0.49974449
vt 0.25192336 0.00172131
vt 0.50093496 0.00172131
vt 0.50093496 0.49974449
vt 0.25192336 0.49974449
vt 0.50093496 0.49974449
vt 0.50093496 0.00172131
vt 0.25192336 0.00172131
vt 0.25192336 0.49974449
vt 0.50093496 0.49974449
vt 0.50093496 0.00172131
vt 0.25192336 0.00172131
vt 0.25192336 0.49974449
vt 0.25192336 0.00172131
vt 0.50093496 0.00172131
vt 0.50093496 0.49974449
vt 0.25192336 0.49974449
vt 0.25192336 0.00172131
vt 0.50093496 0.00172131
vt 0.50093496 0.49974449
vt 0.25192336 0.49974449
vt 0.50093496 0.49974449
vt 0.50093496 0.00172131
vt 0.25192336 0.00172131
vt 0.25192336 0.49974449
vt 0.25192336 0.00172131
vt 0.50093496 0.00172131
vt 0.50093496 0.49974449
vt 0.25192336 0.49974449
vt 0.25192336 0.00172131
vt 0.50093496 0.00172131
vt 0.50093496 0.49974449
vt 0.25192336 0.49974449
vt 0.25192336 0.00172131
vt 0.50093496 0.00172131
vt 0.50093496 0.49974449
vt 0.25192336 0.49974449
vt 0.25192336 0.00172131
vt 0.50093496 0.00172131
vt 0.50093496 0.49974449
vt 0.25192336 0.49974449
vt 0.25192336 0.00172131
vt 0.50093496 0.00172131
vt 0.50093496 0.49974449
vt 0.25192336 0.49974449
vt 0.25192336 0.00172131
vt 0.50093496 0.00172131
vt 0.50093496 0.49974449
vt 0.25192336 0.49974449
vt 0.25192336 0.00172131
vt 0.50093496 0.00172131
vt 0.50093496 0.49974449
vt 0.25192336 0.49974449
vt 0.50093496 0.49974449
vt 0.50093496 0.00172131
vt 0.25192336 0.00172131
vt 0.25192336 0.49974449
vt 0.25192336 0.00172131
vt 0.50093496 0.00172131
vt 0.50093496 0.49974449
vt 0.25192336 0.49974449
vt 0.25192336 0.00172131
vt 0.50093496 0.00172131
vt 0.50093496 0.49974449
vt 0.25192336 0.49974449
vt 0.25192336 0.00172131
vt 0.50093496 0.00172131
vt 0.50093496 0.49974449
vt 0.25192336 0.49974449
vt 0.25192336 0.00172131
vt 0.50093496 0.00172131
vt 0.50093496 0.49974449
vt 0.25192336 0.49974449
vt 0.50093496 0.49974449
vt 0.50093496 0.00172131
vt 0.25192336 0.00172131
vt 0.25192336 0.49974449
vt 0.25192336 0.00172131
vt 0.50093496 0.00172131
vt 0.50093496 0.49974449
vt 0.25192336 0.49974449
vt 0.25192336 0.00172131
vt 0.50093496 0.00172131
vt 0.50093496 0.49974449
vt 0.25192336 0.49974449
vt 0.25192336 0.00172131
vt 0.50093496 0.00172131
vt 0.50093496 0.49974449
vt 0.25192336 0.49974449
vt 0.50093496 0.49974449
vt 0.50093496 0.00172131
vt 0.25192336 0.00172131
vt 0.25192336 0.49974449
vt 0.50093496 0.49974449
vt 0.50093496 0.00172131
vt 0.25192336 0.00172131
vt 0.25192336 0.49974449
vt 0.25192336 0.00172131
vt 0.50093496 0.00172131
vt 0.50093496 0.49974449
vt 0.25192336 0.49974449
vt 0.25192336 0.00172131
vt 0.50093496 0.00172131
vt 0.50093496 0.49974449
vt 0.25192336 0.49974449
vt 0.50093496 0.49974449
vt 0.50093496 0.00172131
vt 0.25192336 0.00172131
vt 0.25192336 0.49974449
vt 0.25192336 0.00172131
vt 0.50093496 0.00172131
vt 0.50093496 0.49974449
vt 0.25192336 0.49974449
vt 0.25192336 0.00172131
vt 0.50093496 0.00172131
vt 0.50093496 0.49974449
vt 0.25192336 0.49974449
vt 0.25192336 0.00172131
vt 0.50093496 0.00172131
vt 0.50093496 0.49974449
vt 0.25192336 0.49974449
vt 0.25192336 0.00172131
vt 0.50093496 0.00172131
vt 0.50093496 0.49974449
vt 0.25192336 0.49974449
vt 0.25192336 0.00172131
vt 0.50093496 0.00172131
vt 0.50093496 0.49974449
vt 0.25192336 0.49974449
vt 0.25192336 0.00172131
vt 0.50093496 0.00172131
vt 0.50093496 0.49974449
vt 0.25192336 0.49974449
vt 0.25192336 0.00172131
vt 0.50093496 0.00172131
vt 0.50093496 0.49974449
vt 0.25192336 0.49974449
vt 0.50093496 0.49974449
vt 0.50093496 0.00172131
vt 0.25192336 0.00172131
vt 0.25192336 0.49974449
vt 0.25192336 0.00172131
vt 0.50093496 0.00172131
vt 0.50093496 0.49974449
vt 0.25192336 0.49974449
vt 0.25192336 0.00172131
vt 0.50093496 0.00172131
vt 0.50093496 0.49974449
vt 0.25192336 0.49974449
vt 0.25192336 0.00172131
vt 0.50093496 0.00172131
vt 0.50093496 0.49974449
vt 0.25192336 0.49974449
vt 0.25192336 0.00172131
vt 0.50093496 0.00172131
vt 0.50093496 0.49974449
vt 0.25192336 0.49974449
vt 0.50093496 0.49974449
vt 0.50093496 0.00172131
vt 0.25192336 0.00172131
vt 0.25192336 0.49974449
vt 0.25192336 0.00172131
vt 0.50093496 0.00172131
vt 0.50093496 0.49974449
vt 0.25192336 0.49974449
vt 0.25192336 0.00172131
vt 0.50093496 0.00172131
vt 0.50093496 0.49974449
vt 0.25192336 0.49974449
vt 0.25192336 0.00172131
vt 0.50093496 0.00172131
vt 0.50093496 0.49974449
vt 0.25192336 0.49974449
vt 0.50093496 0.49974449
vt 0.50093496 0.00172131
vt 0.25192336 0.00172131
vt 0.25192336 0.49974449
vt 0.50093496 0.49974449
vt 0.50093496 0.00172131
vt 0.25192336 0.00172131
vt 0.25192336 0.49974449
vt 0.25192336 0.00172131
vt 0.50093496 0.00172131
vt 0.50093496 0.49974449
vt 0.25192336 0.49974449
vt 0.25192336 0.00172131
vt 0.50093496 0.00172131
vt 0.50093496 0.49974449
vt 0.25192336 0.49974449
vt 0.50093496 0.49974449
vt 0.50093496 0.00172131
vt 0.25192336 0.00172131
vt 0.25192336 0.49974449
vt 0.25192336 0.00172131
vt 0.50093496 0.00172131
vt 0.50093496 0.49974449
vt 0.25192336 0.49974449
vt 0.25192336 0.00172131
vt 0.50093496 0.00172131
vt 0.50093496 0.49974449
vt 0.25192336 0.49974449
vt 0.25192336 0.00172131
vt 0.50093496 0.00172131
vt 0.50093496 0.49974449
vt 0.25192336 0.49974449
vt 0.25192336 0.00172131
vt 0.50093496 0.00172131
vt 0.50093496 0.49974449
vt 0.25192336 0.49974449
vt 0.25192336 0.00172131
vt 0.50093496 0.00172131
vt 0.50093496 0.49974449
vt 0.25192336 0.49974449
vt 0.25192336 0.00172131
vt 0.50093496 0.00172131
vt 0.50093496 0.49974449
vt 0.25192336 0.49974449
vt 0.25192336 0.00172131
vt 0.50093496 0.00172131
vt 0.50093496 0.49974449
vt 0.25192336 0.49974449
vt 0.50093496 0.49974449
vt 0.50093496 0.00172131
vt 0.25192336 0.00172131
vt 0.25192336 0.49974449
vt 0.25192336 0.00172131
vt 0.50093496 0.00172131
vt 0.50093496 0.49974449
vt 0.25192336 0.49974449
vt 0.25192336 0.00172131
vt 0.50093496 0.00172131
vt 0.50093496 0.49974449
vt 0.25192336 0.49974449
vt 0.25192336 0.00172131
vt 0.50093496 0.00172131
vt 0.50093496 0.49974449
vt 0.00061078 0.39753940
vt 0.00580321 0.00122094
vt 0.01099563 0.39753940
vt 0.00061078 0.00122094
vt 0.01099563 0.00122094
vt 0.01619055 0.00122094
vt 0.02138298 0.39753940
vt 0.02138298 0.00122094
vt 0.02657540 0.00122094
vt 0.03176782 0.39753940
vt 0.03176782 0.00122094
vt 0.03696274 0.00122094
vt 0.04215517 0.39753940
vt 0.04215517 0.00122094
vt 0.04734759 0.00122094
vt 0.05254252 0.39753940
vt 0.05254252 0.00122094
vt 0.05773494 0.00122094
vt 0.06292737 0.39753940
vt 0.06292737 0.00122094
vt 0.06811979 0.00122094
vt 0.07331471 0.39753940
vt 0.07331471 0.00122094
vt 0.07850713 0.00122094
vt 0.08369956 0.39753940
vt 0.08369956 0.00122094
vt 0.08889199 0.00122094
vt 0.09408691 0.39753940
vt 0.09408691 0.00122094
vt 0.09927933 0.00122094
vt 0.10447175 0.39753940
vt 0.10447175 0.00122094
vt 0.10966667 0.00122094
vt 0.11485910 0.39753940
vt 0.11485910 0.00122094
vt 0.12005153 0.00122094
vt 0.12524395 0.39753940
vt 0.12524395 0.00122094
vt 0.13043887 0.00122094
vt 0.13563130 0.39753940
vt 0.13563130 0.00122094
vt 0.14082372 0.00122094
vt 0.14601614 0.39753940
vt 0.14601614 0.00122094
vt 0.15121106 0.00122094
vt 0.15640350 0.39753940
vt 0.15640350 0.00122094
vt 0.16159592 0.00122094
vt 0.16679084 0.39753940
vt 0.16679084 0.00122094
vt 0.17198326 0.00122094
vt 0.17717569 0.39753940
vt 0.17717569 0.00122094
vt 0.18236811 0.00122094
vt 0.18756303 0.39753940
vt 0.18756303 0.00122094
vt 0.19275545 0.00122094
vt 0.19794788 0.39753940
vt 0.19794788 0.00122094
vt 0.20314030 0.00122094
vt 0.20833522 0.39753940
vt 0.20833522 0.00122094
vt 0.21352764 0.00122094
vt 0.21872008 0.39753940
vt 0.21872008 0.00122094
vt 0.22391500 0.00122094
vt 0.22910742 0.39753940
vt 0.22910742 0.00122094
vt 0.23429985 0.00122094
vt 0.23949227 0.39753940
vt 0.23949227 0.00122094
vt 0.24468719 0.00122094
vt 0.24987961 0.39753940
vt 0.24987961 0.00122094
vt 0.00061078 0.30999000
vt 0.01099563 0.30999000
vt 0.02138298 0.30999000
vt 0.03176782 0.30999000
vt 0.04215517 0.30999000
vt 0.05254252 0.30999000
vt 0.06292737 0.30999000
vt 0.07331471 0.30999000
vt 0.08369956 0.30999000
vt 0.09408691 0.30999000
vt 0.10447175 0.30999000
vt 0.11485910 0.30999000
vt 0.12524395 0.30999000
vt 0.13563130 0.30999000
vt 0.14601614 0.30999000
vt 0.15640350 0.30999000
vt 0.16679084 0.30999000
vt 0.17717569 0.30999000
vt 0.18756303 0.30999000
vt 0.19794788 0.30999000
vt 0.20833522 0.30999000
vt 0.21872008 0.30999000
vt 0.22910742 0.30999000
vt 0.23949227 0.30999000
vt 0.24987961 0.30999000
vt 0.00061078 0.17533163
vt 0.01099563 0.17533163
vt 0.02138298 0.17533163
vt 0.03176782 0.17533163
vt 0.04215517 0.17533163
vt 0.05254252 0.17533163
vt 0.06292737 0.17533163
vt 0.07331471 0.17533163
vt 0.08369956 0.17533163
vt 0.09408691 0.17533163
vt 0.10447175 0.17533163
vt 0.11485910 0.17533163
vt 0.12524395 0.17533163
vt 0.13563130 0.17533163
vt 0.14601614 0.17533163
vt 0.15640350 0.17533163
vt 0.16679084 0.17533163
vt 0.17717569 0.17533163
vt 0.18756303 0.17533163
vt 0.19794788 0.17533163
vt 0.20833522 0.17533163
vt 0.21872008 0.17533163
vt 0.22910742 0.17533163
vt 0.23949227 0.17533163
vt 0.24987961 0.17533163
vt 0.00061078 0.07924553
vt 0.01099563 0.07924553
vt 0.02138298 0.07924553
vt 0.03176782 0.07924553
vt 0.04215517 0.07924553
vt 0.05254252 0.07924553
vt 0.06292737 0.07924553
vt 0.07331471 0.07924553
vt 0.08369956 0.07924553
vt 0.09408691 0.07924553
vt 0.10447175 0.07924553
vt 0.11485910 0.07924553
vt 0.12524395 0.07924553
vt 0.13563130 0.07924553
vt 0.14601614 0.07924553
vt 0.15640350 0.07924553
vt 0.16679084 0.07924553
vt 0.17717569 0.07924553
vt 0.18756303 0.07924553
vt 0.19794788 0.07924553
vt 0.20833522 0.07924553
vt 0.21872008 0.07924553
vt 0.22910742 0.07924553
vt 0.23949227 0.07924553
vt 0.24987961 0.07924553
vt 0.00061078 0.42737026
vt 0.01099563 0.42737026
vt 0.02138298 0.42737026
vt 0.03176782 0.42737026
vt 0.04215517 0.42737026
vt 0.05254252 0.42737026
vt 0.06292737 0.42737026
vt 0.07331471 0.42737026
vt 0.08369956 0.42737026
vt 0.09408691 0.42737026
vt 0.10447175 0.42737026
vt 0.11485910 0.42737026
vt 0.12524395 0.42737026
vt 0.13563130 0.42737026
vt 0.14601614 0.42737026
vt 0.15640350 0.42737026
vt 0.16679084 0.42737026
vt 0.17717569 0.42737026
vt 0.18756303 0.42737026
vt 0.19794788 0.42737026
vt 0.20833522 0.42737026
vt 0.21872008 0.42737026
vt 0.22910742 0.42737026
vt 0.23949227 0.42737026
vt 0.24987961 0.42737026
vt 0.00061078 0.31941078
vt 0.01099563 0.31941078
vt 0.02138298 0.31941078
vt 0.03176782 0.31941078
vt 0.04215517 0.31941078
vt 0.05254252 0.31941078
vt 0.06292737 0.31941078
vt 0.07331471 0.31941078
vt 0.08369956 0.31941078
vt 0.09408691 0.31941078
vt 0.10447175 0.31941078
vt 0.11485910 0.31941078
vt 0.12524395 0.31941078
vt 0.13563130 0.31941078
vt 0.14601614 0.31941078
vt 0.15640350 0.31941078
vt 0.16679084 0.31941078
vt 0.17717569 0.31941078
vt 0.18756303 0.31941078
vt 0.19794788 0.31941078
vt 0.20833522 0.31941078
vt 0.21872008 0.31941078
vt 0.22910742 0.31941078
vt 0.23949227 0.31941078
vt 0.24987961 0.31941078
vt 0.00061078 0.17978725
vt 0.01099563 0.17978725
vt 0.02138298 0.17978725
vt 0.03176782 0.17978725
vt 0.04215517 0.17978725
vt 0.05254252 0.17978725
vt 0.06292737 0.17978725
vt 0.07331471 0.17978725
vt 0.08369956 0.17978725
vt 0.09408691 0.17978725
vt 0.10447175 0.17978725
vt 0.11485910 0.17978725
vt 0.12524395 0.17978725
vt 0.13563130 0.17978725
vt 0.14601614 0.17978725
vt 0.15640350 0.17978725
vt 0.16679084 0.17978725
vt 0.17717569 0.17978725
vt 0.18756303 0.17978725
vt 0.19794788 0.17978725
vt 0.20833522 0.17978725
vt 0.21872008 0.17978725
vt 0.22910742 0.17978725
vt 0.23949227 0.17978725
vt 0.24987961 0.17978725
vt 0.00061078 0.02321525
vt 0.02138298 0.02321525
vt 0.04215517 0.02321525
vt 0.06292737 0.02321525
vt 0.08369956 0.02321525
vt 0.10447175 0.02321525
vt 0.12524395 0.02321525
vt 0.14601614 0.02321525
vt 0.16679084 0.02321525
vt 0.18756303 0.02321525
vt 0.20833522 0.02321525
vt 0.22910742 0.02321525
vt 0.24987961 0.02321525
vt 0.00061078 0.32737297
vt 0.02138298 0.32737297
vt 0.04215517 0.32737297
vt 0.06292737 0.32737297
vt 0.08369956 0.32737297
vt 0.10447175 0.32737297
vt 0.12524395 0.32737297
vt 0.14601614 0.32737297
vt 0.16679084 0.32737297
vt 0.18756303 0.32737297
vt 0.20833522 0.32737297
vt 0.22910742 0.32737297
vt 0.24987961 0.32737297
vt 0.00061078 0.18780446
vt 0.02138298 0.18780446
vt 0.04215517 0.18780446
vt 0.06292737 0.18780446
vt 0.08369956 0.18780446
vt 0.10447175 0.18780446
vt 0.12524395 0.18780446
vt 0.14601614 0.18780446
vt 0.16679084 0.18780446
vt 0.18756303 0.18780446
vt 0.20833522 0.18780446
vt 0.22910742 0.18780446
vt 0.24987961 0.18780446
vt 0.00061078 0.46484355
vt 0.02138298 0.46484355
vt 0.04215517 0.46484355
vt 0.06292737 0.46484355
vt 0.08369956 0.46484355
vt 0.10447175 0.46484355
vt 0.12524395 0.46484355
vt 0.14601614 0.46484355
vt 0.16679084 0.46484355
vt 0.18756303 0.46484355
vt 0.20833522 0.46484355
vt 0.22910742 0.46484355
vt 0.24987961 0.46484355
vt 0.00061078 0.30489491
vt 0.02138298 0.30489491
vt 0.04215517 0.30489491
vt 0.06292737 0.30489491
vt 0.08369956 0.30489491
vt 0.10447175 0.30489491
vt 0.12524395 0.30489491
vt 0.14601614 0.30489491
vt 0.16679084 0.30489491
vt 0.18756303 0.30489491
vt 0.20833522 0.30489491
vt 0.22910742 0.30489491
vt 0.24987961 0.30489491
vt 0.00061078 0.04891025
vt 0.02138298 0.04891025
vt 0.04215517 0.04891025
vt 0.06292737 0.04891025
vt 0.08369956 0.04891025
vt 0.10447175 0.04891025
vt 0.12524395 0.04891025
vt 0.14601614 0.04891025
vt 0.16679084 0.04891025
vt 0.18756303 0.04891025
vt 0.20833522 0.04891025
vt 0.22910742 0.04891025
vt 0.24987961 0.04891025
vt 0.00061078 0.36308297
vt 0.02138298 0.36308297
vt 0.04215517 0.36308297
vt 0.06292737 0.36308297
vt 0.08369956 0.36308297
vt 0.10447175 0.36308297
vt 0.12524395 0.36308297
vt 0.14601614 0.36308297
vt 0.16679084 0.36308297
vt 0.18756303 0.36308297
vt 0.20833522 0.36308297
vt 0.22910742 0.36308297
vt 0.24987961 0.36308297
vt 0.00061078 0.06751709
vt 0.02138298 0.06751709
vt 0.04215517 0.06751709
vt 0.06292737 0.06751709
vt 0.08369956 0.06751709
vt 0.10447175 0.06751709
vt 0.12524395 0.06751709
vt 0.14601614 0.06751709
vt 0.16679084 0.06751709
vt 0.18756303 0.06751709
vt 0.20833522 0.06751709
vt 0.22910742 0.06751709
vt 0.24987961 0.06751709
vt 0.00061078 0.35057036
vt 0.04215517 0.35057036
vt 0.08369956 0.35057036
vt 0.12524395 0.35057036
vt 0.16679084 0.35057036
vt 0.20833522 0.35057036
vt 0.24987961 0.35057036
vt 0.00061078 0.00431378
vt 0.04215517 0.00431378
vt 0.08369956 0.00431378
vt 0.12524395 0.00431378
vt 0.16679084 0.00431378
vt 0.20833522 0.00431378
vt 0.24987961 0.00431378
vt 0.00061078 0.25068288
vt 0.04215517 0.25068288
vt 0.08369956 0.25068288
vt 0.12524395 0.25068288
vt 0.16679084 0.25068288
vt 0.20833522 0.25068288
vt 0.24987961 0.25068288
vt 0.00061078 0.34222862
vt 0.04215517 0.34222862
vt 0.08369956 0.34222862
vt 0.12524395 0.34222862
vt 0.16679084 0.34222862
vt 0.20833522 0.34222862
vt 0.24987961 0.34222862
vt 0.00061078 0.04463458
vt 0.04215517 0.04463458
vt 0.08369956 0.04463458
vt 0.12524395 0.04463458
vt 0.16679084 0.04463458
vt 0.20833522 0.04463458
vt 0.24987961 0.04463458
vt 0.00061078 0.06067353
vt 0.04215517 0.06067353
vt 0.08369956 0.06067353
vt 0.12524395 0.06067353
vt 0.16679084 0.06067353
vt 0.20833522 0.06067353
vt 0.24987961 0.06067353
vt 0.00061078 0.20284470
vt 0.04215517 0.20284470
vt 0.08369956 0.20284470
vt 0.12524395 0.20284470
vt 0.16679084 0.20284470
vt 0.20833522 0.20284470
vt 0.24987961 0.20284470
vt 0.00061078 0.12214356
vt 0.04215517 0.12214356
vt 0.08369956 0.12214356
vt 0.12524395 0.12214356
vt 0.16679084 0.12214356
vt 0.20833522 0.12214356
vt 0.24987961 0.12214356
vt 0.00061078 0.09110414
vt 0.04215517 0.09110414
vt 0.08369956 0.09110414
vt 0.12524395 0.09110414
vt 0.16679084 0.09110414
vt 0.20833522 0.09110414
vt 0.24987961 0.09110414
vt 0.02138298 0.11191872
vt 0.06292737 0.11191872
vt 0.10447175 0.11191872
vt 0.14601614 0.11191872
vt 0.18756303 0.11191872
vt 0.22910742 0.11191872
vt 0.00061078 0.39286893
vt 0.00061078 0.00122094
vt 0.06292737 0.39286893
vt 0.06292737 0.00122094
vt 0.12524395 0.00122094
vt 0.12524395 0.39286893
vt 0.18756303 0.39286893
vt 0.18756303 0.00122094
vt 0.24987961 0.00122094
vt 0.24987961 0.39286893
vt 0.00061078 0.28255178
vt 0.06292737 0.28255178
vt 0.12524395 0.28255178
vt 0.18756303 0.28255178
vt 0.24987961 0.28255178
vt 0.00061078 0.12847739
vt 0.06292737 0.12847739
vt 0.12524395 0.12847739
vt 0.18756303 0.12847739
vt 0.24987961 0.12847739
vt 0.00061078 0.44431372
vt 0.06292737 0.44431372
vt 0.12524395 0.44431372
vt 0.18756303 0.44431372
vt 0.24987961 0.44431372
vt 0.00061078 0.27228180
vt 0.06292737 0.27228180
vt 0.12524395 0.27228180
vt 0.18756303 0.27228180
vt 0.24987961 0.27228180
vt 0.00061078 0.03386990
vt 0.06292737 0.03386990
vt 0.12524395 0.03386990
vt 0.18756303 0.03386990
vt 0.24987961 0.03386990
vt 0.00061078 0.30644848
vt 0.06292737 0.30644848
vt 0.12524395 0.30644848
vt 0.18756303 0.30644848
vt 0.24987961 0.30644848
vt 0.00061078 0.48605280
vt 0.06292737 0.48605280
vt 0.12524395 0.48605280
vt 0.18756303 0.48605280
vt 0.24987961 0.48605280
vt 0.00061078 0.16285379
vt 0.06292737 0.16285379
vt 0.12524395 0.16285379
vt 0.18756303 0.16285379
vt 0.24987961 0.16285379
vt 0.03176782 0.16647517
vt 0.09408691 0.16647517
vt 0.15640350 0.16647517
vt 0.21872008 0.16647517
vt 0.00061078 0.37628019
vt 0.00061078 0.00122094
vt 0.05046455 0.37628019
vt 0.05046455 0.00122094
vt 0.10031831 0.00122094
vt 0.10031831 0.37628019
vt 0.15017208 0.37628019
vt 0.15017208 0.00122094
vt 0.20002585 0.00122094
vt 0.20002585 0.37628019
vt 0.24987961 0.37628019
vt 0.24987961 0.00122094
vt 0.00061078 0.24885975
vt 0.05046455 0.24885975
vt 0.10031831 0.24885975
vt 0.15017208 0.24885975
vt 0.20002585 0.24885975
vt 0.24987961 0.24885975
vt 0.00061078 0.09153854
vt 0.05046455 0.09153854
vt 0.10031831 0.09153854
vt 0.15017208 0.09153854
vt 0.20002585 0.09153854
vt 0.24987961 0.09153854
vt 0.00061078 0.42554707
vt 0.05046455 0.42554707
vt 0.10031831 0.42554707
vt 0.15017208 0.42554707
vt 0.20002585 0.42554707
vt 0.24987961 0.42554707
vt 0.00061078 0.23574756
vt 0.05046455 0.23574756
vt 0.10031831 0.23574756
vt 0.15017208 0.23574756
vt 0.20002585 0.23574756
vt 0.24987961 0.23574756
vt 0.00061078 0.02597761
vt 0.05046455 0.02597761
vt 0.10031831 0.02597761
vt 0.15017208 0.02597761
vt 0.20002585 0.02597761
vt 0.24987961 0.02597761
vt 0.00061078 0.28731216
vt 0.05046455 0.28731216
vt 0.10031831 0.28731216
vt 0.15017208 0.28731216
vt 0.20002585 0.28731216
vt 0.24987961 0.28731216
vt 0.00061078 0.01187142
vt 0.05046455 0.01187142
vt 0.10031831 0.01187142
vt 0.15017208 0.01187142
vt 0.20002585 0.01187142
vt 0.24987961 0.01187142
vt 0.00061078 0.19965778
vt 0.05046455 0.19965778
vt 0.10031831 0.19965778
vt 0.15017208 0.19965778
vt 0.20002585 0.19965778
vt 0.24987961 0.19965778
vt 0.00061078 0.35538052
vt 0.05046455 0.35538052
vt 0.10031831 0.35538052
vt 0.15017208 0.35538052
vt 0.20002585 0.35538052
vt 0.24987961 0.35538052
vt 0.02553642 0.35917196
vt 0.07539018 0.35917196
vt 0.12524395 0.35917196
vt 0.17509771 0.35917196
vt 0.22495148 0.35917196
vt 0.00061078 0.36441175
vt 0.00061078 0.00122094
vt 0.05046455 0.36441175
vt 0.05046455 0.00122094
vt 0.10031831 0.00122094
vt 0.10031831 0.36441175
vt 0.15017208 0.36441175
vt 0.15017208 0.00122094
vt 0.20002585 0.00122094
vt 0.20002585 0.36441175
vt 0.24987961 0.36441175
vt 0.24987961 0.00122094
vt 0.00061078 0.19143584
vt 0.05046455 0.19143584
vt 0.10031831 0.19143584
vt 0.15017208 0.19143584
vt 0.20002585 0.19143584
vt 0.24987961 0.19143584
vt 0.00061078 0.02493364
vt 0.05046455 0.02493364
vt 0.10031831 0.02493364
vt 0.15017208 0.02493364
vt 0.20002585 0.02493364
vt 0.24987961 0.02493364
vt 0.00061078 0.28559377
vt 0.05046455 0.28559377
vt 0.10031831 0.28559377
vt 0.15017208 0.28559377
vt 0.20002585 0.28559377
vt 0.24987961 0.28559377
vt 0.00061078 0.06485965
vt 0.05046455 0.06485965
vt 0.10031831 0.06485965
vt 0.15017208 0.06485965
vt 0.20002585 0.06485965
vt 0.24987961 0.06485965
vt 0.00061078 0.25571801
vt 0.05046455 0.25571801
vt 0.10031831 0.25571801
vt 0.15017208 0.25571801
vt 0.20002585 0.25571801
vt 0.24987961 0.25571801
vt 0.00061078 0.46389461
vt 0.05046455 0.46389461
vt 0.10031831 0.46389461
vt 0.15017208 0.46389461
vt 0.20002585 0.46389461
vt 0.24987961 0.46389461
vt 0.00061078 0.05470460
vt 0.05046455 0.05470460
vt 0.10031831 0.05470460
vt 0.15017208 0.05470460
vt 0.20002585 0.05470460
vt 0.24987961 0.05470460
vt 0.00061078 0.13974144
vt 0.05046455 0.13974144
vt 0.10031831 0.13974144
vt 0.15017208 0.13974144
vt 0.20002585 0.13974144
vt 0.24987961 0.13974144
vt 0.02553642 0.14332780
vt 0.07539018 0.14332780
vt 0.12524395 0.14332780
vt 0.17509771 0.14332780
vt 0.22495148 0.14332780
vt 0.00061078 0.34763317
vt 0.00061078 0.00122094
vt 0.05046455 0.34763317
vt 0.05046455 0.00122094
vt 0.10031831 0.00122094
vt 0.10031831 0.34763317
vt 0.15017208 0.34763317
vt 0.15017208 0.00122094
vt 0.20002585 0.00122094
vt 0.20002585 0.34763317
vt 0.24987961 0.34763317
vt 0.24987961 0.00122094
vt 0.00061078 0.15256387
vt 0.05046455 0.15256387
vt 0.10031831 0.15256387
vt 0.15017208 0.15256387
vt 0.20002585 0.15256387
vt 0.24987961 0.15256387
vt 0.00061078 0.46667186
vt 0.05046455 0.46667186
vt 0.10031831 0.46667186
vt 0.15017208 0.46667186
vt 0.20002585 0.46667186
vt 0.24987961 0.46667186
vt 0.00061078 0.19942805
vt 0.05046455 0.19942805
vt 0.10031831 0.19942805
vt 0.15017208 0.19942805
vt 0.20002585 0.19942805
vt 0.24987961 0.19942805
vt 0.00061078 0.45042271
vt 0.05046455 0.45042271
vt 0.10031831 0.45042271
vt 0.15017208 0.45042271
vt 0.20002585 0.45042271
vt 0.24987961 0.45042271
vt 0.00061078 0.10633410
vt 0.05046455 0.10633410
vt 0.10031831 0.10633410
vt 0.15017208 0.10633410
vt 0.20002585 0.10633410
vt 0.24987961 0.10633410
vt 0.00061078 0.27801112
vt 0.05046455 0.27801112
vt 0.10031831 0.27801112
vt 0.15017208 0.27801112
vt 0.20002585 0.27801112
vt 0.24987961 0.27801112
vt 0.00061078 0.31555444
vt 0.05046455 0.31555444
vt 0.10031831 0.31555444
vt 0.15017208 0.31555444
vt 0.20002585 0.31555444
vt 0.24987961 0.31555444
vt 0.00061078 0.34768808
vt 0.05046455 0.34768808
vt 0.10031831 0.34768808
vt 0.15017208 0.34768808
vt 0.20002585 0.34768808
vt 0.24987961 0.34768808
vt 0.02553642 0.35131946
vt 0.07539018 0.35131946
vt 0.12524395 0.35131946
vt 0.17509771 0.35131946
vt 0.22495148 0.35131946
vt 0.00061078 0.28248687
vt 0.00061078 0.00122094
vt 0.05046455 0.28248687
vt 0.05046455 0.00122094
vt 0.10031831 0.00122094
vt 0.10031831 0.28248687
vt 0.15017208 0.28248687
vt 0.15017208 0.00122094
vt 0.20002585 0.00122094
vt 0.20002585 0.28248687
vt 0.24987961 0.28248687
vt 0.24987961 0.00122094
vt 0.00061078 0.05847585
vt 0.05046455 0.05847585
vt 0.10031831 0.05847585
vt 0.15017208 0.05847585
vt 0.20002585 0.05847585
vt 0.24987961 0.05847585
vt 0.00061078 0.27621794
vt 0.05046455 0.27621794
vt 0.10031831 0.27621794
vt 0.15017208 0.27621794
vt 0.20002585 0.27621794
vt 0.24987961 0.27621794
vt 0.00061078 0.46145190
vt 0.05046455 0.46145190
vt 0.10031831 0.46145190
vt 0.15017208 0.46145190
vt 0.20002585 0.46145190
vt 0.24987961 0.46145190
vt 0.00061078 0.10475064
vt 0.05046455 0.10475064
vt 0.10031831 0.10475064
vt 0.15017208 0.10475064
vt 0.20002585 0.10475064
vt 0.24987961 0.10475064
vt 0.00061078 0.18359858
vt 0.05046455 0.18359858
vt 0.10031831 0.18359858
vt 0.15017208 0.18359858
vt 0.20002585 0.18359858
vt 0.24987961 0.18359858
vt 0.00061078 0.19528707
vt 0.05046455 0.19528707
vt 0.10031831 0.19528707
vt 0.15017208 0.19528707
vt 0.20002585 0.19528707
vt 0.24987961 0.19528707
vt 0.00061078 0.15679982
vt 0.05046455 0.15679982
vt 0.10031831 0.15679982
vt 0.15017208 0.15679982
vt 0.20002585 0.15679982
vt 0.24987961 0.15679982
vt 0.02553642 0.15977691
vt 0.07539018 0.15977691
vt 0.12524395 0.15977691
vt 0.17509771 0.15977691
vt 0.22495148 0.15977691
vt 0.00061078 0.26095291
vt 0.00061078 0.00122094
vt 0.04215517 0.26095291
vt 0.04215517 0.00122094
vt 0.08369956 0.00122094
vt 0.08369956 0.26095291
vt 0.12524395 0.26095291
vt 0.12524395 0.00122094
vt 0.16679084 0.00122094
vt 0.16679084 0.26095291
vt 0.20833522 0.26095291
vt 0.20833522 0.00122094
vt 0.24987961 0.00122094
vt 0.24987961 0.26095291
vt 0.00061078 0.01474358
vt 0.04215517 0.01474358
vt 0.08369956 0.01474358
vt 0.12524395 0.01474358
vt 0.16679084 0.01474358
vt 0.20833522 0.01474358
vt 0.24987961 0.01474358
vt 0.00061078 0.20029719
vt 0.04215517 0.20029719
vt 0.08369956 0.20029719
vt 0.12524395 0.20029719
vt 0.16679084 0.20029719
vt 0.20833522 0.20029719
vt 0.24987961 0.20029719
vt 0.00061078 0.34950639
vt 0.08369956 0.34950639
vt 0.16679084 0.34950639
vt 0.24987961 0.34950639
vt 0.00061078 0.45651181
vt 0.08369956 0.45651181
vt 0.16679084 0.45651181
vt 0.24987961 0.45651181
vt 0.00061078 0.49049853
vt 0.08369956 0.49049853
vt 0.16679084 0.49049853
vt 0.24987961 0.49049853
vt 0.00061078 0.44743074
vt 0.08369956 0.44743074
vt 0.16679084 0.44743074
vt 0.24987961 0.44743074
vt 0.00061078 0.34928154
vt 0.08369956 0.34928154
vt 0.16679084 0.34928154
vt 0.24987961 0.34928154
vt 0.04215517 0.35231364
vt 0.12524395 0.35231364
vt 0.20833522 0.35231364
vt 0.00061078 0.24842518
vt 0.00061078 0.00122094
vt 0.04215517 0.24842518
vt 0.04215517 0.00122094
vt 0.08369956 0.00122094
vt 0.08369956 0.24842518
vt 0.12524395 0.24842518
vt 0.12524395 0.00122094
vt 0.16679084 0.00122094
vt 0.16679084 0.24842518
vt 0.20833522 0.24842518
vt 0.20833522 0.00122094
vt 0.24987961 0.00122094
vt 0.24987961 0.24842518
vt 0.00061078 0.44781029
vt 0.04215517 0.44781029
vt 0.08369956 0.44781029
vt 0.12524395 0.44781029
vt 0.16679084 0.44781029
vt 0.20833522 0.44781029
vt 0.24987961 0.44781029
vt 0.00061078 0.12834758
vt 0.04215517 0.12834758
vt 0.08369956 0.12834758
vt 0.12524395 0.12834758
vt 0.16679084 0.12834758
vt 0.20833522 0.12834758
vt 0.24987961 0.12834758
vt 0.00061078 0.24600253
vt 0.08369956 0.24600253
vt 0.16679084 0.24600253
vt 0.24987961 0.24600253
vt 0.00061078 0.31746278
vt 0.08369956 0.31746278
vt 0.16679084 0.31746278
vt 0.24987961 0.31746278
vt 0.00061078 0.31001495
vt 0.08369956 0.31001495
vt 0.16679084 0.31001495
vt 0.24987961 0.31001495
vt 0.00061078 0.21151633
vt 0.08369956 0.21151633
vt 0.16679084 0.21151633
vt 0.24987961 0.21151633
vt 0.00061078 0.05541392
vt 0.08369956 0.05541392
vt 0.16679084 0.05541392
vt 0.24987961 0.05541392
vt 0.04215517 0.05848580
vt 0.12524395 0.05848580
vt 0.20833522 0.05848580
vt 0.00061078 0.22628182
vt 0.00061078 0.00122094
vt 0.04215517 0.22628182
vt 0.04215517 0.00122094
vt 0.08369956 0.00122094
vt 0.08369956 0.22628182
vt 0.12524395 0.22628182
vt 0.12524395 0.00122094
vt 0.16679084 0.00122094
vt 0.16679084 0.22628182
vt 0.20833522 0.22628182
vt 0.20833522 0.00122094
vt 0.24987961 0.00122094
vt 0.24987961 0.22628182
vt 0.00061078 0.32629399
vt 0.04215517 0.32629399
vt 0.08369956 0.32629399
vt 0.12524395 0.32629399
vt 0.16679084 0.32629399
vt 0.20833522 0.32629399
vt 0.24987961 0.32629399
vt 0.00061078 0.43238538
vt 0.04215517 0.43238538
vt 0.08369956 0.43238538
vt 0.12524395 0.43238538
vt 0.16679084 0.43238538
vt 0.20833522 0.43238538
vt 0.24987961 0.43238538
vt 0.00061078 0.41268468
vt 0.08369956 0.41268468
vt 0.16679084 0.41268468
vt 0.24987961 0.41268468
vt 0.00061078 0.35682917
vt 0.08369956 0.35682917
vt 0.16679084 0.35682917
vt 0.24987961 0.35682917
vt 0.00061078 0.11985578
vt 0.08369956 0.11985578
vt 0.16679084 0.11985578
vt 0.24987961 0.11985578
vt 0.00061078 0.31184326
vt 0.08369956 0.31184326
vt 0.16679084 0.31184326
vt 0.24987961 0.31184326
vt 0.04215517 0.31442043
vt 0.12524395 0.31442043
vt 0.20833522 0.31442043
vt 0.00061078 0.15873782
vt 0.00061078 0.00122094
vt 0.03176782 0.15873782
vt 0.03176782 0.00122094
vt 0.06292737 0.00122094
vt 0.06292737 0.15873782
vt 0.09408691 0.15873782
vt 0.09408691 0.00122094
vt 0.12524395 0.00122094
vt 0.12524395 0.15873782
vt 0.15640350 0.15873782
vt 0.15640350 0.00122094
vt 0.18756303 0.00122094
vt 0.18756303 0.15873782
vt 0.21872008 0.15873782
vt 0.21872008 0.00122094
vt 0.24987961 0.00122094
vt 0.24987961 0.15873782
vt 0.00061078 0.30629854
vt 0.03176782 0.30629854
vt 0.06292737 0.30629854
vt 0.09408691 0.30629854
vt 0.12524395 0.30629854
vt 0.15640350 0.30629854
vt 0.18756303 0.30629854
vt 0.21872008 0.30629854
vt 0.24987961 0.30629854
vt 0.00061078 0.34926653
vt 0.03176782 0.34926653
vt 0.06292737 0.34926653
vt 0.09408691 0.34926653
vt 0.12524395 0.34926653
vt 0.15640350 0.34926653
vt 0.18756303 0.34926653
vt 0.21872008 0.34926653
vt 0.24987961 0.34926653
vt 0.00061078 0.29289678
vt 0.06292737 0.29289678
vt 0.12524395 0.29289678
vt 0.18756303 0.29289678
vt 0.24987961 0.29289678
vt 0.00061078 0.19693555
vt 0.06292737 0.19693555
vt 0.12524395 0.19693555
vt 0.18756303 0.19693555
vt 0.24987961 0.19693555
vt 0.00061078 0.42017729
vt 0.06292737 0.42017729
vt 0.12524395 0.42017729
vt 0.18756303 0.42017729
vt 0.24987961 0.42017729
vt 0.00061078 0.06868563
vt 0.06292737 0.06868563
vt 0.12524395 0.06868563
vt 0.18756303 0.06868563
vt 0.24987961 0.06868563
vt 0.03176782 0.07116847
vt 0.09408691 0.07116847
vt 0.15640350 0.07116847
vt 0.21872008 0.07116847
vt 0.00061078 0.13431670
vt 0.00061078 0.00122094
vt 0.03176782 0.13431670
vt 0.03176782 0.00122094
vt 0.06292737 0.00122094
vt 0.06292737 0.13431670
vt 0.09408691 0.13431670
vt 0.09408691 0.00122094
vt 0.12524395 0.00122094
vt 0.12524395 0.13431670
vt 0.15640350 0.13431670
vt 0.15640350 0.00122094
vt 0.18756303 0.00122094
vt 0.18756303 0.13431670
vt 0.21872008 0.13431670
vt 0.21872008 0.00122094
vt 0.24987961 0.00122094
vt 0.24987961 0.13431670
vt 0.00061078 0.25680699
vt 0.03176782 0.25680699
vt 0.06292737 0.25680699
vt 0.09408691 0.25680699
vt 0.12524395 0.25680699
vt 0.15640350 0.25680699
vt 0.18756303 0.25680699
vt 0.21872008 0.25680699
vt 0.24987961 0.25680699
vt 0.00061078 0.26758645
vt 0.03176782 0.26758645
vt 0.06292737 0.26758645
vt 0.09408691 0.26758645
vt 0.12524395 0.26758645
vt 0.15640350 0.26758645
vt 0.18756303 0.26758645
vt 0.21872008 0.26758645
vt 0.24987961 0.26758645
vt 0.00061078 0.16859311
vt 0.06292737 0.16859311
vt 0.12524395 0.16859311
vt 0.18756303 0.16859311
vt 0.24987961 0.16859311
vt 0.00061078 0.03288583
vt 0.06292737 0.03288583
vt 0.12524395 0.03288583
vt 0.18756303 0.03288583
vt 0.24987961 0.03288583
vt 0.00061078 0.19330393
vt 0.06292737 0.19330393
vt 0.12524395 0.19330393
vt 0.18756303 0.19330393
vt 0.24987961 0.19330393
vt 0.00061078 0.27398507
vt 0.06292737 0.27398507
vt 0.12524395 0.27398507
vt 0.18756303 0.27398507
vt 0.24987961 0.27398507
vt 0.03176782 0.27647268
vt 0.09408691 0.27647268
vt 0.15640350 0.27647268
vt 0.21872008 0.27647268
vt 0.00061078 0.01901443
vt 0.00061078 0.00122094
vt 0.03176782 0.01901443
vt 0.03176782 0.00122094
vt 0.06292737 0.00122094
vt 0.06292737 0.01901443
vt 0.09408691 0.01901443
vt 0.09408691 0.00122094
vt 0.12524395 0.00122094
vt 0.12524395 0.01901443
vt 0.15640350 0.01901443
vt 0.15640350 0.00122094
vt 0.18756303 0.00122094
vt 0.18756303 0.01901443
vt 0.21872008 0.01901443
vt 0.21872008 0.00122094
vt 0.24987961 0.00122094
vt 0.24987961 0.01901443
vt 0.00061078 0.48247632
vt 0.03176782 0.48247632
vt 0.06292737 0.48247632
vt 0.09408691 0.48247632
vt 0.12524395 0.48247632
vt 0.15640350 0.48247632
vt 0.18756303 0.48247632
vt 0.21872008 0.48247632
vt 0.24987961 0.48247632
vt 0.00061078 0.34761829
vt 0.06292737 0.34761829
vt 0.12524395 0.34761829
vt 0.18756303 0.34761829
vt 0.24987961 0.34761829
vt 0.00061078 0.04056827
vt 0.06292737 0.04056827
vt 0.12524395 0.04056827
vt 0.18756303 0.04056827
vt 0.24987961 0.04056827
vt 0.00061078 0.09857174
vt 0.06292737 0.09857174
vt 0.12524395 0.09857174
vt 0.18756303 0.09857174
vt 0.24987961 0.09857174
vt 0.00061078 0.49092322
vt 0.06292737 0.49092322
vt 0.12524395 0.49092322
vt 0.18756303 0.49092322
vt 0.24987961 0.49092322
vt 0.03176782 0.49307594
vt 0.09408691 0.49307594
vt 0.15640350 0.49307594
vt 0.21872008 0.49307594
vt 0.00061078 0.08759740
vt 0.00061078 0.00122094
vt 0.03176782 0.08759740
vt 0.03176782 0.00122094
vt 0.06292737 0.00122094
vt 0.06292737 0.08759740
vt 0.09408691 0.08759740
vt 0.09408691 0.00122094
vt 0.12524395 0.00122094
vt 0.12524395 0.08759740
vt 0.15640350 0.08759740
vt 0.15640350 0.00122094
vt 0.18756303 0.00122094
vt 0.18756303 0.08759740
vt 0.21872008 0.08759740
vt 0.21872008 0.00122094
vt 0.24987961 0.00122094
vt 0.24987961 0.08759740
vt 0.00061078 0.48014865
vt 0.03176782 0.48014865
vt 0.06292737 0.48014865
vt 0.09408691 0.48014865
vt 0.12524395 0.48014865
vt 0.15640350 0.48014865
vt 0.18756303 0.48014865
vt 0.21872008 0.48014865
vt 0.24987961 0.48014865
vt 0.00061078 0.34517569
vt 0.06292737 0.34517569
vt 0.12524395 0.34517569
vt 0.18756303 0.34517569
vt 0.24987961 0.34517569
vt 0.00061078 0.03837554
vt 0.06292737 0.03837554
vt 0.12524395 0.03837554
vt 0.18756303 0.03837554
vt 0.24987961 0.03837554
vt 0.00061078 0.09734294
vt 0.06292737 0.09734294
vt 0.12524395 0.09734294
vt 0.18756303 0.09734294
vt 0.24987961 0.09734294
vt 0.00061078 0.49079841
vt 0.06292737 0.49079841
vt 0.12524395 0.49079841
vt 0.18756303 0.49079841
vt 0.24987961 0.49079841
vt 0.03176782 0.49295113
vt 0.09408691 0.49295113
vt 0.15640350 0.49295113
vt 0.21872008 0.49295113
vt 0.00061078 0.11465589
vt 0.00061078 0.00122094
vt 0.03176782 0.11465589
vt 0.03176782 0.00122094
vt 0.06292737 0.00122094
vt 0.06292737 0.11465589
vt 0.09408691 0.11465589
vt 0.09408691 0.00122094
vt 0.12524395 0.00122094
vt 0.12524395 0.11465589
vt 0.15640350 0.11465589
vt 0.15640350 0.00122094
vt 0.18756303 0.00122094
vt 0.18756303 0.11465589
vt 0.21872008 0.11465589
vt 0.21872008 0.00122094
vt 0.24987961 0.00122094
vt 0.24987961 0.11465589
vt 0.00061078 0.04742159
vt 0.03176782 0.04742159
vt 0.06292737 0.04742159
vt 0.09408691 0.04742159
vt 0.12524395 0.04742159
vt 0.15640350 0.04742159
vt 0.18756303 0.04742159
vt 0.21872008 0.04742159
vt 0.24987961 0.04742159
vt 0.00061078 0.45457869
vt 0.06292737 0.45457869
vt 0.12524395 0.45457869
vt 0.18756303 0.45457869
vt 0.24987961 0.45457869
vt 0.00061078 0.20799475
vt 0.06292737 0.20799475
vt 0.12524395 0.20799475
vt 0.18756303 0.20799475
vt 0.24987961 0.20799475
vt 0.00061078 0.32746777
vt 0.06292737 0.32746777
vt 0.12524395 0.32746777
vt 0.18756303 0.32746777
vt 0.24987961 0.32746777
vt 0.00061078 0.29992493
vt 0.06292737 0.29992493
vt 0.12524395 0.29992493
vt 0.18756303 0.29992493
vt 0.24987961 0.29992493
vt 0.03176782 0.30205288
vt 0.09408691 0.30205288
vt 0.15640350 0.30205288
vt 0.21872008 0.30205288
vt 0.00061078 0.14121997
vt 0.00061078 0.00122094
vt 0.03176782 0.14121997
vt 0.03176782 0.00122094
vt 0.06292737 0.00122094
vt 0.06292737 0.14121997
vt 0.09408691 0.14121997
vt 0.09408691 0.00122094
vt 0.12524395 0.00122094
vt 0.12524395 0.14121997
vt 0.15640350 0.14121997
vt 0.15640350 0.00122094
vt 0.18756303 0.00122094
vt 0.18756303 0.14121997
vt 0.21872008 0.14121997
vt 0.21872008 0.00122094
vt 0.24987961 0.00122094
vt 0.24987961 0.14121997
vt 0.00061078 0.11518044
vt 0.03176782 0.11518044
vt 0.06292737 0.11518044
vt 0.09408691 0.11518044
vt 0.12524395 0.11518044
vt 0.15640350 0.11518044
vt 0.18756303 0.11518044
vt 0.21872008 0.11518044
vt 0.24987961 0.11518044
vt 0.00061078 0.06704750
vt 0.06292737 0.06704750
vt 0.12524395 0.06704750
vt 0.18756303 0.06704750
vt 0.24987961 0.06704750
vt 0.00061078 0.37681462
vt 0.06292737 0.37681462
vt 0.12524395 0.37681462
vt 0.18756303 0.37681462
vt 0.24987961 0.37681462
vt 0.00061078 0.07507472
vt 0.06292737 0.07507472
vt 0.12524395 0.07507472
vt 0.18756303 0.07507472
vt 0.24987961 0.07507472
vt 0.00061078 0.13993603
vt 0.06292737 0.13993603
vt 0.12524395 0.13993603
vt 0.18756303 0.13993603
vt 0.24987961 0.13993603
vt 0.03176782 0.14175958
vt 0.09408691 0.14175958
vt 0.15640350 0.14175958
vt 0.21872008 0.14175958
vt 0.00061078 0.11352701
vt 0.00061078 0.00122094
vt 0.04215517 0.11352701
vt 0.04215517 0.00122094
vt 0.08369956 0.00122094
vt 0.08369956 0.11352701
vt 0.12524395 0.11352701
vt 0.12524395 0.00122094
vt 0.16679084 0.00122094
vt 0.16679084 0.11352701
vt 0.20833522 0.11352701
vt 0.20833522 0.00122094
vt 0.24987961 0.00122094
vt 0.24987961 0.11352701
vt 0.00061078 0.21557228
vt 0.04215517 0.21557228
vt 0.08369956 0.21557228
vt 0.12524395 0.21557228
vt 0.16679084 0.21557228
vt 0.20833522 0.21557228
vt 0.24987961 0.21557228
vt 0.00061078 0.17650541
vt 0.08369956 0.17650541
vt 0.16679084 0.17650541
vt 0.24987961 0.17650541
vt 0.00061078 0.03455432
vt 0.08369956 0.03455432
vt 0.16679084 0.03455432
vt 0.24987961 0.03455432
vt 0.00061078 0.27441976
vt 0.08369956 0.27441976
vt 0.16679084 0.27441976
vt 0.24987961 0.27441976
vt 0.00061078 0.39365816
vt 0.08369956 0.39365816
vt 0.16679084 0.39365816
vt 0.24987961 0.39365816
vt 0.04215517 0.39552649
vt 0.12524395 0.39552649
vt 0.20833522 0.39552649
vt 0.00061078 0.19673565
vt 0.00061078 0.00122094
vt 0.04215517 0.19673565
vt 0.04215517 0.00122094
vt 0.08369956 0.00122094
vt 0.08369956 0.19673565
vt 0.12524395 0.19673565
vt 0.12524395 0.00122094
vt 0.16679084 0.00122094
vt 0.16679084 0.19673565
vt 0.20833522 0.19673565
vt 0.20833522 0.00122094
vt 0.24987961 0.00122094
vt 0.24987961 0.19673565
vt 0.00061078 0.25093774
vt 0.04215517 0.25093774
vt 0.08369956 0.25093774
vt 0.12524395 0.25093774
vt 0.16679084 0.25093774
vt 0.20833522 0.25093774
vt 0.24987961 0.25093774
vt 0.00061078 0.28599344
vt 0.08369956 0.28599344
vt 0.16679084 0.28599344
vt 0.24987961 0.28599344
vt 0.00061078 0.19709037
vt 0.08369956 0.19709037
vt 0.16679084 0.19709037
vt 0.24987961 0.19709037
vt 0.00061078 0.00519293
vt 0.08369956 0.00519293
vt 0.16679084 0.00519293
vt 0.24987961 0.00519293
vt 0.00061078 0.20065697
vt 0.08369956 0.20065697
vt 0.16679084 0.20065697
vt 0.24987961 0.20065697
vt 0.04215517 0.20252005
vt 0.12524395 0.20252005
vt 0.20833522 0.20252005
vt 0.00061078 0.12900188
vt 0.00061078 0.00122094
vt 0.05046455 0.12900188
vt 0.05046455 0.00122094
vt 0.10031831 0.00122094
vt 0.10031831 0.12900188
vt 0.15017208 0.12900188
vt 0.15017208 0.00122094
vt 0.20002585 0.00122094
vt 0.20002585 0.12900188
vt 0.24987961 0.12900188
vt 0.24987961 0.00122094
vt 0.00061078 0.13071027
vt 0.05046455 0.13071027
vt 0.10031831 0.13071027
vt 0.15017208 0.13071027
vt 0.20002585 0.13071027
vt 0.24987961 0.13071027
vt 0.00061078 0.06233702
vt 0.05046455 0.06233702
vt 0.10031831 0.06233702
vt 0.15017208 0.06233702
vt 0.20002585 0.06233702
vt 0.24987961 0.06233702
vt 0.00061078 0.35370227
vt 0.05046455 0.35370227
vt 0.10031831 0.35370227
vt 0.15017208 0.35370227
vt 0.20002585 0.35370227
vt 0.24987961 0.35370227
vt 0.00061078 0.06040891
vt 0.05046455 0.06040891
vt 0.10031831 0.06040891
vt 0.15017208 0.06040891
vt 0.20002585 0.06040891
vt 0.24987961 0.06040891
vt 0.02553642 0.06199737
vt 0.07539018 0.06199737
vt 0.12524395 0.06199737
vt 0.17509771 0.06199737
vt 0.22495148 0.06199737
vt 0.00061078 0.16782896
vt 0.00061078 0.00122094
vt 0.05046455 0.16782896
vt 0.05046455 0.00122094
vt 0.10031831 0.00122094
vt 0.10031831 0.16782896
vt 0.15017208 0.16782896
vt 0.15017208 0.00122094
vt 0.20002585 0.00122094
vt 0.20002585 0.16782896
vt 0.24987961 0.16782896
vt 0.24987961 0.00122094
vt 0.00061078 0.22100696
vt 0.05046455 0.22100696
vt 0.10031831 0.22100696
vt 0.15017208 0.22100696
vt 0.20002585 0.22100696
vt 0.24987961 0.22100696
vt 0.00061078 0.20920855
vt 0.05046455 0.20920855
vt 0.10031831 0.20920855
vt 0.15017208 0.20920855
vt 0.20002585 0.20920855
vt 0.24987961 0.20920855
vt 0.00061078 0.07312660
vt 0.05046455 0.07312660
vt 0.10031831 0.07312660
vt 0.15017208 0.07312660
vt 0.20002585 0.07312660
vt 0.24987961 0.07312660
vt 0.00061078 0.35938180
vt 0.05046455 0.35938180
vt 0.10031831 0.35938180
vt 0.15017208 0.35938180
vt 0.20002585 0.35938180
vt 0.24987961 0.35938180
vt 0.02553642 0.36097003
vt 0.07539018 0.36097003
vt 0.12524395 0.36097003
vt 0.17509771 0.36097003
vt 0.22495148 0.36097003
vt 0.00061078 0.20800464
vt 0.00061078 0.00122094
vt 0.06292737 0.20800464
vt 0.06292737 0.00122094
vt 0.12524395 0.00122094
vt 0.12524395 0.20800464
vt 0.18756303 0.20800464
vt 0.18756303 0.00122094
vt 0.24987961 0.00122094
vt 0.24987961 0.20800464
vt 0.00061078 0.31530482
vt 0.06292737 0.31530482
vt 0.12524395 0.31530482
vt 0.18756303 0.31530482
vt 0.24987961 0.31530482
vt 0.00061078 0.36771854
vt 0.06292737 0.36771854
vt 0.12524395 0.36771854
vt 0.18756303 0.36771854
vt 0.24987961 0.36771854
vt 0.00061078 0.31365133
vt 0.06292737 0.31365133
vt 0.12524395 0.31365133
vt 0.18756303 0.31365133
vt 0.24987961 0.31365133
vt 0.00061078 0.19608642
vt 0.06292737 0.19608642
vt 0.12524395 0.19608642
vt 0.18756303 0.19608642
vt 0.24987961 0.19608642
vt 0.03176782 0.19764987
vt 0.09408691 0.19764987
vt 0.15640350 0.19764987
vt 0.21872008 0.19764987
vt 0.00061078 0.24929932
vt 0.00061078 0.00122094
vt 0.06292737 0.24929932
vt 0.06292737 0.00122094
vt 0.12524395 0.00122094
vt 0.12524395 0.24929932
vt 0.18756303 0.24929932
vt 0.18756303 0.00122094
vt 0.24987961 0.00122094
vt 0.24987961 0.24929932
vt 0.00061078 0.41283938
vt 0.06292737 0.41283938
vt 0.12524395 0.41283938
vt 0.18756303 0.41283938
vt 0.24987961 0.41283938
vt 0.00061078 0.02981383
vt 0.06292737 0.02981383
vt 0.12524395 0.02981383
vt 0.18756303 0.02981383
vt 0.24987961 0.02981383
vt 0.00061078 0.05399016
vt 0.06292737 0.05399016
vt 0.12524395 0.05399016
vt 0.18756303 0.05399016
vt 0.24987961 0.05399016
vt 0.00061078 0.02356491
vt 0.06292737 0.02356491
vt 0.12524395 0.02356491
vt 0.18756303 0.02356491
vt 0.24987961 0.02356491
vt 0.03176782 0.02489375
vt 0.09408691 0.02489375
vt 0.15640350 0.02489375
vt 0.21872008 0.02489375
vt 0.00061078 0.26801601
vt 0.00061078 0.00122094
vt 0.06292737 0.26801601
vt 0.06292737 0.00122094
vt 0.12524395 0.00122094
vt 0.12524395 0.26801601
vt 0.18756303 0.26801601
vt 0.18756303 0.00122094
vt 0.24987961 0.00122094
vt 0.24987961 0.26801601
vt 0.00061078 0.00960859
vt 0.06292737 0.00960859
vt 0.12524395 0.00960859
vt 0.18756303 0.00960859
vt 0.24987961 0.00960859
vt 0.00061078 0.19020204
vt 0.06292737 0.19020204
vt 0.12524395 0.19020204
vt 0.18756303 0.19020204
vt 0.24987961 0.19020204
vt 0.00061078 0.29991980
vt 0.06292737 0.29991980
vt 0.12524395 0.29991980
vt 0.18756303 0.29991980
vt 0.24987961 0.29991980
vt 0.00061078 0.36145974
vt 0.06292737 0.36145974
vt 0.12524395 0.36145974
vt 0.18756303 0.36145974
vt 0.24987961 0.36145974
vt 0.03176782 0.36276833
vt 0.09408691 0.36276833
vt 0.15640350 0.36276833
vt 0.21872008 0.36276833
vt 0.00061078 0.32895643
vt 0.00061078 0.00122094
vt 0.08369956 0.32895643
vt 0.08369956 0.00122094
vt 0.16679084 0.00122094
vt 0.16679084 0.32895643
vt 0.24987961 0.32895643
vt 0.24987961 0.00122094
vt 0.00061078 0.09915107
vt 0.08369956 0.09915107
vt 0.16679084 0.09915107
vt 0.24987961 0.09915107
vt 0.00061078 0.33686372
vt 0.08369956 0.33686372
vt 0.16679084 0.33686372
vt 0.24987961 0.33686372
vt 0.00061078 0.01358969
vt 0.08369956 0.01358969
vt 0.16679084 0.01358969
vt 0.24987961 0.01358969
vt 0.00061078 0.15226417
vt 0.08369956 0.15226417
vt 0.16679084 0.15226417
vt 0.24987961 0.15226417
vt 0.04215517 0.15358289
vt 0.12524395 0.15358289
vt 0.20833522 0.15358289
vt 0.00061078 0.12941650
vt 0.06292737 0.12941650
vt 0.12524395 0.12941650
vt 0.18756303 0.12941650
vt 0.24987961 0.12941650
vt 0.00061078 0.44662639
vt 0.06292737 0.44662639
vt 0.12524395 0.44662639
vt 0.18756303 0.44662639
vt 0.24987961 0.44662639
vt 0.00061078 0.27507405
vt 0.06292737 0.27507405
vt 0.12524395 0.27507405
vt 0.18756303 0.27507405
vt 0.24987961 0.27507405
vt 0.00061078 0.03597284
vt 0.06292737 0.03597284
vt 0.12524395 0.03597284
vt 0.18756303 0.03597284
vt 0.24987961 0.03597284
vt 0.00061078 0.30856142
vt 0.06292737 0.30856142
vt 0.12524395 0.30856142
vt 0.18756303 0.30856142
vt 0.24987961 0.30856142
vt 0.00061078 0.48588297
vt 0.06292737 0.48588297
vt 0.12524395 0.48588297
vt 0.18756303 0.48588297
vt 0.24987961 0.48588297
vt 0.00061078 0.16016634
vt 0.06292737 0.16016634
vt 0.12524395 0.16016634
vt 0.18756303 0.16016634
vt 0.24987961 0.16016634
vt 0.03176782 0.16741433
vt 0.09408691 0.16741433
vt 0.15640350 0.16741433
vt 0.21872008 0.16741433
vt 0.00061078 0.09187819
vt 0.05046455 0.09187819
vt 0.10031831 0.09187819
vt 0.15017208 0.09187819
vt 0.20002585 0.09187819
vt 0.24987961 0.09187819
vt 0.00061078 0.42530721
vt 0.05046455 0.42530721
vt 0.10031831 0.42530721
vt 0.15017208 0.42530721
vt 0.20002585 0.42530721
vt 0.24987961 0.42530721
vt 0.00061078 0.23586749
vt 0.05046455 0.23586749
vt 0.10031831 0.23586749
vt 0.15017208 0.23586749
vt 0.20002585 0.23586749
vt 0.24987961 0.23586749
vt 0.00061078 0.02509347
vt 0.05046455 0.02509347
vt 0.10031831 0.02509347
vt 0.15017208 0.02509347
vt 0.20002585 0.02509347
vt 0.24987961 0.02509347
vt 0.00061078 0.28534903
vt 0.05046455 0.28534903
vt 0.10031831 0.28534903
vt 0.15017208 0.28534903
vt 0.20002585 0.28534903
vt 0.24987961 0.28534903
vt 0.00061078 0.00961365
vt 0.05046455 0.00961365
vt 0.10031831 0.00961365
vt 0.15017208 0.00961365
vt 0.20002585 0.00961365
vt 0.24987961 0.00961365
vt 0.00061078 0.19670570
vt 0.05046455 0.19670570
vt 0.10031831 0.19670570
vt 0.15017208 0.19670570
vt 0.20002585 0.19670570
vt 0.24987961 0.19670570
vt 0.00061078 0.35319779
vt 0.05046455 0.35319779
vt 0.10031831 0.35319779
vt 0.15017208 0.35319779
vt 0.20002585 0.35319779
vt 0.24987961 0.35319779
vt 0.02553642 0.36077543
vt 0.07539018 0.36077543
vt 0.12524395 0.36077543
vt 0.17509771 0.36077543
vt 0.22495148 0.36077543
vt 0.00061078 0.19017209
vt 0.05046455 0.19017209
vt 0.10031831 0.19017209
vt 0.15017208 0.19017209
vt 0.20002585 0.19017209
vt 0.24987961 0.19017209
vt 0.00061078 0.02370484
vt 0.05046455 0.02370484
vt 0.10031831 0.02370484
vt 0.15017208 0.02370484
vt 0.20002585 0.02370484
vt 0.24987961 0.02370484
vt 0.00061078 0.28396041
vt 0.05046455 0.28396041
vt 0.10031831 0.28396041
vt 0.15017208 0.28396041
vt 0.20002585 0.28396041
vt 0.24987961 0.28396041
vt 0.00061078 0.06294642
vt 0.05046455 0.06294642
vt 0.10031831 0.06294642
vt 0.15017208 0.06294642
vt 0.20002585 0.06294642
vt 0.24987961 0.06294642
vt 0.00061078 0.25306057
vt 0.05046455 0.25306057
vt 0.10031831 0.25306057
vt 0.15017208 0.25306057
vt 0.20002585 0.25306057
vt 0.24987961 0.25306057
vt 0.00061078 0.46030801
vt 0.05046455 0.46030801
vt 0.10031831 0.46030801
vt 0.15017208 0.46030801
vt 0.20002585 0.46030801
vt 0.24987961 0.46030801
vt 0.00061078 0.04485419
vt 0.05046455 0.04485419
vt 0.10031831 0.04485419
vt 0.15017208 0.04485419
vt 0.20002585 0.04485419
vt 0.24987961 0.04485419
vt 0.00061078 0.12446635
vt 0.05046455 0.12446635
vt 0.10031831 0.12446635
vt 0.15017208 0.12446635
vt 0.20002585 0.12446635
vt 0.24987961 0.12446635
vt 0.02553642 0.13162931
vt 0.07539018 0.13162931
vt 0.12524395 0.13162931
vt 0.17509771 0.13162931
vt 0.22495148 0.13162931
vt 0.00061078 0.15218920
vt 0.05046455 0.15218920
vt 0.10031831 0.15218920
vt 0.15017208 0.15218920
vt 0.20002585 0.15218920
vt 0.24987961 0.15218920
vt 0.00061078 0.46583261
vt 0.05046455 0.46583261
vt 0.10031831 0.46583261
vt 0.15017208 0.46583261
vt 0.20002585 0.46583261
vt 0.24987961 0.46583261
vt 0.00061078 0.19809933
vt 0.05046455 0.19809933
vt 0.10031831 0.19809933
vt 0.15017208 0.19809933
vt 0.20002585 0.19809933
vt 0.24987961 0.19809933
vt 0.00061078 0.44947366
vt 0.05046455 0.44947366
vt 0.10031831 0.44947366
vt 0.15017208 0.44947366
vt 0.20002585 0.44947366
vt 0.24987961 0.44947366
vt 0.00061078 0.10512519
vt 0.05046455 0.10512519
vt 0.10031831 0.10512519
vt 0.15017208 0.10512519
vt 0.20002585 0.10512519
vt 0.24987961 0.10512519
vt 0.00061078 0.27646768
vt 0.05046455 0.27646768
vt 0.10031831 0.27646768
vt 0.15017208 0.27646768
vt 0.20002585 0.27646768
vt 0.24987961 0.27646768
vt 0.00061078 0.31029458
vt 0.05046455 0.31029458
vt 0.10031831 0.31029458
vt 0.15017208 0.31029458
vt 0.20002585 0.31029458
vt 0.24987961 0.31029458
vt 0.00061078 0.33884186
vt 0.05046455 0.33884186
vt 0.10031831 0.33884186
vt 0.15017208 0.33884186
vt 0.20002585 0.33884186
vt 0.24987961 0.33884186
vt 0.02553642 0.34610462
vt 0.07539018 0.34610462
vt 0.12524395 0.34610462
vt 0.17509771 0.34610462
vt 0.22495148 0.34610462
vt 0.00061078 0.27658260
vt 0.05046455 0.27658260
vt 0.10031831 0.27658260
vt 0.15017208 0.27658260
vt 0.20002585 0.27658260
vt 0.24987961 0.27658260
vt 0.00061078 0.46313028
vt 0.05046455 0.46313028
vt 0.10031831 0.46313028
vt 0.15017208 0.46313028
vt 0.20002585 0.46313028
vt 0.24987961 0.46313028
vt 0.00061078 0.10507029
vt 0.05046455 0.10507029
vt 0.10031831 0.10507029
vt 0.15017208 0.10507029
vt 0.20002585 0.10507029
vt 0.24987961 0.10507029
vt 0.00061078 0.18700011
vt 0.05046455 0.18700011
vt 0.10031831 0.18700011
vt 0.15017208 0.18700011
vt 0.20002585 0.18700011
vt 0.24987961 0.18700011
vt 0.00061078 0.19576654
vt 0.05046455 0.19576654
vt 0.10031831 0.19576654
vt 0.15017208 0.19576654
vt 0.20002585 0.19576654
vt 0.24987961 0.19576654
vt 0.00061078 0.15494150
vt 0.05046455 0.15494150
vt 0.10031831 0.15494150
vt 0.15017208 0.15494150
vt 0.20002585 0.15494150
vt 0.24987961 0.15494150
vt 0.02553642 0.16089567
vt 0.07539018 0.16089567
vt 0.12524395 0.16089567
vt 0.17509771 0.16089567
vt 0.22495148 0.16089567
vt 0.00061078 0.10701340
vt 0.00061078 0.00122094
vt 0.05046455 0.10701340
vt 0.05046455 0.00122094
vt 0.10031831 0.10701340
vt 0.10031831 0.00122094
vt 0.15017208 0.10701340
vt 0.15017208 0.00122094
vt 0.20002585 0.10701340
vt 0.20002585 0.00122094
vt 0.24987961 0.10701340
vt 0.24987961 0.00122094
vt 0.00061078 0.24608256
vt 0.05046455 0.24608256
vt 0.10031831 0.24608256
vt 0.15017208 0.24608256
vt 0.20002585 0.24608256
vt 0.24987961 0.24608256
vt 0.00061078 0.00662633
vt 0.05046455 0.00662633
vt 0.10031831 0.00662633
vt 0.15017208 0.00662633
vt 0.20002585 0.00662633
vt 0.24987961 0.00662633
vt 0.05046455 0.34409647
vt 0.15017208 0.34409647
vt 0.24987961 0.34409647
vt 0.00061078 0.00122094
vt 0.08369956 0.00122094
vt 0.08369956 0.22106210
vt 0.16679084 0.00122094
vt 0.24987961 0.00122094
vt 0.24987961 0.22106210
vt 0.00061078 0.00122094
vt 0.08369956 0.00122094
vt 0.08369956 0.40270922
vt 0.16679084 0.00122094
vt 0.24987961 0.00122094
vt 0.24987961 0.40270922
vt 0.00061078 0.00122094
vt 0.08369956 0.00122094
vt 0.08369956 0.04362539
vt 0.16679084 0.00122094
vt 0.24987961 0.00122094
vt 0.24987961 0.04362539
vt 0.00061078 0.10701340
vt 0.00061078 0.00122094
vt 0.05046455 0.10701340
vt 0.05046455 0.00122094
vt 0.10031831 0.10701340
vt 0.10031831 0.00122094
vt 0.15017208 0.10701340
vt 0.15017208 0.00122094
vt 0.20002585 0.10701340
vt 0.20002585 0.00122094
vt 0.24987961 0.10701340
vt 0.24987961 0.00122094
vt 0.00061078 0.24608256
vt 0.05046455 0.24608256
vt 0.10031831 0.24608256
vt 0.15017208 0.24608256
vt 0.20002585 0.24608256
vt 0.24987961 0.24608256
vt 0.00061078 0.00662633
vt 0.05046455 0.00662633
vt 0.10031831 0.00662633
vt 0.15017208 0.00662633
vt 0.20002585 0.00662633
vt 0.24987961 0.00662633
vt 0.05046455 0.34409647
vt 0.15017208 0.34409647
vt 0.24987961 0.34409647
vt 0.00061078 0.00122094
vt 0.08369956 0.00122094
vt 0.08369956 0.22106210
vt 0.16679084 0.00122094
vt 0.24987961 0.00122094
vt 0.24987961 0.22106210
vt 0.00061078 0.00122094
vt 0.08369956 0.00122094
vt 0.08369956 0.40270922
vt 0.16679084 0.00122094
vt 0.24987961 0.00122094
vt 0.24987961 0.40270922
vt 0.00061078 0.00122094
vt 0.08369956 0.00122094
vt 0.08369956 0.04362539
vt 0.16679084 0.00122094
vt 0.24987961 0.00122094
vt 0.24987961 0.04362539
vt 0.00061078 0.10701340
vt 0.00061078 0.00122094
vt 0.05046455 0.10701340
vt 0.05046455 0.00122094
vt 0.10031831 0.10701340
vt 0.10031831 0.00122094
vt 0.15017208 0.10701340
vt 0.15017208 0.00122094
vt 0.20002585 0.10701340
vt 0.20002585 0.00122094
vt 0.24987961 0.10701340
vt 0.24987961 0.00122094
vt 0.00061078 0.24608256
vt 0.05046455 0.24608256
vt 0.10031831 0.24608256
vt 0.15017208 0.24608256
vt 0.20002585 0.24608256
vt 0.24987961 0.24608256
vt 0.00061078 0.00662633
vt 0.05046455 0.00662633
vt 0.10031831 0.00662633
vt 0.15017208 0.00662633
vt 0.20002585 0.00662633
vt 0.24987961 0.00662633
vt 0.05046455 0.34409647
vt 0.15017208 0.34409647
vt 0.24987961 0.34409647
vt 0.00061078 0.00122094
vt 0.08369956 0.00122094
vt 0.08369956 0.22106210
vt 0.16679084 0.00122094
vt 0.24987961 0.00122094
vt 0.24987961 0.22106210
vt 0.00061078 0.00122094
vt 0.08369956 0.00122094
vt 0.08369956 0.40270922
vt 0.16679084 0.00122094
vt 0.24987961 0.00122094
vt 0.24987961 0.40270922
vt 0.00061078 0.00122094
vt 0.08369956 0.00122094
vt 0.08369956 0.04362539
vt 0.16679084 0.00122094
vt 0.24987961 0.00122094
vt 0.24987961 0.04362539
vt 0.00061078 0.10701340
vt 0.00061078 0.00122094
vt 0.05046455 0.10701340
vt 0.05046455 0.00122094
vt 0.10031831 0.10701340
vt 0.10031831 0.00122094
vt 0.15017208 0.10701340
vt 0.15017208 0.00122094
vt 0.20002585 0.10701340
vt 0.20002585 0.00122094
vt 0.24987961 0.10701340
vt 0.24987961 0.00122094
vt 0.00061078 0.24608256
vt 0.05046455 0.24608256
vt 0.10031831 0.24608256
vt 0.15017208 0.24608256
vt 0.20002585 0.24608256
vt 0.24987961 0.24608256
vt 0.00061078 0.00662633
vt 0.05046455 0.00662633
vt 0.10031831 0.00662633
vt 0.15017208 0.00662633
vt 0.20002585 0.00662633
vt 0.24987961 0.00662633
vt 0.05046455 0.34409647
vt 0.15017208 0.34409647
vt 0.24987961 0.34409647
vt 0.00061078 0.00122094
vt 0.08369956 0.00122094
vt 0.08369956 0.22106210
vt 0.16679084 0.00122094
vt 0.24987961 0.00122094
vt 0.24987961 0.22106210
vt 0.00061078 0.00122094
vt 0.08369956 0.00122094
vt 0.08369956 0.40270922
vt 0.16679084 0.00122094
vt 0.24987961 0.00122094
vt 0.24987961 0.40270922
vt 0.00061078 0.00122094
vt 0.08369956 0.00122094
vt 0.08369956 0.04362539
vt 0.16679084 0.00122094
vt 0.24987961 0.00122094
vt 0.24987961 0.04362539
vt 0.00061078 0.10701340
vt 0.00061078 0.00122094
vt 0.05046455 0.10701340
vt 0.05046455 0.00122094
vt 0.10031831 0.10701340
vt 0.10031831 0.00122094
vt 0.15017208 0.10701340
vt 0.15017208 0.00122094
vt 0.20002585 0.10701340
vt 0.20002585 0.00122094
vt 0.24987961 0.10701340
vt 0.24987961 0.00122094
vt 0.00061078 0.24608256
vt 0.05046455 0.24608256
vt 0.10031831 0.24608256
vt 0.15017208 0.24608256
vt 0.20002585 0.24608256
vt 0.24987961 0.24608256
vt 0.00061078 0.00662633
vt 0.05046455 0.00662633
vt 0.10031831 0.00662633
vt 0.15017208 0.00662633
vt 0.20002585 0.00662633
vt 0.24987961 0.00662633
vt 0.05046455 0.34409647
vt 0.15017208 0.34409647
vt 0.24987961 0.34409647
vt 0.00061078 0.00122094
vt 0.08369956 0.00122094
vt 0.08369956 0.22106210
vt 0.16679084 0.00122094
vt 0.24987961 0.00122094
vt 0.24987961 0.22106210
vt 0.00061078 0.00122094
vt 0.08369956 0.00122094
vt 0.08369956 0.40270922
vt 0.16679084 0.00122094
vt 0.24987961 0.00122094
vt 0.24987961 0.40270922
vt 0.00061078 0.00122094
vt 0.08369956 0.00122094
vt 0.08369956 0.04362539
vt 0.16679084 0.00122094
vt 0.24987961 0.00122094
vt 0.24987961 0.04362539
vt 0.00061078 0.10701340
vt 0.00061078 0.00122094
vt 0.05046455 0.10701340
vt 0.05046455 0.00122094
vt 0.10031831 0.10701340
vt 0.10031831 0.00122094
vt 0.15017208 0.10701340
vt 0.15017208 0.00122094
vt 0.20002585 0.10701340
vt 0.20002585 0.00122094
vt 0.24987961 0.10701340
vt 0.24987961 0.00122094
vt 0.00061078 0.24608256
vt 0.05046455 0.24608256
vt 0.10031831 0.24608256
vt 0.15017208 0.24608256
vt 0.20002585 0.24608256
vt 0.24987961 0.24608256
vt 0.00061078 0.00662633
vt 0.05046455 0.00662633
vt 0.10031831 0.00662633
vt 0.15017208 0.00662633
vt 0.20002585 0.00662633
vt 0.24987961 0.00662633
vt 0.05046455 0.34409647
vt 0.15017208 0.34409647
vt 0.24987961 0.34409647
vt 0.00061078 0.00122094
vt 0.08369956 0.00122094
vt 0.08369956 0.22106210
vt 0.16679084 0.00122094
vt 0.24987961 0.00122094
vt 0.24987961 0.22106210
vt 0.00061078 0.00122094
vt 0.08369956 0.00122094
vt 0.08369956 0.40270922
vt 0.16679084 0.00122094
vt 0.24987961 0.00122094
vt 0.24987961 0.40270922
vt 0.00061078 0.00122094
vt 0.08369956 0.00122094
vt 0.08369956 0.04362539
vt 0.16679084 0.00122094
vt 0.24987961 0.00122094
vt 0.24987961 0.04362539
vt 0.00061078 0.10701340
vt 0.00061078 0.00122094
vt 0.05046455 0.10701340
vt 0.05046455 0.00122094
vt 0.10031831 0.10701340
vt 0.10031831 0.00122094
vt 0.15017208 0.10701340
vt 0.15017208 0.00122094
vt 0.20002585 0.10701340
vt 0.20002585 0.00122094
vt 0.24987961 0.10701340
vt 0.24987961 0.00122094
vt 0.00061078 0.24608256
vt 0.05046455 0.24608256
vt 0.10031831 0.24608256
vt 0.15017208 0.24608256
vt 0.20002585 0.24608256
vt 0.24987961 0.24608256
vt 0.00061078 0.00662633
vt 0.05046455 0.00662633
vt 0.10031831 0.00662633
vt 0.15017208 0.00662633
vt 0.20002585 0.00662633
vt 0.24987961 0.00662633
vt 0.05046455 0.34409647
vt 0.15017208 0.34409647
vt 0.24987961 0.34409647
vt 0.00061078 0.00122094
vt 0.08369956 0.00122094
vt 0.08369956 0.22106210
vt 0.16679084 0.00122094
vt 0.24987961 0.00122094
vt 0.24987961 0.22106210
vt 0.00061078 0.00122094
vt 0.08369956 0.00122094
vt 0.08369956 0.40270922
vt 0.16679084 0.00122094
vt 0.24987961 0.00122094
vt 0.24987961 0.40270922
vt 0.00061078 0.00122094
vt 0.08369956 0.00122094
vt 0.08369956 0.04362539
vt 0.16679084 0.00122094
vt 0.24987961 0.00122094
vt 0.24987961 0.04362539
vt 0.00061078 0.10701340
vt 0.00061078 0.00122094
vt 0.05046455 0.10701340
vt 0.05046455 0.00122094
vt 0.10031831 0.10701340
vt 0.10031831 0.00122094
vt 0.15017208 0.10701340
vt 0.15017208 0.00122094
vt 0.20002585 0.10701340
vt 0.20002585 0.00122094
vt 0.24987961 0.10701340
vt 0.24987961 0.00122094
vt 0.00061078 0.24608256
vt 0.05046455 0.24608256
vt 0.10031831 0.24608256
vt 0.15017208 0.24608256
vt 0.20002585 0.24608256
vt 0.24987961 0.24608256
vt 0.00061078 0.00662633
vt 0.05046455 0.00662633
vt 0.10031831 0.00662633
vt 0.15017208 0.00662633
vt 0.20002585 0.00662633
vt 0.24987961 0.00662633
vt 0.05046455 0.34409647
vt 0.15017208 0.34409647
vt 0.24987961 0.34409647
vt 0.00061078 0.00122094
vt 0.08369956 0.00122094
vt 0.08369956 0.22106210
vt 0.16679084 0.00122094
vt 0.24987961 0.00122094
vt 0.24987961 0.22106210
vt 0.00061078 0.00122094
vt 0.08369956 0.00122094
vt 0.08369956 0.40270922
vt 0.16679084 0.00122094
vt 0.24987961 0.00122094
vt 0.24987961 0.40270922
vt 0.00061078 0.00122094
vt 0.08369956 0.00122094
vt 0.08369956 0.04362539
vt 0.16679084 0.00122094
vt 0.24987961 0.00122094
vt 0.24987961 0.04362539
vt 0.00061078 0.10701340
vt 0.00061078 0.00122094
vt 0.05046455 0.10701340
vt 0.05046455 0.00122094
vt 0.10031831 0.10701340
vt 0.10031831 0.00122094
vt 0.15017208 0.10701340
vt 0.15017208 0.00122094
vt 0.20002585 0.10701340
vt 0.20002585 0.00122094
vt 0.24987961 0.10701340
vt 0.24987961 0.00122094
vt 0.00061078 0.24608256
vt 0.05046455 0.24608256
vt 0.10031831 0.24608256
vt 0.15017208 0.24608256
vt 0.20002585 0.24608256
vt 0.24987961 0.24608256
vt 0.00061078 0.00662633
vt 0.05046455 0.00662633
vt 0.10031831 0.00662633
vt 0.15017208 0.00662633
vt 0.20002585 0.00662633
vt 0.24987961 0.00662633
vt 0.05046455 0.34409647
vt 0.15017208 0.34409647
vt 0.24987961 0.34409647
vt 0.00061078 0.00122094
vt 0.08369956 0.00122094
vt 0.08369956 0.22106210
vt 0.16679084 0.00122094
vt 0.24987961 0.00122094
vt 0.24987961 0.22106210
vt 0.00061078 0.00122094
vt 0.08369956 0.00122094
vt 0.08369956 0.40270922
vt 0.16679084 0.00122094
vt 0.24987961 0.00122094
vt 0.24987961 0.40270922
vt 0.00061078 0.00122094
vt 0.08369956 0.00122094
vt 0.08369956 0.04362539
vt 0.16679084 0.00122094
vt 0.24987961 0.00122094
vt 0.24987961 0.04362539
vt 0.00061078 0.10701340
vt 0.00061078 0.00122094
vt 0.05046455 0.10701340
vt 0.05046455 0.00122094
vt 0.10031831 0.10701340
vt 0.10031831 0.00122094
vt 0.15017208 0.10701340
vt 0.15017208 0.00122094
vt 0.20002585 0.10701340
vt 0.20002585 0.00122094
vt 0.24987961 0.10701340
vt 0.24987961 0.00122094
vt 0.00061078 0.24608256
vt 0.05046455 0.24608256
vt 0.10031831 0.24608256
vt 0.15017208 0.24608256
vt 0.20002585 0.24608256
vt 0.24987961 0.24608256
vt 0.00061078 0.00662633
vt 0.05046455 0.00662633
vt 0.10031831 0.00662633
vt 0.15017208 0.00662633
vt 0.20002585 0.00662633
vt 0.24987961 0.00662633
vt 0.05046455 0.34409647
vt 0.15017208 0.34409647
vt 0.24987961 0.34409647
vt 0.00061078 0.00122094
vt 0.08369956 0.00122094
vt 0.08369956 0.22106210
vt 0.16679084 0.00122094
vt 0.24987961 0.00122094
vt 0.24987961 0.22106210
vt 0.00061078 0.00122094
vt 0.08369956 0.00122094
vt 0.08369956 0.40270922
vt 0.16679084 0.00122094
vt 0.24987961 0.00122094
vt 0.24987961 0.40270922
vt 0.00061078 0.00122094
vt 0.08369956 0.00122094
vt 0.08369956 0.04362539
vt 0.16679084 0.00122094
vt 0.24987961 0.00122094
vt 0.24987961 0.04362539
vt 0.00061078 0.10701340
vt 0.00061078 0.00122094
vt 0.05046455 0.10701340
vt 0.05046455 0.00122094
vt 0.10031831 0.10701340
vt 0.10031831 0.00122094
vt 0.15017208 0.10701340
vt 0.15017208 0.00122094
vt 0.20002585 0.10701340
vt 0.20002585 0.00122094
vt 0.24987961 0.10701340
vt 0.24987961 0.00122094
vt 0.00061078 0.24608256
vt 0.05046455 0.24608256
vt 0.10031831 0.24608256
vt 0.15017208 0.24608256
vt 0.20002585 0.24608256
vt 0.24987961 0.24608256
vt 0.00061078 0.00662633
vt 0.05046455 0.00662633
vt 0.10031831 0.00662633
vt 0.15017208 0.00662633
vt 0.20002585 0.00662633
vt 0.24987961 0.00662633
vt 0.05046455 0.34409647
vt 0.15017208 0.34409647
vt 0.24987961 0.34409647
vt 0.00061078 0.00122094
vt 0.08369956 0.00122094
vt 0.08369956 0.22106210
vt 0.16679084 0.00122094
vt 0.24987961 0.00122094
vt 0.24987961 0.22106210
vt 0.00061078 0.00122094
vt 0.08369956 0.00122094
vt 0.08369956 0.40270922
vt 0.16679084 0.00122094
vt 0.24987961 0.00122094
vt 0.24987961 0.40270922
vt 0.00061078 0.00122094
vt 0.08369956 0.00122094
vt 0.08369956 0.04362539
vt 0.16679084 0.00122094
vt 0.24987961 0.00122094
vt 0.24987961 0.04362539
vt 0.00061078 0.10701340
vt 0.00061078 0.00122094
vt 0.05046455 0.10701340
vt 0.05046455 0.00122094
vt 0.10031831 0.10701340
vt 0.10031831 0.00122094
vt 0.15017208 0.10701340
vt 0.15017208 0.00122094
vt 0.20002585 0.10701340
vt 0.20002585 0.00122094
vt 0.24987961 0.10701340
vt 0.24987961 0.00122094
vt 0.00061078 0.24608256
vt 0.05046455 0.24608256
vt 0.10031831 0.24608256
vt 0.15017208 0.24608256
vt 0.20002585 0.24608256
vt 0.24987961 0.24608256
vt 0.00061078 0.00662633
vt 0.05046455 0.00662633
vt 0.10031831 0.00662633
vt 0.15017208 0.00662633
vt 0.20002585 0.00662633
vt 0.24987961 0.00662633
vt 0.05046455 0.34409647
vt 0.15017208 0.34409647
vt 0.24987961 0.34409647
vt 0.00061078 0.00122094
vt 0.08369956 0.00122094
vt 0.08369956 0.22106210
vt 0.16679084 0.00122094
vt 0.24987961 0.00122094
vt 0.24987961 0.22106210
vt 0.00061078 0.00122094
vt 0.08369956 0.00122094
vt 0.08369956 0.40270922
vt 0.16679084 0.00122094
vt 0.24987961 0.00122094
vt 0.24987961 0.40270922
vt 0.00061078 0.00122094
vt 0.08369956 0.00122094
vt 0.08369956 0.04362539
vt 0.16679084 0.00122094
vt 0.24987961 0.00122094
vt 0.24987961 0.04362539
vt 0.00061078 0.10701340
vt 0.00061078 0.00122094
vt 0.05046455 0.10701340
vt 0.05046455 0.00122094
vt 0.10031831 0.10701340
vt 0.10031831 0.00122094
vt 0.15017208 0.10701340
vt 0.15017208 0.00122094
vt 0.20002585 0.10701340
vt 0.20002585 0.00122094
vt 0.24987961 0.10701340
vt 0.24987961 0.00122094
vt 0.00061078 0.24608256
vt 0.05046455 0.24608256
vt 0.10031831 0.24608256
vt 0.15017208 0.24608256
vt 0.20002585 0.24608256
vt 0.24987961 0.24608256
vt 0.00061078 0.00662633
vt 0.05046455 0.00662633
vt 0.10031831 0.00662633
vt 0.15017208 0.00662633
vt 0.20002585 0.00662633
vt 0.24987961 0.00662633
vt 0.05046455 0.34409647
vt 0.15017208 0.34409647
vt 0.24987961 0.34409647
vt 0.00061078 0.00122094
vt 0.08369956 0.00122094
vt 0.08369956 0.22106210
vt 0.16679084 0.00122094
vt 0.24987961 0.00122094
vt 0.24987961 0.22106210
vt 0.00061078 0.00122094
vt 0.08369956 0.00122094
vt 0.08369956 0.40270922
vt 0.16679084 0.00122094
vt 0.24987961 0.00122094
vt 0.24987961 0.40270922
vt 0.00061078 0.00122094
vt 0.08369956 0.00122094
vt 0.08369956 0.04362539
vt 0.16679084 0.00122094
vt 0.24987961 0.00122094
vt 0.24987961 0.04362539
vt 0.00061078 0.10701340
vt 0.00061078 0.00122094
vt 0.05046455 0.10701340
vt 0.05046455 0.00122094
vt 0.10031831 0.10701340
vt 0.10031831 0.00122094
vt 0.15017208 0.10701340
vt 0.15017208 0.00122094
vt 0.20002585 0.10701340
vt 0.20002585 0.00122094
vt 0.24987961 0.10701340
vt 0.24987961 0.00122094
vt 0.00061078 0.24608256
vt 0.05046455 0.24608256
vt 0.10031831 0.24608256
vt 0.15017208 0.24608256
vt 0.20002585 0.24608256
vt 0.24987961 0.24608256
vt 0.00061078 0.00662633
vt 0.05046455 0.00662633
vt 0.10031831 0.00662633
vt 0.15017208 0.00662633
vt 0.20002585 0.00662633
vt 0.24987961 0.00662633
vt 0.05046455 0.34409647
vt 0.15017208 0.34409647
vt 0.24987961 0.34409647
vt 0.00061078 0.00122094
vt 0.08369956 0.00122094
vt 0.08369956 0.22106210
vt 0.16679084 0.00122094
vt 0.24987961 0.00122094
vt 0.24987961 0.22106210
vt 0.00061078 0.00122094
vt 0.08369956 0.00122094
vt 0.08369956 0.40270922
vt 0.16679084 0.00122094
vt 0.24987961 0.00122094
vt 0.24987961 0.40270922
vt 0.00061078 0.00122094
vt 0.08369956 0.00122094
vt 0.08369956 0.04362539
vt 0.16679084 0.00122094
vt 0.24987961 0.00122094
vt 0.24987961 0.04362539
vt 0.00061078 0.10701340
vt 0.00061078 0.00122094
vt 0.05046455 0.10701340
vt 0.05046455 0.00122094
vt 0.10031831 0.10701340
vt 0.10031831 0.00122094
vt 0.15017208 0.10701340
vt 0.15017208 0.00122094
vt 0.20002585 0.10701340
vt 0.20002585 0.00122094
vt 0.24987961 0.10701340
vt 0.24987961 0.00122094
vt 0.00061078 0.24608256
vt 0.05046455 0.24608256
vt 0.10031831 0.24608256
vt 0.15017208 0.24608256
vt 0.20002585 0.24608256
vt 0.24987961 0.24608256
vt 0.00061078 0.00662633
vt 0.05046455 0.00662633
vt 0.10031831 0.00662633
vt 0.15017208 0.00662633
vt 0.20002585 0.00662633
vt 0.24987961 0.00662633
vt 0.05046455 0.34409647
vt 0.15017208 0.34409647
vt 0.24987961 0.34409647
vt 0.00061078 0.00122094
vt 0.08369956 0.00122094
vt 0.08369956 0.22106210
vt 0.16679084 0.00122094
vt 0.24987961 0.00122094
vt 0.24987961 0.22106210
vt 0.00061078 0.00122094
vt 0.08369956 0.00122094
vt 0.08369956 0.40270922
vt 0.16679084 0.00122094
vt 0.24987961 0.00122094
vt 0.24987961 0.40270922
vt 0.00061078 0.00122094
vt 0.08369956 0.00122094
vt 0.08369956 0.04362539
vt 0.16679084 0.00122094
vt 0.24987961 0.00122094
vt 0.24987961 0.04362539
vt 0.00061078 0.10701340
vt 0.00061078 0.00122094
vt 0.05046455 0.10701340
vt 0.05046455 0.00122094
vt 0.10031831 0.10701340
vt 0.10031831 0.00122094
vt 0.15017208 0.10701340
vt 0.15017208 0.00122094
vt 0.20002585 0.10701340
vt 0.20002585 0.00122094
vt 0.24987961 0.10701340
vt 0.24987961 0.00122094
vt 0.00061078 0.24608256
vt 0.05046455 0.24608256
vt 0.10031831 0.24608256
vt 0.15017208 0.24608256
vt 0.20002585 0.24608256
vt 0.24987961 0.24608256
vt 0.00061078 0.00662633
vt 0.05046455 0.00662633
vt 0.10031831 0.00662633
vt 0.15017208 0.00662633
vt 0.20002585 0.00662633
vt 0.24987961 0.00662633
vt 0.05046455 0.34409647
vt 0.15017208 0.34409647
vt 0.24987961 0.34409647
vt 0.00061078 0.00122094
vt 0.08369956 0.00122094
vt 0.08369956 0.22106210
vt 0.16679084 0.00122094
vt 0.24987961 0.00122094
vt 0.24987961 0.22106210
vt 0.00061078 0.00122094
vt 0.08369956 0.00122094
vt 0.08369956 0.40270922
vt 0.16679084 0.00122094
vt 0.24987961 0.00122094
vt 0.24987961 0.40270922
vt 0.00061078 0.00122094
vt 0.08369956 0.00122094
vt 0.08369956 0.04362539
vt 0.16679084 0.00122094
vt 0.24987961 0.00122094
vt 0.24987961 0.04362539
vt 0.00061078 0.10701340
vt 0.00061078 0.00122094
vt 0.05046455 0.10701340
vt 0.05046455 0.00122094
vt 0.10031831 0.10701340
vt 0.10031831 0.00122094
vt 0.15017208 0.10701340
vt 0.15017208 0.00122094
vt 0.20002585 0.10701340
vt 0.20002585 0.00122094
vt 0.24987961 0.10701340
vt 0.24987961 0.00122094
vt 0.00061078 0.24608256
vt 0.05046455 0.24608256
vt 0.10031831 0.24608256
vt 0.15017208 0.24608256
vt 0.20002585 0.24608256
vt 0.24987961 0.24608256
vt 0.00061078 0.00662633
vt 0.05046455 0.00662633
vt 0.10031831 0.00662633
vt 0.15017208 0.00662633
vt 0.20002585 0.00662633
vt 0.24987961 0.00662633
vt 0.05046455 0.34409647
vt 0.15017208 0.34409647
vt 0.24987961 0.34409647
vt 0.00061078 0.00122094
vt 0.08369956 0.00122094
vt 0.08369956 0.22106210
vt 0.16679084 0.00122094
vt 0.24987961 0.00122094
vt 0.24987961 0.22106210
vt 0.00061078 0.00122094
vt 0.08369956 0.00122094
vt 0.08369956 0.40270922
vt 0.16679084 0.00122094
vt 0.24987961 0.00122094
vt 0.24987961 0.40270922
vt 0.00061078 0.00122094
vt 0.08369956 0.00122094
vt 0.08369956 0.04362539
vt 0.16679084 0.00122094
vt 0.24987961 0.00122094
vt 0.24987961 0.04362539
vt 0.00061078 0.10701340
vt 0.00061078 0.00122094
vt 0.05046455 0.10701340
vt 0.05046455 0.00122094
vt 0.10031831 0.10701340
vt 0.10031831 0.00122094
vt 0.15017208 0.10701340
vt 0.15017208 0.00122094
vt 0.20002585 0.10701340
vt 0.20002585 0.00122094
vt 0.24987961 0.10701340
vt 0.24987961 0.00122094
vt 0.00061078 0.24608256
vt 0.05046455 0.24608256
vt 0.10031831 0.24608256
vt 0.15017208 0.24608256
vt 0.20002585 0.24608256
vt 0.24987961 0.24608256
vt 0.00061078 0.00662633
vt 0.05046455 0.00662633
vt 0.10031831 0.00662633
vt 0.15017208 0.00662633
vt 0.20002585 0.00662633
vt 0.24987961 0.00662633
vt 0.05046455 0.34409647
vt 0.15017208 0.34409647
vt 0.24987961 0.34409647
vt 0.00061078 0.00122094
vt 0.08369956 0.00122094
vt 0.08369956 0.22106210
vt 0.16679084 0.00122094
vt 0.24987961 0.00122094
vt 0.24987961 0.22106210
vt 0.00061078 0.00122094
vt 0.08369956 0.00122094
vt 0.08369956 0.40270922
vt 0.16679084 0.00122094
vt 0.24987961 0.00122094
vt 0.24987961 0.40270922
vt 0.00061078 0.00122094
vt 0.08369956 0.00122094
vt 0.08369956 0.04362539
vt 0.16679084 0.00122094
vt 0.24987961 0.00122094
vt 0.24987961 0.04362539
vt 0.00061078 0.10701340
vt 0.00061078 0.00122094
vt 0.05046455 0.10701340
vt 0.05046455 0.00122094
vt 0.10031831 0.10701340
vt 0.10031831 0.00122094
vt 0.15017208 0.10701340
vt 0.15017208 0.00122094
vt 0.20002585 0.10701340
vt 0.20002585 0.00122094
vt 0.24987961 0.10701340
vt 0.24987961 0.00122094
vt 0.00061078 0.24608256
vt 0.05046455 0.24608256
vt 0.10031831 0.24608256
vt 0.15017208 0.24608256
vt 0.20002585 0.24608256
vt 0.24987961 0.24608256
vt 0.00061078 0.00662633
vt 0.05046455 0.00662633
vt 0.10031831 0.00662633
vt 0.15017208 0.00662633
vt 0.20002585 0.00662633
vt 0.24987961 0.00662633
vt 0.05046455 0.34409647
vt 0.15017208 0.34409647
vt 0.24987961 0.34409647
vt 0.00061078 0.00122094
vt 0.08369956 0.00122094
vt 0.08369956 0.22106210
vt 0.16679084 0.00122094
vt 0.24987961 0.00122094
vt 0.24987961 0.22106210
vt 0.00061078 0.00122094
vt 0.08369956 0.00122094
vt 0.08369956 0.40270922
vt 0.16679084 0.00122094
vt 0.24987961 0.00122094
vt 0.24987961 0.40270922
vt 0.00061078 0.00122094
vt 0.08369956 0.00122094
vt 0.08369956 0.04362539
vt 0.16679084 0.00122094
vt 0.24987961 0.00122094
vt 0.24987961 0.04362539
vt 0.00061078 0.10701340
vt 0.00061078 0.00122094
vt 0.05046455 0.10701340
vt 0.05046455 0.00122094
vt 0.10031831 0.10701340
vt 0.10031831 0.00122094
vt 0.15017208 0.10701340
vt 0.15017208 0.00122094
vt 0.20002585 0.10701340
vt 0.20002585 0.00122094
vt 0.24987961 0.10701340
vt 0.24987961 0.00122094
vt 0.00061078 0.24608256
vt 0.05046455 0.24608256
vt 0.10031831 0.24608256
vt 0.15017208 0.24608256
vt 0.20002585 0.24608256
vt 0.24987961 0.24608256
vt 0.00061078 0.00662633
vt 0.05046455 0.00662633
vt 0.10031831 0.00662633
vt 0.15017208 0.00662633
vt 0.20002585 0.00662633
vt 0.24987961 0.00662633
vt 0.05046455 0.34409647
vt 0.15017208 0.34409647
vt 0.24987961 0.34409647
vt 0.00061078 0.00122094
vt 0.08369956 0.00122094
vt 0.08369956 0.22106210
vt 0.16679084 0.00122094
vt 0.24987961 0.00122094
vt 0.24987961 0.22106210
vt 0.00061078 0.00122094
vt 0.08369956 0.00122094
vt 0.08369956 0.40270922
vt 0.16679084 0.00122094
vt 0.24987961 0.00122094
vt 0.24987961 0.40270922
vt 0.00061078 0.00122094
vt 0.08369956 0.00122094
vt 0.08369956 0.04362539
vt 0.16679084 0.00122094
vt 0.24987961 0.00122094
vt 0.24987961 0.04362539
vt 0.00061078 0.10701340
vt 0.00061078 0.00122094
vt 0.05046455 0.10701340
vt 0.05046455 0.00122094
vt 0.10031831 0.10701340
vt 0.10031831 0.00122094
vt 0.15017208 0.10701340
vt 0.15017208 0.00122094
vt 0.20002585 0.10701340
vt 0.20002585 0.00122094
vt 0.24987961 0.10701340
vt 0.24987961 0.00122094
vt 0.00061078 0.24608256
vt 0.05046455 0.24608256
vt 0.10031831 0.24608256
vt 0.15017208 0.24608256
vt 0.20002585 0.24608256
vt 0.24987961 0.24608256
vt 0.00061078 0.00662633
vt 0.05046455 0.00662633
vt 0.10031831 0.00662633
vt 0.15017208 0.00662633
vt 0.20002585 0.00662633
vt 0.24987961 0.00662633
vt 0.05046455 0.34409647
vt 0.15017208 0.34409647
vt 0.24987961 0.34409647
vt 0.00061078 0.00122094
vt 0.08369956 0.00122094
vt 0.08369956 0.22106210
vt 0.16679084 0.00122094
vt 0.24987961 0.00122094
vt 0.24987961 0.22106210
vt 0.00061078 0.00122094
vt 0.08369956 0.00122094
vt 0.08369956 0.40270922
vt 0.16679084 0.00122094
vt 0.24987961 0.00122094
vt 0.24987961 0.40270922
vt 0.00061078 0.00122094
vt 0.08369956 0.00122094
vt 0.08369956 0.04362539
vt 0.16679084 0.00122094
vt 0.24987961 0.00122094
vt 0.24987961 0.04362539
vt 0.00061078 0.10701340
vt 0.00061078 0.00122094
vt 0.05046455 0.10701340
vt 0.05046455 0.00122094
vt 0.10031831 0.10701340
vt 0.10031831 0.00122094
vt 0.15017208 0.10701340
vt 0.15017208 0.00122094
vt 0.20002585 0.10701340
vt 0.20002585 0.00122094
vt 0.24987961 0.10701340
vt 0.24987961 0.00122094
vt 0.00061078 0.24608256
vt 0.05046455 0.24608256
vt 0.10031831 0.24608256
vt 0.15017208 0.24608256
vt 0.20002585 0.24608256
vt 0.24987961 0.24608256
vt 0.00061078 0.00662633
vt 0.05046455 0.00662633
vt 0.10031831 0.00662633
vt 0.15017208 0.00662633
vt 0.20002585 0.00662633
vt 0.24987961 0.00662633
vt 0.05046455 0.34409647
vt 0.15017208 0.34409647
vt 0.24987961 0.34409647
vt 0.00061078 0.00122094
vt 0.08369956 0.00122094
vt 0.08369956 0.22106210
vt 0.16679084 0.00122094
vt 0.24987961 0.00122094
vt 0.24987961 0.22106210
vt 0.00061078 0.00122094
vt 0.08369956 0.00122094
vt 0.08369956 0.40270922
vt 0.16679084 0.00122094
vt 0.24987961 0.00122094
vt 0.24987961 0.40270922
vt 0.00061078 0.00122094
vt 0.08369956 0.00122094
vt 0.08369956 0.04362539
vt 0.16679084 0.00122094
vt 0.24987961 0.00122094
vt 0.24987961 0.04362539
vt 0.00061078 0.10701340
vt 0.00061078 0.00122094
vt 0.05046455 0.10701340
vt 0.05046455 0.00122094
vt 0.10031831 0.10701340
vt 0.10031831 0.00122094
vt 0.15017208 0.10701340
vt 0.15017208 0.00122094
vt 0.20002585 0.10701340
vt 0.20002585 0.00122094
vt 0.24987961 0.10701340
vt 0.24987961 0.00122094
vt 0.00061078 0.24608256
vt 0.05046455 0.24608256
vt 0.10031831 0.24608256
vt 0.15017208 0.24608256
vt 0.20002585 0.24608256
vt 0.24987961 0.24608256
vt 0.00061078 0.00662633
vt 0.05046455 0.00662633
vt 0.10031831 0.00662633
vt 0.15017208 0.00662633
vt 0.20002585 0.00662633
vt 0.24987961 0.00662633
vt 0.05046455 0.34409647
vt 0.15017208 0.34409647
vt 0.24987961 0.34409647
vt 0.00061078 0.00122094
vt 0.08369956 0.00122094
vt 0.08369956 0.22106210
vt 0.16679084 0.00122094
vt 0.24987961 0.00122094
vt 0.24987961 0.22106210
vt 0.00061078 0.00122094
vt 0.08369956 0.00122094
vt 0.08369956 0.40270922
vt 0.16679084 0.00122094
vt 0.24987961 0.00122094
vt 0.24987961 0.40270922
vt 0.00061078 0.00122094
vt 0.08369956 0.00122094
vt 0.08369956 0.04362539
vt 0.16679084 0.00122094
vt 0.24987961 0.00122094
vt 0.24987961 0.04362539
vt 0.00061078 0.10701340
vt 0.00061078 0.00122094
vt 0.05046455 0.10701340
vt 0.05046455 0.00122094
vt 0.10031831 0.10701340
vt 0.10031831 0.00122094
vt 0.15017208 0.10701340
vt 0.15017208 0.00122094
vt 0.20002585 0.10701340
vt 0.20002585 0.00122094
vt 0.24987961 0.10701340
vt 0.24987961 0.00122094
vt 0.00061078 0.24608256
vt 0.05046455 0.24608256
vt 0.10031831 0.24608256
vt 0.15017208 0.24608256
vt 0.20002585 0.24608256
vt 0.24987961 0.24608256
vt 0.00061078 0.00662633
vt 0.05046455 0.00662633
vt 0.10031831 0.00662633
vt 0.15017208 0.00662633
vt 0.20002585 0.00662633
vt 0.24987961 0.00662633
vt 0.05046455 0.34409647
vt 0.15017208 0.34409647
vt 0.24987961 0.34409647
vt 0.00061078 0.00122094
vt 0.08369956 0.00122094
vt 0.08369956 0.22106210
vt 0.16679084 0.00122094
vt 0.24987961 0.00122094
vt 0.24987961 0.22106210
vt 0.00061078 0.00122094
vt 0.08369956 0.00122094
vt 0.08369956 0.40270922
vt 0.16679084 0.00122094
vt 0.24987961 0.00122094
vt 0.24987961 0.40270922
vt 0.00061078 0.00122094
vt 0.08369956 0.00122094
vt 0.08369956 0.04362539
vt 0.16679084 0.00122094
vt 0.24987961 0.00122094
vt 0.24987961 0.04362539
vt 0.00061078 0.10701340
vt 0.00061078 0.00122094
vt 0.05046455 0.10701340
vt 0.05046455 0.00122094
vt 0.10031831 0.10701340
vt 0.10031831 0.00122094
vt 0.15017208 0.10701340
vt 0.15017208 0.00122094
vt 0.20002585 0.10701340
vt 0.20002585 0.00122094
vt 0.24987961 0.10701340
vt 0.24987961 0.00122094
vt 0.00061078 0.24608256
vt 0.05046455 0.24608256
vt 0.10031831 0.24608256
vt 0.15017208 0.24608256
vt 0.20002585 0.24608256
vt 0.24987961 0.24608256
vt 0.00061078 0.00662633
vt 0.05046455 0.00662633
vt 0.10031831 0.00662633
vt 0.15017208 0.00662633
vt 0.20002585 0.00662633
vt 0.24987961 0.00662633
vt 0.05046455 0.34409647
vt 0.15017208 0.34409647
vt 0.24987961 0.34409647
vt 0.00061078 0.00122094
vt 0.08369956 0.00122094
vt 0.08369956 0.22106210
vt 0.16679084 0.00122094
vt 0.24987961 0.00122094
vt 0.24987961 0.22106210
vt 0.00061078 0.00122094
vt 0.08369956 0.00122094
vt 0.08369956 0.40270922
vt 0.16679084 0.00122094
vt 0.24987961 0.00122094
vt 0.24987961 0.40270922
vt 0.00061078 0.00122094
vt 0.08369956 0.00122094
vt 0.08369956 0.04362539
vt 0.16679084 0.00122094
vt 0.24987961 0.00122094
vt 0.24987961 0.04362539
vt 0.00061078 0.10701340
vt 0.00061078 0.00122094
vt 0.05046455 0.10701340
vt 0.05046455 0.00122094
vt 0.10031831 0.10701340
vt 0.10031831 0.00122094
vt 0.15017208 0.10701340
vt 0.15017208 0.00122094
vt 0.20002585 0.10701340
vt 0.20002585 0.00122094
vt 0.24987961 0.10701340
vt 0.24987961 0.00122094
vt 0.00061078 0.24608256
vt 0.05046455 0.24608256
vt 0.10031831 0.24608256
vt 0.15017208 0.24608256
vt 0.20002585 0.24608256
vt 0.24987961 0.24608256
vt 0.00061078 0.00662633
vt 0.05046455 0.00662633
vt 0.10031831 0.00662633
vt 0.15017208 0.00662633
vt 0.20002585 0.00662633
vt 0.24987961 0.00662633
vt 0.05046455 0.34409647
vt 0.15017208 0.34409647
vt 0.24987961 0.34409647
vt 0.00061078 0.00122094
vt 0.08369956 0.00122094
vt 0.08369956 0.22106210
vt 0.16679084 0.00122094
vt 0.24987961 0.00122094
vt 0.24987961 0.22106210
vt 0.00061078 0.00122094
vt 0.08369956 0.00122094
vt 0.08369956 0.40270922
vt 0.16679084 0.00122094
vt 0.24987961 0.00122094
vt 0.24987961 0.40270922
vt 0.00061078 0.00122094
vt 0.08369956 0.00122094
vt 0.08369956 0.04362539
vt 0.16679084 0.00122094
vt 0.24987961 0.00122094
vt 0.24987961 0.04362539
vt 0.00061078 0.10701340
vt 0.00061078 0.00122094
vt 0.05046455 0.10701340
vt 0.05046455 0.00122094
vt 0.10031831 0.10701340
vt 0.10031831 0.00122094
vt 0.15017208 0.10701340
vt 0.15017208 0.00122094
vt 0.20002585 0.10701340
vt 0.20002585 0.00122094
vt 0.24987961 0.10701340
vt 0.24987961 0.00122094
vt 0.00061078 0.24608256
vt 0.05046455 0.24608256
vt 0.10031831 0.24608256
vt 0.15017208 0.24608256
vt 0.20002585 0.24608256
vt 0.24987961 0.24608256
vt 0.00061078 0.00662633
vt 0.05046455 0.00662633
vt 0.10031831 0.00662633
vt 0.15017208 0.00662633
vt 0.20002585 0.00662633
vt 0.24987961 0.00662633
vt 0.05046455 0.34409647
vt 0.15017208 0.34409647
vt 0.24987961 0.34409647
vt 0.00061078 0.00122094
vt 0.08369956 0.00122094
vt 0.08369956 0.22106210
vt 0.16679084 0.00122094
vt 0.24987961 0.00122094
vt 0.24987961 0.22106210
vt 0.00061078 0.00122094
vt 0.08369956 0.00122094
vt 0.08369956 0.40270922
vt 0.16679084 0.00122094
vt 0.24987961 0.00122094
vt 0.24987961 0.40270922
vt 0.00061078 0.00122094
vt 0.08369956 0.00122094
vt 0.08369956 0.04362539
vt 0.16679084 0.00122094
vt 0.24987961 0.00122094
vt 0.24987961 0.04362539
vt 0.00061078 0.10701340
vt 0.00061078 0.00122094
vt 0.05046455 0.10701340
vt 0.05046455 0.00122094
vt 0.10031831 0.10701340
vt 0.10031831 0.00122094
vt 0.15017208 0.10701340
vt 0.15017208 0.00122094
vt 0.20002585 0.10701340
vt 0.20002585 0.00122094
vt 0.24987961 0.10701340
vt 0.24987961 0.00122094
vt 0.00061078 0.24608256
vt 0.05046455 0.24608256
vt 0.10031831 0.24608256
vt 0.15017208 0.24608256
vt 0.20002585 0.24608256
vt 0.24987961 0.24608256
vt 0.00061078 0.00662633
vt 0.05046455 0.00662633
vt 0.10031831 0.00662633
vt 0.15017208 0.00662633
vt 0.20002585 0.00662633
vt 0.24987961 0.00662633
vt 0.05046455 0.34409647
vt 0.15017208 0.34409647
vt 0.24987961 0.34409647
vt 0.00061078 0.00122094
vt 0.08369956 0.00122094
vt 0.08369956 0.22106210
vt 0.16679084 0.00122094
vt 0.24987961 0.00122094
vt 0.24987961 0.22106210
vt 0.00061078 0.00122094
vt 0.08369956 0.00122094
vt 0.08369956 0.40270922
vt 0.16679084 0.00122094
vt 0.24987961 0.00122094
vt 0.24987961 0.40270922
vt 0.00061078 0.00122094
vt 0.08369956 0.00122094
vt 0.08369956 0.04362539
vt 0.16679084 0.00122094
vt 0.24987961 0.00122094
vt 0.24987961 0.04362539
vt 0.00061078 0.10701340
vt 0.00061078 0.00122094
vt 0.05046455 0.10701340
vt 0.05046455 0.00122094
vt 0.10031831 0.10701340
vt 0.10031831 0.00122094
vt 0.15017208 0.10701340
vt 0.15017208 0.00122094
vt 0.20002585 0.10701340
vt 0.20002585 0.00122094
vt 0.24987961 0.10701340
vt 0.24987961 0.00122094
vt 0.00061078 0.24608256
vt 0.05046455 0.24608256
vt 0.10031831 0.24608256
vt 0.15017208 0.24608256
vt 0.20002585 0.24608256
vt 0.24987961 0.24608256
vt 0.00061078 0.00662633
vt 0.05046455 0.00662633
vt 0.10031831 0.00662633
vt 0.15017208 0.00662633
vt 0.20002585 0.00662633
vt 0.24987961 0.00662633
vt 0.05046455 0.34409647
vt 0.15017208 0.34409647
vt 0.24987961 0.34409647
vt 0.00061078 0.00122094
vt 0.08369956 0.00122094
vt 0.08369956 0.22106210
vt 0.16679084 0.00122094
vt 0.24987961 0.00122094
vt 0.24987961 0.22106210
vt 0.00061078 0.00122094
vt 0.08369956 0.00122094
vt 0.08369956 0.40270922
vt 0.16679084 0.00122094
vt 0.24987961 0.00122094
vt 0.24987961 0.40270922
vt 0.00061078 0.00122094
vt 0.08369956 0.00122094
vt 0.08369956 0.04362539
vt 0.16679084 0.00122094
vt 0.24987961 0.00122094
vt 0.24987961 0.04362539
vt 0.00061078 0.10701340
vt 0.00061078 0.00122094
vt 0.05046455 0.10701340
vt 0.05046455 0.00122094
vt 0.10031831 0.10701340
vt 0.10031831 0.00122094
vt 0.15017208 0.10701340
vt 0.15017208 0.00122094
vt 0.20002585 0.10701340
vt 0.20002585 0.00122094
vt 0.24987961 0.10701340
vt 0.24987961 0.00122094
vt 0.00061078 0.24608256
vt 0.05046455 0.24608256
vt 0.10031831 0.24608256
vt 0.15017208 0.24608256
vt 0.20002585 0.24608256
vt 0.24987961 0.24608256
vt 0.00061078 0.00662633
vt 0.05046455 0.00662633
vt 0.10031831 0.00662633
vt 0.15017208 0.00662633
vt 0.20002585 0.00662633
vt 0.24987961 0.00662633
vt 0.05046455 0.34409647
vt 0.15017208 0.34409647
vt 0.24987961 0.34409647
vt 0.00061078 0.00122094
vt 0.08369956 0.00122094
vt 0.08369956 0.22106210
vt 0.16679084 0.00122094
vt 0.24987961 0.00122094
vt 0.24987961 0.22106210
vt 0.00061078 0.00122094
vt 0.08369956 0.00122094
vt 0.08369956 0.40270922
vt 0.16679084 0.00122094
vt 0.24987961 0.00122094
vt 0.24987961 0.40270922
vt 0.00061078 0.00122094
vt 0.08369956 0.00122094
vt 0.08369956 0.04362539
vt 0.16679084 0.00122094
vt 0.24987961 0.00122094
vt 0.24987961 0.04362539
vt 0.00061078 0.10701340
vt 0.00061078 0.00122094
vt 0.05046455 0.10701340
vt 0.05046455 0.00122094
vt 0.10031831 0.10701340
vt 0.10031831 0.00122094
vt 0.15017208 0.10701340
vt 0.15017208 0.00122094
vt 0.20002585 0.10701340
vt 0.20002585 0.00122094
vt 0.24987961 0.10701340
vt 0.24987961 0.00122094
vt 0.00061078 0.24608256
vt 0.05046455 0.24608256
vt 0.10031831 0.24608256
vt 0.15017208 0.24608256
vt 0.20002585 0.24608256
vt 0.24987961 0.24608256
vt 0.00061078 0.00662633
vt 0.05046455 0.00662633
vt 0.10031831 0.00662633
vt 0.15017208 0.00662633
vt 0.20002585 0.00662633
vt 0.24987961 0.00662633
vt 0.05046455 0.34409647
vt 0.15017208 0.34409647
vt 0.24987961 0.34409647
vt 0.00061078 0.00122094
vt 0.08369956 0.00122094
vt 0.08369956 0.22106210
vt 0.16679084 0.00122094
vt 0.24987961 0.00122094
vt 0.24987961 0.22106210
vt 0.00061078 0.00122094
vt 0.08369956 0.00122094
vt 0.08369956 0.40270922
vt 0.16679084 0.00122094
vt 0.24987961 0.00122094
vt 0.24987961 0.40270922
vt 0.00061078 0.00122094
vt 0.08369956 0.00122094
vt 0.08369956 0.04362539
vt 0.16679084 0.00122094
vt 0.24987961 0.00122094
vt 0.24987961 0.04362539
vt 0.00061078 0.10701340
vt 0.00061078 0.00122094
vt 0.05046455 0.10701340
vt 0.05046455 0.00122094
vt 0.10031831 0.10701340
vt 0.10031831 0.00122094
vt 0.15017208 0.10701340
vt 0.15017208 0.00122094
vt 0.20002585 0.10701340
vt 0.20002585 0.00122094
vt 0.24987961 0.10701340
vt 0.24987961 0.00122094
vt 0.00061078 0.24608256
vt 0.05046455 0.24608256
vt 0.10031831 0.24608256
vt 0.15017208 0.24608256
vt 0.20002585 0.24608256
vt 0.24987961 0.24608256
vt 0.00061078 0.00662633
vt 0.05046455 0.00662633
vt 0.10031831 0.00662633
vt 0.15017208 0.00662633
vt 0.20002585 0.00662633
vt 0.24987961 0.00662633
vt 0.05046455 0.34409647
vt 0.15017208 0.34409647
vt 0.24987961 0.34409647
vt 0.00061078 0.00122094
vt 0.08369956 0.00122094
vt 0.08369956 0.22106210
vt 0.16679084 0.00122094
vt 0.24987961 0.00122094
vt 0.24987961 0.22106210
vt 0.00061078 0.00122094
vt 0.08369956 0.00122094
vt 0.08369956 0.40270922
vt 0.16679084 0.00122094
vt 0.24987961 0.00122094
vt 0.24987961 0.40270922
vt 0.00061078 0.00122094
vt 0.08369956 0.00122094
vt 0.08369956 0.04362539
vt 0.16679084 0.00122094
vt 0.24987961 0.00122094
vt 0.24987961 0.04362539
vt 0.00061078 0.10701340
vt 0.00061078 0.00122094
vt 0.05046455 0.10701340
vt 0.05046455 0.00122094
vt 0.10031831 0.10701340
vt 0.10031831 0.00122094
vt 0.15017208 0.10701340
vt 0.15017208 0.00122094
vt 0.20002585 0.10701340
vt 0.20002585 0.00122094
vt 0.24987961 0.10701340
vt 0.24987961 0.00122094
vt 0.00061078 0.24608256
vt 0.05046455 0.24608256
vt 0.10031831 0.24608256
vt 0.15017208 0.24608256
vt 0.20002585 0.24608256
vt 0.24987961 0.24608256
vt 0.00061078 0.00662633
vt 0.05046455 0.00662633
vt 0.10031831 0.00662633
vt 0.15017208 0.00662633
vt 0.20002585 0.00662633
vt 0.24987961 0.00662633
vt 0.05046455 0.34409647
vt 0.15017208 0.34409647
vt 0.24987961 0.34409647
vt 0.00061078 0.00122094
vt 0.08369956 0.00122094
vt 0.08369956 0.22106210
vt 0.16679084 0.00122094
vt 0.24987961 0.00122094
vt 0.24987961 0.22106210
vt 0.00061078 0.00122094
vt 0.08369956 0.00122094
vt 0.08369956 0.40270922
vt 0.16679084 0.00122094
vt 0.24987961 0.00122094
vt 0.24987961 0.40270922
vt 0.00061078 0.00122094
vt 0.08369956 0.00122094
vt 0.08369956 0.04362539
vt 0.16679084 0.00122094
vt 0.24987961 0.00122094
vt 0.24987961 0.04362539
vt 0.00061078 0.10701340
vt 0.00061078 0.00122094
vt 0.05046455 0.10701340
vt 0.05046455 0.00122094
vt 0.10031831 0.10701340
vt 0.10031831 0.00122094
vt 0.15017208 0.10701340
vt 0.15017208 0.00122094
vt 0.20002585 0.10701340
vt 0.20002585 0.00122094
vt 0.24987961 0.10701340
vt 0.24987961 0.00122094
vt 0.00061078 0.24608256
vt 0.05046455 0.24608256
vt 0.10031831 0.24608256
vt 0.15017208 0.24608256
vt 0.20002585 0.24608256
vt 0.24987961 0.24608256
vt 0.00061078 0.00662633
vt 0.05046455 0.00662633
vt 0.10031831 0.00662633
vt 0.15017208 0.00662633
vt 0.20002585 0.00662633
vt 0.24987961 0.00662633
vt 0.05046455 0.34409647
vt 0.15017208 0.34409647
vt 0.24987961 0.34409647
vt 0.00061078 0.00122094
vt 0.08369956 0.00122094
vt 0.08369956 0.22106210
vt 0.16679084 0.00122094
vt 0.24987961 0.00122094
vt 0.24987961 0.22106210
vt 0.00061078 0.00122094
vt 0.08369956 0.00122094
vt 0.08369956 0.40270922
vt 0.16679084 0.00122094
vt 0.24987961 0.00122094
vt 0.24987961 0.40270922
vt 0.00061078 0.00122094
vt 0.08369956 0.00122094
vt 0.08369956 0.04362539
vt 0.16679084 0.00122094
vt 0.24987961 0.00122094
vt 0.24987961 0.04362539
vt 0.00061078 0.10701340
vt 0.00061078 0.00122094
vt 0.05046455 0.10701340
vt 0.05046455 0.00122094
vt 0.10031831 0.10701340
vt 0.10031831 0.00122094
vt 0.15017208 0.10701340
vt 0.15017208 0.00122094
vt 0.20002585 0.10701340
vt 0.20002585 0.00122094
vt 0.24987961 0.10701340
vt 0.24987961 0.00122094
vt 0.00061078 0.24608256
vt 0.05046455 0.24608256
vt 0.10031831 0.24608256
vt 0.15017208 0.24608256
vt 0.20002585 0.24608256
vt 0.24987961 0.24608256
vt 0.00061078 0.00662633
vt 0.05046455 0.00662633
vt 0.10031831 0.00662633
vt 0.15017208 0.00662633
vt 0.20002585 0.00662633
vt 0.24987961 0.00662633
vt 0.05046455 0.34409647
vt 0.15017208 0.34409647
vt 0.24987961 0.34409647
vt 0.00061078 0.00122094
vt 0.08369956 0.00122094
vt 0.08369956 0.22106210
vt 0.16679084 0.00122094
vt 0.24987961 0.00122094
vt 0.24987961 0.22106210
vt 0.00061078 0.00122094
vt 0.08369956 0.00122094
vt 0.08369956 0.40270922
vt 0.16679084 0.00122094
vt 0.24987961 0.00122094
vt 0.24987961 0.40270922
vt 0.00061078 0.00122094
vt 0.08369956 0.00122094
vt 0.08369956 0.04362539
vt 0.16679084 0.00122094
vt 0.24987961 0.00122094
vt 0.24987961 0.04362539
vt 0.00061078 0.10701340
vt 0.00061078 0.00122094
vt 0.05046455 0.10701340
vt 0.05046455 0.00122094
vt 0.10031831 0.10701340
vt 0.10031831 0.00122094
vt 0.15017208 0.10701340
vt 0.15017208 0.00122094
vt 0.20002585 0.10701340
vt 0.20002585 0.00122094
vt 0.24987961 0.10701340
vt 0.24987961 0.00122094
vt 0.00061078 0.24608256
vt 0.05046455 0.24608256
vt 0.10031831 0.24608256
vt 0.15017208 0.24608256
vt 0.20002585 0.24608256
vt 0.24987961 0.24608256
vt 0.00061078 0.00662633
vt 0.05046455 0.00662633
vt 0.10031831 0.00662633
vt 0.15017208 0.00662633
vt 0.20002585 0.00662633
vt 0.24987961 0.00662633
vt 0.05046455 0.34409647
vt 0.15017208 0.34409647
vt 0.24987961 0.34409647
vt 0.00061078 0.00122094
vt 0.08369956 0.00122094
vt 0.08369956 0.22106210
vt 0.16679084 0.00122094
vt 0.24987961 0.00122094
vt 0.24987961 0.22106210
vt 0.00061078 0.00122094
vt 0.08369956 0.00122094
vt 0.08369956 0.40270922
vt 0.16679084 0.00122094
vt 0.24987961 0.00122094
vt 0.24987961 0.40270922
vt 0.00061078 0.00122094
vt 0.08369956 0.00122094
vt 0.08369956 0.04362539
vt 0.16679084 0.00122094
vt 0.24987961 0.00122094
vt 0.24987961 0.04362539
vt 0.00061078 0.10701340
vt 0.00061078 0.00122094
vt 0.05046455 0.10701340
vt 0.05046455 0.00122094
vt 0.10031831 0.10701340
vt 0.10031831 0.00122094
vt 0.15017208 0.10701340
vt 0.15017208 0.00122094
vt 0.20002585 0.10701340
vt 0.20002585 0.00122094
vt 0.24987961 0.10701340
vt 0.24987961 0.00122094
vt 0.00061078 0.24608256
vt 0.05046455 0.24608256
vt 0.10031831 0.24608256
vt 0.15017208 0.24608256
vt 0.20002585 0.24608256
vt 0.24987961 0.24608256
vt 0.00061078 0.00662633
vt 0.05046455 0.00662633
vt 0.10031831 0.00662633
vt 0.15017208 0.00662633
vt 0.20002585 0.00662633
vt 0.24987961 0.00662633
vt 0.05046455 0.34409647
vt 0.15017208 0.34409647
vt 0.24987961 0.34409647
vt 0.00061078 0.00122094
vt 0.08369956 0.00122094
vt 0.08369956 0.22106210
vt 0.16679084 0.00122094
vt 0.24987961 0.00122094
vt 0.24987961 0.22106210
vt 0.00061078 0.00122094
vt 0.08369956 0.00122094
vt 0.08369956 0.40270922
vt 0.16679084 0.00122094
vt 0.24987961 0.00122094
vt 0.24987961 0.40270922
vt 0.00061078 0.00122094
vt 0.08369956 0.00122094
vt 0.08369956 0.04362539
vt 0.16679084 0.00122094
vt 0.24987961 0.00122094
vt 0.24987961 0.04362539
vt 0.00061078 0.10701340
vt 0.00061078 0.00122094
vt 0.05046455 0.10701340
vt 0.05046455 0.00122094
vt 0.10031831 0.10701340
vt 0.10031831 0.00122094
vt 0.15017208 0.10701340
vt 0.15017208 0.00122094
vt 0.20002585 0.10701340
vt 0.20002585 0.00122094
vt 0.24987961 0.10701340
vt 0.24987961 0.00122094
vt 0.00061078 0.24608256
vt 0.05046455 0.24608256
vt 0.10031831 0.24608256
vt 0.15017208 0.24608256
vt 0.20002585 0.24608256
vt 0.24987961 0.24608256
vt 0.00061078 0.00662633
vt 0.05046455 0.00662633
vt 0.10031831 0.00662633
vt 0.15017208 0.00662633
vt 0.20002585 0.00662633
vt 0.24987961 0.00662633
vt 0.05046455 0.34409647
vt 0.15017208 0.34409647
vt 0.24987961 0.34409647
vt 0.00061078 0.00122094
vt 0.08369956 0.00122094
vt 0.08369956 0.22106210
vt 0.16679084 0.00122094
vt 0.24987961 0.00122094
vt 0.24987961 0.22106210
vt 0.00061078 0.00122094
vt 0.08369956 0.00122094
vt 0.08369956 0.40270922
vt 0.16679084 0.00122094
vt 0.24987961 0.00122094
vt 0.24987961 0.40270922
vt 0.00061078 0.00122094
vt 0.08369956 0.00122094
vt 0.08369956 0.04362539
vt 0.16679084 0.00122094
vt 0.24987961 0.00122094
vt 0.24987961 0.04362539
vt 0.00061078 0.10701340
vt 0.00061078 0.00122094
vt 0.05046455 0.10701340
vt 0.05046455 0.00122094
vt 0.10031831 0.10701340
vt 0.10031831 0.00122094
vt 0.15017208 0.10701340
vt 0.15017208 0.00122094
vt 0.20002585 0.10701340
vt 0.20002585 0.00122094
vt 0.24987961 0.10701340
vt 0.24987961 0.00122094
vt 0.00061078 0.24608256
vt 0.05046455 0.24608256
vt 0.10031831 0.24608256
vt 0.15017208 0.24608256
vt 0.20002585 0.24608256
vt 0.24987961 0.24608256
vt 0.00061078 0.00662633
vt 0.05046455 0.00662633
vt 0.10031831 0.00662633
vt 0.15017208 0.00662633
vt 0.20002585 0.00662633
vt 0.24987961 0.00662633
vt 0.05046455 0.34409647
vt 0.15017208 0.34409647
vt 0.24987961 0.34409647
vt 0.00061078 0.00122094
vt 0.08369956 0.00122094
vt 0.08369956 0.22106210
vt 0.16679084 0.00122094
vt 0.24987961 0.00122094
vt 0.24987961 0.22106210
vt 0.00061078 0.00122094
vt 0.08369956 0.00122094
vt 0.08369956 0.40270922
vt 0.16679084 0.00122094
vt 0.24987961 0.00122094
vt 0.24987961 0.40270922
vt 0.00061078 0.00122094
vt 0.08369956 0.00122094
vt 0.08369956 0.04362539
vt 0.16679084 0.00122094
vt 0.24987961 0.00122094
vt 0.24987961 0.04362539
vt 0.00061078 0.10701340
vt 0.00061078 0.00122094
vt 0.05046455 0.10701340
vt 0.05046455 0.00122094
vt 0.10031831 0.10701340
vt 0.10031831 0.00122094
vt 0.15017208 0.10701340
vt 0.15017208 0.00122094
vt 0.20002585 0.10701340
vt 0.20002585 0.00122094
vt 0.24987961 0.10701340
vt 0.24987961 0.00122094
vt 0.00061078 0.24608256
vt 0.05046455 0.24608256
vt 0.10031831 0.24608256
vt 0.15017208 0.24608256
vt 0.20002585 0.24608256
vt 0.24987961 0.24608256
vt 0.00061078 0.00662633
vt 0.05046455 0.00662633
vt 0.10031831 0.00662633
vt 0.15017208 0.00662633
vt 0.20002585 0.00662633
vt 0.24987961 0.00662633
vt 0.05046455 0.34409647
vt 0.15017208 0.34409647
vt 0.24987961 0.34409647
vt 0.00061078 0.00122094
vt 0.08369956 0.00122094
vt 0.08369956 0.22106210
vt 0.16679084 0.00122094
vt 0.24987961 0.00122094
vt 0.24987961 0.22106210
vt 0.00061078 0.00122094
vt 0.08369956 0.00122094
vt 0.08369956 0.40270922
vt 0.16679084 0.00122094
vt 0.24987961 0.00122094
vt 0.24987961 0.40270922
vt 0.00061078 0.00122094
vt 0.08369956 0.00122094
vt 0.08369956 0.04362539
vt 0.16679084 0.00122094
vt 0.24987961 0.00122094
vt 0.24987961 0.04362539
vt 0.08369956 0.00122094
vt 0.05046455 0.34409647
vt 0.15017208 0.34409647
vt 0.20002585 0.00662633
vt 0.20002585 0.00122094
vt 0.15017208 0.00122094
vt 0.15017208 0.10701340
vt 0.10031831 0.00122094
vt 0.10031831 0.10701340
vt 0.05046455 0.00122094
vt 0.08369956 0.00122094
vt 0.16679084 0.00122094
vt 0.08369956 0.40270922
vt 0.08369956 0.00122094
vt 0.05046455 0.34409647
vt 0.15017208 0.34409647
vt 0.15017208 0.00662633
vt 0.05046455 0.24608256
vt 0.20002585 0.24608256
vt 0.20002585 0.00122094
vt 0.20002585 0.10701340
vt 0.15017208 0.10701340
vt 0.10031831 0.00122094
vt 0.10031831 0.10701340
vt 0.05046455 0.00122094
vt 0.05046455 0.10701340
vt 0.16679084 0.00122094
vt 0.08369956 0.04362539
vt 0.16679084 0.00122094
vt 0.08369956 0.40270922
vt 0.08369956 0.00122094
vt 0.16679084 0.00122094
vt 0.08369956 0.00122094
vt 0.15017208 0.00662633
vt 0.10031831 0.00662633
vt 0.05046455 0.24608256
vt 0.20002585 0.10701340
vt 0.10031831 0.00122094
vt 0.05046455 0.10701340
vt 0.16679084 0.00122094
vt 0.08369956 0.00122094
vt 0.16679084 0.00122094
vt 0.08369956 0.40270922
vt 0.16679084 0.00122094
vt 0.20002585 0.00662633
vt 0.15017208 0.10701340
vt 0.10031831 0.00122094
vt 0.10031831 0.10701340
vt 0.05046455 0.00122094
vt 0.05046455 0.10701340
vt 0.16679084 0.00122094
vt 0.08369956 0.40270922
vt 0.16679084 0.00122094
vt 0.08369956 0.22106210
vt 0.15017208 0.00662633
vt 0.10031831 0.00662633
vt 0.15017208 0.24608256
vt 0.10031831 0.24608256
vt 0.20002585 0.00122094
vt 0.10031831 0.10701340
vt 0.05046455 0.00122094
vt 0.16679084 0.00122094
vt 0.08369956 0.04362539
vt 0.08369956 0.40270922
vt 0.16679084 0.00122094
vt 0.08369956 0.22106210
vt 0.08369956 0.00122094
vt 0.20002585 0.00662633
vt 0.20002585 0.24608256
vt 0.20002585 0.00122094
vt 0.08369956 0.00122094
vt 0.20002585 0.10701340
vt 0.05046455 0.00122094
vt 0.08369956 0.04362539
vt 0.08369956 0.00122094
vt 0.16679084 0.00122094
vt 0.08369956 0.40270922
vt 0.16679084 0.00122094
vt 0.08369956 0.22106210
vt 0.08369956 0.00122094
vt 0.10031831 0.00662633
vt 0.05046455 0.00662633
vt 0.20002585 0.24608256
vt 0.15017208 0.24608256
vt 0.10031831 0.24608256
vt 0.05046455 0.24608256
vt 0.20002585 0.00122094
vt 0.15017208 0.00122094
vt 0.10031831 0.10701340
vt 0.05046455 0.00122094
vt 0.08369956 0.04362539
vt 0.08369956 0.00122094
vt 0.08369956 0.40270922
vt 0.08369956 0.00122094
vt 0.08369956 0.22106210
vt 0.08369956 0.00122094
vt 0.05046455 0.34409647
vt 0.15017208 0.34409647
vt 0.20002585 0.00662633
vt 0.15017208 0.00662633
vt 0.10031831 0.00662633
vt 0.05046455 0.24608256
vt 0.20002585 0.00122094
vt 0.20002585 0.10701340
vt 0.05046455 0.00662633
vt 0.10031831 0.00122094
vt 0.10031831 0.10701340
vt 0.05046455 0.10701340
vt 0.16679084 0.00122094
vt 0.08369956 0.40270922
vt 0.08369956 0.00122094
vt 0.16679084 0.00122094
vt 0.08369956 0.00122094
vt 0.05046455 0.34409647
vt 0.15017208 0.34409647
vt 0.15017208 0.00662633
vt 0.10031831 0.00662633
vt 0.15017208 0.24608256
vt 0.05046455 0.24608256
vt 0.16679084 0.00122094
vt 0.20002585 0.10701340
vt 0.05046455 0.00122094
vt 0.05046455 0.10701340
vt 0.16679084 0.00122094
vt 0.08369956 0.04362539
vt 0.08369956 0.00122094
vt 0.08369956 0.00122094
vt 0.15017208 0.00662633
vt 0.20002585 0.24608256
vt 0.15017208 0.24608256
vt 0.10031831 0.24608256
vt 0.05046455 0.24608256
vt 0.20002585 0.10701340
vt 0.15017208 0.00122094
vt 0.10031831 0.00662633
vt 0.10031831 0.00122094
vt 0.10031831 0.10701340
vt 0.05046455 0.00122094
vt 0.05046455 0.10701340
vt 0.08369956 0.04362539
vt 0.08369956 0.00122094
vt 0.08369956 0.40270922
vt 0.08369956 0.00122094
vt 0.16679084 0.00122094
vt 0.05046455 0.34409647
vt 0.15017208 0.34409647
vt 0.15017208 0.00662633
vt 0.15017208 0.24608256
vt 0.15017208 0.10701340
vt 0.10031831 0.10701340
vt 0.05046455 0.00122094
vt 0.16679084 0.00122094
vt 0.08369956 0.00122094
vt 0.08369956 0.00122094
vt 0.16679084 0.00122094
vt 0.08369956 0.40270922
vt 0.16679084 0.00122094
vt 0.08369956 0.22106210
vt 0.10031831 0.00662633
vt 0.05046455 0.00662633
vt 0.20002585 0.24608256
vt 0.20002585 0.00122094
vt 0.20002585 0.10701340
vt 0.15017208 0.00122094
vt 0.15017208 0.10701340
vt 0.16679084 0.00122094
vt 0.08369956 0.04362539
vt 0.08369956 0.00122094
vt 0.08369956 0.00122094
vt 0.16679084 0.00122094
vt 0.08369956 0.22106210
vt 0.08369956 0.00122094
vt 0.20002585 0.00662633
vt 0.10031831 0.00662633
vt 0.05046455 0.00662633
vt 0.15017208 0.24608256
vt 0.10031831 0.24608256
vt 0.20002585 0.00122094
vt 0.20002585 0.10701340
vt 0.10031831 0.00122094
vt 0.10031831 0.10701340
vt 0.05046455 0.10701340
vt 0.08369956 0.04362539
vt 0.08369956 0.00122094
vt 0.08369956 0.00122094
vt 0.16679084 0.00122094
vt 0.08369956 0.00122094
vt 0.05046455 0.34409647
vt 0.15017208 0.34409647
vt 0.15017208 0.00662633
vt 0.05046455 0.00662633
vt 0.20002585 0.24608256
vt 0.15017208 0.24608256
vt 0.05046455 0.24608256
vt 0.20002585 0.00122094
vt 0.15017208 0.10701340
vt 0.05046455 0.00122094
vt 0.05046455 0.10701340
vt 0.05046455 0.10701340
vt 0.08369956 0.00122094
vt 0.08369956 0.22106210
vt 0.08369956 0.00122094
vt 0.10031831 0.00662633
vt 0.05046455 0.34409647
vt 0.15017208 0.34409647
vt 0.20002585 0.00662633
vt 0.15017208 0.00662633
vt 0.10031831 0.00662633
vt 0.10031831 0.24608256
vt 0.20002585 0.00122094
vt 0.20002585 0.10701340
vt 0.15017208 0.00122094
vt 0.15017208 0.10701340
vt 0.10031831 0.00122094
vt 0.05046455 0.00122094
vt 0.05046455 0.24608256
vt 0.08369956 0.04362539
vt 0.08369956 0.00122094
vt 0.16679084 0.00122094
vt 0.08369956 0.40270922
vt 0.16679084 0.00122094
vt 0.20002585 0.10701340
vt 0.08369956 0.22106210
vt 0.05046455 0.34409647
vt 0.15017208 0.34409647
vt 0.15017208 0.00662633
vt 0.10031831 0.00662633
vt 0.15017208 0.00122094
vt 0.20002585 0.24608256
vt 0.15017208 0.24608256
vt 0.10031831 0.24608256
vt 0.20002585 0.00122094
vt 0.20002585 0.10701340
vt 0.15017208 0.10701340
vt 0.10031831 0.10701340
vt 0.05046455 0.00122094
vt 0.08369956 0.04362539
vt 0.08369956 0.00122094
vt 0.08369956 0.00122094
vt 0.05046455 0.34409647
vt 0.15017208 0.34409647
vt 0.20002585 0.00662633
vt 0.15017208 0.00662633
vt 0.10031831 0.00662633
vt 0.20002585 0.24608256
vt 0.20002585 0.00122094
vt 0.10031831 0.10701340
vt 0.05046455 0.10701340
vt 0.16679084 0.00122094
vt 0.08369956 0.04362539
vt 0.16679084 0.00122094
vt 0.08369956 0.40270922
vt 0.08369956 0.00122094
vt 0.08369956 0.00122094
vt 0.10031831 0.10701340
vt 0.16679084 0.00122094
vt 0.08369956 0.00122094
vt 0.05046455 0.34409647
vt 0.15017208 0.34409647
vt 0.15017208 0.00662633
vt 0.08369956 0.00122094
vt 0.05046455 0.00662633
vt 0.20002585 0.00122094
vt 0.20002585 0.24608256
vt 0.05046455 0.24608256
vt 0.20002585 0.00122094
vt 0.15017208 0.00122094
vt 0.15017208 0.10701340
vt 0.08369956 0.00122094
vt 0.10031831 0.10701340
vt 0.08369956 0.00122094
vt 0.20002585 0.00662633
vt 0.15017208 0.00662633
vt 0.10031831 0.00122094
vt 0.10031831 0.00662633
vt 0.20002585 0.24608256
vt 0.15017208 0.24608256
vt 0.20002585 0.10701340
vt 0.10031831 0.00122094
vt 0.05046455 0.10701340
vt 0.05046455 0.00662633
vt 0.08369956 0.00122094
vt 0.16679084 0.00122094
vt 0.16679084 0.00122094
vt 0.08369956 0.00122094
vt 0.20002585 0.00662633
vt 0.15017208 0.00662633
vt 0.10031831 0.00662633
vt 0.05046455 0.00662633
vt 0.20002585 0.24608256
vt 0.15017208 0.24608256
vt 0.05046455 0.24608256
vt 0.10031831 0.24608256
vt 0.20002585 0.00122094
vt 0.15017208 0.00122094
vt 0.10031831 0.00122094
vt 0.05046455 0.10701340
vt 0.10031831 0.00662633
vt 0.16679084 0.00122094
vt 0.08369956 0.04362539
vt 0.16679084 0.00122094
vt 0.15017208 0.00122094
vt 0.08369956 0.40270922
vt 0.08369956 0.00122094
vt 0.16679084 0.00122094
vt 0.08369956 0.22106210
vt 0.20002585 0.10701340
vt 0.08369956 0.00122094
vt 0.05046455 0.34409647
vt 0.15017208 0.34409647
vt 0.08369956 0.04362539
vt 0.20002585 0.24608256
vt 0.05046455 0.24608256
vt 0.20002585 0.00122094
vt 0.15017208 0.00122094
vt 0.15017208 0.10701340
vt 0.10031831 0.00122094
vt 0.05046455 0.00122094
vt 0.10031831 0.10701340
vt 0.16679084 0.00122094
vt 0.08369956 0.04362539
vt 0.16679084 0.00122094
vt 0.16679084 0.00122094
vt 0.08369956 0.40270922
vt 0.08369956 0.00122094
vt 0.08369956 0.22106210
vt 0.05046455 0.34409647
vt 0.15017208 0.34409647
vt 0.15017208 0.00662633
vt 0.16679084 0.00122094
vt 0.10031831 0.00662633
vt 0.05046455 0.00662633
vt 0.20002585 0.24608256
vt 0.15017208 0.24608256
vt 0.10031831 0.10701340
vt 0.08369956 0.04362539
vt 0.16679084 0.00122094
vt 0.08369956 0.04362539
vt 0.05046455 0.00122094
vt 0.08369956 0.00122094
vt 0.16679084 0.00122094
vt 0.08369956 0.22106210
vt 0.15017208 0.00122094
vt 0.08369956 0.00122094
vt 0.20002585 0.00662633
vt 0.15017208 0.00662633
vt 0.10031831 0.00662633
vt 0.05046455 0.00662633
vt 0.20002585 0.24608256
vt 0.15017208 0.24608256
vt 0.20002585 0.10701340
vt 0.15017208 0.00122094
vt 0.16679084 0.00122094
vt 0.08369956 0.04362539
vt 0.16679084 0.00122094
vt 0.08369956 0.22106210
vt 0.08369956 0.40270922
vt 0.05046455 0.00662633
vt 0.08369956 0.22106210
vt 0.20002585 0.00662633
vt 0.08369956 0.00122094
vt 0.05046455 0.34409647
vt 0.15017208 0.34409647
vt 0.20002585 0.00662633
vt 0.15017208 0.00662633
vt 0.05046455 0.00662633
vt 0.20002585 0.24608256
vt 0.15017208 0.24608256
vt 0.10031831 0.24608256
vt 0.05046455 0.24608256
vt 0.20002585 0.00122094
vt 0.20002585 0.10701340
vt 0.15017208 0.10701340
vt 0.10031831 0.00122094
vt 0.10031831 0.10701340
vt 0.05046455 0.00122094
vt 0.08369956 0.04362539
vt 0.16679084 0.00122094
vt 0.08369956 0.40270922
vt 0.15017208 0.10701340
vt 0.08369956 0.00122094
vt 0.16679084 0.00122094
vt 0.08369956 0.22106210
vt 0.08369956 0.00122094
vt 0.16679084 0.00122094
vt 0.20002585 0.00662633
vt 0.15017208 0.00122094
vt 0.15017208 0.00662633
vt 0.10031831 0.00662633
vt 0.08369956 0.40270922
vt 0.05046455 0.00662633
vt 0.20002585 0.24608256
vt 0.15017208 0.24608256
vt 0.20002585 0.00122094
vt 0.20002585 0.10701340
vt 0.08369956 0.04362539
vt 0.15017208 0.00122094
vt 0.15017208 0.10701340
vt 0.10031831 0.00122094
vt 0.10031831 0.10701340
vt 0.05046455 0.00122094
vt 0.05046455 0.00662633
vt 0.16679084 0.00122094
vt 0.08369956 0.04362539
vt 0.08369956 0.00122094
vt 0.08369956 0.00122094
vt 0.16679084 0.00122094
vt 0.08369956 0.22106210
vt 0.05046455 0.34409647
vt 0.15017208 0.34409647
vt 0.08369956 0.00122094
vt 0.05046455 0.34409647
vt 0.15017208 0.34409647
vt 0.05046455 0.34409647
vt 0.15017208 0.34409647
vt 0.20002585 0.00662633
vt 0.15017208 0.00662633
vt 0.05046455 0.00662633
vt 0.15017208 0.24608256
vt 0.20002585 0.24608256
vt 0.20002585 0.10701340
vt 0.15017208 0.00122094
vt 0.15017208 0.10701340
vt 0.10031831 0.10701340
vt 0.05046455 0.10701340
vt 0.08369956 0.04362539
vt 0.20002585 0.00662633
vt 0.08369956 0.00122094
vt 0.16679084 0.00122094
vt 0.08369956 0.00122094
vt 0.08369956 0.00122094
vt 0.05046455 0.10701340
vt 0.05046455 0.34409647
vt 0.15017208 0.34409647
vt 0.15017208 0.00662633
vt 0.10031831 0.00662633
vt 0.05046455 0.00662633
vt 0.20002585 0.24608256
vt 0.15017208 0.24608256
vt 0.05046455 0.24608256
vt 0.20002585 0.00122094
vt 0.20002585 0.10701340
vt 0.15017208 0.00122094
vt 0.10031831 0.00122094
vt 0.10031831 0.10701340
vt 0.05046455 0.00122094
vt 0.16679084 0.00122094
vt 0.08369956 0.04362539
vt 0.16679084 0.00122094
vt 0.08369956 0.00122094
vt 0.16679084 0.00122094
vt 0.08369956 0.22106210
vt 0.08369956 0.00122094
vt 0.15017208 0.00662633
vt 0.10031831 0.00662633
vt 0.05046455 0.00662633
vt 0.08369956 0.40270922
vt 0.20002585 0.24608256
vt 0.15017208 0.24608256
vt 0.05046455 0.24608256
vt 0.20002585 0.10701340
vt 0.20002585 0.00122094
vt 0.10031831 0.00122094
vt 0.05046455 0.34409647
vt 0.15017208 0.34409647
vt 0.10031831 0.24608256
vt 0.05046455 0.00122094
vt 0.05046455 0.10701340
vt 0.16679084 0.00122094
vt 0.08369956 0.40270922
vt 0.08369956 0.00122094
vt 0.16679084 0.00122094
vt 0.08369956 0.00122094
vt 0.16679084 0.00122094
vt 0.05046455 0.34409647
vt 0.15017208 0.34409647
vt 0.20002585 0.00662633
vt 0.15017208 0.00662633
vt 0.10031831 0.24608256
vt 0.20002585 0.00122094
vt 0.10031831 0.00122094
vt 0.10031831 0.10701340
vt 0.05046455 0.00122094
vt 0.20002585 0.10701340
vt 0.05046455 0.10701340
vt 0.16679084 0.00122094
vt 0.08369956 0.00122094
vt 0.08369956 0.22106210
vt 0.08369956 0.40270922
vt 0.08369956 0.00122094
vt 0.05046455 0.24608256
vt 0.08369956 0.00122094
vt 0.05046455 0.34409647
vt 0.15017208 0.34409647
vt 0.20002585 0.00662633
vt 0.15017208 0.00662633
vt 0.10031831 0.00662633
vt 0.20002585 0.24608256
vt 0.15017208 0.24608256
vt 0.05046455 0.24608256
vt 0.06292737 0.16859311
vt 0.16679084 0.05541392
vt 0.05046455 0.00122094
vt 0.10031831 0.34768808
vt 0.18756303 0.26758645
vt 0.16679084 0.11985578
vt 0.16679084 0.00122094
vt 0.08369956 0.40270922
vt 0.15017208 0.00122094
vt 0.06292737 0.26758645
vt 0.21872008 0.25680699
vt 0.09408691 0.25680699
vt 0.15017208 0.00662633
vt 0.08369956 0.00519293
vt 0.10031831 0.24608256
vt 0.06292737 0.13431670
vt 0.20833522 0.01474358
vt 0.06292737 0.06868563
vt 0.04215517 0.30999000
vt 0.10031831 0.24608256
vt 0.10031831 0.00122094
vt 0.16679084 0.00122094
vt 0.20002585 0.00122094
vt 0.15017208 0.24608256
vt 0.08369956 0.00122094
vt 0.16679084 0.00122094
vt 0.18756303 0.34517569
vt 0.21872008 0.30629854
vt 0.08369956 0.00122094
vt 0.09408691 0.30629854
vt 0.10031831 0.00122094
vt 0.05046455 0.00122094
vt 0.08369956 0.00122094
vt 0.18756303 0.15873782
vt 0.20002585 0.12900188
vt 0.15017208 0.00122094
vt 0.10031831 0.00662633
vt 0.09408691 0.00122094
vt 0.03176782 0.00122094
vt 0.15017208 0.42554707
vt 0.08369956 0.31184326
vt 0.08369956 0.35682917
vt 0.16679084 0.41268468
vt 0.04215517 0.00122094
vt 0.16679084 0.43238538
vt 0.04215517 0.32629399
vt 0.12524395 0.00122094
vt 0.12524395 0.22628182
vt 0.20002585 0.10701340
vt 0.04215517 0.00122094
vt 0.04215517 0.22628182
vt 0.20002585 0.00122094
vt 0.15017208 0.10701340
vt 0.05046455 0.10701340
vt 0.05046455 0.10701340
vt 0.08369956 0.31746278
vt 0.16679084 0.24600253
vt 0.08369956 0.22106210
vt 0.08369956 0.24600253
vt 0.20002585 0.10701340
vt 0.08369956 0.12834758
vt 0.04215517 0.00122094
vt 0.04215517 0.44781029
vt 0.15017208 0.10701340
vt 0.08369956 0.00122094
vt 0.05046455 0.24608256
vt 0.16679084 0.00122094
vt 0.10031831 0.28534903
vt 0.15017208 0.00122094
vt 0.08369956 0.00122094
vt 0.16679084 0.34928154
vt 0.06292737 0.13993603
vt 0.16679084 0.44743074
vt 0.05046455 0.24885975
vt 0.05046455 0.35370227
vt 0.20002585 0.24608256
vt 0.18756303 0.03288583
vt 0.16679084 0.49049853
vt 0.05046455 0.34409647
vt 0.15017208 0.34409647
vt 0.08369956 0.45651181
vt 0.08369956 0.40270922
vt 0.16679084 0.34950639
vt 0.10031831 0.00662633
vt 0.06292737 0.00122094
vt 0.08369956 0.00122094
vt 0.20002585 0.00662633
vt 0.08369956 0.20029719
vt 0.16679084 0.01474358
vt 0.16679084 0.22628182
vt 0.04215517 0.01474358
vt 0.20833522 0.00122094
vt 0.16679084 0.00122094
vt 0.08369956 0.26095291
vt 0.15017208 0.15679982
vt 0.10031831 0.15679982
vt 0.15017208 0.19528707
vt 0.16679084 0.00122094
vt 0.05046455 0.19528707
vt 0.10031831 0.19017209
vt 0.20002585 0.18359858
vt 0.10031831 0.00122094
vt 0.16679084 0.00122094
vt 0.15017208 0.18359858
vt 0.10031831 0.18359858
vt 0.12524395 0.19330393
vt 0.15017208 0.00122094
vt 0.06292737 0.29289678
vt 0.15017208 0.10475064
vt 0.15017208 0.00662633
vt 0.15017208 0.46145190
vt 0.05046455 0.46145190
vt 0.20002585 0.27621794
vt 0.15017208 0.24608256
vt 0.15017208 0.00122094
vt 0.10031831 0.10633410
vt 0.06292737 0.34761829
vt 0.20002585 0.28248687
vt 0.05046455 0.27621794
vt 0.15017208 0.10701340
vt 0.20002585 0.00122094
vt 0.15017208 0.00122094
vt 0.15017208 0.22100696
vt 0.05046455 0.00662633
vt 0.10031831 0.19528707
vt 0.18756303 0.19693555
vt 0.10031831 0.24608256
vt 0.15017208 0.34768808
vt 0.20002585 0.19576654
vt 0.10031831 0.24608256
vt 0.12524395 0.00122094
vt 0.05046455 0.34768808
vt 0.20002585 0.31555444
vt 0.08369956 0.41268468
vt 0.18756303 0.00122094
vt 0.12524395 0.24842518
vt 0.20002585 0.10633410
vt 0.10031831 0.00662633
vt 0.10031831 0.19942805
vt 0.05046455 0.19942805
vt 0.15017208 0.27801112
vt 0.03176782 0.00122094
vt 0.20002585 0.15256387
vt 0.08369956 0.00122094
vt 0.01099563 0.42737026
vt 0.10031831 0.10701340
vt 0.10031831 0.34763317
vt 0.05046455 0.10701340
vt 0.05046455 0.10701340
vt 0.05046455 0.00122094
vt 0.05046455 0.34763317
vt 0.08369956 0.00122094
vt 0.09408691 0.00122094
vt 0.16679084 0.00122094
vt 0.20002585 0.13974144
vt 0.18756303 0.06704750
vt 0.05046455 0.13974144
vt 0.05046455 0.00662633
vt 0.08369956 0.00122094
vt 0.10031831 0.24885975
vt 0.05046455 0.05470460
vt 0.10031831 0.46389461
vt 0.20002585 0.35938180
vt 0.05046455 0.00662633
vt 0.20002585 0.25571801
vt 0.16679084 0.00122094
vt 0.05046455 0.45042271
vt 0.08369956 0.33686372
vt 0.05046455 0.06485965
vt 0.06292737 0.02321525
vt 0.05046455 0.46667186
vt 0.20002585 0.19143584
vt 0.20002585 0.00122094
vt 0.20833522 0.22628182
vt 0.10031831 0.19143584
vt 0.05046455 0.24608256
vt 0.05046455 0.00662633
vt 0.20002585 0.36441175
vt 0.05046455 0.34409647
vt 0.15017208 0.34409647
vt 0.20833522 0.24842518
vt 0.20002585 0.18700011
vt 0.20002585 0.00122094
vt 0.08369956 0.00122094
vt 0.15017208 0.00662633
vt 0.10031831 0.10475064
vt 0.20002585 0.45042271
vt 0.08369956 0.01358969
vt 0.08369956 0.40270922
vt 0.05046455 0.34409647
vt 0.15017208 0.34409647
vt 0.05046455 0.00122094
vt 0.10031831 0.10507029
vt 0.08369956 0.21151633
vt 0.20002585 0.35538052
vt 0.10031831 0.10701340
vt 0.15017208 0.35538052
vt 0.15017208 0.46583261
vt 0.06292737 0.30629854
vt 0.08369956 0.04362539
vt 0.08369956 0.22106210
vt 0.10031831 0.35538052
vt 0.05046455 0.46313028
vt 0.15017208 0.10701340
vt 0.08369956 0.40270922
vt 0.05046455 0.44947366
vt 0.05046455 0.10475064
vt 0.05046455 0.13071027
vt 0.20002585 0.19965778
vt 0.15017208 0.27621794
vt 0.16679084 0.00122094
vt 0.20002585 0.00662633
vt 0.15017208 0.10701340
vt 0.20002585 0.15679982
vt 0.15017208 0.19965778
vt 0.10031831 0.19965778
vt 0.10031831 0.24608256
vt 0.20002585 0.00662633
vt 0.10031831 0.01187142
vt 0.05046455 0.01187142
vt 0.20002585 0.28731216
vt 0.15017208 0.28731216
vt 0.08369956 0.22106210
vt 0.15017208 0.02597761
vt 0.20002585 0.23574756
vt 0.15017208 0.23574756
vt 0.16679084 0.00122094
vt 0.20002585 0.24608256
vt 0.20002585 0.00122094
vt 0.10031831 0.23574756
vt 0.08369956 0.24842518
vt 0.10031831 0.04485419
vt 0.15017208 0.09153854
vt 0.05046455 0.09153854
vt 0.05046455 0.00122094
vt 0.08369956 0.00122094
vt 0.20002585 0.24885975
vt 0.16679084 0.00122094
vt 0.18756303 0.25680699
vt 0.24987961 0.24885975
vt 0.15017208 0.34763317
vt 0.20002585 0.37628019
vt 0.05046455 0.00122094
vt 0.15017208 0.00122094
vt 0.08369956 0.40270922
vt 0.15017208 0.37628019
vt 0.08369956 0.49049853
vt 0.15017208 0.19942805
vt 0.10031831 0.02493364
vt 0.06292737 0.07507472
vt 0.20002585 0.00122094
vt 0.20002585 0.10701340
vt 0.08369956 0.00122094
vt 0.20002585 0.10701340
vt 0.20002585 0.27801112
vt 0.18756303 0.16285379
vt 0.15017208 0.10701340
vt 0.16679084 0.00519293
vt 0.05046455 0.00662633
vt 0.10031831 0.46667186
vt 0.05046455 0.19809933
vt 0.16679084 0.00122094
vt 0.08369956 0.00122094
vt 0.18756303 0.00122094
vt 0.18756303 0.13431670
vt 0.10031831 0.24608256
vt 0.06292737 0.00122094
vt 0.16679084 0.00122094
vt 0.10031831 0.00122094
vt 0.12524395 0.19673565
vt 0.06292737 0.17533163
vt 0.20002585 0.02597761
vt 0.20002585 0.00122094
vt 0.08369956 0.34928154
vt 0.10031831 0.13974144
vt 0.16679084 0.11352701
vt 0.20833522 0.00122094
vt 0.20002585 0.00122094
vt 0.10031831 0.00122094
vt 0.15017208 0.00122094
vt 0.08369956 0.28599344
vt 0.10031831 0.00122094
vt 0.20833522 0.32629399
vt 0.15017208 0.06485965
vt 0.12524395 0.00122094
vt 0.16679084 0.32895643
vt 0.16679084 0.35682917
vt 0.18756303 0.49079841
vt 0.05046455 0.07312660
vt 0.18756303 0.02356491
vt 0.15017208 0.00122094
vt 0.10031831 0.09153854
vt 0.08369956 0.11352701
vt 0.10031831 0.24608256
vt 0.06292737 0.00122094
vt 0.06292737 0.12941650
vt 0.12524395 0.00122094
vt 0.08369956 0.04362539
vt 0.05046455 0.00122094
vt 0.04215517 0.32737297
vt 0.10031831 0.24608256
vt 0.08369956 0.21557228
vt 0.15017208 0.24608256
vt 0.20002585 0.00662633
vt 0.08369956 0.22106210
vt 0.08369956 0.06067353
vt 0.07331471 0.07924553
vt 0.10031831 0.02509347
vt 0.05046455 0.25306057
vt 0.08369956 0.00122094
vt 0.16679084 0.00122094
vt 0.10031831 0.46145190
vt 0.05046455 0.15256387
vt 0.10031831 0.10701340
vt 0.06292737 0.44662639
vt 0.20002585 0.25306057
vt 0.12524395 0.02981383
vt 0.10031831 0.24608256
vt 0.03176782 0.00122094
vt 0.08369956 0.44781029
vt 0.05046455 0.12900188
vt 0.05046455 0.42530721
vt 0.06292737 0.25680699
vt 0.08369956 0.01474358
vt 0.05046455 0.00122094
vt 0.10031831 0.05847585
vt 0.18756303 0.20799475
vt 0.10031831 0.24608256
vt 0.18756303 0.20800464
vt 0.08369956 0.00122094
vt 0.15017208 0.00662633
vt 0.10031831 0.27801112
vt 0.20002585 0.00662633
vt 0.05046455 0.00122094
vt 0.05046455 0.02493364
vt 0.15017208 0.00662633
vt 0.16679084 0.00122094
vt 0.08369956 0.00122094
vt 0.10031831 0.27658260
vt 0.16679084 0.45651181
vt 0.16679084 0.21151633
vt 0.12524395 0.04056827
vt 0.12524395 0.09110414
vt 0.12524395 0.09110414
vt 0.10031831 0.10701340
vt 0.20002585 0.35319779
vt 0.10031831 0.10701340
vt 0.16679084 0.00122094
vt 0.06292737 0.03386990
vt 0.10031831 0.10701340
vt 0.10031831 0.16782896
vt 0.05046455 0.00122094
vt 0.16679084 0.17650541
vt 0.05046455 0.24608256
vt 0.20002585 0.05847585
vt 0.16679084 0.00122094
vt 0.08369956 0.22106210
vt 0.15017208 0.10701340
vt 0.20833522 0.04463458
vt 0.06292737 0.19693555
vt 0.18756303 0.00122094
vt 0.15017208 0.42530721
vt 0.08369956 0.22106210
vt 0.15017208 0.31555444
vt 0.08369956 0.40270922
vt 0.06292737 0.02981383
vt 0.20002585 0.00662633
vt 0.08369956 0.32629399
vt 0.16679084 0.31746278
vt 0.05046455 0.00122094
vt 0.10031831 0.31555444
vt 0.08369956 0.00122094
vt 0.08369956 0.00122094
vt 0.18756303 0.07924553
vt 0.06292737 0.27398507
vt 0.12524395 0.31530482
vt 0.05046455 0.15679982
vt 0.10031831 0.24608256
vt 0.10031831 0.10512519
vt 0.12524395 0.31941078
vt 0.10031831 0.00662633
vt 0.12524395 0.06868563
vt 0.18756303 0.30644848
vt 0.20002585 0.19528707
vt 0.06292737 0.05399016
vt 0.12524395 0.20284470
vt 0.05046455 0.15494150
vt 0.15017208 0.10701340
vt 0.05046455 0.10701340
vt 0.05046455 0.34409647
vt 0.15017208 0.34409647
vt 0.15017208 0.05470460
vt 0.10031831 0.00122094
vt 0.10031831 0.10701340
vt 0.16679084 0.00122094
vt 0.15017208 0.00662633
vt 0.06292737 0.48247632
vt 0.05046455 0.00122094
vt 0.04215517 0.26095291
vt 0.10031831 0.10701340
vt 0.05046455 0.00122094
vt 0.12524395 0.01474358
vt 0.05046455 0.00122094
vt 0.12524395 0.44781029
vt 0.04215517 0.06067353
vt 0.18756303 0.39286893
vt 0.20833522 0.00431378
vt 0.12524395 0.16285379
vt 0.05046455 0.36441175
vt 0.12524395 0.17978725
vt 0.10031831 0.06040891
vt 0.08369956 0.00122094
vt 0.10031831 0.00122094
vt 0.10031831 0.00122094
vt 0.18756303 0.30629854
vt 0.15017208 0.24608256
vt 0.15017208 0.10701340
vt 0.06292737 0.15873782
vt 0.15017208 0.00122094
vt 0.10031831 0.24608256
vt 0.10031831 0.10701340
vt 0.06292737 0.39286893
vt 0.10031831 0.28731216
vt 0.04215517 0.46484355
vt 0.06292737 0.09857174
vt 0.15017208 0.10701340
vt 0.08369956 0.00122094
vt 0.20002585 0.15494150
vt 0.06292737 0.30644848
vt 0.11485910 0.07924553
vt 0.18756303 0.30999000
vt 0.16679084 0.00122094
vt 0.18756303 0.00122094
vt 0.18756303 0.00122094
vt 0.06292737 0.19608642
vt 0.05046455 0.10701340
vt 0.08369956 0.00122094
vt 0.08369956 0.00122094
vt 0.08369956 0.00122094
vt 0.12524395 0.03386990
vt 0.15017208 0.45042271
vt 0.04215517 0.20284470
vt 0.15017208 0.46667186
vt 0.05046455 0.42554707
vt 0.16679084 0.06067353
vt 0.15017208 0.12446635
vt 0.08369956 0.43238538
vt 0.05046455 0.00662633
vt 0.20833522 0.34222862
vt 0.05046455 0.34409647
vt 0.15017208 0.34409647
vt 0.20833522 0.44781029
vt 0.16679084 0.00122094
vt 0.10031831 0.24608256
vt 0.12524395 0.30644848
vt 0.10031831 0.00662633
vt 0.08369956 0.40270922
vt 0.15017208 0.05847585
vt 0.06292737 0.11465589
vt 0.08369956 0.40270922
vt 0.18756303 0.17533163
vt 0.15017208 0.10701340
vt 0.20002585 0.00122094
vt 0.08369956 0.44743074
vt 0.08369956 0.34222862
vt 0.18756303 0.27228180
vt 0.05046455 0.28559377
vt 0.05046455 0.10701340
vt 0.03176782 0.00122094
vt 0.16679084 0.25068288
vt 0.05046455 0.28396041
vt 0.06292737 0.12847739
vt 0.08369956 0.00122094
vt 0.20833522 0.39753940
vt 0.16679084 0.00122094
vt 0.04215517 0.00122094
vt 0.16679084 0.00122094
vt 0.12524395 0.09857174
vt 0.18756303 0.48014865
vt 0.10031831 0.46583261
vt 0.15017208 0.10633410
vt 0.08369956 0.00122094
vt 0.15017208 0.19143584
vt 0.20002585 0.10701340
vt 0.05046455 0.10701340
vt 0.16679084 0.00122094
vt 0.06292737 0.27228180
vt 0.20002585 0.34763317
vt 0.20833522 0.12214356
vt 0.16679084 0.00122094
vt 0.20002585 0.42554707
vt 0.15017208 0.00662633
vt 0.10031831 0.27621794
vt 0.15017208 0.15256387
vt 0.15017208 0.00122094
vt 0.18756303 0.17978725
vt 0.12524395 0.48605280
vt 0.06292737 0.00122094
vt 0.18756303 0.27398507
vt 0.11485910 0.42737026
vt 0.18756303 0.19330393
vt 0.08369956 0.00122094
vt 0.15017208 0.00122094
vt 0.08369956 0.31001495
vt 0.20002585 0.28534903
vt 0.08369956 0.00122094
vt 0.05046455 0.28731216
vt 0.10031831 0.10701340
vt 0.15017208 0.10701340
vt 0.20002585 0.09153854
vt 0.16679084 0.19673565
vt 0.18756303 0.39753940
vt 0.10031831 0.00662633
vt 0.05046455 0.24608256
vt 0.05046455 0.10701340
vt 0.08369956 0.00122094
vt 0.08369956 0.00122094
vt 0.10031831 0.10701340
vt 0.10031831 0.24608256
vt 0.06292737 0.00122094
vt 0.12524395 0.49079841
vt 0.10031831 0.00662633
vt 0.10031831 0.02597761
vt 0.15017208 0.31029458
vt 0.05046455 0.34409647
vt 0.15017208 0.34409647
vt 0.08369956 0.20284470
vt 0.05046455 0.25571801
vt 0.10031831 0.02370484
vt 0.10031831 0.00122094
vt 0.06292737 0.04056827
vt 0.20002585 0.06040891
vt 0.10031831 0.37628019
vt 0.18756303 0.04056827
vt 0.12524395 0.00122094
vt 0.16679084 0.00122094
vt 0.20002585 0.00662633
vt 0.16679084 0.34222862
vt 0.12524395 0.49092322
vt 0.12524395 0.36145974
vt 0.20002585 0.10701340
vt 0.06292737 0.42017729
vt 0.12524395 0.42017729
vt 0.16679084 0.24842518
vt 0.15017208 0.24608256
vt 0.16679084 0.00122094
vt 0.01099563 0.30999000
vt 0.08369956 0.00122094
vt 0.15017208 0.06294642
vt 0.05046455 0.24608256
vt 0.08369956 0.40270922
vt 0.15017208 0.24885975
vt 0.15017208 0.24885975
vt 0.15017208 0.12900188
vt 0.15017208 0.24608256
vt 0.16679084 0.26095291
vt 0.16679084 0.00122094
vt 0.05046455 0.10701340
vt 0.20002585 0.24608256
vt 0.10031831 0.24608256
vt 0.16679084 0.00122094
vt 0.06292737 0.01901443
vt 0.10031831 0.00122094
vt 0.05046455 0.35538052
vt 0.16679084 0.00122094
vt 0.10031831 0.10701340
vt 0.15017208 0.36441175
vt 0.16679084 0.00122094
vt 0.20002585 0.16782896
vt 0.10031831 0.24608256
vt 0.09408691 0.30999000
vt 0.15017208 0.00122094
vt 0.18756303 0.03837554
vt 0.16679084 0.44781029
vt 0.06292737 0.17978725
vt 0.12524395 0.11352701
vt 0.12524395 0.13993603
vt 0.15017208 0.04485419
vt 0.05046455 0.34409647
vt 0.15017208 0.34409647
vt 0.18756303 0.02981383
vt 0.10031831 0.00122094
vt 0.15017208 0.00122094
vt 0.05046455 0.15218920
vt 0.16679084 0.00122094
vt 0.05046455 0.00122094
vt 0.05046455 0.18359858
vt 0.20002585 0.06485965
vt 0.20002585 0.10701340
vt 0.16679084 0.31001495
vt 0.18756303 0.48247632
vt 0.05046455 0.27658260
vt 0.05046455 0.00122094
vt 0.04215517 0.02321525
vt 0.05046455 0.23574756
vt 0.18756303 0.16859311
vt 0.12524395 0.29991980
vt 0.12524395 0.02321525
vt 0.12524395 0.32746777
vt 0.16679084 0.02321525
vt 0.05046455 0.23586749
vt 0.20002585 0.28559377
vt 0.10031831 0.10701340
vt 0.08369956 0.00122094
vt 0.20002585 0.00662633
vt 0.12524395 0.03288583
vt 0.20002585 0.46389461
vt 0.08369956 0.22106210
vt 0.20002585 0.28396041
vt 0.15017208 0.25571801
vt 0.08369956 0.04362539
vt 0.05046455 0.31555444
vt 0.05046455 0.34409647
vt 0.15017208 0.34409647
vt 0.08369956 0.00122094
vt 0.10031831 0.00662633
vt 0.04215517 0.18780446
vt 0.16679084 0.00122094
vt 0.15017208 0.02493364
vt 0.18756303 0.48605280
vt 0.18756303 0.44431372
vt 0.16679084 0.00122094
vt 0.18756303 0.07507472
vt 0.15017208 0.00122094
vt 0.15017208 0.10701340
vt 0.08369956 0.00122094
vt 0.08369956 0.09110414
vt 0.08369956 0.09110414
vt 0.08369956 0.04362539
vt 0.04215517 0.34222862
vt 0.15017208 0.00122094
vt 0.15017208 0.44947366
vt 0.05046455 0.24608256
vt 0.08369956 0.22106210
vt 0.05046455 0.24608256
vt 0.04215517 0.12214356
vt 0.12524395 0.26095291
vt 0.08369956 0.40270922
vt 0.05046455 0.00662633
vt 0.18756303 0.00122094
vt 0.16679084 0.00122094
vt 0.18756303 0.31365133
vt 0.10031831 0.00122094
vt 0.10031831 0.36441175
vt 0.12524395 0.00122094
vt 0.20833522 0.00122094
vt 0.08369956 0.04362539
vt 0.05046455 0.24608256
vt 0.12524395 0.25068288
vt 0.20833522 0.20284470
vt 0.12524395 0.12214356
vt 0.08369956 0.22106210
vt 0.08369956 0.22106210
vt 0.01099563 0.31941078
vt 0.05046455 0.10701340
vt 0.08369956 0.22628182
vt 0.05046455 0.00662633
vt 0.12524395 0.20799475
vt 0.05046455 0.10507029
vt 0.16679084 0.00122094
vt 0.05046455 0.00662633
vt 0.23949227 0.42737026
vt 0.12524395 0.12847739
vt 0.10031831 0.00662633
vt 0.04215517 0.00431378
vt 0.12524395 0.19693555
vt 0.16679084 0.00431378
vt 0.12524395 0.06067353
vt 0.20833522 0.00122094
vt 0.10031831 0.42554707
vt 0.12524395 0.44431372
vt 0.12524395 0.34222862
vt 0.05046455 0.46389461
vt 0.10031831 0.27646768
vt 0.04215517 0.04463458
vt 0.08369956 0.40270922
vt 0.06292737 0.44431372
vt 0.08369956 0.25068288
vt 0.12524395 0.04463458
vt 0.08369956 0.04362539
vt 0.15017208 0.00122094
vt 0.08369956 0.11985578
vt 0.16679084 0.20029719
vt 0.16679084 0.04463458
vt 0.20002585 0.42530721
vt 0.18756303 0.12847739
vt 0.20833522 0.06067353
vt 0.05046455 0.19143584
vt 0.16679084 0.00122094
vt 0.05046455 0.06233702
vt 0.16679084 0.00122094
vt 0.08369956 0.00122094
vt 0.16679084 0.00122094
vt 0.10031831 0.00122094
vt 0.03176782 0.14121997
vt 0.10031831 0.22100696
vt 0.16679084 0.20284470
vt 0.20002585 0.05470460
vt 0.08369956 0.40270922
vt 0.08369956 0.00122094
vt 0.10031831 0.28559377
vt 0.15017208 0.13974144
vt 0.08369956 0.34950639
vt 0.08369956 0.00122094
vt 0.05046455 0.16782896
vt 0.08369956 0.12214356
vt 0.20002585 0.24608256
vt 0.18756303 0.05399016
vt 0.00061078 0.09110414
vt 0.24987961 0.09110414
vt 0.20002585 0.00662633
vt 0.10031831 0.24608256
vt 0.15017208 0.24608256
vt 0.10031831 0.45042271
vt 0.20833522 0.09110414
vt 0.20833522 0.09110414
vt 0.10031831 0.12900188
vt 0.15017208 0.00122094
vt 0.08369956 0.22106210
vt 0.15017208 0.27658260
vt 0.06292737 0.28255178
vt 0.05046455 0.00662633
vt 0.10031831 0.00122094
vt 0.05046455 0.05847585
vt 0.20002585 0.00122094
vt 0.10031831 0.00662633
vt 0.06292737 0.00122094
vt 0.08369956 0.00122094
vt 0.04215517 0.09110414
vt 0.04215517 0.09110414
vt 0.15017208 0.00662633
vt 0.06292737 0.48588297
vt 0.18756303 0.03386990
vt 0.15017208 0.24608256
vt 0.16679084 0.19709037
vt 0.20002585 0.10701340
vt 0.06292737 0.29992493
vt 0.05046455 0.00662633
vt 0.04215517 0.00122094
vt 0.15017208 0.00122094
vt 0.06292737 0.48605280
vt 0.05046455 0.28248687
vt 0.06292737 0.16285379
vt 0.16679084 0.00122094
vt 0.08369956 0.04362539
vt 0.16679084 0.00122094
vt 0.15017208 0.28248687
vt 0.15017208 0.24608256
vt 0.06292737 0.19330393
vt 0.15017208 0.00662633
vt 0.12524395 0.27398507
vt 0.09408691 0.00122094
vt 0.15017208 0.18700011
vt 0.15017208 0.10701340
vt 0.18756303 0.00122094
vt 0.20002585 0.10701340
vt 0.12524395 0.03597284
vt 0.18756303 0.01901443
vt 0.05046455 0.10633410
vt 0.18756303 0.31941078
vt 0.18756303 0.14121997
vt 0.15017208 0.02509347
vt 0.15017208 0.33884186
vt 0.08369956 0.00122094
vt 0.18756303 0.12941650
vt 0.08369956 0.40270922
vt 0.18756303 0.24929932
vt 0.18756303 0.29289678
vt 0.05046455 0.00122094
vt 0.05046455 0.35319779
vt 0.06292737 0.02356491
vt 0.20002585 0.00122094
vt 0.16679084 0.00122094
vt 0.20002585 0.01187142
vt 0.15017208 0.00662633
vt 0.08369956 0.19673565
vt 0.10031831 0.24608256
vt 0.06292737 0.03288583
vt 0.18756303 0.09857174
vt 0.18756303 0.49092322
vt 0.09408691 0.13431670
vt 0.08369956 0.00122094
vt 0.08369956 0.04362539
vt 0.03176782 0.00122094
vt 0.20002585 0.00662633
vt 0.06292737 0.00122094
vt 0.06292737 0.08759740
vt 0.15017208 0.00122094
vt 0.10031831 0.13071027
vt 0.09408691 0.08759740
vt 0.09408691 0.00122094
vt 0.05046455 0.10701340
vt 0.12524395 0.00122094
vt 0.10031831 0.00122094
vt 0.06292737 0.48014865
vt 0.08369956 0.05541392
vt 0.15017208 0.24608256
vt 0.08369956 0.04362539
vt 0.20002585 0.24608256
vt 0.08369956 0.00122094
vt 0.05046455 0.00662633
vt 0.06292737 0.03837554
vt 0.20002585 0.00662633
vt 0.06292737 0.09734294
vt 0.12524395 0.09734294
vt 0.15017208 0.24608256
vt 0.18756303 0.09734294
vt 0.05046455 0.24608256
vt 0.05046455 0.19576654
vt 0.12524395 0.00122094
vt 0.03176782 0.11465589
vt 0.18756303 0.37681462
vt 0.06292737 0.00122094
vt 0.09408691 0.00122094
vt 0.12524395 0.32629399
vt 0.10031831 0.44947366
vt 0.08369956 0.00122094
vt 0.06292737 0.14121997
vt 0.05046455 0.34409647
vt 0.15017208 0.34409647
vt 0.06292737 0.04742159
vt 0.08369956 0.00122094
vt 0.18756303 0.04742159
vt 0.20002585 0.00662633
vt 0.15017208 0.10512519
vt 0.06292737 0.34517569
vt 0.18756303 0.45457869
vt 0.15017208 0.24608256
vt 0.05046455 0.00662633
vt 0.06292737 0.20799475
vt 0.18756303 0.29992493
vt 0.06292737 0.32746777
vt 0.05046455 0.24608256
vt 0.20002585 0.00662633
vt 0.18756303 0.32746777
vt 0.12524395 0.29992493
vt 0.05046455 0.20920855
vt 0.06292737 0.00122094
vt 0.10031831 0.24608256
vt 0.15017208 0.10701340
vt 0.05046455 0.00662633
vt 0.05046455 0.02370484
vt 0.03176782 0.00122094
vt 0.05046455 0.00122094
vt 0.09408691 0.00122094
vt 0.15017208 0.16782896
vt 0.20002585 0.10701340
vt 0.10031831 0.10701340
vt 0.20002585 0.19942805
vt 0.10031831 0.24608256
vt 0.08369956 0.04362539
vt 0.15017208 0.28534903
vt 0.20002585 0.27646768
vt 0.10031831 0.31029458
vt 0.06292737 0.11518044
vt 0.20002585 0.10701340
vt 0.10031831 0.00662633
vt 0.05046455 0.00122094
vt 0.05046455 0.00662633
vt 0.18756303 0.11518044
vt 0.06292737 0.06704750
vt 0.05046455 0.24608256
vt 0.06292737 0.37681462
vt 0.12524395 0.37681462
vt 0.15017208 0.10701340
vt 0.10031831 0.25571801
vt 0.12524395 0.07507472
vt 0.05046455 0.34409647
vt 0.15017208 0.34409647
vt 0.18756303 0.13993603
vt 0.04215517 0.11352701
vt 0.06292737 0.31530482
vt 0.16679084 0.00122094
vt 0.08369956 0.00122094
vt 0.06292737 0.31365133
vt 0.10031831 0.24608256
vt 0.05046455 0.24608256
vt 0.16679084 0.21557228
vt 0.10031831 0.28396041
vt 0.05046455 0.10701340
vt 0.16679084 0.00122094
vt 0.15017208 0.15494150
vt 0.15017208 0.24608256
vt 0.08369956 0.03455432
vt 0.15017208 0.00122094
vt 0.16679084 0.03455432
vt 0.08369956 0.27441976
vt 0.10031831 0.12446635
vt 0.16679084 0.27441976
vt 0.12524395 0.05399016
vt 0.05046455 0.34409647
vt 0.15017208 0.34409647
vt 0.05046455 0.19965778
vt 0.08369956 0.39365816
vt 0.16679084 0.39365816
vt 0.05046455 0.34409647
vt 0.15017208 0.34409647
vt 0.15017208 0.24608256
vt 0.16679084 0.00122094
vt 0.04215517 0.19673565
vt 0.08369956 0.00122094
vt 0.05046455 0.24608256
vt 0.12524395 0.00122094
vt 0.15017208 0.00662633
vt 0.16679084 0.00122094
vt 0.05046455 0.00122094
vt 0.05046455 0.10701340
vt 0.12524395 0.20800464
vt 0.08369956 0.04362539
vt 0.16679084 0.00122094
vt 0.20833522 0.19673565
vt 0.08369956 0.04463458
vt 0.20833522 0.00122094
vt 0.18756303 0.19608642
vt 0.15017208 0.02370484
vt 0.16679084 0.00122094
vt 0.08369956 0.25093774
vt 0.16679084 0.31184326
vt 0.08369956 0.00122094
vt 0.15017208 0.00122094
vt 0.20002585 0.34768808
vt 0.16679084 0.25093774
vt 0.16679084 0.00122094
vt 0.10031831 0.24608256
vt 0.15017208 0.00662633
vt 0.05046455 0.34409647
vt 0.15017208 0.34409647
vt 0.16679084 0.28599344
vt 0.08369956 0.00431378
vt 0.08369956 0.19709037
vt 0.20833522 0.25068288
vt 0.16679084 0.20065697
vt 0.06292737 0.49079841
vt 0.10031831 0.00122094
vt 0.08369956 0.00122094
vt 0.15017208 0.13071027
vt 0.05046455 0.24608256
vt 0.18756303 0.28255178
vt 0.10031831 0.06233702
vt 0.15017208 0.06233702
vt 0.20002585 0.06233702
vt 0.06292737 0.32737297
vt 0.10031831 0.35370227
vt 0.20002585 0.24608256
vt 0.05046455 0.00662633
vt 0.15017208 0.35370227
vt 0.20002585 0.35370227
vt 0.05046455 0.06040891
vt 0.09408691 0.15873782
vt 0.15017208 0.06040891
vt 0.18756303 0.06868563
vt 0.15017208 0.19809933
vt 0.06292737 0.41283938
vt 0.10031831 0.00122094
vt 0.05046455 0.00122094
vt 0.15017208 0.00961365
vt 0.20002585 0.00122094
vt 0.05046455 0.10701340
vt 0.20002585 0.24608256
vt 0.15017208 0.24608256
vt 0.05046455 0.22100696
vt 0.10031831 0.20920855
vt 0.20002585 0.20920855
vt 0.10031831 0.07312660
vt 0.15017208 0.07312660
vt 0.20002585 0.07312660
vt 0.20002585 0.24608256
vt 0.05046455 0.35938180
vt 0.10031831 0.35938180
vt 0.15017208 0.35938180
vt 0.06292737 0.20800464
vt 0.05046455 0.10701340
vt 0.06292737 0.00122094
vt 0.08369956 0.22106210
vt 0.18756303 0.31530482
vt 0.18756303 0.36771854
vt 0.06292737 0.24929932
vt 0.08369956 0.40270922
vt 0.12524395 0.24929932
vt 0.04215517 0.25068288
vt 0.12524395 0.41283938
vt 0.10031831 0.00662633
vt 0.18756303 0.41283938
vt 0.12524395 0.19608642
vt 0.20002585 0.10701340
vt 0.20002585 0.10701340
vt 0.05046455 0.46030801
vt 0.06292737 0.26801601
vt 0.12524395 0.26801601
vt 0.08369956 0.22106210
vt 0.18756303 0.26801601
vt 0.18756303 0.00122094
vt 0.06292737 0.00960859
vt 0.10031831 0.35319779
vt 0.20002585 0.10701340
vt 0.18756303 0.00960859
vt 0.06292737 0.19020204
vt 0.12524395 0.19020204
vt 0.18756303 0.19020204
vt 0.16679084 0.00122094
vt 0.06292737 0.29991980
vt 0.18756303 0.29991980
vt 0.06292737 0.36145974
vt 0.15017208 0.25306057
vt 0.05046455 0.00662633
vt 0.16679084 0.00122094
vt 0.08369956 0.32895643
vt 0.08369956 0.09915107
vt 0.20002585 0.24608256
vt 0.16679084 0.09915107
vt 0.20002585 0.00122094
vt 0.12524395 0.00431378
vt 0.16679084 0.01358969
vt 0.12524395 0.03837554
vt 0.12524395 0.27228180
vt 0.08369956 0.15226417
vt 0.16679084 0.15226417
vt 0.05046455 0.24608256
vt 0.12524395 0.12941650
vt 0.12524395 0.44662639
vt 0.20002585 0.46667186
vt 0.18756303 0.44662639
vt 0.20002585 0.23586749
vt 0.10031831 0.46313028
vt 0.06292737 0.27507405
vt 0.12524395 0.27507405
vt 0.18756303 0.27507405
vt 0.20833522 0.26095291
vt 0.10031831 0.28248687
vt 0.06292737 0.03597284
vt 0.20002585 0.27658260
vt 0.18756303 0.03597284
vt 0.10031831 0.00122094
vt 0.06292737 0.30856142
vt 0.12524395 0.30856142
vt 0.10031831 0.15494150
vt 0.16679084 0.00122094
vt 0.18756303 0.30856142
vt 0.12524395 0.48588297
vt 0.10031831 0.24608256
vt 0.08369956 0.22106210
vt 0.08369956 0.22106210
vt 0.15017208 0.00122094
vt 0.05046455 0.00122094
vt 0.12524395 0.16016634
vt 0.18756303 0.16016634
vt 0.15017208 0.15218920
vt 0.08369956 0.22106210
vt 0.10031831 0.09187819
vt 0.06292737 0.16016634
vt 0.15017208 0.09187819
vt 0.20002585 0.09187819
vt 0.10031831 0.42530721
vt 0.18756303 0.42737026
vt 0.10031831 0.05470460
vt 0.10031831 0.23586749
vt 0.20002585 0.22100696
vt 0.05046455 0.24608256
vt 0.15017208 0.23586749
vt 0.05046455 0.10701340
vt 0.05046455 0.02509347
vt 0.20002585 0.02509347
vt 0.05046455 0.28534903
vt 0.06292737 0.34926653
vt 0.05046455 0.00961365
vt 0.15017208 0.00122094
vt 0.08369956 0.00122094
vt 0.10031831 0.00961365
vt 0.20002585 0.00961365
vt 0.05046455 0.19670570
vt 0.10031831 0.19670570
vt 0.15017208 0.19670570
vt 0.15017208 0.10701340
vt 0.15017208 0.20920855
vt 0.20002585 0.19670570
vt 0.20002585 0.00122094
vt 0.15017208 0.35319779
vt 0.16679084 0.09110414
vt 0.16679084 0.09110414
vt 0.08369956 0.22106210
vt 0.05046455 0.27801112
vt 0.05046455 0.19017209
vt 0.10031831 0.06485965
vt 0.15017208 0.19017209
vt 0.19275545 0.00122094
vt 0.20002585 0.19017209
vt 0.20002585 0.02370484
vt 0.08369956 0.00122094
vt 0.15017208 0.28396041
vt 0.16679084 0.00122094
vt 0.20002585 0.00662633
vt 0.05046455 0.06294642
vt 0.10031831 0.06294642
vt 0.20002585 0.06294642
vt 0.10031831 0.25306057
vt 0.16679084 0.12834758
vt 0.10031831 0.46030801
vt 0.15017208 0.46030801
vt 0.05046455 0.24608256
vt 0.16679084 0.00122094
vt 0.20002585 0.46030801
vt 0.20002585 0.24608256
vt 0.10031831 0.24608256
vt 0.05046455 0.04485419
vt 0.20002585 0.04485419
vt 0.20002585 0.12446635
vt 0.05046455 0.24608256
vt 0.10031831 0.15218920
vt 0.15017208 0.46389461
vt 0.05046455 0.00662633
vt 0.20002585 0.15218920
vt 0.05046455 0.00662633
vt 0.05046455 0.46583261
vt 0.10031831 0.24608256
vt 0.20002585 0.46583261
vt 0.10031831 0.19809933
vt 0.20002585 0.19809933
vt 0.05046455 0.00122094
vt 0.20002585 0.44947366
vt 0.05046455 0.10512519
vt 0.20002585 0.10512519
vt 0.18756303 0.00122094
vt 0.20002585 0.10701340
vt 0.16679084 0.00122094
vt 0.15017208 0.10701340
vt 0.05046455 0.27646768
vt 0.20002585 0.13071027
vt 0.15017208 0.27646768
vt 0.15017208 0.24608256
vt 0.05046455 0.31029458
vt 0.10031831 0.00122094
vt 0.05046455 0.33884186
vt 0.10031831 0.33884186
vt 0.06292737 0.36771854
vt 0.20002585 0.33884186
vt 0.20002585 0.00122094
vt 0.10031831 0.00122094
vt 0.15017208 0.46313028
vt 0.20002585 0.46313028
vt 0.20002585 0.24608256
vt 0.15017208 0.10507029
vt 0.20002585 0.10507029
vt 0.10031831 0.00662633
vt 0.05046455 0.18700011
vt 0.10031831 0.18700011
vt 0.10031831 0.19576654
vt 0.15017208 0.19576654
vt 0.12524395 0.02356491
vt 0.10031831 0.00122094
vt 0.20002585 0.10475064
vt 0.15017208 0.10701340
vt 0.15017208 0.00122094
vt 0.20002585 0.10701340
vt 0.05046455 0.24608256
vt 0.20002585 0.02493364
vt 0.05046455 0.00662633
vt 0.10031831 0.00122094
vt 0.15017208 0.00662633
vt 0.20002585 0.00662633
vt 0.05046455 0.34409647
vt 0.15017208 0.34409647
vt 0.15017208 0.10701340
vt 0.08369956 0.22106210
vt 0.10031831 0.10701340
vt 0.16679084 0.00122094
vt 0.08369956 0.00122094
vt 0.05046455 0.34409647
vt 0.15017208 0.34409647
vt 0.18756303 0.42017729
vt 0.08369956 0.04362539
vt 0.15017208 0.00662633
vt 0.15017208 0.00122094
vt 0.10031831 0.10701340
vt 0.10031831 0.00122094
vt 0.20002585 0.00122094
vt 0.15017208 0.24608256
vt 0.20002585 0.00662633
vt 0.20002585 0.24608256
vt 0.10031831 0.00662633
vt 0.05046455 0.34409647
vt 0.15017208 0.34409647
vt 0.05046455 0.37628019
vt 0.20002585 0.00662633
vt 0.05046455 0.34409647
vt 0.15017208 0.34409647
vt 0.05046455 0.34409647
vt 0.15017208 0.34409647
vt 0.20833522 0.11352701
vt 0.08369956 0.22106210
vt 0.08369956 0.00122094
vt 0.18756303 0.11465589
vt 0.08369956 0.04362539
vt 0.18756303 0.00122094
vt 0.05046455 0.09187819
vt 0.16679084 0.00122094
vt 0.08369956 0.04362539
vt 0.05046455 0.10701340
vt 0.20002585 0.31029458
vt 0.05046455 0.00122094
vt 0.18756303 0.08759740
vt 0.10031831 0.00122094
vt 0.05046455 0.10701340
vt 0.20002585 0.10701340
vt 0.12524395 0.31365133
vt 0.10031831 0.24608256
vt 0.20002585 0.00122094
vt 0.05046455 0.24608256
vt 0.10031831 0.24608256
vt 0.15017208 0.24608256
vt 0.20002585 0.24608256
vt 0.05046455 0.00662633
vt 0.08369956 0.00122094
vt 0.15017208 0.00662633
vt 0.20002585 0.00662633
vt 0.08369956 0.22106210
vt 0.20002585 0.24608256
vt 0.16679084 0.00122094
vt 0.08369956 0.40270922
vt 0.18756303 0.34926653
vt 0.16679084 0.00122094
vt 0.08369956 0.04362539
vt 0.16679084 0.00122094
vt 0.05046455 0.02597761
vt 0.05046455 0.10701340
vt 0.20002585 0.24608256
vt 0.06292737 0.49092322
vt 0.05046455 0.10701340
vt 0.05046455 0.10701340
vt 0.20002585 0.00662633
vt 0.15017208 0.00122094
vt 0.04215517 0.17978725
vt 0.05046455 0.12446635
vt 0.08369956 0.00122094
vt 0.16679084 0.00122094
vt 0.08369956 0.00122094
vt 0.18756303 0.34761829
vt 0.08369956 0.00122094
vt 0.20002585 0.24608256
vt 0.20002585 0.00122094
vt 0.08369956 0.04362539
vt 0.08369956 0.22106210
vt 0.15017208 0.28559377
vt 0.15017208 0.10701340
vt 0.15017208 0.00122094
vt 0.05046455 0.24608256
vt 0.20002585 0.00122094
vt 0.05046455 0.24608256
vt 0.15017208 0.24608256
vt 0.10031831 0.24608256
vt 0.08369956 0.00122094
vt 0.05046455 0.00662633
vt 0.08369956 0.17650541
vt 0.10031831 0.00662633
vt 0.15017208 0.00662633
vt 0.20002585 0.00662633
vt 0.08369956 0.22106210
vt 0.16679084 0.00122094
vt 0.15017208 0.24608256
vt 0.10031831 0.00122094
vt 0.08369956 0.00122094
vt 0.08369956 0.40270922
vt 0.16679084 0.00122094
vt 0.10031831 0.10701340
vt 0.08369956 0.04362539
vt 0.05046455 0.00122094
vt 0.15017208 0.10701340
vt 0.15017208 0.10701340
vt 0.15017208 0.00122094
vt 0.20002585 0.00122094
vt 0.15017208 0.10701340
vt 0.12524395 0.36771854
vt 0.08369956 0.20065697
vt 0.15017208 0.24608256
vt 0.10031831 0.00662633
vt 0.08369956 0.00122094
vt 0.08369956 0.00122094
vt 0.16679084 0.00122094
vt 0.16679084 0.00122094
vt 0.16679084 0.12214356
vt 0.08369956 0.40270922
vt 0.08369956 0.40270922
vt 0.20002585 0.24608256
vt 0.16679084 0.00122094
vt 0.08369956 0.00122094
vt 0.20002585 0.24608256
vt 0.20002585 0.00122094
vt 0.04215517 0.24842518
vt 0.05046455 0.34409647
vt 0.15017208 0.34409647
vt 0.20002585 0.00122094
vt 0.08369956 0.04362539
vt 0.10031831 0.00662633
vt 0.16679084 0.00122094
vt 0.05046455 0.00122094
vt 0.20002585 0.10701340
vt 0.06292737 0.45457869
vt 0.12524395 0.39286893
vt 0.10031831 0.10701340
vt 0.20002585 0.10701340
vt 0.10031831 0.00122094
vt 0.20002585 0.46145190
vt 0.20002585 0.24608256
vt 0.20002585 0.00662633
vt 0.20002585 0.24608256
vt 0.08369956 0.22106210
vt 0.16679084 0.00122094
vt 0.10031831 0.15256387
vt 0.05046455 0.10701340
vt 0.10031831 0.24608256
vt 0.12524395 0.28255178
vt 0.15017208 0.00662633
vt 0.10031831 0.10701340
vt 0.10031831 0.00122094
vt 0.08369956 0.40270922
vt 0.15017208 0.00122094
vt 0.09408691 0.01901443
vt 0.05046455 0.24608256
vt 0.10031831 0.00662633
vt 0.08369956 0.00122094
vt 0.20002585 0.00662633
vt 0.16679084 0.00122094
vt 0.08369956 0.00122094
vt 0.18756303 0.36145974
vt 0.16679084 0.00122094
vt 0.05046455 0.00662633
vt 0.05046455 0.10701340
vt 0.15017208 0.01187142
vt 0.08369956 0.00122094
vt 0.05046455 0.34409647
vt 0.15017208 0.34409647
vt 0.10031831 0.00122094
vt 0.18756303 0.48588297
vt 0.15017208 0.10701340
vt 0.08369956 0.00122094
vt 0.16679084 0.33686372
vt 0.20002585 0.10701340
vt 0.16679084 0.32629399
vt 0.20002585 0.00122094
vt 0.05046455 0.24608256
vt 0.15017208 0.24608256
vt 0.10031831 0.00662633
vt 0.10031831 0.24608256
vt 0.08369956 0.00122094
vt 0.12524395 0.00960859
vt 0.08369956 0.40270922
vt 0.10031831 0.10701340
vt 0.08369956 0.00122094
vt 0.20002585 0.00662633
vt 0.16679084 0.00122094
vt 0.05046455 0.00122094
vt 0.20002585 0.00122094
vt 0.15017208 0.10701340
f 1/1 2/2 3/3
f 4/4 1/1 3/3
f 5/5 6/6 7/7
f 8/8 5/5 7/7
f 9/9 10/10 11/11
f 12/12 9/9 11/11
f 13/13 14/14 15/15
f 16/16 13/13 15/15
f 17/17 18/18 19/19
f 20/20 17/17 19/19
f 21/21 22/22 23/23
f 24/24 21/21 23/23
f 25/25 26/26 27/27
f 28/28 25/25 27/27
f 29/29 30/30 31/31
f 32/32 29/29 31/31
f 33/33 34/34 35/35
f 36/36 33/33 35/35
f 37/37 38/38 39/39
f 40/40 37/37 39/39
f 41/41 42/42 43/43
f 44/44 41/41 43/43
f 45/45 46/46 47/47
f 48/48 45/45 47/47
f 49/49 50/50 51/51
f 52/52 49/49 51/51
f 53/53 54/54 55/55
f 56/56 53/53 55/55
f 57/57 58/58 59/59
f 60/60 57/57 59/59
f 61/61 62/62 63/63
f 64/64 61/61 63/63
f 65/65 66/66 67/67
f 68/68 65/65 67/67
f 69/69 70/70 71/71
f 72/72 69/69 71/71
f 73/73 74/74 75/75
f 76/76 73/73 75/75
f 77/77 78/78 79/79
f 80/80 77/77 79/79
f 81/81 82/82 83/83
f 84/84 81/81 83/83
f 85/85 86/86 87/87
f 88/88 85/85 87/87
f 89/89 90/90 91/91
f 92/92 89/89 91/91
f 93/93 94/94 95/95
f 96/96 93/93 95/95
f 97/97 98/98 99/99
f 100/100 97/97 99/99
f 101/101 102/102 103/103
f 104/104 101/101 103/103
f 105/105 106/106 107/107
f 108/108 105/105 107/107
f 109/109 110/110 111/111
f 112/112 109/109 111/111
f 113/113 114/114 115/115
f 116/116 113/113 115/115
f 117/117 118/118 119/119
f 120/120 117/117 119/119
f 121/121 122/122 123/123
f 124/124 121/121 123/123
f 125/125 126/126 127/127
f 128/128 125/125 127/127
f 129/129 130/130 131/131
f 132/132 129/129 131/131
f 133/133 134/134 135/135
f 136/136 133/133 135/135
f 137/137 138/138 139/139
f 140/140 137/137 139/139
f 141/141 142/142 143/143
f 144/144 141/141 143/143
f 145/145 146/146 147/147
f 148/148 145/145 147/147
f 149/149 150/150 151/151
f 152/152 149/149 151/151
f 153/153 154/154 155/155
f 156/156 153/153 155/155
f 157/157 158/158 159/159
f 160/160 157/157 159/159
f 161/161 162/162 163/163
f 164/164 161/161 163/163
f 165/165 166/166 167/167
f 168/168 165/165 167/167
f 169/169 170/170 171/171
f 172/172 169/169 171/171
f 173/173 174/174 175/175
f 176/176 173/173 175/175
f 177/177 178/178 179/179
f 180/180 177/177 179/179
f 181/181 182/182 183/183
f 184/184 181/181 183/183
f 185/185 186/186 187/187
f 188/188 185/185 187/187
f 189/189 190/190 191/191
f 192/192 189/189 191/191
f 193/193 194/194 195/195
f 196/196 193/193 195/195
f 197/197 198/198 199/199
f 200/200 197/197 199/199
f 201/201 202/202 203/203
f 204/204 201/201 203/203
f 205/205 206/206 207/207
f 208/208 205/205 207/207
f 209/209 210/210 211/211
f 212/212 209/209 211/211
f 213/213 214/214 215/215
f 216/216 213/213 215/215
f 217/217 218/218 219/219
f 220/220 217/217 219/219
f 221/221 222/222 223/223
f 224/224 221/221 223/223
f 225/225 226/226 227/227
f 228/228 225/225 227/227
f 229/229 230/230 231/231
f 232/232 229/229 231/231
f 233/233 234/234 235/235
f 236/236 233/233 235/235
f 237/237 238/238 239/239
f 240/240 237/237 239/239
f 241/241 242/242 243/243
f 244/244 241/241 243/243
f 245/245 246/246 247/247
f 248/248 245/245 247/247
f 249/249 250/250 251/251
f 252/252 249/249 251/251
f 253/253 254/254 255/255
f 256/256 253/253 255/255
f 257/257 258/258 259/259
f 260/260 257/257 259/259
f 261/261 262/262 263/263
f 264/264 261/261 263/263
f 265/265 266/266 267/267
f 268/268 265/265 267/267
f 269/269 270/270 271/271
f 272/272 269/269 271/271
f 273/273 274/274 275/275
f 276/276 273/273 275/275
f 277/277 278/278 279/279
f 280/280 277/277 279/279
f 281/281 282/282 283/283
f 284/284 281/281 283/283
f 285/285 286/286 287/287
f 288/288 285/285 287/287
f 289/289 290/290 291/291
f 292/292 289/289 291/291
f 293/293 294/294 295/295
f 296/296 293/293 295/295
f 297/297 298/298 299/299
f 300/300 297/297 299/299
f 301/301 302/302 303/303
f 304/304 301/301 303/303
f 305/305 306/306 307/307
f 308/308 305/305 307/307
f 309/309 310/310 311/311
f 312/312 309/309 311/311
f 313/313 314/314 315/315
f 316/316 313/313 315/315
f 317/317 318/318 319/319
f 320/320 317/317 319/319
f 321/321 322/322 323/323
f 324/324 321/321 323/323
f 325/325 326/326 327/327
f 328/328 325/325 327/327
f 329/329 330/330 331/331
f 332/332 329/329 331/331
f 333/333 334/334 335/335
f 336/336 333/333 335/335
f 337/337 338/338 339/339
f 340/340 337/337 339/339
f 341/341 342/342 343/343
f 344/344 341/341 343/343
f 345/345 346/346 347/347
f 348/348 345/345 347/347
f 349/349 350/350 351/351
f 352/352 349/349 351/351
f 353/353 354/354 355/355
f 356/356 353/353 355/355
f 357/357 358/358 359/359
f 360/360 357/357 359/359
f 361/361 362/362 363/363
f 364/364 361/361 363/363
f 365/365 366/366 367/367
f 368/368 365/365 367/367
f 369/369 370/370 371/371
f 372/372 369/369 371/371
f 373/373 374/374 375/375
f 376/376 373/373 375/375
f 377/377 378/378 379/379
f 380/380 377/377 379/379
f 381/381 382/382 383/383
f 384/384 381/381 383/383
f 385/385 386/386 387/387
f 388/388 385/385 387/387
f 389/389 390/390 391/391
f 392/392 389/389 391/391
f 393/393 394/394 395/395
f 396/396 393/393 395/395
f 397/397 398/398 399/399
f 400/400 397/397 399/399
f 401/401 402/402 403/403
f 404/404 401/401 403/403
f 405/405 406/406 407/407
f 408/408 405/405 407/407
f 409/409 410/410 411/411
f 412/412 409/409 411/411
f 413/413 414/414 415/415
f 416/416 413/413 415/415
f 417/417 418/418 419/419
f 420/420 417/417 419/419
f 421/421 422/422 423/423
f 424/424 421/421 423/423
f 425/425 426/426 427/427
f 428/428 425/425 427/427
f 429/429 430/430 431/431
f 432/432 429/429 431/431
f 433/433 434/434 435/435
f 436/436 433/433 435/435
f 437/437 438/438 439/439
f 440/440 437/437 439/439
f 441/441 442/442 443/443
f 444/444 441/441 443/443
f 445/445 446/446 447/447
f 448/448 445/445 447/447
f 449/449 450/450 451/451
f 452/452 449/449 451/451
f 453/453 454/454 455/455
f 456/456 453/453 455/455
f 457/457 458/458 459/459
f 460/460 457/457 459/459
f 461/461 462/462 463/463
f 464/464 461/461 463/463
f 465/465 466/466 467/467
f 468/468 465/465 467/467
f 469/469 470/470 471/471
f 472/472 469/469 471/471
f 473/473 474/474 475/475
f 476/476 473/473 475/475
f 477/477 478/478 479/479
f 480/480 477/477 479/479
f 481/481 482/482 483/483
f 484/484 481/481 483/483
f 485/485 486/486 487/487
f 488/488 485/485 487/487
f 489/489 490/490 491/491
f 492/492 489/489 491/491
f 493/493 494/494 495/495
f 496/496 493/493 495/495
f 497/497 498/498 499/499
f 500/500 497/497 499/499
f 501/501 502/502 503/503
f 504/504 501/501 503/503
f 505/505 506/506 507/507
f 508/508 505/505 507/507
f 509/509 510/510 511/511
f 512/512 509/509 511/511
f 513/513 514/514 515/515
f 516/516 513/513 515/515
f 517/517 518/518 519/519
f 520/520 517/517 519/519
f 521/521 522/522 523/523
f 524/524 521/521 523/523
f 525/525 526/526 527/527
f 528/528 525/525 527/527
f 529/529 530/530 531/531
f 532/532 529/529 531/531
f 533/533 534/534 535/535
f 536/536 533/533 535/535
f 537/537 538/538 539/539
f 540/540 537/537 539/539
f 541/541 542/542 543/543
f 544/544 541/541 543/543
f 545/545 546/546 547/547
f 548/548 545/545 547/547
f 549/549 550/550 551/551
f 552/552 549/549 551/551
f 553/553 554/554 555/555
f 556/556 553/553 555/555
f 557/557 558/558 559/559
f 560/560 557/557 559/559
f 561/561 562/562 563/563
f 564/564 561/561 563/563
f 565/565 566/566 567/567
f 568/568 565/565 567/567
f 569/569 570/570 571/571
f 572/572 569/569 571/571
f 573/573 574/574 575/575
f 576/576 573/573 575/575
f 577/577 578/578 579/579
f 580/580 577/577 579/579
f 581/581 582/582 583/583
f 584/584 581/581 583/583
f 585/585 586/586 587/587
f 588/588 585/585 587/587
f 589/589 590/590 591/591
f 592/592 589/589 591/591
f 593/593 594/594 595/595
f 596/596 593/593 595/595
f 597/597 598/598 599/599
f 600/600 597/597 599/599
f 601/601 602/602 603/603
f 604/604 601/601 603/603
f 605/605 606/606 607/607
f 608/608 605/605 607/607
f 609/609 610/610 611/611
f 612/612 609/609 611/611
f 613/613 614/614 615/615
f 616/616 613/613 615/615
f 617/617 618/618 619/619
f 620/620 617/617 619/619
f 621/621 622/622 623/623
f 624/624 621/621 623/623
f 625/625 626/626 627/627
f 628/628 625/625 627/627
f 629/629 630/630 631/631
f 632/632 629/629 631/631
f 633/633 634/634 635/635
f 636/636 633/633 635/635
f 637/637 638/638 639/639
f 640/640 637/637 639/639
f 641/641 642/642 643/643
f 644/644 641/641 643/643
f 645/645 646/646 647/647
f 648/648 645/645 647/647
f 649/649 650/650 651/651
f 652/652 649/649 651/651
f 653/653 654/654 655/655
f 656/656 653/653 655/655
f 657/657 658/658 659/659
f 660/660 657/657 659/659
f 661/661 662/662 663/663
f 664/664 661/661 663/663
f 665/665 666/666 667/667
f 668/668 665/665 667/667
f 669/669 670/670 671/671
f 672/672 669/669 671/671
f 673/673 674/674 675/675
f 676/676 673/673 675/675
f 677/677 678/678 679/679
f 680/680 677/677 679/679
f 681/681 682/682 683/683
f 684/684 681/681 683/683
f 685/685 686/686 687/687
f 688/688 685/685 687/687
f 689/689 690/690 691/691
f 692/692 689/689 691/691
f 693/693 694/694 695/695
f 696/696 693/693 695/695
f 697/697 698/698 699/699
f 700/700 697/697 699/699
f 701/701 702/702 703/703
f 704/704 701/701 703/703
f 705/705 706/706 707/707
f 708/708 705/705 707/707
f 709/709 710/710 711/711
f 712/712 709/709 711/711
f 713/713 714/714 715/715
f 716/716 713/713 715/715
f 717/717 718/718 719/719
f 720/720 717/717 719/719
f 721/721 722/722 723/723
f 724/724 721/721 723/723
f 725/725 726/726 727/727
f 728/728 725/725 727/727
f 729/729 730/730 731/731
f 732/732 729/729 731/731
f 733/733 734/734 735/735
f 736/736 733/733 735/735
f 737/737 738/738 739/739
f 740/740 737/737 739/739
f 741/741 742/742 743/743
f 744/744 741/741 743/743
f 745/745 746/746 747/747
f 748/748 745/745 747/747
f 749/749 750/750 751/751
f 752/752 749/749 751/751
f 753/753 754/754 755/755
f 756/756 753/753 755/755
f 757/757 758/758 759/759
f 760/760 757/757 759/759
f 761/761 762/762 763/763
f 764/764 761/761 763/763
f 765/765 766/766 767/767
f 768/768 765/765 767/767
f 769/769 770/770 771/771
f 772/772 769/769 771/771
f 773/773 774/774 775/775
f 776/776 773/773 775/775
f 777/777 778/778 779/779
f 780/780 777/777 779/779
f 781/781 782/782 783/783
f 784/784 781/781 783/783
f 785/785 786/786 787/787
f 788/788 785/785 787/787
f 789/789 790/790 791/791
f 792/792 789/789 791/791
f 793/793 794/794 795/795
f 796/796 793/793 795/795
f 797/797 798/798 799/799
f 800/800 797/797 799/799
f 801/801 802/802 803/803
f 804/804 801/801 803/803
f 805/805 806/806 807/807
f 808/808 805/805 807/807
f 809/809 810/810 811/811
f 812/812 809/809 811/811
f 813/813 814/814 815/815
f 816/816 813/813 815/815
f 817/817 818/818 819/819
f 820/820 817/817 819/819
f 821/821 822/822 823/823
f 824/824 821/821 823/823
f 825/825 826/826 827/827
f 828/828 825/825 827/827
f 829/829 830/830 831/831
f 832/832 829/829 831/831
f 833/833 834/834 835/835
f 836/836 833/833 835/835
f 837/837 838/838 839/839
f 840/840 837/837 839/839
f 841/841 842/842 843/843
f 844/844 841/841 843/843
f 845/845 846/846 847/847
f 848/848 845/845 847/847
f 849/849 850/850 851/851
f 852/852 849/849 851/851
f 853/853 854/854 855/855
f 856/856 853/853 855/855
f 857/857 858/858 859/859
f 860/860 857/857 859/859
f 861/861 862/862 863/863
f 864/864 861/861 863/863
f 865/865 866/866 867/867
f 868/868 865/865 867/867
f 869/869 870/870 871/871
f 872/872 869/869 871/871
f 873/873 874/874 875/875
f 876/876 873/873 875/875
f 877/877 878/878 879/879
f 880/880 877/877 879/879
f 881/881 882/882 883/883
f 884/884 881/881 883/883
f 885/885 886/886 887/887
f 888/888 885/885 887/887
f 889/889 890/890 891/891
f 892/892 889/889 891/891
f 893/893 894/894 895/895
f 896/896 893/893 895/895
f 897/897 898/898 899/899
f 900/900 897/897 899/899
f 901/901 902/902 903/903
f 904/904 901/901 903/903
f 905/905 906/906 907/907
f 908/908 905/905 907/907
f 909/909 910/910 911/911
f 912/912 909/909 911/911
f 913/913 914/914 915/915
f 916/916 913/913 915/915
f 917/917 918/918 919/919
f 920/920 917/917 919/919
f 921/921 922/922 923/923
f 924/924 921/921 923/923
f 925/925 926/926 927/927
f 928/928 925/925 927/927
f 929/929 930/930 931/931
f 932/932 929/929 931/931
f 933/933 934/934 935/935
f 936/936 933/933 935/935
f 937/937 938/938 939/939
f 940/940 937/937 939/939
f 941/941 942/942 943/943
f 944/944 941/941 943/943
f 945/945 946/946 947/947
f 948/948 945/945 947/947
f 949/949 950/950 951/951
f 952/952 949/949 951/951
f 953/953 954/954 955/955
f 956/956 953/953 955/955
f 957/957 958/958 959/959
f 960/960 957/957 959/959
f 961/961 962/962 963/963
f 964/964 961/961 963/963
f 965/965 966/966 967/967
f 968/968 965/965 967/967
f 969/969 970/970 971/971
f 972/972 969/969 971/971
f 973/973 974/974 975/975
f 976/976 973/973 975/975
f 977/977 978/978 979/979
f 980/980 977/977 979/979
f 981/981 982/982 983/983
f 984/984 981/981 983/983
f 985/985 986/986 987/987
f 988/988 985/985 987/987
f 989/989 990/990 991/991
f 992/992 989/989 991/991
f 993/993 994/994 995/995
f 996/996 993/993 995/995
f 997/997 998/998 999/999
f 1000/1000 997/997 999/999
f 1001/1001 1002/1002 1003/1003
f 1004/1004 1001/1001 1003/1003
f 1005/1005 1006/1006 1007/1007
f 1008/1008 1005/1005 1007/1007
f 1009/1009 1010/1010 1011/1011
f 1012/1012 1009/1009 1011/1011
f 1013/1013 1014/1014 1015/1015
f 1016/1016 1013/1013 1015/1015
f 1017/1017 1018/1018 1019/1019
f 1020/1020 1017/1017 1019/1019
f 1021/1021 1022/1022 1023/1023
f 1024/1024 1021/1021 1023/1023
f 1025/1025 1026/1026 1027/1027
f 1028/1028 1025/1025 1027/1027
f 1029/1029 1030/1030 1031/1031
f 1032/1032 1029/1029 1031/1031
f 1033/1033 1034/1034 1035/1035
f 1036/1036 1033/1033 1035/1035
f 1037/1037 1038/1038 1039/1039
f 1040/1040 1037/1037 1039/1039
f 1041/1041 1042/1042 1043/1043
f 1044/1044 1041/1041 1043/1043
f 1045/1045 1046/1046 1047/1047
f 1048/1048 1045/1045 1047/1047
f 1049/1049 1050/1050 1051/1051
f 1052/1052 1049/1049 1051/1051
f 1053/1053 1054/1054 1055/1055
f 1056/1056 1053/1053 1055/1055
f 1057/1057 1058/1058 1059/1059
f 1060/1060 1057/1057 1059/1059
f 1061/1061 1062/1062 1063/1063
f 1064/1064 1061/1061 1063/1063
f 1065/1065 1066/1066 1067/1067
f 1068/1068 1065/1065 1067/1067
f 1069/1069 1070/1070 1071/1071
f 1072/1072 1069/1069 1071/1071
f 1073/1073 1074/1074 1075/1075
f 1076/1076 1073/1073 1075/1075
f 1077/1077 1078/1078 1079/1079
f 1080/1080 1077/1077 1079/1079
f 1081/1081 1082/1082 1083/1083
f 1084/1084 1081/1081 1083/1083
f 1085/1085 1086/1086 1087/1087
f 1088/1088 1085/1085 1087/1087
f 1089/1089 1090/1090 1091/1091
f 1092/1092 1089/1089 1091/1091
f 1093/1093 1094/1094 1095/1095
f 1096/1096 1093/1093 1095/1095
f 1097/1097 1098/1098 1099/1099
f 1100/1100 1097/1097 1099/1099
f 1101/1101 1102/1102 1103/1103
f 1104/1104 1101/1101 1103/1103
f 1105/1105 1106/1106 1107/1107
f 1108/1108 1105/1105 1107/1107
f 1109/1109 1110/1110 1111/1111
f 1112/1112 1109/1109 1111/1111
f 1113/1113 1114/1114 1115/1115
f 1116/1116 1113/1113 1115/1115
f 1117/1117 1118/1118 1119/1119
f 1120/1120 1117/1117 1119/1119
f 1121/1121 1122/1122 1123/1123
f 1124/1124 1121/1121 1123/1123
f 1125/1125 1126/1126 1127/1127
f 1128/1128 1125/1125 1127/1127
f 1129/1129 1130/1130 1131/1131
f 1132/1132 1129/1129 1131/1131
f 1133/1133 1134/1134 1135/1135
f 1136/1136 1133/1133 1135/1135
f 1137/1137 1138/1138 1139/1139
f 1140/1140 1137/1137 1139/1139
f 1141/1141 1142/1142 1143/1143
f 1144/1144 1141/1141 1143/1143
f 1145/1145 1146/1146 1147/1147
f 1148/1148 1145/1145 1147/1147
f 1149/1149 1150/1150 1151/1151
f 1152/1152 1149/1149 1151/1151
f 1153/1153 1154/1154 1155/1155
f 1156/1156 1153/1153 1155/1155
f 1157/1157 1158/1158 1159/1159
f 1160/1160 1157/1157 1159/1159
f 1161/1161 1162/1162 1163/1163
f 1164/1164 1161/1161 1163/1163
f 1165/1165 1166/1166 1167/1167
f 1168/1168 1165/1165 1167/1167
f 1169/1169 1170/1170 1171/1171
f 1172/1172 1169/1169 1171/1171
f 1173/1173 1174/1174 1175/1175
f 1176/1176 1173/1173 1175/1175
f 1177/1177 1178/1178 1179/1179
f 1180/1180 1177/1177 1179/1179
f 1181/1181 1182/1182 1183/1183
f 1184/1184 1181/1181 1183/1183
f 1185/1185 1186/1186 1187/1187
f 1188/1188 1185/1185 1187/1187
f 1189/1189 1190/1190 1191/1191
f 1192/1192 1189/1189 1191/1191
f 1193/1193 1194/1194 1195/1195
f 1196/1196 1193/1193 1195/1195
f 1197/1197 1198/1198 1199/1199
f 1200/1200 1197/1197 1199/1199
f 1201/1201 1202/1202 1203/1203
f 1204/1204 1201/1201 1203/1203
f 1205/1205 1206/1206 1207/1207
f 1208/1208 1205/1205 1207/1207
f 1209/1209 1210/1210 1211/1211
f 1212/1212 1209/1209 1211/1211
f 1213/1213 1214/1214 1215/1215
f 1216/1216 1213/1213 1215/1215
f 1217/1217 1218/1218 1219/1219
f 1220/1220 1217/1217 1219/1219
f 1221/1221 1222/1222 1223/1223
f 1224/1224 1221/1221 1223/1223
f 1225/1225 1226/1226 1227/1227
f 1228/1228 1225/1225 1227/1227
f 1229/1229 1230/1230 1231/1231
f 1232/1232 1229/1229 1231/1231
f 1233/1233 1234/1234 1235/1235
f 1236/1236 1233/1233 1235/1235
f 1237/1237 1238/1238 1239/1239
f 1240/1240 1237/1237 1239/1239
f 1241/1241 1242/1242 1243/1243
f 1244/1244 1241/1241 1243/1243
f 1245/1245 1246/1246 1247/1247
f 1248/1248 1245/1245 1247/1247
f 1249/1249 1250/1250 1251/1251
f 1252/1252 1249/1249 1251/1251
f 1253/1253 1254/1254 1255/1255
f 1256/1256 1253/1253 1255/1255
f 1257/1257 1258/1258 1259/1259
f 1260/1260 1257/1257 1259/1259
f 1261/1261 1262/1262 1263/1263
f 1264/1264 1261/1261 1263/1263
f 1265/1265 1266/1266 1267/1267
f 1268/1268 1265/1265 1267/1267
f 1269/1269 1270/1270 1271/1271
f 1272/1272 1269/1269 1271/1271
f 1273/1273 1274/1274 1275/1275
f 1276/1276 1273/1273 1275/1275
f 1277/1277 1278/1278 1279/1279
f 1280/1280 1277/1277 1279/1279
f 1281/1281 1282/1282 1283/1283
f 1284/1284 1281/1281 1283/1283
f 1285/1285 1286/1286 1287/1287
f 1288/1288 1285/1285 1287/1287
f 1289/1289 1290/1290 1291/1291
f 1292/1292 1289/1289 1291/1291
f 1293/1293 1294/1294 1295/1295
f 1296/1296 1293/1293 1295/1295
f 1297/1297 1298/1298 1299/1299
f 1300/1300 1297/1297 1299/1299
f 1301/1301 1302/1302 1303/1303
f 1304/1304 1301/1301 1303/1303
f 1305/1305 1306/1306 1307/1307
f 1308/1308 1305/1305 1307/1307
f 1309/1309 1310/1310 1311/1311
f 1312/1312 1309/1309 1311/1311
f 1313/1313 1314/1314 1315/1315
f 1316/1316 1313/1313 1315/1315
f 1317/1317 1318/1318 1319/1319
f 1320/1320 1317/1317 1319/1319
f 1321/1321 1322/1322 1323/1323
f 1324/1324 1321/1321 1323/1323
f 1325/1325 1326/1326 1327/1327
f 1328/1328 1325/1325 1327/1327
f 1329/1329 1330/1330 1331/1331
f 1332/1332 1329/1329 1331/1331
f 1333/1333 1334/1334 1335/1335
f 1336/1336 1333/1333 1335/1335
f 1337/1337 1338/1338 1339/1339
f 1340/1340 1337/1337 1339/1339
f 1341/1341 1342/1342 1343/1343
f 1344/1344 1341/1341 1343/1343
f 1345/1345 1346/1346 1347/1347
f 1348/1348 1345/1345 1347/1347
f 1349/1349 1350/1350 1351/1351
f 1352/1352 1349/1349 1351/1351
f 1353/1353 1354/1354 1355/1355
f 1356/1356 1353/1353 1355/1355
f 1357/1357 1358/1358 1359/1359
f 1360/1360 1357/1357 1359/1359
f 1361/1361 1362/1362 1363/1363
f 1364/1364 1361/1361 1363/1363
f 1365/1365 1366/1366 1367/1367
f 1368/1368 1365/1365 1367/1367
f 1369/1369 1370/1370 1371/1371
f 1372/1372 1369/1369 1371/1371
f 1373/1373 1374/1374 1375/1375
f 1376/1376 1373/1373 1375/1375
f 1377/1377 1378/1378 1379/1379
f 1380/1380 1377/1377 1379/1379
f 1381/1381 1382/1382 1383/1383
f 1384/1384 1381/1381 1383/1383
f 1385/1385 1386/1386 1387/1387
f 1388/1388 1385/1385 1387/1387
f 1389/1389 1390/1390 1391/1391
f 1392/1392 1389/1389 1391/1391
f 1393/1393 1394/1394 1395/1395
f 1396/1396 1393/1393 1395/1395
f 1397/1397 1398/1398 1399/1399
f 1400/1400 1397/1397 1399/1399
f 1401/1401 1402/1402 1403/1403
f 1404/1404 1401/1401 1403/1403
f 1405/1405 1406/1406 1407/1407
f 1408/1408 1405/1405 1407/1407
f 1409/1409 1410/1410 1411/1411
f 1412/1412 1409/1409 1411/1411
f 1413/1413 1414/1414 1415/1415
f 1416/1416 1413/1413 1415/1415
f 1417/1417 1418/1418 1419/1419
f 1420/1420 1417/1417 1419/1419
f 1421/1421 1422/1422 1423/1423
f 1424/1424 1421/1421 1423/1423
f 1425/1425 1426/1426 1427/1427
f 1428/1428 1425/1425 1427/1427
f 1429/1429 1430/1430 1431/1431
f 1432/1432 1429/1429 1431/1431
f 1433/1433 1434/1434 1435/1435
f 1436/1436 1433/1433 1435/1435
f 1437/1437 1438/1438 1439/1439
f 1440/1440 1437/1437 1439/1439
f 1441/1441 1442/1442 1443/1443
f 1444/1444 1441/1441 1443/1443
f 1445/1445 1446/1446 1447/1447
f 1448/1448 1445/1445 1447/1447
f 1449/1449 1450/1450 1451/1451
f 1452/1452 1449/1449 1451/1451
f 1453/1453 1454/1454 1455/1455
f 1456/1456 1453/1453 1455/1455
f 1457/1457 1458/1458 1459/1459
f 1460/1460 1457/1457 1459/1459
f 1461/1461 1462/1462 1463/1463
f 1464/1464 1461/1461 1463/1463
f 1465/1465 1466/1466 1467/1467
f 1468/1468 1465/1465 1467/1467
f 1469/1469 1470/1470 1471/1471
f 1472/1472 1469/1469 1471/1471
f 1473/1473 1474/1474 1475/1475
f 1476/1476 1473/1473 1475/1475
f 1477/1477 1478/1478 1479/1479
f 1480/1480 1477/1477 1479/1479
f 1481/1481 1482/1482 1483/1483
f 1484/1484 1481/1481 1483/1483
f 1485/1485 1486/1486 1487/1487
f 1488/1488 1485/1485 1487/1487
f 1489/1489 1490/1490 1491/1491
f 1492/1492 1489/1489 1491/1491
f 1493/1493 1494/1494 1495/1495
f 1496/1496 1493/1493 1495/1495
f 1497/1497 1498/1498 1499/1499
f 1500/1500 1497/1497 1499/1499
f 1501/1501 1502/1502 1503/1503
f 1504/1504 1501/1501 1503/1503
f 1505/1505 1506/1506 1507/1507
f 1508/1508 1505/1505 1507/1507
f 1509/1509 1510/1510 1511/1511
f 1512/1512 1509/1509 1511/1511
f 1513/1513 1514/1514 1515/1515
f 1516/1516 1513/1513 1515/1515
f 1517/1517 1518/1518 1519/1519
f 1520/1520 1517/1517 1519/1519
f 1521/1521 1522/1522 1523/1523
f 1524/1524 1521/1521 1523/1523
f 1525/1525 1526/1526 1527/1527
f 1528/1528 1525/1525 1527/1527
f 1529/1529 1530/1530 1531/1531
f 1532/1532 1529/1529 1531/1531
f 1533/1533 1534/1534 1535/1535
f 1536/1536 1533/1533 1535/1535
f 1537/1537 1538/1538 1539/1539
f 1540/1540 1537/1537 1539/1539
f 1541/1541 1542/1542 1543/1543
f 1544/1544 1541/1541 1543/1543
f 1545/1545 1546/1546 1547/1547
f 1548/1548 1545/1545 1547/1547
f 1549/1549 1550/1550 1551/1551
f 1552/1552 1549/1549 1551/1551
f 1553/1553 1554/1554 1555/1555
f 1556/1556 1553/1553 1555/1555
f 1557/1557 1558/1558 1559/1559
f 1560/1560 1557/1557 1559/1559
f 1561/1561 1562/1562 1563/1563
f 1564/1564 1561/1561 1563/1563
f 1565/1565 1566/1566 1567/1567
f 1568/1568 1565/1565 1567/1567
f 1569/1569 1570/1570 1571/1571
f 1572/1572 1569/1569 1571/1571
f 1573/1573 1574/1574 1575/1575
f 1576/1576 1573/1573 1575/1575
f 1577/1577 1578/1578 1579/1579
f 1580/1580 1577/1577 1579/1579
f 1581/1581 1582/1582 1583/1583
f 1584/1584 1581/1581 1583/1583
f 1585/1585 1586/1586 1587/1587
f 1588/1588 1585/1585 1587/1587
f 1589/1589 1590/1590 1591/1591
f 1592/1592 1589/1589 1591/1591
f 1593/1593 1594/1594 1595/1595
f 1596/1596 1593/1593 1595/1595
f 1597/1597 1598/1598 1599/1599
f 1600/1600 1597/1597 1599/1599
f 1601/1601 1602/1602 1603/1603
f 1604/1604 1601/1601 1603/1603
f 1605/1605 1606/1606 1607/1607
f 1608/1608 1605/1605 1607/1607
f 1609/1609 1610/1610 1611/1611
f 1612/1612 1609/1609 1611/1611
f 1613/1613 1614/1614 1615/1615
f 1616/1616 1613/1613 1615/1615
f 1617/1617 1618/1618 1619/1619
f 1620/1620 1617/1617 1619/1619
f 1621/1621 1622/1622 1623/1623
f 1624/1624 1621/1621 1623/1623
f 1625/1625 1626/1626 1627/1627
f 1628/1628 1625/1625 1627/1627
f 1629/1629 1630/1630 1631/1631
f 1632/1632 1629/1629 1631/1631
f 1633/1633 1634/1634 1635/1635
f 1636/1636 1633/1633 1635/1635
f 1637/1637 1638/1638 1639/1639
f 1640/1640 1637/1637 1639/1639
f 1641/1641 1642/1642 1643/1643
f 1644/1644 1641/1641 1643/1643
f 1645/1645 1646/1646 1647/1647
f 1648/1648 1645/1645 1647/1647
f 1649/1649 1650/1650 1651/1651
f 1652/1652 1649/1649 1651/1651
f 1653/1653 1654/1654 1655/1655
f 1656/1656 1653/1653 1655/1655
f 1657/1657 1658/1658 1659/1659
f 1660/1660 1657/1657 1659/1659
f 1661/1661 1662/1662 1663/1663
f 1664/1664 1661/1661 1663/1663
f 1665/1665 1666/1666 1667/1667
f 1668/1668 1665/1665 1667/1667
f 1669/1669 1670/1670 1671/1671
f 1672/1672 1669/1669 1671/1671
f 1673/1673 1674/1674 1675/1675
f 1676/1676 1673/1673 1675/1675
f 1677/1677 1678/1678 1679/1679
f 1680/1680 1677/1677 1679/1679
f 1681/1681 1682/1682 1683/1683
f 1684/1684 1681/1681 1683/1683
f 1685/1685 1686/1686 1687/1687
f 1688/1688 1685/1685 1687/1687
f 1689/1689 1690/1690 1691/1691
f 1692/1692 1689/1689 1691/1691
f 1693/1693 1694/1694 1695/1695
f 1696/1696 1693/1693 1695/1695
f 1697/1697 1698/1698 1699/1699
f 1700/1700 1697/1697 1699/1699
f 1701/1701 1702/1702 1703/1703
f 1704/1704 1701/1701 1703/1703
f 1705/1705 1706/1706 1707/1707
f 1708/1708 1705/1705 1707/1707
f 1709/1709 1710/1710 1711/1711
f 1712/1712 1709/1709 1711/1711
f 1713/1713 1714/1714 1715/1715
f 1716/1716 1713/1713 1715/1715
f 1717/1717 1718/1718 1719/1719
f 1720/1720 1717/1717 1719/1719
f 1721/1721 1722/1722 1723/1723
f 1724/1724 1721/1721 1723/1723
f 1725/1725 1726/1726 1727/1727
f 1728/1728 1725/1725 1727/1727
f 1729/1729 1730/1730 1731/1731
f 1732/1732 1729/1729 1731/1731
f 1733/1733 1734/1734 1735/1735
f 1736/1736 1733/1733 1735/1735
f 1737/1737 1738/1738 1739/1739
f 1740/1740 1737/1737 1739/1739
f 1741/1741 1742/1742 1743/1743
f 1744/1744 1741/1741 1743/1743
f 1745/1745 1746/1746 1747/1747
f 1748/1748 1745/1745 1747/1747
f 1749/1749 1750/1750 1751/1751
f 1752/1752 1749/1749 1751/1751
f 1753/1753 1754/1754 1755/1755
f 1756/1756 1753/1753 1755/1755
f 1757/1757 1758/1758 1759/1759
f 1760/1760 1757/1757 1759/1759
f 1761/1761 1762/1762 1763/1763
f 1764/1764 1761/1761 1763/1763
f 1765/1765 1766/1766 1767/1767
f 1768/1768 1765/1765 1767/1767
f 1769/1769 1770/1770 1771/1771
f 1772/1772 1769/1769 1771/1771
f 1773/1773 1774/1774 1775/1775
f 1776/1776 1773/1773 1775/1775
f 1777/1777 1778/1778 1779/1779
f 1780/1780 1777/1777 1779/1779
f 1781/1781 1782/1782 1783/1783
f 1784/1784 1781/1781 1783/1783
f 1785/1785 1786/1786 1787/1787
f 1788/1788 1785/1785 1787/1787
f 1789/1789 1790/1790 1791/1791
f 1792/1792 1789/1789 1791/1791
f 1793/1793 1794/1794 1795/1795
f 1796/1796 1793/1793 1795/1795
f 1797/1797 1798/1798 1799/1799
f 1800/1800 1797/1797 1799/1799
f 1801/1801 1802/1802 1803/1803
f 1804/1804 1801/1801 1803/1803
f 1805/1805 1806/1806 1807/1807
f 1808/1808 1805/1805 1807/1807
f 1809/1809 1810/1810 1811/1811
f 1812/1812 1809/1809 1811/1811
f 1813/1813 1814/1814 1815/1815
f 1816/1816 1813/1813 1815/1815
f 1817/1817 1818/1818 1819/1819
f 1820/1820 1817/1817 1819/1819
f 1821/1821 1822/1822 1823/1823
f 1824/1824 1821/1821 1823/1823
f 1825/1825 1826/1826 1827/1827
f 1828/1828 1825/1825 1827/1827
f 1829/1829 1830/1830 1831/1831
f 1832/1832 1829/1829 1831/1831
f 1833/1833 1834/1834 1835/1835
f 1836/1836 1833/1833 1835/1835
f 1837/1837 1838/1838 1839/1839
f 1840/1840 1837/1837 1839/1839
f 1841/1841 1842/1842 1843/1843
f 1844/1844 1841/1841 1843/1843
f 1845/1845 1846/1846 1847/1847
f 1848/1848 1845/1845 1847/1847
f 1849/1849 1850/1850 1851/1851
f 1852/1852 1849/1849 1851/1851
f 1853/1853 1854/1854 1855/1855
f 1856/1856 1853/1853 1855/1855
f 1857/1857 1858/1858 1859/1859
f 1860/1860 1857/1857 1859/1859
f 1861/1861 1862/1862 1863/1863
f 1864/1864 1861/1861 1863/1863
f 1865/1865 1866/1866 1867/1867
f 1868/1868 1865/1865 1867/1867
f 1869/1869 1870/1870 1871/1871
f 1872/1872 1869/1869 1871/1871
f 1873/1873 1874/1874 1875/1875
f 1876/1876 1873/1873 1875/1875
f 1877/1877 1878/1878 1879/1879
f 1880/1880 1877/1877 1879/1879
f 1881/1881 1882/1882 1883/1883
f 1884/1884 1881/1881 1883/1883
f 1885/1885 1886/1886 1887/1887
f 1888/1888 1885/1885 1887/1887
f 1889/1889 1890/1890 1891/1891
f 1892/1892 1889/1889 1891/1891
f 1893/1893 1894/1894 1895/1895
f 1896/1896 1893/1893 1895/1895
f 1897/1897 1898/1898 1899/1899
f 1900/1900 1897/1897 1899/1899
f 1901/1901 1902/1902 1903/1903
f 1904/1904 1901/1901 1903/1903
f 1905/1905 1906/1906 1907/1907
f 1908/1908 1905/1905 1907/1907
f 1909/1909 1910/1910 1911/1911
f 1912/1912 1909/1909 1911/1911
f 1913/1913 1914/1914 1915/1915
f 1916/1916 1913/1913 1915/1915
f 1917/1917 1918/1918 1919/1919
f 1920/1920 1917/1917 1919/1919
f 1921/1921 1922/1922 1923/1923
f 1924/1924 1921/1921 1923/1923
f 1925/1925 1926/1926 1927/1927
f 1928/1928 1925/1925 1927/1927
f 1929/1929 1930/1930 1931/1931
f 1932/1932 1929/1929 1931/1931
f 1933/1933 1934/1934 1935/1935
f 1936/1936 1933/1933 1935/1935
f 1937/1937 1938/1938 1939/1939
f 1940/1940 1937/1937 1939/1939
f 1941/1941 1942/1942 1943/1943
f 1944/1944 1941/1941 1943/1943
f 1945/1945 1946/1946 1947/1947
f 1948/1948 1945/1945 1947/1947
f 1949/1949 1950/1950 1951/1951
f 1952/1952 1949/1949 1951/1951
f 1953/1953 1954/1954 1955/1955
f 1956/1956 1953/1953 1955/1955
f 1957/1957 1958/1958 1959/1959
f 1960/1960 1957/1957 1959/1959
f 1961/1961 1962/1962 1963/1963
f 1964/1964 1961/1961 1963/1963
f 1965/1965 1966/1966 1967/1967
f 1968/1968 1965/1965 1967/1967
f 1969/1969 1970/1970 1971/1971
f 1972/1972 1969/1969 1971/1971
f 1973/1973 1974/1974 1975/1975
f 1976/1976 1973/1973 1975/1975
f 1977/1977 1978/1978 1979/1979
f 1980/1980 1977/1977 1979/1979
f 1981/1981 1982/1982 1983/1983
f 1984/1984 1981/1981 1983/1983
f 1985/1985 1986/1986 1987/1987
f 1988/1988 1985/1985 1987/1987
f 1989/1989 1990/1990 1991/1991
f 1992/1992 1989/1989 1991/1991
f 1993/1993 1994/1994 1995/1995
f 1996/1996 1993/1993 1995/1995
f 1997/1997 1998/1998 1999/1999
f 2000/2000 1997/1997 1999/1999
f 2001/2001 2002/2002 2003/2003
f 2004/2004 2001/2001 2003/2003
f 2005/2005 2006/2006 2007/2007
f 2008/2008 2005/2005 2007/2007
f 2009/2009 2010/2010 2011/2011
f 2012/2012 2009/2009 2011/2011
f 2013/2013 2014/2014 2015/2015
f 2016/2016 2013/2013 2015/2015
f 2017/2017 2018/2018 2019/2019
f 2020/2020 2017/2017 2019/2019
f 2021/2021 2022/2022 2023/2023
f 2024/2024 2021/2021 2023/2023
f 2025/2025 2026/2026 2027/2027
f 2028/2028 2025/2025 2027/2027
f 2029/2029 2030/2030 2031/2031
f 2032/2032 2029/2029 2031/2031
f 2033/2033 2034/2034 2035/2035
f 2036/2036 2033/2033 2035/2035
f 2037/2037 2038/2038 2039/2039
f 2040/2040 2037/2037 2039/2039
f 2041/2041 2042/2042 2043/2043
f 2044/2044 2041/2041 2043/2043
f 2045/2045 2046/2046 2047/2047
f 2048/2048 2045/2045 2047/2047
f 2049/2049 2050/2050 2051/2051
f 2052/2052 2049/2049 2051/2051
f 2053/2053 2054/2054 2055/2055
f 2056/2056 2053/2053 2055/2055
f 2057/2057 2058/2058 2059/2059
f 2060/2060 2057/2057 2059/2059
f 2061/2061 2062/2062 2063/2063
f 2064/2064 2061/2061 2063/2063
f 2065/2065 2066/2066 2067/2067
f 2068/2068 2065/2065 2067/2067
f 2069/2069 2070/2070 2071/2071
f 2072/2072 2069/2069 2071/2071
f 2073/2073 2074/2074 2075/2075
f 2076/2076 2073/2073 2075/2075
f 2077/2077 2078/2078 2079/2079
f 2080/2080 2077/2077 2079/2079
f 2081/2081 2082/2082 2083/2083
f 2084/2084 2081/2081 2083/2083
f 2085/2085 2086/2086 2087/2087
f 2088/2088 2085/2085 2087/2087
f 2089/2089 2090/2090 2091/2091
f 2092/2092 2089/2089 2091/2091
f 2093/2093 2094/2094 2095/2095
f 2096/2096 2093/2093 2095/2095
f 2097/2097 2098/2098 2099/2099
f 2100/2100 2097/2097 2099/2099
f 2101/2101 2102/2102 2103/2103
f 2104/2104 2101/2101 2103/2103
f 2105/2105 2106/2106 2107/2107
f 2108/2108 2105/2105 2107/2107
f 2109/2109 2110/2110 2111/2111
f 2112/2112 2109/2109 2111/2111
f 2113/2113 2114/2114 2115/2115
f 2116/2116 2113/2113 2115/2115
f 2117/2117 2118/2118 2119/2119
f 2120/2120 2117/2117 2119/2119
f 2121/2121 2122/2122 2123/2123
f 2124/2124 2121/2121 2123/2123
f 2125/2125 2126/2126 2127/2127
f 2128/2128 2125/2125 2127/2127
f 2129/2129 2130/2130 2131/2131
f 2132/2132 2129/2129 2131/2131
f 2133/2133 2134/2134 2135/2135
f 2136/2136 2133/2133 2135/2135
f 2137/2137 2138/2138 2139/2139
f 2140/2140 2137/2137 2139/2139
f 2141/2141 2142/2142 2143/2143
f 2144/2144 2141/2141 2143/2143
f 2145/2145 2146/2146 2147/2147
f 2148/2148 2145/2145 2147/2147
f 2149/2149 2150/2150 2151/2151
f 2152/2152 2149/2149 2151/2151
f 2153/2153 2154/2154 2155/2155
f 2156/2156 2153/2153 2155/2155
f 2157/2157 2158/2158 2159/2159
f 2160/2160 2157/2157 2159/2159
f 2161/2161 2162/2162 2163/2163
f 2164/2164 2161/2161 2163/2163
f 2165/2165 2166/2166 2167/2167
f 2168/2168 2165/2165 2167/2167
f 2169/2169 2170/2170 2171/2171
f 2172/2172 2169/2169 2171/2171
f 2173/2173 2174/2174 2175/2175
f 2176/2176 2173/2173 2175/2175
f 2177/2177 2178/2178 2179/2179
f 2180/2180 2177/2177 2179/2179
f 2181/2181 2182/2182 2183/2183
f 2184/2184 2181/2181 2183/2183
f 2185/2185 2186/2186 2187/2187
f 2188/2188 2185/2185 2187/2187
f 2189/2189 2190/2190 2191/2191
f 2192/2192 2189/2189 2191/2191
f 2193/2193 2194/2194 2195/2195
f 2196/2196 2193/2193 2195/2195
f 2197/2197 2198/2198 2199/2199
f 2200/2200 2197/2197 2199/2199
f 2201/2201 2202/2202 2203/2203
f 2204/2204 2201/2201 2203/2203
f 2205/2205 2206/2206 2207/2207
f 2208/2208 2205/2205 2207/2207
f 2209/2209 2210/2210 2211/2211
f 2212/2212 2209/2209 2211/2211
f 2213/2213 2214/2214 2215/2215
f 2216/2216 2213/2213 2215/2215
f 2217/2217 2218/2218 2219/2219
f 2220/2220 2217/2217 2219/2219
f 2221/2221 2222/2222 2223/2223
f 2224/2224 2221/2221 2223/2223
f 2225/2225 2226/2226 2227/2227
f 2228/2228 2225/2225 2227/2227
f 2229/2229 2230/2230 2231/2231
f 2232/2232 2229/2229 2231/2231
f 2233/2233 2234/2234 2235/2235
f 2236/2236 2233/2233 2235/2235
f 2237/2237 2238/2238 2239/2239
f 2240/2240 2237/2237 2239/2239
f 2241/2241 2242/2242 2243/2243
f 2244/2244 2241/2241 2243/2243
f 2245/2245 2246/2246 2247/2247
f 2248/2248 2245/2245 2247/2247
f 2249/2249 2250/2250 2251/2251
f 2252/2252 2249/2249 2251/2251
f 2253/2253 2254/2254 2255/2255
f 2256/2256 2253/2253 2255/2255
f 2257/2257 2258/2258 2259/2259
f 2260/2260 2257/2257 2259/2259
f 2261/2261 2262/2262 2263/2263
f 2264/2264 2261/2261 2263/2263
f 2265/2265 2266/2266 2267/2267
f 2268/2268 2265/2265 2267/2267
f 2269/2269 2270/2270 2271/2271
f 2272/2272 2269/2269 2271/2271
f 2273/2273 2274/2274 2275/2275
f 2276/2276 2273/2273 2275/2275
f 2277/2277 2278/2278 2279/2279
f 2280/2280 2277/2277 2279/2279
f 2281/2281 2282/2282 2283/2283
f 2284/2284 2281/2281 2283/2283
f 2285/2285 2286/2286 2287/2287
f 2288/2288 2285/2285 2287/2287
f 2289/2289 2290/2290 2291/2291
f 2292/2292 2289/2289 2291/2291
f 2293/2293 2294/2294 2295/2295
f 2296/2296 2293/2293 2295/2295
f 2297/2297 2298/2298 2299/2299
f 2300/2300 2297/2297 2299/2299
f 2301/2301 2302/2302 2303/2303
f 2304/2304 2301/2301 2303/2303
f 2305/2305 2306/2306 2307/2307
f 2308/2308 2305/2305 2307/2307
f 2309/2309 2310/2310 2311/2311
f 2312/2312 2309/2309 2311/2311
f 2313/2313 2314/2314 2315/2315
f 2316/2316 2313/2313 2315/2315
f 2317/2317 2318/2318 2319/2319
f 2320/2320 2317/2317 2319/2319
f 2321/2321 2322/2322 2323/2323
f 2324/2324 2321/2321 2323/2323
f 2325/2325 2326/2326 2327/2327
f 2328/2328 2325/2325 2327/2327
f 2329/2329 2330/2330 2331/2331
f 2332/2332 2329/2329 2331/2331
f 2333/2333 2334/2334 2335/2335
f 2336/2336 2333/2333 2335/2335
f 2337/2337 2338/2338 2339/2339
f 2340/2340 2337/2337 2339/2339
f 2341/2341 2342/2342 2343/2343
f 2344/2344 2341/2341 2343/2343
f 2345/2345 2346/2346 2347/2347
f 2348/2348 2345/2345 2347/2347
f 2349/2349 2350/2350 2351/2351
f 2352/2352 2349/2349 2351/2351
f 2353/2353 2354/2354 2355/2355
f 2356/2356 2353/2353 2355/2355
f 2357/2357 2358/2358 2359/2359
f 2360/2360 2357/2357 2359/2359
f 2361/2361 2362/2362 2363/2363
f 2364/2364 2361/2361 2363/2363
f 2365/2365 2366/2366 2367/2367
f 2368/2368 2365/2365 2367/2367
f 2369/2369 2370/2370 2371/2371
f 2372/2372 2369/2369 2371/2371
f 2373/2373 2374/2374 2375/2375
f 2376/2376 2373/2373 2375/2375
f 2377/2377 2378/2378 2379/2379
f 2380/2380 2377/2377 2379/2379
f 2381/2381 2382/2382 2383/2383
f 2384/2384 2381/2381 2383/2383
f 2385/2385 2386/2386 2387/2387
f 2388/2388 2385/2385 2387/2387
f 2389/2389 2390/2390 2391/2391
f 2392/2392 2389/2389 2391/2391
f 2393/2393 2394/2394 2395/2395
f 2396/2396 2393/2393 2395/2395
f 2397/2397 2398/2398 2399/2399
f 2400/2400 2397/2397 2399/2399
f 2401/2401 2402/2402 2403/2403
f 2404/2404 2401/2401 2403/2403
f 2405/2405 2406/2406 2407/2407
f 2408/2408 2405/2405 2407/2407
f 2409/2409 2410/2410 2411/2411
f 2412/2412 2409/2409 2411/2411
f 2413/2413 2414/2414 2415/2415
f 2416/2416 2413/2413 2415/2415
f 2417/2417 2418/2418 2419/2419
f 2420/2420 2417/2417 2419/2419
f 2421/2421 2422/2422 2423/2423
f 2424/2424 2421/2421 2423/2423
f 2425/2425 2426/2426 2427/2427
f 2428/2428 2425/2425 2427/2427
f 2429/2429 2430/2430 2431/2431
f 2432/2432 2429/2429 2431/2431
f 2433/2433 2434/2434 2435/2435
f 2436/2436 2433/2433 2435/2435
f 2437/2437 2438/2438 2439/2439
f 2440/2440 2437/2437 2439/2439
f 2441/2441 2442/2442 2443/2443
f 2444/2444 2441/2441 2443/2443
f 2445/2445 2446/2446 2447/2447
f 2448/2448 2445/2445 2447/2447
f 2449/2449 2450/2450 2451/2451
f 2452/2452 2449/2449 2451/2451
f 2453/2453 2454/2454 2455/2455
f 2456/2456 2453/2453 2455/2455
f 2457/2457 2458/2458 2459/2459
f 2460/2460 2457/2457 2459/2459
f 2461/2461 2462/2462 2463/2463
f 2464/2464 2461/2461 2463/2463
f 2465/2465 2466/2466 2467/2467
f 2468/2468 2465/2465 2467/2467
f 2469/2469 2470/2470 2471/2471
f 2472/2472 2469/2469 2471/2471
f 2473/2473 2474/2474 2475/2475
f 2476/2476 2473/2473 2475/2475
f 2477/2477 2478/2478 2479/2479
f 2480/2480 2477/2477 2479/2479
f 2481/2481 2482/2482 2483/2483
f 2484/2484 2481/2481 2483/2483
f 2485/2485 2486/2486 2487/2487
f 2488/2488 2485/2485 2487/2487
f 2489/2489 2490/2490 2491/2491
f 2492/2492 2489/2489 2491/2491
f 2493/2493 2494/2494 2495/2495
f 2496/2496 2493/2493 2495/2495
f 2497/2497 2498/2498 2499/2499
f 2500/2500 2497/2497 2499/2499
f 2501/2501 2502/2502 2503/2503
f 2504/2504 2501/2501 2503/2503
f 2505/2505 2506/2506 2507/2507
f 2508/2508 2505/2505 2507/2507
f 2509/2509 2510/2510 2511/2511
f 2512/2512 2509/2509 2511/2511
f 2513/2513 2514/2514 2515/2515
f 2516/2516 2513/2513 2515/2515
f 2517/2517 2518/2518 2519/2519
f 2520/2520 2517/2517 2519/2519
f 2521/2521 2522/2522 2523/2523
f 2524/2524 2521/2521 2523/2523
f 2525/2525 2526/2526 2527/2527
f 2528/2528 2525/2525 2527/2527
f 2529/2529 2530/2530 2531/2531
f 2532/2532 2529/2529 2531/2531
f 2533/2533 2534/2534 2535/2535
f 2536/2536 2533/2533 2535/2535
f 2537/2537 2538/2538 2539/2539
f 2540/2540 2537/2537 2539/2539
f 2541/2541 2542/2542 2543/2543
f 2544/2544 2541/2541 2543/2543
f 2545/2545 2546/2546 2547/2547
f 2548/2548 2545/2545 2547/2547
f 2549/2549 2550/2550 2551/2551
f 2552/2552 2549/2549 2551/2551
f 2553/2553 2554/2554 2555/2555
f 2556/2556 2553/2553 2555/2555
f 2557/2557 2558/2558 2559/2559
f 2560/2560 2557/2557 2559/2559
f 2561/2561 2562/2562 2563/2563
f 2564/2564 2561/2561 2563/2563
f 2565/2565 2566/2566 2567/2567
f 2568/2568 2565/2565 2567/2567
f 2569/2569 2570/2570 2571/2571
f 2572/2572 2569/2569 2571/2571
f 2573/2573 2574/2574 2575/2575
f 2576/2576 2573/2573 2575/2575
f 2577/2577 2578/2578 2579/2579
f 2580/2580 2577/2577 2579/2579
f 2581/2581 2582/2582 2583/2583
f 2584/2584 2581/2581 2583/2583
f 2585/2585 2586/2586 2587/2587
f 2588/2588 2585/2585 2587/2587
f 2589/2589 2590/2590 2591/2591
f 2592/2592 2589/2589 2591/2591
f 2593/2593 2594/2594 2595/2595
f 2596/2596 2593/2593 2595/2595
f 2597/2597 2598/2598 2599/2599
f 2600/2600 2597/2597 2599/2599
f 2601/2601 2602/2602 2603/2603
f 2604/2604 2601/2601 2603/2603
f 2605/2605 2606/2606 2607/2607
f 2608/2608 2605/2605 2607/2607
f 2609/2609 2610/2610 2611/2611
f 2612/2612 2609/2609 2611/2611
f 2613/2613 2614/2614 2615/2615
f 2616/2616 2613/2613 2615/2615
f 2617/2617 2618/2618 2619/2619
f 2620/2620 2617/2617 2619/2619
f 2621/2621 2622/2622 2623/2623
f 2624/2624 2621/2621 2623/2623
f 2625/2625 2626/2626 2627/2627
f 2628/2628 2625/2625 2627/2627
f 2629/2629 2630/2630 2631/2631
f 2632/2632 2629/2629 2631/2631
f 2633/2633 2634/2634 2635/2635
f 2636/2636 2633/2633 2635/2635
f 2637/2637 2638/2638 2639/2639
f 2640/2640 2637/2637 2639/2639
f 2641/2641 2642/2642 2643/2643
f 2644/2644 2641/2641 2643/2643
f 2645/2645 2646/2646 2647/2647
f 2648/2648 2645/2645 2647/2647
f 2649/2649 2650/2650 2651/2651
f 2652/2652 2649/2649 2651/2651
f 2653/2653 2654/2654 2655/2655
f 2656/2656 2653/2653 2655/2655
f 2657/2657 2658/2658 2659/2659
f 2660/2660 2657/2657 2659/2659
f 2661/2661 2662/2662 2663/2663
f 2664/2664 2661/2661 2663/2663
f 2665/2665 2666/2666 2667/2667
f 2668/2668 2665/2665 2667/2667
f 2669/2669 2670/2670 2671/2671
f 2672/2672 2669/2669 2671/2671
f 2673/2673 2674/2674 2675/2675
f 2676/2676 2673/2673 2675/2675
f 2677/2677 2678/2678 2679/2679
f 2680/2680 2677/2677 2679/2679
f 2681/2681 2682/2682 2683/2683
f 2684/2684 2681/2681 2683/2683
f 2685/2685 2686/2686 2687/2687
f 2688/2688 2685/2685 2687/2687
f 2689/2689 2690/2690 2691/2691
f 2692/2692 2689/2689 2691/2691
f 2693/2693 2694/2694 2695/2695
f 2696/2696 2693/2693 2695/2695
f 2697/2697 2698/2698 2699/2699
f 2700/2700 2697/2697 2699/2699
f 2701/2701 2702/2702 2703/2703
f 2704/2704 2701/2701 2703/2703
f 2705/2705 2706/2706 2707/2707
f 2708/2708 2705/2705 2707/2707
f 2709/2709 2710/2710 2711/2711
f 2712/2712 2709/2709 2711/2711
f 2713/2713 2714/2714 2715/2715
f 2716/2716 2713/2713 2715/2715
f 2717/2717 2718/2718 2719/2719
f 2720/2720 2717/2717 2719/2719
f 2721/2721 2722/2722 2723/2723
f 2724/2724 2721/2721 2723/2723
f 2725/2725 2726/2726 2727/2727
f 2728/2728 2725/2725 2727/2727
f 2729/2729 2730/2730 2731/2731
f 2732/2732 2729/2729 2731/2731
f 2733/2733 2734/2734 2735/2735
f 2736/2736 2733/2733 2735/2735
f 2737/2737 2738/2738 2739/2739
f 2740/2740 2737/2737 2739/2739
f 2741/2741 2742/2742 2743/2743
f 2744/2744 2741/2741 2743/2743
f 2745/2745 2746/2746 2747/2747
f 2748/2748 2745/2745 2747/2747
f 2749/2749 2750/2750 2751/2751
f 2752/2752 2749/2749 2751/2751
f 2753/2753 2754/2754 2755/2755
f 2756/2756 2753/2753 2755/2755
f 2757/2757 2758/2758 2759/2759
f 2760/2760 2757/2757 2759/2759
f 2761/2761 2762/2762 2763/2763
f 2764/2764 2761/2761 2763/2763
f 2765/2765 2766/2766 2767/2767
f 2768/2768 2765/2765 2767/2767
f 2769/2769 2770/2770 2771/2771
f 2772/2772 2769/2769 2771/2771
f 2773/2773 2774/2774 2775/2775
f 2776/2776 2773/2773 2775/2775
f 2777/2777 2778/2778 2779/2779
f 2780/2780 2777/2777 2779/2779
f 2781/2781 2782/2782 2783/2783
f 2784/2784 2781/2781 2783/2783
f 2785/2785 2786/2786 2787/2787
f 2788/2788 2785/2785 2787/2787
f 2789/2789 2790/2790 2791/2791
f 2792/2792 2789/2789 2791/2791
f 2793/2793 2794/2794 2795/2795
f 2796/2796 2793/2793 2795/2795
f 2797/2797 2798/2798 2799/2799
f 2800/2800 2797/2797 2799/2799
f 2801/2801 2802/2802 2803/2803
f 2804/2804 2801/2801 2803/2803
f 2805/2805 2806/2806 2807/2807
f 2808/2808 2805/2805 2807/2807
f 2809/2809 2810/2810 2811/2811
f 2812/2812 2809/2809 2811/2811
f 2813/2813 2814/2814 2815/2815
f 2816/2816 2813/2813 2815/2815
f 2817/2817 2818/2818 2819/2819
f 2820/2820 2817/2817 2819/2819
f 2821/2821 2822/2822 2823/2823
f 2824/2824 2821/2821 2823/2823
f 2825/2825 2826/2826 2827/2827
f 2828/2828 2825/2825 2827/2827
f 2829/2829 2830/2830 2831/2831
f 2832/2832 2829/2829 2831/2831
f 2833/2833 2834/2834 2835/2835
f 2836/2836 2833/2833 2835/2835
f 2837/2837 2838/2838 2839/2839
f 2840/2840 2837/2837 2839/2839
f 2841/2841 2842/2842 2843/2843
f 2844/2844 2841/2841 2843/2843
f 2845/2845 2846/2846 2847/2847
f 2848/2848 2845/2845 2847/2847
f 2849/2849 2850/2850 2851/2851
f 2852/2852 2849/2849 2851/2851
f 2853/2853 2854/2854 2855/2855
f 2856/2856 2853/2853 2855/2855
f 2857/2857 2858/2858 2859/2859
f 2860/2860 2857/2857 2859/2859
f 2861/2861 2862/2862 2863/2863
f 2864/2864 2861/2861 2863/2863
f 2865/2865 2866/2866 2867/2867
f 2868/2868 2865/2865 2867/2867
f 2869/2869 2870/2870 2871/2871
f 2872/2872 2869/2869 2871/2871
f 2873/2873 2874/2874 2875/2875
f 2876/2876 2873/2873 2875/2875
f 2877/2877 2878/2878 2879/2879
f 2880/2880 2877/2877 2879/2879
f 2881/2881 2882/2882 2883/2883
f 2884/2884 2881/2881 2883/2883
f 2885/2885 2886/2886 2887/2887
f 2888/2888 2885/2885 2887/2887
f 2889/2889 2890/2890 2891/2891
f 2892/2892 2889/2889 2891/2891
f 2893/2893 2894/2894 2895/2895
f 2896/2896 2893/2893 2895/2895
f 2897/2897 2898/2898 2899/2899
f 2900/2900 2897/2897 2899/2899
f 2901/2901 2902/2902 2903/2903
f 2904/2904 2901/2901 2903/2903
f 2905/2905 2906/2906 2907/2907
f 2908/2908 2905/2905 2907/2907
f 2909/2909 2910/2910 2911/2911
f 2912/2912 2909/2909 2911/2911
f 2913/2913 2914/2914 2915/2915
f 2916/2916 2913/2913 2915/2915
f 2917/2917 2918/2918 2919/2919
f 2920/2920 2917/2917 2919/2919
f 2921/2921 2922/2922 2923/2923
f 2924/2924 2921/2921 2923/2923
f 2925/2925 2926/2926 2927/2927
f 2928/2928 2925/2925 2927/2927
f 2929/2929 2930/2930 2931/2931
f 2932/2932 2929/2929 2931/2931
f 2933/2933 2934/2934 2935/2935
f 2936/2936 2933/2933 2935/2935
f 2937/2937 2938/2938 2939/2939
f 2940/2940 2937/2937 2939/2939
f 2941/2941 2942/2942 2943/2943
f 2944/2944 2941/2941 2943/2943
f 2945/2945 2946/2946 2947/2947
f 2948/2948 2945/2945 2947/2947
f 2949/2949 2950/2950 2951/2951
f 2952/2952 2949/2949 2951/2951
f 2953/2953 2954/2954 2955/2955
f 2956/2956 2953/2953 2955/2955
f 2957/2957 2958/2958 2959/2959
f 2960/2960 2957/2957 2959/2959
f 2961/2961 2962/2962 2963/2963
f 2964/2964 2961/2961 2963/2963
f 2965/2965 2966/2966 2967/2967
f 2968/2968 2965/2965 2967/2967
f 2969/2969 2970/2970 2971/2971
f 2972/2972 2969/2969 2971/2971
f 2973/2973 2974/2974 2975/2975
f 2976/2976 2973/2973 2975/2975
f 2977/2977 2978/2978 2979/2979
f 2980/2980 2977/2977 2979/2979
f 2981/2981 2982/2982 2983/2983
f 2984/2984 2981/2981 2983/2983
f 2985/2985 2986/2986 2987/2987
f 2988/2988 2985/2985 2987/2987
f 2989/2989 2990/2990 2991/2991
f 2992/2992 2989/2989 2991/2991
f 2993/2993 2994/2994 2995/2995
f 2996/2996 2993/2993 2995/2995
f 2997/2997 2998/2998 2999/2999
f 3000/3000 2997/2997 2999/2999
f 3001/3001 3002/3002 3003/3003
f 3004/3004 3001/3001 3003/3003
f 3005/3005 3006/3006 3007/3007
f 3008/3008 3005/3005 3007/3007
f 3009/3009 3010/3010 3011/3011
f 3012/3012 3009/3009 3011/3011
f 3013/3013 3014/3014 3015/3015
f 3016/3016 3013/3013 3015/3015
f 3017/3017 3018/3018 3019/3019
f 3020/3020 3017/3017 3019/3019
f 3021/3021 3022/3022 3023/3023
f 3024/3024 3021/3021 3023/3023
f 3025/3025 3026/3026 3027/3027
f 3028/3028 3025/3025 3027/3027
f 3029/3029 3030/3030 3031/3031
f 3032/3032 3029/3029 3031/3031
f 3033/3033 3034/3034 3035/3035
f 3036/3036 3033/3033 3035/3035
f 3037/3037 3038/3038 3039/3039
f 3040/3040 3037/3037 3039/3039
f 3041/3041 3042/3042 3043/3043
f 3044/3044 3041/3041 3043/3043
f 3045/3045 3046/3046 3047/3047
f 3048/3048 3045/3045 3047/3047
f 3049/3049 3050/3050 3051/3051
f 3052/3052 3049/3049 3051/3051
f 3053/3053 3054/3054 3055/3055
f 3056/3056 3053/3053 3055/3055
f 3057/3057 3058/3058 3059/3059
f 3060/3060 3057/3057 3059/3059
f 3061/3061 3062/3062 3063/3063
f 3064/3064 3061/3061 3063/3063
f 3065/3065 3066/3066 3067/3067
f 3068/3068 3065/3065 3067/3067
f 3069/3069 3070/3070 3071/3071
f 3072/3072 3069/3069 3071/3071
f 3073/3073 3074/3074 3075/3075
f 3076/3076 3073/3073 3075/3075
f 3077/3077 3078/3078 3079/3079
f 3080/3080 3077/3077 3079/3079
f 3081/3081 3082/3082 3083/3083
f 3084/3084 3081/3081 3083/3083
f 3085/3085 3086/3086 3087/3087
f 3088/3088 3085/3085 3087/3087
f 3089/3089 3090/3090 3091/3091
f 3092/3092 3089/3089 3091/3091
f 3093/3093 3094/3094 3095/3095
f 3096/3096 3093/3093 3095/3095
f 3097/3097 3098/3098 3099/3099
f 3100/3100 3097/3097 3099/3099
f 3101/3101 3102/3102 3103/3103
f 3104/3104 3101/3101 3103/3103
f 3105/3105 3106/3106 3107/3107
f 3108/3108 3105/3105 3107/3107
f 3109/3109 3110/3110 3111/3111
f 3112/3112 3109/3109 3111/3111
f 3113/3113 3114/3114 3115/3115
f 3116/3116 3113/3113 3115/3115
f 3117/3117 3118/3118 3119/3119
f 3120/3120 3117/3117 3119/3119
f 3121/3121 3122/3122 3123/3123
f 3124/3124 3121/3121 3123/3123
f 3125/3125 3126/3126 3127/3127
f 3128/3128 3125/3125 3127/3127
f 3129/3129 3130/3130 3131/3131
f 3132/3132 3129/3129 3131/3131
f 3133/3133 3134/3134 3135/3135
f 3136/3136 3133/3133 3135/3135
f 3137/3137 3138/3138 3139/3139
f 3140/3140 3137/3137 3139/3139
f 3141/3141 3142/3142 3143/3143
f 3144/3144 3141/3141 3143/3143
f 3145/3145 3146/3146 3147/3147
f 3148/3148 3145/3145 3147/3147
f 3149/3149 3150/3150 3151/3151
f 3152/3152 3149/3149 3151/3151
f 3153/3153 3154/3154 3155/3155
f 3156/3156 3153/3153 3155/3155
f 3157/3157 3158/3158 3159/3159
f 3160/3160 3157/3157 3159/3159
f 3161/3161 3162/3162 3163/3163
f 3164/3164 3161/3161 3163/3163
f 3165/3165 3166/3166 3167/3167
f 3168/3168 3165/3165 3167/3167
f 3169/3169 3170/3170 3171/3171
f 3172/3172 3169/3169 3171/3171
f 3173/3173 3174/3174 3175/3175
f 3176/3176 3173/3173 3175/3175
f 3177/3177 3178/3178 3179/3179
f 3180/3180 3177/3177 3179/3179
f 3181/3181 3182/3182 3183/3183
f 3184/3184 3181/3181 3183/3183
f 3185/3185 3186/3186 3187/3187
f 3188/3188 3185/3185 3187/3187
f 3189/3189 3190/3190 3191/3191
f 3192/3192 3189/3189 3191/3191
f 3193/3193 3194/3194 3195/3195
f 3196/3196 3193/3193 3195/3195
f 3197/3197 3198/3198 3199/3199
f 3200/3200 3197/3197 3199/3199
f 3201/3201 3202/3202 3203/3203
f 3204/3204 3201/3201 3203/3203
f 3205/3205 3206/3206 3207/3207
f 3208/3208 3205/3205 3207/3207
f 3209/3209 3210/3210 3211/3211
f 3212/3212 3209/3209 3211/3211
f 3213/3213 3214/3214 3215/3215
f 3216/3216 3213/3213 3215/3215
f 3217/3217 3218/3218 3219/3219
f 3220/3220 3217/3217 3219/3219
f 3221/3221 3222/3222 3223/3223
f 3224/3224 3221/3221 3223/3223
f 3225/3225 3226/3226 3227/3227
f 3228/3228 3225/3225 3227/3227
f 3229/3229 3230/3230 3231/3231
f 3232/3232 3229/3229 3231/3231
f 3233/3233 3234/3234 3235/3235
f 3236/3236 3233/3233 3235/3235
f 3237/3237 3238/3238 3239/3239
f 3240/3240 3237/3237 3239/3239
f 3241/3241 3242/3242 3243/3243
f 3244/3244 3241/3241 3243/3243
f 3245/3245 3246/3246 3247/3247
f 3248/3248 3245/3245 3247/3247
f 3249/3249 3250/3250 3251/3251
f 3252/3252 3249/3249 3251/3251
f 3253/3253 3254/3254 3255/3255
f 3256/3256 3253/3253 3255/3255
f 3257/3257 3258/3258 3259/3259
f 3260/3260 3257/3257 3259/3259
f 3261/3261 3262/3262 3263/3263
f 3264/3264 3261/3261 3263/3263
f 3265/3265 3266/3266 3267/3267
f 3268/3268 3265/3265 3267/3267
f 3269/3269 3270/3270 3271/3271
f 3272/3272 3269/3269 3271/3271
f 3273/3273 3274/3274 3275/3275
f 3276/3276 3273/3273 3275/3275
f 3277/3277 3278/3278 3279/3279
f 3280/3280 3277/3277 3279/3279
f 3281/3281 3282/3282 3283/3283
f 3284/3284 3281/3281 3283/3283
f 3285/3285 3286/3286 3287/3287
f 3288/3288 3285/3285 3287/3287
f 3289/3289 3290/3290 3291/3291
f 3292/3292 3289/3289 3291/3291
f 3293/3293 3294/3294 3295/3295
f 3296/3296 3293/3293 3295/3295
f 3297/3297 3298/3298 3299/3299
f 3300/3300 3297/3297 3299/3299
f 3301/3301 3302/3302 3303/3303
f 3304/3304 3301/3301 3303/3303
f 3305/3305 3306/3306 3307/3307
f 3308/3308 3305/3305 3307/3307
f 3309/3309 3310/3310 3311/3311
f 3312/3312 3309/3309 3311/3311
f 3313/3313 3314/3314 3315/3315
f 3316/3316 3313/3313 3315/3315
f 3317/3317 3318/3318 3319/3319
f 3320/3320 3317/3317 3319/3319
f 3321/3321 3322/3322 3323/3323
f 3324/3324 3321/3321 3323/3323
f 3325/3325 3326/3326 3327/3327
f 3328/3328 3325/3325 3327/3327
f 3329/3329 3330/3330 3331/3331
f 3332/3332 3329/3329 3331/3331
f 3333/3333 3334/3334 3335/3335
f 3336/3336 3333/3333 3335/3335
f 3337/3337 3338/3338 3339/3339
f 3340/3340 3337/3337 3339/3339
f 3341/3341 3342/3342 3343/3343
f 3344/3344 3341/3341 3343/3343
f 3345/3345 3346/3346 3347/3347
f 3348/3348 3345/3345 3347/3347
f 3349/3349 3350/3350 3351/3351
f 3352/3352 3349/3349 3351/3351
f 3353/3353 3354/3354 3355/3355
f 3356/3356 3353/3353 3355/3355
f 3357/3357 3358/3358 3359/3359
f 3360/3360 3357/3357 3359/3359
f 3361/3361 3362/3362 3363/3363
f 3364/3364 3362/3362 3361/3361
f 3362/3362 3365/3365 3363/3363
f 3363/3363 3366/3366 3367/3367
f 3365/3365 3366/3366 3363/3363
f 3366/3366 3368/3368 3367/3367
f 3367/3367 3369/3369 3370/3370
f 3368/3368 3369/3369 3367/3367
f 3369/3369 3371/3371 3370/3370
f 3370/3370 3372/3372 3373/3373
f 3371/3371 3372/3372 3370/3370
f 3372/3372 3374/3374 3373/3373
f 3373/3373 3375/3375 3376/3376
f 3374/3374 3375/3375 3373/3373
f 3375/3375 3377/3377 3376/3376
f 3376/3376 3378/3378 3379/3379
f 3377/3377 3378/3378 3376/3376
f 3378/3378 3380/3380 3379/3379
f 3379/3379 3381/3381 3382/3382
f 3380/3380 3381/3381 3379/3379
f 3381/3381 3383/3383 3382/3382
f 3382/3382 3384/3384 3385/3385
f 3383/3383 3384/3384 3382/3382
f 3384/3384 3386/3386 3385/3385
f 3385/3385 3387/3387 3388/3388
f 3386/3386 3387/3387 3385/3385
f 3387/3387 3389/3389 3388/3388
f 3388/3388 3390/3390 3391/3391
f 3389/3389 3390/3390 3388/3388
f 3390/3390 3392/3392 3391/3391
f 3391/3391 3393/3393 3394/3394
f 3392/3392 3393/3393 3391/3391
f 3393/3393 3395/3395 3394/3394
f 3394/3394 3396/3396 3397/3397
f 3395/3395 3396/3396 3394/3394
f 3396/3396 3398/3398 3397/3397
f 3397/3397 3399/3399 3400/3400
f 3398/3398 3399/3399 3397/3397
f 3399/3399 3401/3401 3400/3400
f 3400/3400 3402/3402 3403/3403
f 3401/3401 3402/3402 3400/3400
f 3402/3402 3404/3404 3403/3403
f 3403/3403 3405/3405 3406/3406
f 3404/3404 3405/3405 3403/3403
f 3405/3405 3407/3407 3406/3406
f 3406/3406 3408/3408 3409/3409
f 3407/3407 3408/3408 3406/3406
f 3408/3408 3410/3410 3409/3409
f 3409/3409 3411/3411 3412/3412
f 3410/3410 3411/3411 3409/3409
f 3411/3411 3413/3413 3412/3412
f 3412/3412 3414/3414 3415/3415
f 3413/3413 3414/3414 3412/3412
f 3414/3414 3416/3416 3415/3415
f 7886/7886 3417/3417 3418/3418
f 3416/3416 8459/8459 3415/3415
f 3417/3417 3419/3419 3418/3418
f 3418/3418 3420/3420 3421/3421
f 3419/3419 3420/3420 3418/3418
f 3420/3420 3422/3422 3421/3421
f 3421/3421 3423/3423 3424/3424
f 3422/3422 3423/3423 3421/3421
f 3423/3423 3425/3425 3424/3424
f 3424/3424 3426/3426 3427/3427
f 3425/3425 3426/3426 3424/3424
f 3426/3426 3428/3428 3427/3427
f 3427/3427 3429/3429 3430/3430
f 3428/3428 3429/3429 3427/3427
f 3429/3429 3431/3431 3430/3430
f 3430/3430 3432/3432 3433/3433
f 3431/3431 3432/3432 3430/3430
f 3432/3432 3434/3434 3433/3433
f 3435/3435 3361/3361 3436/3436
f 3361/3361 3363/3363 3436/3436
f 3363/3363 3367/3367 7921/7921
f 7921/7921 3367/3367 3437/3437
f 3437/3437 3367/3367 3438/3438
f 3367/3367 3370/3370 3438/3438
f 3370/3370 3373/3373 3438/3438
f 3438/3438 3373/3373 3439/3439
f 7393/7393 3373/3373 3440/3440
f 3373/3373 3376/3376 3440/3440
f 3376/3376 3379/3379 3440/3440
f 3440/3440 3379/3379 3441/3441
f 3441/3441 3379/3379 3442/3442
f 3379/3379 3382/3382 3442/3442
f 3382/3382 3385/3385 3442/3442
f 3442/3442 3385/3385 3443/3443
f 3443/3443 3385/3385 3444/3444
f 3385/3385 3388/3388 3444/3444
f 3388/3388 3391/3391 7945/7945
f 7945/7945 3391/3391 3445/3445
f 3445/3445 3391/3391 3446/3446
f 3391/3391 3394/3394 3446/3446
f 3394/3394 3397/3397 3446/3446
f 3446/3446 3397/3397 3447/3447
f 3447/3447 3397/3397 3448/3448
f 3397/3397 3400/3400 3448/3448
f 3400/3400 3403/3403 3448/3448
f 3448/3448 3403/3403 3449/3449
f 3449/3449 3403/3403 3450/3450
f 3403/3403 3406/3406 3450/3450
f 3406/3406 3409/3409 3450/3450
f 3450/3450 3409/3409 3451/3451
f 3451/3451 3409/3409 3452/3452
f 3409/3409 3412/3412 3452/3452
f 3412/3412 3415/3415 3452/3452
f 3452/3452 3415/3415 3453/3453
f 7805/7805 7886/7886 3454/3454
f 7886/7886 3418/3418 3454/3454
f 3418/3418 3421/3421 3454/3454
f 3454/3454 3421/3421 3455/3455
f 3455/3455 7848/7848 3456/3456
f 3421/3421 3424/3424 3456/3456
f 3424/3424 3427/3427 3456/3456
f 3456/3456 3427/3427 3457/3457
f 3457/3457 3427/3427 3458/3458
f 3427/3427 3430/3430 3458/3458
f 3430/3430 3433/3433 3458/3458
f 3458/3458 3433/3433 3459/3459
f 3460/3460 3435/3435 3461/3461
f 3435/3435 3436/3436 3461/3461
f 7921/7921 3437/3437 3461/3461
f 3461/3461 3437/3437 3462/3462
f 3462/3462 3437/3437 3463/3463
f 3437/3437 3438/3438 3463/3463
f 3438/3438 3439/3439 3463/3463
f 3463/3463 3439/3439 3464/3464
f 3464/3464 7393/7393 3465/3465
f 7393/7393 3440/3440 3465/3465
f 3440/3440 3441/3441 3465/3465
f 3465/3465 3441/3441 3466/3466
f 3466/3466 3441/3441 3467/3467
f 3441/3441 3442/3442 3467/3467
f 3442/3442 3443/3443 3467/3467
f 3467/3467 3443/3443 3468/3468
f 3468/3468 3443/3443 3469/3469
f 3443/3443 3444/3444 3469/3469
f 7945/7945 3445/3445 3469/3469
f 3469/3469 3445/3445 3470/3470
f 3470/3470 3445/3445 3471/3471
f 3445/3445 3446/3446 3471/3471
f 3446/3446 3447/3447 3471/3471
f 3471/3471 3447/3447 3472/3472
f 3472/3472 3447/3447 3473/3473
f 3447/3447 3448/3448 3473/3473
f 3448/3448 3449/3449 3473/3473
f 3473/3473 3449/3449 3474/3474
f 3474/3474 3449/3449 3475/3475
f 3449/3449 3450/3450 3475/3475
f 3450/3450 3451/3451 3475/3475
f 3475/3475 3451/3451 3476/3476
f 3476/3476 3451/3451 3477/3477
f 3451/3451 3452/3452 3477/3477
f 3452/3452 3453/3453 3477/3477
f 3477/3477 3453/3453 3478/3478
f 7835/7835 7805/7805 3479/3479
f 7805/7805 3454/3454 3479/3479
f 3454/3454 3455/3455 3479/3479
f 3479/3479 3455/3455 3480/3480
f 3480/3480 3455/3455 3481/3481
f 3455/3455 3456/3456 3481/3481
f 3456/3456 3457/3457 3481/3481
f 3481/3481 3457/3457 3482/3482
f 3482/3482 3457/3457 3483/3483
f 3457/3457 3458/3458 3483/3483
f 3458/3458 3459/3459 3483/3483
f 3483/3483 3459/3459 3484/3484
f 3485/3485 3460/3460 3486/3486
f 3460/3460 3461/3461 3486/3486
f 3461/3461 3462/3462 3486/3486
f 3486/3486 3462/3462 3487/3487
f 3487/3487 3462/3462 3488/3488
f 3462/3462 3463/3463 3488/3488
f 3463/3463 3464/3464 3488/3488
f 3488/3488 3464/3464 3489/3489
f 3489/3489 3464/3464 3490/3490
f 3464/3464 3465/3465 3490/3490
f 3465/3465 3466/3466 3490/3490
f 3490/3490 3466/3466 3491/3491
f 3491/3491 7645/7645 3492/3492
f 3466/3466 3467/3467 7681/7681
f 3467/3467 3468/3468 3492/3492
f 3492/3492 3468/3468 3493/3493
f 3493/3493 3468/3468 3494/3494
f 3468/3468 3469/3469 3494/3494
f 3469/3469 3470/3470 3494/3494
f 3494/3494 3470/3470 3495/3495
f 3495/3495 3470/3470 3496/3496
f 3470/3470 3471/3471 3496/3496
f 3471/3471 3472/3472 7804/7804
f 7804/7804 3472/3472 3497/3497
f 3497/3497 3472/3472 3498/3498
f 3472/3472 3473/3473 3498/3498
f 3473/3473 3474/3474 3498/3498
f 3498/3498 3474/3474 3499/3499
f 3499/3499 3474/3474 3500/3500
f 3474/3474 3475/3475 3500/3500
f 3475/3475 3476/3476 3500/3500
f 3500/3500 3476/3476 3501/3501
f 3501/3501 3476/3476 3502/3502
f 3476/3476 3477/3477 3502/3502
f 3477/3477 3478/3478 3502/3502
f 3502/3502 3478/3478 3503/3503
f 7748/7748 7835/7835 3504/3504
f 7835/7835 3479/3479 3504/3504
f 3479/3479 3480/3480 3504/3504
f 3504/3504 3480/3480 3505/3505
f 3505/3505 3480/3480 3506/3506
f 3480/3480 3481/3481 3506/3506
f 3481/3481 3482/3482 3506/3506
f 3506/3506 3482/3482 3507/3507
f 3507/3507 3482/3482 3508/3508
f 3482/3482 3483/3483 3508/3508
f 3483/3483 3484/3484 3508/3508
f 3508/3508 3484/3484 3509/3509
f 3510/3510 3485/3485 3511/3511
f 3485/3485 3486/3486 3511/3511
f 3486/3486 3487/3487 7519/7519
f 7519/7519 3487/3487 3512/3512
f 3512/3512 3487/3487 3513/3513
f 3487/3487 3488/3488 3513/3513
f 3488/3488 3489/3489 3513/3513
f 3513/3513 3489/3489 3514/3514
f 3514/3514 3489/3489 3515/3515
f 3489/3489 3490/3490 3515/3515
f 3490/3490 3491/3491 3515/3515
f 3515/3515 3491/3491 3516/3516
f 3516/3516 3491/3491 3517/3517
f 3491/3491 3492/3492 3517/3517
f 3492/3492 3493/3493 3517/3517
f 3517/3517 3493/3493 3518/3518
f 3518/3518 3493/3493 3519/3519
f 3493/3493 3494/3494 3519/3519
f 3494/3494 3495/3495 3519/3519
f 3519/3519 3495/3495 3520/3520
f 3520/3520 3495/3495 3521/3521
f 3495/3495 3496/3496 3521/3521
f 7804/7804 3497/3497 7874/7874
f 7874/7874 3497/3497 3522/3522
f 3522/3522 3497/3497 3523/3523
f 3497/3497 3498/3498 3523/3523
f 3498/3498 3499/3499 3523/3523
f 3523/3523 3499/3499 3524/3524
f 3524/3524 3499/3499 3525/3525
f 3499/3499 3500/3500 3525/3525
f 3500/3500 3501/3501 3525/3525
f 3525/3525 3501/3501 3526/3526
f 3526/3526 3501/3501 3527/3527
f 3501/3501 3502/3502 3527/3527
f 3502/3502 3503/3503 3527/3527
f 3527/3527 3503/3503 3528/3528
f 8428/8428 7748/7748 3529/3529
f 7748/7748 3504/3504 3529/3529
f 3504/3504 3505/3505 3529/3529
f 3529/3529 3505/3505 3530/3530
f 3530/3530 3505/3505 3531/3531
f 3505/3505 3506/3506 3531/3531
f 3506/3506 3507/3507 3531/3531
f 3531/3531 3507/3507 3532/3532
f 3532/3532 3507/3507 3533/3533
f 3507/3507 3508/3508 8036/8036
f 3508/3508 3509/3509 3533/3533
f 3533/3533 3509/3509 3534/3534
f 3535/3535 3510/3510 3536/3536
f 3510/3510 3511/3511 3536/3536
f 7519/7519 3512/3512 8028/8028
f 8028/8028 3512/3512 3537/3537
f 3537/3537 3512/3512 3538/3538
f 3512/3512 3513/3513 3538/3538
f 3513/3513 3514/3514 3538/3538
f 3538/3538 3514/3514 3539/3539
f 3539/3539 3514/3514 3540/3540
f 3514/3514 3515/3515 3540/3540
f 3515/3515 3516/3516 3540/3540
f 3540/3540 3516/3516 3541/3541
f 3541/3541 3516/3516 3542/3542
f 3516/3516 3517/3517 3542/3542
f 3517/3517 3518/3518 3542/3542
f 3542/3542 3518/3518 3543/3543
f 3543/3543 3518/3518 3544/3544
f 3518/3518 3519/3519 3544/3544
f 3519/3519 3520/3520 3544/3544
f 3544/3544 3520/3520 3545/3545
f 3545/3545 3520/3520 3546/3546
f 3520/3520 3521/3521 3546/3546
f 7874/7874 3522/3522 3546/3546
f 3546/3546 3522/3522 3547/3547
f 7754/7754 3522/3522 3548/3548
f 3522/3522 3523/3523 3548/3548
f 3523/3523 3524/3524 3548/3548
f 3548/3548 3524/3524 3549/3549
f 3549/3549 3524/3524 3550/3550
f 3524/3524 3525/3525 3550/3550
f 3525/3525 3526/3526 3550/3550
f 3550/3550 3526/3526 3551/3551
f 3551/3551 3526/3526 3552/3552
f 3526/3526 3527/3527 3552/3552
f 3527/3527 3528/3528 3552/3552
f 3552/3552 3528/3528 3553/3553
f 8134/8134 8428/8428 3554/3554
f 8428/8428 3529/3529 3554/3554
f 3529/3529 3530/3530 3554/3554
f 3554/3554 3530/3530 3555/3555
f 3555/3555 3530/3530 3556/3556
f 3530/3530 3531/3531 3556/3556
f 3531/3531 3532/3532 3556/3556
f 3556/3556 3532/3532 3557/3557
f 3557/3557 3532/3532 3558/3558
f 3532/3532 3533/3533 3558/3558
f 3533/3533 3534/3534 3558/3558
f 3558/3558 3534/3534 3559/3559
f 3560/3560 3535/3535 3561/3561
f 3535/3535 3536/3536 3561/3561
f 8028/8028 3537/3537 3561/3561
f 3561/3561 3537/3537 3562/3562
f 3562/3562 3537/3537 3563/3563
f 3537/3537 3538/3538 3563/3563
f 3538/3538 3539/3539 3563/3563
f 3563/3563 3539/3539 3564/3564
f 8605/8605 3539/3539 3565/3565
f 3539/3539 3540/3540 3565/3565
f 3540/3540 3541/3541 3565/3565
f 3565/3565 3541/3541 3566/3566
f 7949/7949 3541/3541 3567/3567
f 3541/3541 3542/3542 3567/3567
f 3542/3542 3543/3543 3567/3567
f 3567/3567 3543/3543 3568/3568
f 3568/3568 3543/3543 3569/3569
f 3543/3543 3544/3544 3569/3569
f 3544/3544 3545/3545 3569/3569
f 3569/3569 3545/3545 3570/3570
f 3570/3570 3545/3545 3571/3571
f 3545/3545 3546/3546 3571/3571
f 3546/3546 3547/3547 3571/3571
f 3571/3571 3547/3547 3572/3572
f 7784/7784 7754/7754 3573/3573
f 7754/7754 3548/3548 3573/3573
f 3548/3548 3549/3549 3573/3573
f 3573/3573 3549/3549 3574/3574
f 3574/3574 3549/3549 3575/3575
f 3549/3549 3550/3550 3575/3575
f 3550/3550 3551/3551 3575/3575
f 3575/3575 3551/3551 3576/3576
f 3576/3576 3551/3551 3577/3577
f 3551/3551 3552/3552 3577/3577
f 3552/3552 3553/3553 3577/3577
f 3577/3577 3553/3553 3578/3578
f 7870/7870 8134/8134 3579/3579
f 8134/8134 3554/3554 3579/3579
f 3554/3554 3555/3555 3579/3579
f 3579/3579 3555/3555 3580/3580
f 3580/3580 3555/3555 3581/3581
f 3555/3555 3556/3556 3581/3581
f 3556/3556 3557/3557 3581/3581
f 3581/3581 3557/3557 3582/3582
f 3582/3582 3557/3557 3583/3583
f 3557/3557 3558/3558 3583/3583
f 3558/3558 3559/3559 3583/3583
f 3583/3583 3559/3559 3584/3584
f 3560/3560 3561/3561 3585/3585
f 3561/3561 3562/3562 3586/3586
f 3561/3561 3586/3586 3585/3585
f 3562/3562 3563/3563 3586/3586
f 3563/3563 3564/3564 3587/3587
f 3563/3563 3587/3587 3586/3586
f 8605/8605 3565/3565 7968/7968
f 3565/3565 3566/3566 3588/3588
f 3565/3565 3588/3588 7968/7968
f 7949/7949 3567/3567 7544/7544
f 3567/3567 3568/3568 3589/3589
f 3567/3567 3589/3589 7544/7544
f 3568/3568 3569/3569 3589/3589
f 3569/3569 3570/3570 3590/3590
f 3569/3569 3590/3590 3589/3589
f 3570/3570 3571/3571 3590/3590
f 3571/3571 3572/3572 3591/3591
f 3571/3571 3591/3591 3590/3590
f 7784/7784 3573/3573 7972/7972
f 3573/3573 3574/3574 3592/3592
f 3573/3573 3592/3592 7972/7972
f 3574/3574 3575/3575 3592/3592
f 3575/3575 3576/3576 3593/3593
f 3575/3575 3593/3593 3592/3592
f 3576/3576 3577/3577 3593/3593
f 3577/3577 3578/3578 3594/3594
f 3577/3577 3594/3594 7974/7974
f 7870/7870 3579/3579 3594/3594
f 3579/3579 3580/3580 3595/3595
f 3579/3579 3595/3595 3594/3594
f 3580/3580 3581/3581 3595/3595
f 3581/3581 3582/3582 3596/3596
f 3581/3581 3596/3596 3595/3595
f 3582/3582 3583/3583 3596/3596
f 3583/3583 3584/3584 3597/3597
f 3583/3583 3597/3597 3596/3596
f 3598/3598 3585/3585 3599/3599
f 3585/3585 3586/3586 3599/3599
f 3586/3586 3587/3587 3599/3599
f 3599/3599 3587/3587 3600/3600
f 7674/7674 7968/7968 3601/3601
f 7968/7968 3588/3588 3601/3601
f 7544/7544 3589/3589 8316/8316
f 8316/8316 3589/3589 3602/3602
f 3602/3602 3589/3589 3603/3603
f 3589/3589 3590/3590 3603/3603
f 3590/3590 3591/3591 3603/3603
f 3603/3603 3591/3591 3604/3604
f 3604/3604 7972/7972 3605/3605
f 7972/7972 3592/3592 3605/3605
f 3592/3592 3593/3593 3605/3605
f 3605/3605 3593/3593 3606/3606
f 3606/3606 7974/7974 3607/3607
f 7974/7974 3594/3594 3607/3607
f 3594/3594 3595/3595 3607/3607
f 3607/3607 3595/3595 3608/3608
f 3608/3608 3595/3595 3609/3609
f 3595/3595 3596/3596 3609/3609
f 3596/3596 3597/3597 3609/3609
f 3609/3609 3597/3597 3610/3610
f 3611/3611 3598/3598 3612/3612
f 3598/3598 3599/3599 3612/3612
f 3599/3599 3600/3600 3612/3612
f 3612/3612 3600/3600 3613/3613
f 7991/7991 7674/7674 3614/3614
f 7674/7674 3601/3601 3614/3614
f 8316/8316 3602/3602 3614/3614
f 3614/3614 3602/3602 3615/3615
f 3615/3615 3602/3602 3616/3616
f 3602/3602 3603/3603 3616/3616
f 3603/3603 3604/3604 3616/3616
f 3616/3616 3604/3604 3617/3617
f 3617/3617 3604/3604 3618/3618
f 3604/3604 3605/3605 3618/3618
f 3605/3605 3606/3606 3618/3618
f 3618/3618 3606/3606 3619/3619
f 3619/3619 3606/3606 3620/3620
f 3606/3606 3607/3607 3620/3620
f 3607/3607 3608/3608 3620/3620
f 3620/3620 3608/3608 3621/3621
f 3621/3621 3608/3608 3622/3622
f 3608/3608 3609/3609 3622/3622
f 3609/3609 3610/3610 3622/3622
f 3622/3622 3610/3610 3623/3623
f 3624/3624 3611/3611 3625/3625
f 3611/3611 3612/3612 3625/3625
f 3612/3612 3613/3613 3625/3625
f 3625/3625 3613/3613 3626/3626
f 7798/7798 7991/7991 3627/3627
f 7991/7991 3614/3614 3627/3627
f 3614/3614 3615/3615 3627/3627
f 3627/3627 3615/3615 3628/3628
f 3628/3628 3615/3615 3629/3629
f 3615/3615 3616/3616 3629/3629
f 3616/3616 3617/3617 3629/3629
f 3629/3629 3617/3617 3630/3630
f 3630/3630 3617/3617 3631/3631
f 3617/3617 3618/3618 3631/3631
f 3618/3618 3619/3619 3631/3631
f 3631/3631 3619/3619 3632/3632
f 3632/3632 3619/3619 3633/3633
f 3619/3619 3620/3620 3633/3633
f 3620/3620 3621/3621 3633/3633
f 3633/3633 3621/3621 3634/3634
f 3634/3634 3621/3621 3635/3635
f 3621/3621 3622/3622 3635/3635
f 3622/3622 3623/3623 3635/3635
f 3635/3635 3623/3623 3636/3636
f 3637/3637 3624/3624 3638/3638
f 3624/3624 3625/3625 3638/3638
f 3625/3625 3626/3626 3638/3638
f 3638/3638 3626/3626 3639/3639
f 3639/3639 7798/7798 3640/3640
f 7798/7798 3627/3627 3640/3640
f 3627/3627 3628/3628 3640/3640
f 3640/3640 3628/3628 3641/3641
f 3641/3641 3628/3628 3642/3642
f 3628/3628 3629/3629 3642/3642
f 3629/3629 3630/3630 3642/3642
f 3642/3642 3630/3630 3643/3643
f 3643/3643 3630/3630 3644/3644
f 3630/3630 3631/3631 3644/3644
f 3631/3631 3632/3632 3644/3644
f 3644/3644 3632/3632 3645/3645
f 3645/3645 3632/3632 3646/3646
f 3632/3632 3633/3633 3646/3646
f 3633/3633 3634/3634 3646/3646
f 3646/3646 3634/3634 3647/3647
f 3647/3647 3634/3634 3648/3648
f 3634/3634 3635/3635 3648/3648
f 3635/3635 3636/3636 3648/3648
f 3648/3648 3636/3636 3649/3649
f 3650/3650 3637/3637 3651/3651
f 3637/3637 3638/3638 3651/3651
f 3638/3638 3639/3639 3651/3651
f 3651/3651 3639/3639 3652/3652
f 3652/3652 3639/3639 3653/3653
f 3639/3639 3640/3640 3653/3653
f 3640/3640 3641/3641 3653/3653
f 3653/3653 3641/3641 3654/3654
f 3654/3654 3641/3641 3655/3655
f 3641/3641 3642/3642 3655/3655
f 3642/3642 3643/3643 3655/3655
f 3655/3655 3643/3643 3656/3656
f 3656/3656 3643/3643 3657/3657
f 3643/3643 3644/3644 3657/3657
f 3644/3644 3645/3645 3657/3657
f 3657/3657 3645/3645 3658/3658
f 3658/3658 3645/3645 3659/3659
f 3645/3645 3646/3646 3659/3659
f 3646/3646 3647/3647 3659/3659
f 3659/3659 3647/3647 3660/3660
f 3660/3660 3647/3647 3661/3661
f 3647/3647 3648/3648 3661/3661
f 3648/3648 3649/3649 3661/3661
f 3661/3661 3649/3649 3662/3662
f 3663/3663 3650/3650 3664/3664
f 3650/3650 3651/3651 3664/3664
f 3651/3651 3652/3652 3664/3664
f 3664/3664 3652/3652 3665/3665
f 3665/3665 3652/3652 3666/3666
f 3652/3652 3653/3653 3666/3666
f 3653/3653 3654/3654 3666/3666
f 3666/3666 3654/3654 3667/3667
f 3667/3667 3654/3654 3668/3668
f 3654/3654 3655/3655 3668/3668
f 3655/3655 3656/3656 3668/3668
f 3668/3668 3656/3656 3669/3669
f 3669/3669 3656/3656 3670/3670
f 3656/3656 3657/3657 3670/3670
f 3657/3657 3658/3658 3670/3670
f 3670/3670 3658/3658 3671/3671
f 3671/3671 3658/3658 3672/3672
f 3658/3658 3659/3659 3672/3672
f 3659/3659 3660/3660 3672/3672
f 3672/3672 3660/3660 3673/3673
f 3673/3673 3660/3660 3674/3674
f 3660/3660 3661/3661 3674/3674
f 3661/3661 3662/3662 3674/3674
f 3674/3674 3662/3662 3675/3675
f 3676/3676 3663/3663 3677/3677
f 3663/3663 3664/3664 3677/3677
f 3664/3664 3665/3665 3677/3677
f 3677/3677 3665/3665 3678/3678
f 3678/3678 3665/3665 3679/3679
f 3665/3665 3666/3666 3679/3679
f 3666/3666 3667/3667 3679/3679
f 3679/3679 3667/3667 3680/3680
f 3680/3680 3667/3667 3681/3681
f 3667/3667 3668/3668 3681/3681
f 3668/3668 3669/3669 3681/3681
f 3681/3681 3669/3669 3682/3682
f 3682/3682 3669/3669 3683/3683
f 3669/3669 3670/3670 3683/3683
f 3670/3670 3671/3671 3683/3683
f 3683/3683 3671/3671 3684/3684
f 3684/3684 3671/3671 3685/3685
f 3671/3671 3672/3672 3685/3685
f 3672/3672 3673/3673 3685/3685
f 3685/3685 3673/3673 3686/3686
f 3686/3686 3673/3673 3687/3687
f 3673/3673 3674/3674 3687/3687
f 3674/3674 3675/3675 3687/3687
f 3687/3687 3675/3675 3688/3688
f 3676/3676 3677/3677 3689/3689
f 3677/3677 3678/3678 3690/3690
f 3677/3677 3690/3690 3689/3689
f 3678/3678 3679/3679 3690/3690
f 3679/3679 3680/3680 3691/3691
f 3679/3679 3691/3691 3690/3690
f 3680/3680 3681/3681 3691/3691
f 3681/3681 3682/3682 3692/3692
f 3681/3681 3692/3692 3691/3691
f 3682/3682 3683/3683 3692/3692
f 3683/3683 3684/3684 3693/3693
f 3683/3683 3693/3693 3692/3692
f 3684/3684 3685/3685 3693/3693
f 3685/3685 3686/3686 3694/3694
f 3685/3685 3694/3694 3693/3693
f 3686/3686 3687/3687 3694/3694
f 3687/3687 3688/3688 3695/3695
f 3687/3687 3695/3695 3694/3694
f 3696/3696 3689/3689 3697/3697
f 3689/3689 3690/3690 3697/3697
f 3690/3690 3691/3691 8039/8039
f 8039/8039 3691/3691 3698/3698
f 8303/8303 3691/3691 3699/3699
f 3691/3691 3692/3692 3699/3699
f 3692/3692 3693/3693 8386/8386
f 8386/8386 3693/3693 3700/3700
f 8041/8041 3693/3693 3701/3701
f 3693/3693 3694/3694 3701/3701
f 3694/3694 3695/3695 7781/7781
f 7781/7781 3695/3695 3702/3702
f 3703/3703 3696/3696 3704/3704
f 3696/3696 3697/3697 3704/3704
f 8039/8039 3698/3698 8354/8354
f 8354/8354 3698/3698 3705/3705
f 8052/8052 8303/8303 3706/3706
f 8303/8303 3699/3699 3706/3706
f 8386/8386 3700/3700 8023/8023
f 8023/8023 3700/3700 3707/3707
f 7844/7844 8041/8041 3708/3708
f 8041/8041 3701/3701 3708/3708
f 7781/7781 3702/3702 8305/8305
f 8305/8305 3702/3702 3709/3709
f 3710/3710 3703/3703 3711/3711
f 3703/3703 3704/3704 3711/3711
f 8354/8354 3705/3705 8004/8004
f 8004/8004 3705/3705 3712/3712
f 7839/7839 8052/8052 3713/3713
f 8052/8052 3706/3706 3713/3713
f 8023/8023 3707/3707 8046/8046
f 8046/8046 3707/3707 3714/3714
f 7912/7912 7844/7844 3715/3715
f 7844/7844 3708/3708 3715/3715
f 8305/8305 3709/3709 7823/7823
f 7823/7823 3709/3709 3716/3716
f 3717/3717 3710/3710 3718/3718
f 3710/3710 3711/3711 3718/3718
f 8004/8004 3712/3712 8049/8049
f 8049/8049 3712/3712 3719/3719
f 8286/8286 7839/7839 3720/3720
f 7839/7839 3713/3713 3720/3720
f 8046/8046 3714/3714 8053/8053
f 8053/8053 3714/3714 3721/3721
f 8058/8058 7912/7912 3722/3722
f 7912/7912 3715/3715 3722/3722
f 7823/7823 3716/3716 7733/7733
f 7733/7733 3716/3716 3723/3723
f 3724/3724 3717/3717 3725/3725
f 3717/3717 3718/3718 3725/3725
f 8049/8049 3719/3719 7779/7779
f 7779/7779 3719/3719 3726/3726
f 7680/7680 8286/8286 3727/3727
f 8286/8286 3720/3720 3727/3727
f 8053/8053 3721/3721 8042/8042
f 8042/8042 3721/3721 3728/3728
f 7819/7819 8058/8058 3729/3729
f 8058/8058 3722/3722 3729/3729
f 7733/7733 3723/3723 8061/8061
f 8061/8061 3723/3723 3730/3730
f 3731/3731 3724/3724 3732/3732
f 3724/3724 3725/3725 3732/3732
f 7779/7779 3726/3726 7816/7816
f 7816/7816 3726/3726 3733/3733
f 7901/7901 7680/7680 3734/3734
f 7680/7680 3727/3727 3734/3734
f 8042/8042 3728/3728 7760/7760
f 7760/7760 3728/3728 3735/3735
f 8071/8071 7819/7819 3736/3736
f 7819/7819 3729/3729 3736/3736
f 8061/8061 3730/3730 8024/8024
f 8024/8024 3730/3730 3737/3737
f 3738/3738 3731/3731 3739/3739
f 3731/3731 3732/3732 3739/3739
f 7816/7816 3733/3733 8010/8010
f 8010/8010 3733/3733 3740/3740
f 8080/8080 7901/7901 3741/3741
f 7901/7901 3734/3734 3741/3741
f 7760/7760 3735/3735 8025/8025
f 8025/8025 3735/3735 3742/3742
f 8653/8653 8071/8071 3743/3743
f 8071/8071 3736/3736 3743/3743
f 8024/8024 3737/3737 7863/7863
f 7863/7863 3737/3737 3744/3744
f 3745/3745 3738/3738 3746/3746
f 3738/3738 3739/3739 3746/3746
f 8010/8010 3740/3740 8103/8103
f 8103/8103 3740/3740 3747/3747
f 8001/8001 8080/8080 3748/3748
f 8080/8080 3741/3741 3748/3748
f 8025/8025 3742/3742 7717/7717
f 7717/7717 3742/3742 3749/3749
f 8452/8452 8653/8653 3750/3750
f 8653/8653 3743/3743 3750/3750
f 7863/7863 3744/3744 8089/8089
f 8089/8089 3744/3744 3751/3751
f 8083/8083 8104/8104 3752/3752
f 8104/8104 8002/8002 3753/3753
f 8002/8002 7718/7718 3754/3754
f 7718/7718 8453/8453 3755/3755
f 8453/8453 8090/8090 3756/3756
f 8090/8090 8084/8084 3757/3757
f 3758/3758 3759/3759 3760/3760
f 3759/3759 3761/3761 3760/3760
f 7641/7641 3762/3762 7796/7796
f 7796/7796 3762/3762 3763/3763
f 8671/8671 8019/8019 3764/3764
f 8019/8019 3765/3765 3764/3764
f 7509/7509 3766/3766 7780/7780
f 7780/7780 3766/3766 3767/3767
f 3768/3768 3758/3758 3769/3769
f 3758/3758 3760/3760 3769/3769
f 7796/7796 3763/3763 8095/8095
f 8095/8095 3763/3763 3770/3770
f 8684/8684 8671/8671 3771/3771
f 8671/8671 3764/3764 3771/3771
f 7780/7780 3767/3767 8312/8312
f 8312/8312 3767/3767 3772/3772
f 3773/3773 3768/3768 3774/3774
f 3768/3768 3769/3769 3774/3774
f 8095/8095 3770/3770 7846/7846
f 7846/7846 3770/3770 3775/3775
f 8037/8037 8684/8684 3776/3776
f 8684/8684 3771/3771 3776/3776
f 8312/8312 3772/3772 8060/8060
f 8060/8060 3772/3772 3777/3777
f 3778/3778 3773/3773 3779/3779
f 3773/3773 3774/3774 3779/3779
f 7846/7846 3775/3775 8051/8051
f 8051/8051 3775/3775 3780/3780
f 8045/8045 8037/8037 3781/3781
f 8037/8037 3776/3776 3781/3781
f 8060/8060 3777/3777 7995/7995
f 7995/7995 3777/3777 3782/3782
f 3783/3783 3778/3778 3784/3784
f 3778/3778 3779/3779 3784/3784
f 8051/8051 3780/3780 7861/7861
f 7861/7861 3780/3780 3785/3785
f 8389/8389 8045/8045 3786/3786
f 8045/8045 3781/3781 3786/3786
f 7995/7995 3782/3782 7840/7840
f 7840/7840 3782/3782 3787/3787
f 3788/3788 3783/3783 3789/3789
f 3783/3783 3784/3784 3789/3789
f 7861/7861 3785/3785 7723/7723
f 7723/7723 3785/3785 3790/3790
f 7814/7814 8389/8389 3791/3791
f 8389/8389 3786/3786 3791/3791
f 7840/7840 3787/3787 8107/8107
f 8107/8107 3787/3787 3792/3792
f 3793/3793 3788/3788 3794/3794
f 3788/3788 3789/3789 3794/3794
f 7723/7723 3790/3790 7803/7803
f 7803/7803 3790/3790 3795/3795
f 7829/7829 7814/7814 3796/3796
f 7814/7814 3791/3791 3796/3796
f 8107/8107 3792/3792 7757/7757
f 7757/7757 3792/3792 3797/3797
f 3798/3798 3793/3793 3799/3799
f 3793/3793 3794/3794 3799/3799
f 7803/7803 3795/3795 8115/8115
f 8115/8115 3795/3795 3800/3800
f 7871/7871 7829/7829 3801/3801
f 7829/7829 3796/3796 3801/3801
f 7757/7757 3797/3797 7994/7994
f 7994/7994 3797/3797 3802/3802
f 3803/3803 3798/3798 3804/3804
f 3798/3798 3799/3799 3804/3804
f 8115/8115 3800/3800 8117/8117
f 8117/8117 3800/3800 3805/3805
f 7782/7782 7871/7871 3806/3806
f 7871/7871 3801/3801 3806/3806
f 7994/7994 3802/3802 7630/7630
f 7630/7630 3802/3802 3807/3807
f 3803/3803 3804/3804 3808/3808
f 8117/8117 3805/3805 3809/3809
f 7782/7782 3806/3806 3810/3810
f 7630/7630 3807/3807 3811/3811
f 3812/3812 3813/3813 3814/3814
f 3813/3813 3815/3815 3814/3814
f 7772/7772 3816/3816 8556/8556
f 8556/8556 3816/3816 3817/3817
f 7907/7907 8017/8017 3818/3818
f 8017/8017 3819/3819 3818/3818
f 7618/7618 3820/3820 7620/7620
f 7620/7620 3820/3820 3821/3821
f 7616/7616 7652/7652 3822/3822
f 7652/7652 3823/3823 3822/3822
f 3824/3824 3812/3812 3825/3825
f 3812/3812 3814/3814 3825/3825
f 8556/8556 3817/3817 7448/7448
f 7448/7448 3817/3817 3826/3826
f 7534/7534 7907/7907 3827/3827
f 7907/7907 3818/3818 3827/3827
f 7620/7620 3821/3821 7926/7926
f 7926/7926 3821/3821 3828/3828
f 7611/7611 7616/7616 3829/3829
f 7616/7616 3822/3822 3829/3829
f 3830/3830 3824/3824 3831/3831
f 3824/3824 3825/3825 3831/3831
f 7448/7448 3826/3826 7608/7608
f 7608/7608 3826/3826 3832/3832
f 7666/7666 7534/7534 3833/3833
f 7534/7534 3827/3827 3833/3833
f 7926/7926 3828/3828 7607/7607
f 7607/7607 3828/3828 3834/3834
f 7884/7884 7611/7611 3835/3835
f 7611/7611 3829/3829 3835/3835
f 3836/3836 3830/3830 3837/3837
f 3830/3830 3831/3831 3837/3837
f 7608/7608 3832/3832 7818/7818
f 7818/7818 3832/3832 3838/3838
f 8044/8044 7666/7666 3839/3839
f 7666/7666 3833/3833 3839/3839
f 7607/7607 3834/3834 7414/7414
f 7414/7414 3834/3834 3840/3840
f 7865/7865 7884/7884 3841/3841
f 7884/7884 3835/3835 3841/3841
f 3842/3842 3836/3836 3843/3843
f 3836/3836 3837/3837 3843/3843
f 7818/7818 3838/3838 7969/7969
f 7969/7969 3838/3838 3844/3844
f 7604/7604 8044/8044 3845/3845
f 8044/8044 3839/3839 3845/3845
f 7414/7414 3840/3840 7600/7600
f 7600/7600 3840/3840 3846/3846
f 7599/7599 7865/7865 3847/3847
f 7865/7865 3841/3841 3847/3847
f 3848/3848 3842/3842 3849/3849
f 3842/3842 3843/3843 3849/3849
f 7969/7969 3844/3844 8597/8597
f 8597/8597 3844/3844 3850/3850
f 7897/7897 7604/7604 3851/3851
f 7604/7604 3845/3845 3851/3851
f 7600/7600 3846/3846 7598/7598
f 7598/7598 3846/3846 3852/3852
f 7646/7646 7599/7599 3853/3853
f 7599/7599 3847/3847 3853/3853
f 3854/3854 3848/3848 3855/3855
f 3848/3848 3849/3849 3855/3855
f 8597/8597 3850/3850 7881/7881
f 7881/7881 3850/3850 3856/3856
f 7797/7797 7897/7897 3857/3857
f 7897/7897 3851/3851 3857/3857
f 7598/7598 3852/3852 7596/7596
f 7596/7596 3852/3852 3858/3858
f 7595/7595 7646/7646 3859/3859
f 7646/7646 3853/3853 3859/3859
f 3860/3860 3854/3854 3861/3861
f 3854/3854 3855/3855 3861/3861
f 7881/7881 3856/3856 7594/7594
f 7594/7594 3856/3856 3862/3862
f 7593/7593 7797/7797 3863/3863
f 7797/7797 3857/3857 3863/3863
f 7596/7596 3858/3858 8701/8701
f 8701/8701 3858/3858 3864/3864
f 8148/8148 7595/7595 3865/3865
f 7595/7595 3859/3859 3865/3865
f 3866/3866 3860/3860 3867/3867
f 3860/3860 3861/3861 3867/3867
f 7594/7594 3862/3862 8267/8267
f 8267/8267 3862/3862 3868/3868
f 7590/7590 7593/7593 3869/3869
f 7593/7593 3863/3863 3869/3869
f 8701/8701 3864/3864 7589/7589
f 7589/7589 3864/3864 3870/3870
f 7583/7583 8148/8148 3871/3871
f 8148/8148 3865/3865 3871/3871
f 3872/3872 3866/3866 3873/3873
f 3866/3866 3867/3867 3873/3873
f 8267/8267 3868/3868 7938/7938
f 7938/7938 3868/3868 3874/3874
f 7576/7576 7590/7590 3875/3875
f 7590/7590 3869/3869 3875/3875
f 7589/7589 3870/3870 7571/7571
f 7571/7571 3870/3870 3876/3876
f 7569/7569 7583/7583 3877/3877
f 7583/7583 3871/3871 3877/3877
f 3872/3872 3873/3873 3878/3878
f 7938/7938 3874/3874 3879/3879
f 7576/7576 3875/3875 3880/3880
f 7571/7571 3876/3876 3881/3881
f 7569/7569 3877/3877 3882/3882
f 3883/3883 3884/3884 3885/3885
f 3884/3884 3886/3886 3885/3885
f 8329/8329 3887/3887 7783/7783
f 7783/7783 3887/3887 3888/3888
f 8018/8018 7643/7643 3889/3889
f 7643/7643 3890/3890 3889/3889
f 7443/7443 3891/3891 7941/7941
f 7941/7941 3891/3891 3892/3892
f 7552/7552 7557/7557 3893/3893
f 7557/7557 3894/3894 3893/3893
f 3895/3895 3883/3883 3896/3896
f 3883/3883 3885/3885 3896/3896
f 7783/7783 3888/3888 8062/8062
f 8062/8062 3888/3888 3897/3897
f 7549/7549 8018/8018 3898/3898
f 8018/8018 3889/3889 3898/3898
f 7941/7941 3892/3892 7857/7857
f 7857/7857 3892/3892 3899/3899
f 7546/7546 7552/7552 3900/3900
f 7552/7552 3893/3893 3900/3900
f 3901/3901 3895/3895 3902/3902
f 3895/3895 3896/3896 3902/3902
f 8062/8062 3897/3897 7709/7709
f 7709/7709 3897/3897 3903/3903
f 7623/7623 7549/7549 3904/3904
f 7549/7549 3898/3898 3904/3904
f 7857/7857 3899/3899 7993/7993
f 7993/7993 3899/3899 3905/3905
f 8529/8529 7546/7546 3906/3906
f 7546/7546 3900/3900 3906/3906
f 3907/3907 3901/3901 3908/3908
f 3901/3901 3902/3902 3908/3908
f 7709/7709 3903/3903 7841/7841
f 7841/7841 3903/3903 3909/3909
f 8075/8075 7623/7623 3910/3910
f 7623/7623 3904/3904 3910/3910
f 7993/7993 3905/3905 8616/8616
f 8616/8616 3905/3905 3911/3911
f 7976/7976 8529/8529 3912/3912
f 8529/8529 3906/3906 3912/3912
f 3913/3913 3907/3907 3914/3914
f 3907/3907 3908/3908 3914/3914
f 7841/7841 3909/3909 7543/7543
f 7543/7543 3909/3909 3915/3915
f 8457/8457 8075/8075 3916/3916
f 8075/8075 3910/3910 3916/3916
f 8616/8616 3911/3911 7658/7658
f 7658/7658 3911/3911 3917/3917
f 7962/7962 7976/7976 3918/3918
f 7976/7976 3912/3912 3918/3918
f 3919/3919 3913/3913 3920/3920
f 3913/3913 3914/3914 3920/3920
f 7543/7543 3915/3915 7902/7902
f 7902/7902 3915/3915 3921/3921
f 8240/8240 8457/8457 3922/3922
f 8457/8457 3916/3916 3922/3922
f 7658/7658 3917/3917 7984/7984
f 7984/7984 3917/3917 3923/3923
f 7539/7539 7962/7962 3924/3924
f 7962/7962 3918/3918 3924/3924
f 3925/3925 3919/3919 3926/3926
f 3919/3919 3920/3920 3926/3926
f 7902/7902 3921/3921 8047/8047
f 8047/8047 3921/3921 3927/3927
f 7536/7536 8240/8240 3928/3928
f 8240/8240 3922/3922 3928/3928
f 7984/7984 3923/3923 8483/8483
f 8483/8483 3923/3923 3929/3929
f 7981/7981 7539/7539 3930/3930
f 7539/7539 3924/3924 3930/3930
f 3931/3931 3925/3925 3932/3932
f 3925/3925 3926/3926 3932/3932
f 8047/8047 3927/3927 7535/7535
f 7535/7535 3927/3927 3933/3933
f 8429/8429 7536/7536 3934/3934
f 7536/7536 3928/3928 3934/3934
f 8483/8483 3929/3929 7766/7766
f 7766/7766 3929/3929 3935/3935
f 8072/8072 7981/7981 3936/3936
f 7981/7981 3930/3930 3936/3936
f 3937/3937 3931/3931 3938/3938
f 3931/3931 3932/3932 3938/3938
f 7535/7535 3933/3933 7531/7531
f 7531/7531 3933/3933 3939/3939
f 7649/7649 8429/8429 3940/3940
f 8429/8429 3934/3934 3940/3940
f 7766/7766 3935/3935 8076/8076
f 8076/8076 3935/3935 3941/3941
f 7529/7529 8072/8072 3942/3942
f 8072/8072 3936/3936 3942/3942
f 3937/3937 3938/3938 3943/3943
f 7531/7531 3939/3939 3944/3944
f 7649/7649 3940/3940 3945/3945
f 8076/8076 3941/3941 3946/3946
f 7529/7529 3942/3942 3947/3947
f 3948/3948 3949/3949 3950/3950
f 3949/3949 3951/3951 3950/3950
f 7524/7524 3952/3952 7525/7525
f 7525/7525 3952/3952 3953/3953
f 7521/7521 8705/8705 3954/3954
f 8705/8705 3955/3955 3954/3954
f 7654/7654 3956/3956 7615/7615
f 7615/7615 3956/3956 3957/3957
f 7862/7862 8099/8099 3958/3958
f 8099/8099 3959/3959 3958/3958
f 3960/3960 3948/3948 3961/3961
f 3948/3948 3950/3950 3961/3961
f 7525/7525 3953/3953 7687/7687
f 7687/7687 3953/3953 3962/3962
f 8681/8681 7521/7521 3963/3963
f 7521/7521 3954/3954 3963/3963
f 7615/7615 3957/3957 7868/7868
f 7868/7868 3957/3957 3964/3964
f 7517/7517 7862/7862 3965/3965
f 7862/7862 3958/3958 3965/3965
f 3966/3966 3960/3960 3967/3967
f 3960/3960 3961/3961 3967/3967
f 7687/7687 3962/3962 7545/7545
f 7545/7545 3962/3962 3968/3968
f 7634/7634 8681/8681 3969/3969
f 8681/8681 3963/3963 3969/3969
f 7868/7868 3964/3964 7817/7817
f 7817/7817 3964/3964 3970/3970
f 8395/8395 7517/7517 3971/3971
f 7517/7517 3965/3965 3971/3971
f 3972/3972 3966/3966 3973/3973
f 3966/3966 3967/3967 3973/3973
f 7545/7545 3968/3968 7514/7514
f 7514/7514 3968/3968 3974/3974
f 7513/7513 7634/7634 3975/3975
f 7634/7634 3969/3969 3975/3975
f 7817/7817 3970/3970 7622/7622
f 7622/7622 3970/3970 3976/3976
f 8223/8223 8395/8395 3977/3977
f 8395/8395 3971/3971 3977/3977
f 3978/3978 3972/3972 3979/3979
f 3972/3972 3973/3973 3979/3979
f 7514/7514 3974/3974 7541/7541
f 7541/7541 3974/3974 3980/3980
f 8088/8088 7513/7513 3981/3981
f 7513/7513 3975/3975 3981/3981
f 7622/7622 3976/3976 7815/7815
f 7815/7815 3976/3976 3982/3982
f 7561/7561 8223/8223 3983/3983
f 8223/8223 3977/3977 3983/3983
f 3984/3984 3978/3978 3985/3985
f 3978/3978 3979/3979 3985/3985
f 7541/7541 3980/3980 8133/8133
f 8133/8133 3980/3980 3986/3986
f 7490/7490 8088/8088 3987/3987
f 8088/8088 3981/3981 3987/3987
f 7815/7815 3982/3982 7855/7855
f 7855/7855 3982/3982 3988/3988
f 7511/7511 7561/7561 3989/3989
f 7561/7561 3983/3983 3989/3989
f 3990/3990 3984/3984 3991/3991
f 3984/3984 3985/3985 3991/3991
f 8133/8133 3986/3986 8455/8455
f 8455/8455 3986/3986 3992/3992
f 7706/7706 7490/7490 3993/3993
f 7490/7490 3987/3987 3993/3993
f 7855/7855 3988/3988 7515/7515
f 7515/7515 3988/3988 3994/3994
f 7629/7629 7511/7511 3995/3995
f 7511/7511 3989/3989 3995/3995
f 3996/3996 3990/3990 3997/3997
f 3990/3990 3991/3991 3997/3997
f 8455/8455 3992/3992 7986/7986
f 7986/7986 3992/3992 3998/3998
f 7745/7745 7706/7706 3999/3999
f 7706/7706 3993/3993 3999/3999
f 7515/7515 3994/3994 7738/7738
f 7738/7738 3994/3994 4000/4000
f 7507/7507 7629/7629 4001/4001
f 7629/7629 3995/3995 4001/4001
f 4002/4002 3996/3996 4003/4003
f 3996/3996 3997/3997 4003/4003
f 7986/7986 3998/3998 7506/7506
f 7506/7506 3998/3998 4004/4004
f 7378/7378 7745/7745 4005/4005
f 7745/7745 3999/3999 4005/4005
f 7738/7738 4000/4000 7502/7502
f 7502/7502 4000/4000 4006/4006
f 8295/8295 7507/7507 4007/4007
f 7507/7507 4001/4001 4007/4007
f 4002/4002 4003/4003 4008/4008
f 7506/7506 4004/4004 4009/4009
f 7378/7378 4005/4005 4010/4010
f 7502/7502 4006/4006 4011/4011
f 8295/8295 4007/4007 4012/4012
f 4013/4013 4014/4014 4015/4015
f 4014/4014 4016/4016 4015/4015
f 7673/7673 4017/4017 8116/8116
f 8116/8116 4017/4017 4018/4018
f 8403/8403 7653/7653 4019/4019
f 7653/7653 4020/4020 4019/4019
f 7496/7496 4021/4021 8121/8121
f 8121/8121 4021/4021 4022/4022
f 7492/7492 7495/7495 4023/4023
f 7495/7495 4024/4024 4023/4023
f 4025/4025 4013/4013 4026/4026
f 4013/4013 4015/4015 4026/4026
f 8116/8116 4018/4018 8098/8098
f 8098/8098 4018/4018 4027/4027
f 7700/7700 8403/8403 4028/4028
f 8403/8403 4019/4019 4028/4028
f 8121/8121 4022/4022 7832/7832
f 7832/7832 4022/4022 4029/4029
f 7729/7729 7492/7492 4030/4030
f 7492/7492 4023/4023 4030/4030
f 4031/4031 4025/4025 4032/4032
f 4025/4025 4026/4026 4032/4032
f 8098/8098 4027/4027 7493/7493
f 7493/7493 4027/4027 4033/4033
f 7867/7867 7700/7700 4034/4034
f 7700/7700 4028/4028 4034/4034
f 7832/7832 4029/4029 7584/7584
f 7584/7584 4029/4029 4035/4035
f 7487/7487 7729/7729 4036/4036
f 7729/7729 4030/4030 4036/4036
f 4037/4037 4031/4031 4038/4038
f 4031/4031 4032/4032 4038/4038
f 7493/7493 4033/4033 7486/7486
f 7486/7486 4033/4033 4039/4039
f 7686/7686 7867/7867 4040/4040
f 7867/7867 4034/4034 4040/4040
f 7584/7584 4035/4035 7485/7485
f 7485/7485 4035/4035 4041/4041
f 8675/8675 7487/7487 4042/4042
f 7487/7487 4036/4036 4042/4042
f 4043/4043 4037/4037 4044/4044
f 4037/4037 4038/4038 4044/4044
f 7486/7486 4039/4039 7581/7581
f 7581/7581 4039/4039 4045/4045
f 7560/7560 7686/7686 4046/4046
f 7686/7686 4040/4040 4046/4046
f 7485/7485 4041/4041 7483/7483
f 7483/7483 4041/4041 4047/4047
f 8524/8524 8675/8675 4048/4048
f 8675/8675 4042/4042 4048/4048
f 4049/4049 4043/4043 4050/4050
f 4043/4043 4044/4044 4050/4050
f 7581/7581 4045/4045 7961/7961
f 7961/7961 4045/4045 4051/4051
f 7479/7479 7560/7560 4052/4052
f 7560/7560 4046/4046 4052/4052
f 7483/7483 4047/4047 7478/7478
f 7478/7478 4047/4047 4053/4053
f 7475/7475 8524/8524 4054/4054
f 8524/8524 4048/4048 4054/4054
f 4055/4055 4049/4049 4056/4056
f 4049/4049 4050/4050 4056/4056
f 7961/7961 4051/4051 7473/7473
f 7473/7473 4051/4051 4057/4057
f 7499/7499 7479/7479 4058/4058
f 7479/7479 4052/4052 4058/4058
f 7478/7478 4053/4053 7471/7471
f 7471/7471 4053/4053 4059/4059
f 7758/7758 7475/7475 4060/4060
f 7475/7475 4054/4054 4060/4060
f 4061/4061 4055/4055 4062/4062
f 4055/4055 4056/4056 4062/4062
f 7473/7473 4057/4057 7751/7751
f 7751/7751 4057/4057 4063/4063
f 7470/7470 7499/7499 4064/4064
f 7499/7499 4058/4058 4064/4064
f 7471/7471 4059/4059 7469/7469
f 7469/7469 4059/4059 4065/4065
f 7588/7588 7758/7758 4066/4066
f 7758/7758 4060/4060 4066/4066
f 4061/4061 4062/4062 4067/4067
f 7751/7751 4063/4063 4068/4068
f 7470/7470 4064/4064 4069/4069
f 7469/7469 4065/4065 4070/4070
f 7588/7588 4066/4066 4071/4071
f 4072/4072 4073/4073 4074/4074
f 4073/4073 4075/4075 4074/4074
f 7850/7850 4076/4076 7773/7773
f 7773/7773 4076/4076 4077/4077
f 7468/7468 7856/7856 4078/4078
f 7856/7856 4079/4079 4078/4078
f 7909/7909 4080/4080 8011/8011
f 8011/8011 4080/4080 4081/4081
f 7930/7930 7467/7467 4082/4082
f 7467/7467 4083/4083 4082/4082
f 7466/7466 4084/4084 8402/8402
f 8402/8402 4084/4084 4085/4085
f 4086/4086 4072/4072 4087/4087
f 4072/4072 4074/4074 4087/4087
f 7773/7773 4077/4077 7465/7465
f 7465/7465 4077/4077 4088/4088
f 7698/7698 7468/7468 4089/4089
f 7468/7468 4078/4078 4089/4089
f 8011/8011 4081/4081 7776/7776
f 7776/7776 4081/4081 4090/4090
f 7463/7463 7930/7930 4091/4091
f 7930/7930 4082/4082 4091/4091
f 8402/8402 4085/4085 7391/7391
f 7391/7391 4085/4085 4092/4092
f 4093/4093 4086/4086 4094/4094
f 4086/4086 4087/4087 4094/4094
f 7465/7465 4088/4088 4094/4094
f 4094/4094 4088/4088 4095/4095
f 7462/7462 7698/7698 4096/4096
f 7698/7698 4089/4089 4096/4096
f 7776/7776 4090/4090 4096/4096
f 4096/4096 4090/4090 4097/4097
f 8057/8057 7463/7463 4098/4098
f 7463/7463 4091/4091 4098/4098
f 7391/7391 4092/4092 4098/4098
f 4098/4098 4092/4092 4099/4099
f 4093/4093 4094/4094 4100/4100
f 4094/4094 4095/4095 4101/4101
f 4094/4094 4101/4101 4100/4100
f 7462/7462 4096/4096 8077/8077
f 4096/4096 4097/4097 4102/4102
f 4096/4096 4102/4102 8077/8077
f 8057/8057 4098/4098 7457/7457
f 4098/4098 4099/4099 4103/4103
f 4098/4098 4103/4103 7457/7457
f 4104/4104 4100/4100 4105/4105
f 4100/4100 4101/4101 4105/4105
f 8077/8077 4102/4102 7455/7455
f 7455/7455 4102/4102 4106/4106
f 7714/7714 7457/7457 4107/4107
f 7457/7457 4103/4103 4107/4107
f 4108/4108 4104/4104 4109/4109
f 4104/4104 4105/4105 4109/4109
f 7455/7455 4106/4106 7621/7621
f 7621/7621 4106/4106 4110/4110
f 7452/7452 7714/7714 4111/4111
f 7714/7714 4107/4107 4111/4111
f 4112/4112 4108/4108 4113/4113
f 4108/4108 4109/4109 4113/4113
f 7621/7621 4110/4110 7838/7838
f 7838/7838 4110/4110 4114/4114
f 7447/7447 7452/7452 4115/4115
f 7452/7452 4111/4111 4115/4115
f 4116/4116 4112/4112 4117/4117
f 4112/4112 4113/4113 4117/4117
f 7838/7838 4114/4114 7648/7648
f 7648/7648 4114/4114 4118/4118
f 7445/7445 7447/7447 4119/4119
f 7447/7447 4115/4115 4119/4119
f 4116/4116 4117/4117 4120/4120
f 7648/7648 4118/4118 4121/4121
f 7445/7445 4119/4119 4122/4122
f 4123/4123 4124/4124 4125/4125
f 4124/4124 4126/4126 4125/4125
f 8113/8113 4127/4127 8661/8661
f 8661/8661 4127/4127 4128/4128
f 7605/7605 7847/7847 4129/4129
f 7847/7847 4130/4130 4129/4129
f 7505/7505 4131/4131 7510/7510
f 7510/7510 4131/4131 4132/4132
f 7918/7918 8015/8015 4133/4133
f 8015/8015 4134/4134 4133/4133
f 8043/8043 4135/4135 7555/7555
f 7555/7555 4135/4135 4136/4136
f 4137/4137 4123/4123 4138/4138
f 4123/4123 4125/4125 4138/4138
f 8661/8661 4128/4128 7437/7437
f 7437/7437 4128/4128 4139/4139
f 7694/7694 7605/7605 4140/4140
f 7605/7605 4129/4129 4140/4140
f 7510/7510 4132/4132 7778/7778
f 7778/7778 4132/4132 4141/4141
f 7948/7948 7918/7918 4142/4142
f 7918/7918 4133/4133 4142/4142
f 7555/7555 4136/4136 7826/7826
f 7826/7826 4136/4136 4143/4143
f 4144/4144 4137/4137 4145/4145
f 4137/4137 4138/4138 4145/4145
f 7437/7437 4139/4139 4145/4145
f 4145/4145 4139/4139 4146/4146
f 7435/7435 7694/7694 4147/4147
f 7694/7694 4140/4140 4147/4147
f 7778/7778 4141/4141 4147/4147
f 4147/4147 4141/4141 4148/4148
f 8470/8470 7948/7948 4149/4149
f 7948/7948 4142/4142 4149/4149
f 7826/7826 4143/4143 4149/4149
f 4149/4149 4143/4143 4150/4150
f 4144/4144 4145/4145 4151/4151
f 4145/4145 4146/4146 4152/4152
f 4145/4145 4152/4152 4151/4151
f 7435/7435 4147/4147 7433/7433
f 4147/4147 4148/4148 4153/4153
f 4147/4147 4153/4153 7433/7433
f 8470/8470 4149/4149 7431/7431
f 4149/4149 4150/4150 4154/4154
f 4149/4149 4154/4154 7431/7431
f 4155/4155 4151/4151 4156/4156
f 4151/4151 4152/4152 4156/4156
f 7433/7433 4153/4153 7430/7430
f 7430/7430 4153/4153 4157/4157
f 7743/7743 7431/7431 4158/4158
f 7431/7431 4154/4154 4158/4158
f 4159/4159 4155/4155 4160/4160
f 4155/4155 4156/4156 4160/4160
f 7430/7430 4157/4157 7878/7878
f 7878/7878 4157/4157 4161/4161
f 7964/7964 7743/7743 4162/4162
f 7743/7743 4158/4158 4162/4162
f 4163/4163 4159/4159 4164/4164
f 4159/4159 4160/4160 4164/4164
f 7878/7878 4161/4161 7568/7568
f 7568/7568 4161/4161 4165/4165
f 7715/7715 7964/7964 4166/4166
f 7964/7964 4162/4162 4166/4166
f 4167/4167 4163/4163 4168/4168
f 4163/4163 4164/4164 4168/4168
f 7568/7568 4165/4165 8170/8170
f 8170/8170 4165/4165 4169/4169
f 7376/7376 7715/7715 4170/4170
f 7715/7715 4166/4166 4170/4170
f 4167/4167 4168/4168 4171/4171
f 8170/8170 4169/4169 4172/4172
f 7376/7376 4170/4170 4173/4173
f 4174/4174 4175/4175 4176/4176
f 4175/4175 4177/4177 4176/4176
f 7424/7424 4178/4178 7425/7425
f 7425/7425 4178/4178 4179/4179
f 8030/8030 7627/7627 4180/4180
f 7627/7627 4181/4181 4180/4180
f 7671/7671 4182/4182 7422/7422
f 7422/7422 4182/4182 4183/4183
f 7464/7464 7722/7722 4184/4184
f 7722/7722 4185/4185 4184/4184
f 7651/7651 4186/4186 7548/7548
f 7548/7548 4186/4186 4187/4187
f 4188/4188 4174/4174 4189/4189
f 4174/4174 4176/4176 4189/4189
f 7425/7425 4179/4179 7420/7420
f 7420/7420 4179/4179 4190/4190
f 7742/7742 8030/8030 4191/4191
f 8030/8030 4180/4180 4191/4191
f 7422/7422 4183/4183 8189/8189
f 8189/8189 4183/4183 4192/4192
f 8711/8711 7464/7464 4193/4193
f 7464/7464 4184/4184 4193/4193
f 7548/7548 4187/4187 7657/7657
f 7657/7657 4187/4187 4194/4194
f 4195/4195 4188/4188 4196/4196
f 4188/4188 4189/4189 4196/4196
f 7420/7420 4190/4190 4196/4196
f 4196/4196 4190/4190 4197/4197
f 7821/7821 7742/7742 4198/4198
f 7742/7742 4191/4191 4198/4198
f 8189/8189 4192/4192 4198/4198
f 4198/4198 4192/4192 4199/4199
f 7419/7419 8711/8711 4200/4200
f 8711/8711 4193/4193 4200/4200
f 7657/7657 4194/4194 4200/4200
f 4200/4200 4194/4194 4201/4201
f 4195/4195 4196/4196 4202/4202
f 4196/4196 4197/4197 4203/4203
f 4196/4196 4203/4203 4202/4202
f 7821/7821 4198/4198 7508/7508
f 4198/4198 4199/4199 4204/4204
f 4198/4198 4204/4204 7508/7508
f 7419/7419 4200/4200 7417/7417
f 4200/4200 4201/4201 4205/4205
f 4200/4200 4205/4205 7417/7417
f 4206/4206 4202/4202 4207/4207
f 4202/4202 4203/4203 4207/4207
f 7508/7508 4204/4204 7416/7416
f 7416/7416 4204/4204 4208/4208
f 7661/7661 7417/7417 4209/4209
f 7417/7417 4205/4205 4209/4209
f 4210/4210 4206/4206 4211/4211
f 4206/4206 4207/4207 4211/4211
f 7416/7416 4208/4208 8056/8056
f 8056/8056 4208/4208 4212/4212
f 7380/7380 7661/7661 4213/4213
f 7661/7661 4209/4209 4213/4213
f 4214/4214 4210/4210 4215/4215
f 4210/4210 4211/4211 4215/4215
f 8056/8056 4212/4212 7415/7415
f 7415/7415 4212/4212 4216/4216
f 8292/8292 7380/7380 4217/4217
f 7380/7380 4213/4213 4217/4217
f 4214/4214 4215/4215 4218/4218
f 7415/7415 4216/4216 4219/4219
f 8292/8292 4217/4217 4220/4220
f 4221/4221 4222/4222 4223/4223
f 4222/4222 4224/4224 4223/4223
f 7413/7413 4225/4225 4223/4223
f 4223/4223 4225/4225 4226/4226
f 7792/7792 7894/7894 4227/4227
f 7894/7894 4228/4228 4227/4227
f 7412/7412 4229/4229 8323/8323
f 8323/8323 4229/4229 4230/4230
f 4230/4230 4229/4229 4231/4231
f 4229/4229 4232/4232 4231/4231
f 4232/4232 4233/4233 4231/4231
f 4231/4231 4233/4233 4234/4234
f 7408/7408 8496/8496 4235/4235
f 8496/8496 4236/4236 4235/4235
f 4236/4236 4237/4237 4235/4235
f 4235/4235 4237/4237 4238/4238
f 4239/4239 4221/4221 4240/4240
f 4221/4221 4223/4223 4240/4240
f 4223/4223 4226/4226 4240/4240
f 4240/4240 4226/4226 4241/4241
f 7573/7573 7792/7792 4242/4242
f 7792/7792 4227/4227 4242/4242
f 8323/8323 4230/4230 7404/7404
f 7404/7404 4230/4230 4243/4243
f 4243/4243 4230/4230 4244/4244
f 4230/4230 4231/4231 4244/4244
f 4231/4231 4234/4234 4244/4244
f 4244/4244 4234/4234 4245/4245
f 7789/7789 7408/7408 4246/4246
f 7408/7408 4235/4235 4246/4246
f 4235/4235 4238/4238 7402/7402
f 7402/7402 4238/4238 4247/4247
f 4248/4248 4239/4239 4249/4249
f 4239/4239 4240/4240 4249/4249
f 4240/4240 4241/4241 4249/4249
f 4249/4249 4241/4241 4250/4250
f 8438/8438 7573/7573 4251/4251
f 7573/7573 4242/4242 4251/4251
f 7404/7404 4243/4243 4251/4251
f 4251/4251 4243/4243 4252/4252
f 4252/4252 4243/4243 4253/4253
f 4243/4243 4244/4244 4253/4253
f 4244/4244 4245/4245 4253/4253
f 4253/4253 4245/4245 4254/4254
f 8593/8593 7789/7789 4255/4255
f 7789/7789 4246/4246 4255/4255
f 7402/7402 4247/4247 4255/4255
f 4255/4255 4247/4247 4256/4256
f 4248/4248 4249/4249 4257/4257
f 4249/4249 4250/4250 4258/4258
f 4249/4249 4258/4258 4257/4257
f 8438/8438 4251/4251 7482/7482
f 4251/4251 4252/4252 4259/4259
f 4251/4251 4259/4259 7482/7482
f 4252/4252 4253/4253 4259/4259
f 4253/4253 4254/4254 4260/4260
f 4253/4253 4260/4260 4259/4259
f 8593/8593 4255/4255 8142/8142
f 4255/4255 4256/4256 4261/4261
f 4255/4255 4261/4261 8142/8142
f 4262/4262 4257/4257 4263/4263
f 4257/4257 4258/4258 4263/4263
f 7482/7482 4259/4259 7734/7734
f 7734/7734 4259/4259 4264/4264
f 8040/8040 4259/4259 4265/4265
f 4259/4259 4260/4260 4265/4265
f 8142/8142 4261/4261 7500/7500
f 7500/7500 4261/4261 4266/4266
f 4267/4267 4262/4262 4268/4268
f 4262/4262 4263/4263 4268/4268
f 7734/7734 4264/4264 7916/7916
f 7916/7916 4264/4264 4269/4269
f 7917/7917 8040/8040 4270/4270
f 8040/8040 4265/4265 4270/4270
f 7500/7500 4266/4266 8543/8543
f 8543/8543 4266/4266 4271/4271
f 4272/4272 4267/4267 4273/4273
f 4267/4267 4268/4268 4273/4273
f 7916/7916 4269/4269 7392/7392
f 7392/7392 4269/4269 4274/4274
f 7756/7756 7917/7917 4275/4275
f 7917/7917 4270/4270 4275/4275
f 8543/8543 4271/4271 8325/8325
f 8325/8325 4271/4271 4276/4276
f 4272/4272 4273/4273 4277/4277
f 7392/7392 4274/4274 4278/4278
f 7756/7756 4275/4275 4279/4279
f 8325/8325 4276/4276 4280/4280
f 4281/4281 4282/4282 4283/4283
f 4282/4282 4284/4284 4283/4283
f 7693/7693 4285/4285 4283/4283
f 4283/4283 4285/4285 4286/4286
f 7390/7390 7459/7459 4287/4287
f 7459/7459 4288/4288 4287/4287
f 7527/7527 4289/4289 8155/8155
f 8155/8155 4289/4289 4290/4290
f 4290/4290 4289/4289 4291/4291
f 4289/4289 4292/4292 4291/4291
f 4292/4292 4293/4293 4291/4291
f 4291/4291 4293/4293 4294/4294
f 7639/7639 7808/7808 4295/4295
f 7808/7808 4296/4296 4295/4295
f 4296/4296 4297/4297 4295/4295
f 4295/4295 4297/4297 4298/4298
f 4299/4299 4281/4281 4300/4300
f 4281/4281 4283/4283 4300/4300
f 4283/4283 4286/4286 4300/4300
f 4300/4300 4286/4286 4301/4301
f 7697/7697 7390/7390 4302/4302
f 7390/7390 4287/4287 4302/4302
f 8155/8155 4290/4290 7386/7386
f 7386/7386 4290/4290 4303/4303
f 4303/4303 4290/4290 4304/4304
f 4290/4290 4291/4291 4304/4304
f 4291/4291 4294/4294 4304/4304
f 4304/4304 4294/4294 4305/4305
f 7613/7613 7639/7639 4306/4306
f 7639/7639 4295/4295 4306/4306
f 4295/4295 4298/4298 7385/7385
f 7385/7385 4298/4298 4307/4307
f 4308/4308 4299/4299 4309/4309
f 4299/4299 4300/4300 4309/4309
f 4300/4300 4301/4301 4309/4309
f 4309/4309 4301/4301 4310/4310
f 7384/7384 7697/7697 4311/4311
f 7697/7697 4302/4302 4311/4311
f 7386/7386 4303/4303 4311/4311
f 4311/4311 4303/4303 4312/4312
f 4312/4312 4303/4303 4313/4313
f 4303/4303 4304/4304 4313/4313
f 4304/4304 4305/4305 4313/4313
f 4313/4313 4305/4305 4314/4314
f 7379/7379 7613/7613 4315/4315
f 7613/7613 4306/4306 4315/4315
f 7385/7385 4307/4307 4315/4315
f 4315/4315 4307/4307 4316/4316
f 4308/4308 4309/4309 4317/4317
f 4309/4309 4310/4310 4318/4318
f 4309/4309 4318/4318 4317/4317
f 7384/7384 4311/4311 7375/7375
f 4311/4311 4312/4312 4319/4319
f 4311/4311 4319/4319 7375/7375
f 4312/4312 4313/4313 4319/4319
f 4313/4313 4314/4314 4320/4320
f 4313/4313 4320/4320 4319/4319
f 7379/7379 4315/4315 7970/7970
f 4315/4315 4316/4316 4321/4321
f 4315/4315 4321/4321 7970/7970
f 4322/4322 4317/4317 4323/4323
f 4317/4317 4318/4318 4323/4323
f 7375/7375 4319/4319 8152/8152
f 8152/8152 4319/4319 4324/4324
f 7980/7980 4319/4319 4325/4325
f 4319/4319 4320/4320 4325/4325
f 7970/7970 4321/4321 7451/7451
f 7451/7451 4321/4321 4326/4326
f 4327/4327 4322/4322 4328/4328
f 4322/4322 4323/4323 4328/4328
f 8152/8152 4324/4324 8123/8123
f 8123/8123 4324/4324 4329/4329
f 7480/7480 7980/7980 4330/4330
f 7980/7980 4325/4325 4330/4330
f 7451/7451 4326/4326 7875/7875
f 7875/7875 4326/4326 4331/4331
f 4332/4332 4327/4327 4333/4333
f 4327/4327 4328/4328 4333/4333
f 8123/8123 4329/4329 7749/7749
f 7749/7749 4329/4329 4334/4334
f 8125/8125 7480/7480 4335/4335
f 7480/7480 4330/4330 4335/4335
f 7875/7875 4331/4331 7873/7873
f 7873/7873 4331/4331 4336/4336
f 4332/4332 4333/4333 4337/4337
f 7749/7749 4334/4334 4338/4338
f 8125/8125 4335/4335 4339/4339
f 7873/7873 4336/4336 4340/4340
f 4341/4341 4342/4342 4343/4343
f 4342/4342 4344/4344 4343/4343
f 7516/7516 4345/4345 4343/4343
f 4343/4343 4345/4345 4346/4346
f 7936/7936 7669/7669 4347/4347
f 7669/7669 4348/4348 4347/4347
f 8126/8126 4349/4349 8690/8690
f 8690/8690 4349/4349 4350/4350
f 4350/4350 4349/4349 4351/4351
f 4349/4349 4352/4352 4351/4351
f 4352/4352 4353/4353 4351/4351
f 4351/4351 4353/4353 4354/4354
f 8132/8132 8129/8129 4355/4355
f 8129/8129 4356/4356 4355/4355
f 4356/4356 4357/4357 4355/4355
f 4355/4355 4357/4357 4358/4358
f 4359/4359 4341/4341 4360/4360
f 4341/4341 4343/4343 4360/4360
f 4343/4343 4346/4346 4360/4360
f 4360/4360 4346/4346 4361/4361
f 7771/7771 7936/7936 4362/4362
f 7936/7936 4347/4347 4362/4362
f 8690/8690 4350/4350 4362/4362
f 4362/4362 4350/4350 4363/4363
f 4363/4363 4350/4350 4364/4364
f 4350/4350 4351/4351 4364/4364
f 4351/4351 4354/4354 4364/4364
f 4364/4364 4354/4354 4365/4365
f 7965/7965 8132/8132 4366/4366
f 8132/8132 4355/4355 4366/4366
f 4355/4355 4358/4358 4366/4366
f 4366/4366 4358/4358 4367/4367
f 4359/4359 4360/4360 4368/4368
f 4360/4360 4361/4361 4369/4369
f 4360/4360 4369/4369 4368/4368
f 7771/7771 4362/4362 7491/7491
f 4362/4362 4363/4363 4370/4370
f 4362/4362 4370/4370 7491/7491
f 4363/4363 4364/4364 4370/4370
f 4364/4364 4365/4365 4371/4371
f 4364/4364 4371/4371 4370/4370
f 7965/7965 4366/4366 8610/8610
f 4366/4366 4367/4367 4372/4372
f 4366/4366 4372/4372 8610/8610
f 4373/4373 4368/4368 4374/4374
f 4368/4368 4369/4369 4374/4374
f 7491/7491 4370/4370 7905/7905
f 7905/7905 4370/4370 4375/4375
f 7716/7716 4370/4370 4376/4376
f 4370/4370 4371/4371 4376/4376
f 8610/8610 4372/4372 7908/7908
f 7908/7908 4372/4372 4377/4377
f 4378/4378 4373/4373 4379/4379
f 4373/4373 4374/4374 4379/4379
f 7905/7905 4375/4375 7799/7799
f 7799/7799 4375/4375 4380/4380
f 7852/7852 7716/7716 4381/4381
f 7716/7716 4376/4376 4381/4381
f 7908/7908 4377/4377 8153/8153
f 8153/8153 4377/4377 4382/4382
f 4383/4383 4378/4378 4384/4384
f 4378/4378 4379/4379 4384/4384
f 7799/7799 4380/4380 8600/8600
f 8600/8600 4380/4380 4385/4385
f 7913/7913 7852/7852 4386/4386
f 7852/7852 4381/4381 4386/4386
f 8153/8153 4382/4382 8154/8154
f 8154/8154 4382/4382 4387/4387
f 4383/4383 4384/4384 4388/4388
f 8600/8600 4385/4385 4389/4389
f 7913/7913 4386/4386 4390/4390
f 8154/8154 4387/4387 4391/4391
f 4392/4392 4393/4393 4394/4394
f 4393/4393 4395/4395 4394/4394
f 8158/8158 4396/4396 4394/4394
f 4394/4394 4396/4396 4397/4397
f 8161/8161 8160/8160 4398/4398
f 8160/8160 4399/4399 4398/4398
f 8165/8165 4400/4400 8164/8164
f 8164/8164 4400/4400 4401/4401
f 4401/4401 4400/4400 4402/4402
f 4400/4400 4403/4403 4402/4402
f 4403/4403 4404/4404 4402/4402
f 4402/4402 4404/4404 4405/4405
f 8574/8574 8014/8014 4406/4406
f 8014/8014 4407/4407 4406/4406
f 4407/4407 4408/4408 4406/4406
f 4406/4406 4408/4408 4409/4409
f 4410/4410 4392/4392 4411/4411
f 4392/4392 4394/4394 4411/4411
f 4394/4394 4397/4397 4411/4411
f 4411/4411 4397/4397 4412/4412
f 8169/8169 8161/8161 4413/4413
f 8161/8161 4398/4398 4413/4413
f 8164/8164 4401/4401 4413/4413
f 4413/4413 4401/4401 4414/4414
f 4414/4414 4401/4401 4415/4415
f 4401/4401 4402/4402 4415/4415
f 4402/4402 4405/4405 4415/4415
f 4415/4415 4405/4405 4416/4416
f 7853/7853 8574/8574 4417/4417
f 8574/8574 4406/4406 4417/4417
f 4406/4406 4409/4409 4417/4417
f 4417/4417 4409/4409 4418/4418
f 4410/4410 4411/4411 4419/4419
f 4411/4411 4412/4412 4420/4420
f 4411/4411 4420/4420 4419/4419
f 8169/8169 4413/4413 8200/8200
f 4413/4413 4414/4414 4421/4421
f 4413/4413 4421/4421 8200/8200
f 4414/4414 4415/4415 4421/4421
f 4415/4415 4416/4416 4422/4422
f 4415/4415 4422/4422 4421/4421
f 7853/7853 4417/4417 7401/7401
f 4417/4417 4418/4418 4423/4423
f 4417/4417 4423/4423 7401/7401
f 4424/4424 4419/4419 4425/4425
f 4419/4419 4420/4420 4425/4425
f 8200/8200 4421/4421 8176/8176
f 8176/8176 4421/4421 4426/4426
f 8388/8388 4421/4421 4427/4427
f 4421/4421 4422/4422 4427/4427
f 7401/7401 4423/4423 7947/7947
f 7947/7947 4423/4423 4428/4428
f 4429/4429 4424/4424 4430/4430
f 4424/4424 4425/4425 4430/4430
f 8176/8176 4426/4426 8178/8178
f 8178/8178 4426/4426 4431/4431
f 8179/8179 8388/8388 4432/4432
f 8388/8388 4427/4427 4432/4432
f 7947/7947 4428/4428 8181/8181
f 8181/8181 4428/4428 4433/4433
f 4434/4434 4429/4429 4435/4435
f 4429/4429 4430/4430 4435/4435
f 8178/8178 4431/4431 8307/8307
f 8307/8307 4431/4431 4436/4436
f 7895/7895 8179/8179 4437/4437
f 8179/8179 4432/4432 4437/4437
f 8181/8181 4433/4433 7662/7662
f 7662/7662 4433/4433 4438/4438
f 4434/4434 4435/4435 4439/4439
f 8307/8307 4436/4436 4440/4440
f 7895/7895 4437/4437 4441/4441
f 7662/7662 4438/4438 4442/4442
f 4443/4443 4444/4444 4445/4445
f 4444/4444 4446/4446 4445/4445
f 7843/7843 4447/4447 8185/8185
f 8185/8185 4447/4447 4448/4448
f 7833/7833 8187/8187 4449/4449
f 8187/8187 4450/4450 4449/4449
f 8188/8188 4451/4451 4449/4449
f 4449/4449 4451/4451 4452/4452
f 4452/4452 4451/4451 4453/4453
f 4451/4451 4454/4454 4453/4453
f 4454/4454 4455/4455 4453/4453
f 4453/4453 4455/4455 4456/4456
f 8565/8565 8567/8567 4457/4457
f 8567/8567 4458/4458 4457/4457
f 4458/4458 4459/4459 4457/4457
f 4457/4457 4459/4459 4460/4460
f 4461/4461 4443/4443 4462/4462
f 4443/4443 4445/4445 4462/4462
f 8185/8185 4448/4448 4462/4462
f 4462/4462 4448/4448 4463/4463
f 8195/8195 7833/7833 4464/4464
f 7833/7833 4449/4449 4464/4464
f 4449/4449 4452/4452 4464/4464
f 4464/4464 4452/4452 4465/4465
f 4465/4465 4452/4452 4466/4466
f 4452/4452 4453/4453 4466/4466
f 4453/4453 4456/4456 4466/4466
f 4466/4466 4456/4456 4467/4467
f 8197/8197 8565/8565 4468/4468
f 8565/8565 4457/4457 4468/4468
f 4457/4457 4460/4460 4468/4468
f 4468/4468 4460/4460 4469/4469
f 4461/4461 4462/4462 4470/4470
f 4462/4462 4463/4463 4471/4471
f 4462/4462 4471/4471 4470/4470
f 8195/8195 4464/4464 8670/8670
f 4464/4464 4465/4465 4472/4472
f 4464/4464 4472/4472 8670/8670
f 4465/4465 4466/4466 4472/4472
f 4466/4466 4467/4467 4473/4473
f 4466/4466 4473/4473 4472/4472
f 8197/8197 4468/4468 8201/8201
f 4468/4468 4469/4469 4474/4474
f 4468/4468 4474/4474 8201/8201
f 4475/4475 4470/4470 4476/4476
f 4470/4470 4471/4471 4476/4476
f 8670/8670 4472/4472 8204/8204
f 8204/8204 4472/4472 4477/4477
f 8032/8032 4472/4472 4478/4478
f 4472/4472 4473/4473 4478/4478
f 8201/8201 4474/4474 7701/7701
f 7701/7701 4474/4474 4479/4479
f 4480/4480 4475/4475 4481/4481
f 4475/4475 4476/4476 4481/4481
f 8204/8204 4477/4477 8206/8206
f 8206/8206 4477/4477 4482/4482
f 7973/7973 8032/8032 4483/4483
f 8032/8032 4478/4478 4483/4483
f 7701/7701 4479/4479 8209/8209
f 8209/8209 4479/4479 4484/4484
f 4485/4485 4480/4480 4486/4486
f 4480/4480 4481/4481 4486/4486
f 8206/8206 4482/4482 8111/8111
f 8111/8111 4482/4482 4487/4487
f 8210/8210 7973/7973 4488/4488
f 7973/7973 4483/4483 4488/4488
f 8209/8209 4484/4484 8205/8205
f 8205/8205 4484/4484 4489/4489
f 4485/4485 4486/4486 4490/4490
f 8111/8111 4487/4487 4491/4491
f 8210/8210 4488/4488 4492/4492
f 8205/8205 4489/4489 4493/4493
f 4494/4494 4495/4495 4496/4496
f 4495/4495 4497/4497 4496/4496
f 8217/8217 4498/4498 8069/8069
f 8069/8069 4498/4498 4499/4499
f 8192/8192 8101/8101 4500/4500
f 8101/8101 4501/4501 4500/4500
f 8219/8219 4502/4502 4500/4500
f 4500/4500 4502/4502 4503/4503
f 4503/4503 4502/4502 4504/4504
f 4502/4502 4505/4505 4504/4504
f 4505/4505 4506/4506 4504/4504
f 4504/4504 4506/4506 4507/4507
f 8135/8135 7735/7735 4508/4508
f 7735/7735 4509/4509 4508/4508
f 4509/4509 4510/4510 4508/4508
f 4508/4508 4510/4510 4511/4511
f 4512/4512 4494/4494 4513/4513
f 4494/4494 4496/4496 4513/4513
f 8069/8069 4499/4499 4513/4513
f 4513/4513 4499/4499 4514/4514
f 8229/8229 8192/8192 4515/4515
f 8192/8192 4500/4500 4515/4515
f 4500/4500 4503/4503 4515/4515
f 4515/4515 4503/4503 4516/4516
f 4516/4516 4503/4503 4517/4517
f 4503/4503 4504/4504 4517/4517
f 4504/4504 4507/4507 4517/4517
f 4517/4517 4507/4507 4518/4518
f 8234/8234 8135/8135 4519/4519
f 8135/8135 4508/4508 4519/4519
f 4508/4508 4511/4511 4519/4519
f 4519/4519 4511/4511 4520/4520
f 4512/4512 4513/4513 4521/4521
f 4513/4513 4514/4514 4522/4522
f 4513/4513 4522/4522 4521/4521
f 8229/8229 4515/4515 8235/8235
f 4515/4515 4516/4516 4523/4523
f 4515/4515 4523/4523 8235/8235
f 4516/4516 4517/4517 4523/4523
f 4517/4517 4518/4518 4524/4524
f 4517/4517 4524/4524 4523/4523
f 8234/8234 4519/4519 7530/7530
f 4519/4519 4520/4520 4525/4525
f 4519/4519 4525/4525 7530/7530
f 4526/4526 4521/4521 4527/4527
f 4521/4521 4522/4522 4527/4527
f 8235/8235 4523/4523 8237/8237
f 8237/8237 4523/4523 4528/4528
f 8238/8238 4523/4523 4529/4529
f 4523/4523 4524/4524 4529/4529
f 7530/7530 4525/4525 8186/8186
f 8186/8186 4525/4525 4530/4530
f 4531/4531 4526/4526 4532/4532
f 4526/4526 4527/4527 4532/4532
f 8237/8237 4528/4528 7624/7624
f 7624/7624 4528/4528 4533/4533
f 8241/8241 8238/8238 4534/4534
f 8238/8238 4529/4529 4534/4534
f 8186/8186 4530/4530 7997/7997
f 7997/7997 4530/4530 4535/4535
f 4536/4536 4531/4531 4537/4537
f 4531/4531 4532/4532 4537/4537
f 7624/7624 4533/4533 7446/7446
f 7446/7446 4533/4533 4538/4538
f 7951/7951 8241/8241 4539/4539
f 8241/8241 4534/4534 4539/4539
f 7997/7997 4535/4535 8244/8244
f 8244/8244 4535/4535 4540/4540
f 4536/4536 4537/4537 4541/4541
f 7446/7446 4538/4538 4542/4542
f 7951/7951 4539/4539 4543/4543
f 8244/8244 4540/4540 4544/4544
f 4545/4545 4546/4546 4547/4547
f 4546/4546 4548/4548 4547/4547
f 7436/7436 4549/4549 8245/8245
f 8245/8245 4549/4549 4550/4550
f 7667/7667 7746/7746 4551/4551
f 7746/7746 4552/4552 4551/4551
f 8167/8167 4553/4553 7950/7950
f 7950/7950 4553/4553 4554/4554
f 7650/7650 8247/8247 4555/4555
f 8247/8247 4556/4556 4555/4555
f 8020/8020 4557/4557 8562/8562
f 8562/8562 4557/4557 4558/4558
f 4559/4559 4545/4545 4560/4560
f 4545/4545 4547/4547 4560/4560
f 8245/8245 4550/4550 4560/4560
f 4560/4560 4550/4550 4561/4561
f 7676/7676 7667/7667 4562/4562
f 7667/7667 4551/4551 4562/4562
f 7950/7950 4554/4554 4562/4562
f 4562/4562 4554/4554 4563/4563
f 8252/8252 7650/7650 4564/4564
f 7650/7650 4555/4555 4564/4564
f 8562/8562 4558/4558 4564/4564
f 4564/4564 4558/4558 4565/4565
f 4559/4559 4560/4560 4566/4566
f 4560/4560 4561/4561 4567/4567
f 4560/4560 4567/4567 4566/4566
f 7676/7676 4562/4562 8626/8626
f 4562/4562 4563/4563 4568/4568
f 4562/4562 4568/4568 8626/8626
f 8252/8252 4564/4564 7727/7727
f 4564/4564 4565/4565 4569/4569
f 4564/4564 4569/4569 7727/7727
f 4570/4570 4566/4566 4571/4571
f 4566/4566 4567/4567 4571/4571
f 8626/8626 4568/4568 8258/8258
f 8258/8258 4568/4568 4572/4572
f 8260/8260 7727/7727 4573/4573
f 7727/7727 4569/4569 4573/4573
f 4574/4574 4570/4570 4575/4575
f 4570/4570 4571/4571 4575/4575
f 8258/8258 4572/4572 8261/8261
f 8261/8261 4572/4572 4576/4576
f 8263/8263 8260/8260 4577/4577
f 8260/8260 4573/4573 4577/4577
f 4578/4578 4574/4574 4579/4579
f 4574/4574 4575/4575 4579/4579
f 8261/8261 4576/4576 8268/8268
f 8268/8268 4576/4576 4580/4580
f 8269/8269 8263/8263 4581/4581
f 8263/8263 4577/4577 4581/4581
f 4578/4578 4579/4579 4582/4582
f 8268/8268 4580/4580 4583/4583
f 8269/8269 4581/4581 4584/4584
f 4585/4585 4586/4586 4587/4587
f 4586/4586 4588/4588 4587/4587
f 7418/7418 4589/4589 8274/8274
f 8274/8274 4589/4589 4590/4590
f 8150/8150 8275/8275 4591/4591
f 8275/8275 4592/4592 4591/4591
f 8277/8277 4593/4593 7644/7644
f 7644/7644 4593/4593 4594/4594
f 7885/7885 8279/8279 4595/4595
f 8279/8279 4596/4596 4595/4595
f 8287/8287 4597/4597 8285/8285
f 8285/8285 4597/4597 4598/4598
f 4599/4599 4585/4585 4600/4600
f 4585/4585 4587/4587 4600/4600
f 8274/8274 4590/4590 4600/4600
f 4600/4600 4590/4590 4601/4601
f 8291/8291 8150/8150 4602/4602
f 8150/8150 4591/4591 4602/4602
f 7644/7644 4594/4594 4602/4602
f 4602/4602 4594/4594 4603/4603
f 8296/8296 7885/7885 4604/4604
f 7885/7885 4595/4595 4604/4604
f 8285/8285 4598/4598 4604/4604
f 4604/4604 4598/4598 4605/4605
f 4599/4599 4600/4600 4606/4606
f 4600/4600 4601/4601 4607/4607
f 4600/4600 4607/4607 4606/4606
f 8291/8291 4602/4602 7655/7655
f 4602/4602 4603/4603 4608/4608
f 4602/4602 4608/4608 7655/7655
f 8296/8296 4604/4604 8302/8302
f 4604/4604 4605/4605 4609/4609
f 4604/4604 4609/4609 8302/8302
f 4610/4610 4606/4606 4611/4611
f 4606/4606 4607/4607 4611/4611
f 7655/7655 4608/4608 8304/8304
f 8304/8304 4608/4608 4612/4612
f 8109/8109 8302/8302 4613/4613
f 8302/8302 4609/4609 4613/4613
f 4614/4614 4610/4610 4615/4615
f 4610/4610 4611/4611 4615/4615
f 8304/8304 4612/4612 7388/7388
f 7388/7388 4612/4612 4616/4616
f 7632/7632 8109/8109 4617/4617
f 8109/8109 4613/4613 4617/4617
f 4618/4618 4614/4614 4619/4619
f 4614/4614 4615/4615 4619/4619
f 7388/7388 4616/4616 8646/8646
f 8646/8646 4616/4616 4620/4620
f 8306/8306 7632/7632 4621/4621
f 7632/7632 4617/4617 4621/4621
f 4618/4618 4619/4619 4622/4622
f 8646/8646 4620/4620 4623/4623
f 8306/8306 4621/4621 4624/4624
f 4625/4625 4626/4626 4627/4627
f 4626/4626 4628/4628 4627/4627
f 8280/8280 4629/4629 7695/7695
f 7695/7695 4629/4629 4630/4630
f 8091/8091 8168/8168 4631/4631
f 8168/8168 4632/4632 4631/4631
f 8162/8162 4633/4633 7928/7928
f 7928/7928 4633/4633 4634/4634
f 7409/7409 7837/7837 4635/4635
f 7837/7837 4636/4636 4635/4635
f 4637/4637 4625/4625 4638/4638
f 4625/4625 4627/4627 4638/4638
f 7695/7695 4630/4630 7582/7582
f 7582/7582 4630/4630 4639/4639
f 8163/8163 8091/8091 4640/4640
f 8091/8091 4631/4631 4640/4640
f 7928/7928 4634/4634 8310/8310
f 8310/8310 4634/4634 4641/4641
f 8501/8501 7409/7409 4642/4642
f 7409/7409 4635/4635 4642/4642
f 4643/4643 4637/4637 4644/4644
f 4637/4637 4638/4638 4644/4644
f 7582/7582 4639/4639 8064/8064
f 8064/8064 4639/4639 4645/4645
f 8313/8313 8163/8163 4646/4646
f 8163/8163 4640/4640 4646/4646
f 8310/8310 4641/4641 8314/8314
f 8314/8314 4641/4641 4647/4647
f 8315/8315 8501/8501 4648/4648
f 8501/8501 4642/4642 4648/4648
f 4649/4649 4643/4643 4650/4650
f 4643/4643 4644/4644 4650/4650
f 8064/8064 4645/4645 7449/7449
f 7449/7449 4645/4645 4651/4651
f 8317/8317 8313/8313 4652/4652
f 8313/8313 4646/4646 4652/4652
f 8314/8314 4647/4647 8320/8320
f 8320/8320 4647/4647 4653/4653
f 8321/8321 8315/8315 4654/4654
f 8315/8315 4648/4648 4654/4654
f 4655/4655 4649/4649 4656/4656
f 4649/4649 4650/4650 4656/4656
f 7449/7449 4651/4651 8322/8322
f 8322/8322 4651/4651 4657/4657
f 7785/7785 8317/8317 4658/4658
f 8317/8317 4652/4652 4658/4658
f 8320/8320 4653/4653 8324/8324
f 8324/8324 4653/4653 4659/4659
f 7906/7906 8321/8321 4660/4660
f 8321/8321 4654/4654 4660/4660
f 4655/4655 4656/4656 4661/4661
f 8322/8322 4657/4657 4662/4662
f 7785/7785 4658/4658 4663/4663
f 8324/8324 4659/4659 4664/4664
f 7906/7906 4660/4660 4665/4665
f 4666/4666 4667/4667 4668/4668
f 4667/4667 4669/4669 4668/4668
f 7775/7775 4670/4670 8079/8079
f 8079/8079 4670/4670 4671/4671
f 7725/7725 8328/8328 4672/4672
f 8328/8328 4673/4673 4672/4672
f 7946/7946 4674/4674 8220/8220
f 8220/8220 4674/4674 4675/4675
f 7943/7943 8331/8331 4676/4676
f 8331/8331 4677/4677 4676/4676
f 4678/4678 4666/4666 4679/4679
f 4666/4666 4668/4668 4679/4679
f 8079/8079 4671/4671 8335/8335
f 8335/8335 4671/4671 4680/4680
f 8070/8070 7725/7725 4681/4681
f 7725/7725 4672/4672 4681/4681
f 8220/8220 4675/4675 7497/7497
f 7497/7497 4675/4675 4682/4682
f 8431/8431 7943/7943 4683/4683
f 7943/7943 4676/4676 4683/4683
f 4684/4684 4678/4678 4685/4685
f 4678/4678 4679/4679 4685/4685
f 8335/8335 4680/4680 8211/8211
f 8211/8211 4680/4680 4686/4686
f 8336/8336 8070/8070 4687/4687
f 8070/8070 4681/4681 4687/4687
f 7497/7497 4682/4682 8448/8448
f 8448/8448 4682/4682 4688/4688
f 8337/8337 8431/8431 4689/4689
f 8431/8431 4683/4683 4689/4689
f 4690/4690 4684/4684 4691/4691
f 4684/4684 4685/4685 4691/4691
f 8211/8211 4686/4686 7663/7663
f 7663/7663 4686/4686 4692/4692
f 8338/8338 8336/8336 4693/4693
f 8336/8336 4687/4687 4693/4693
f 8448/8448 4688/4688 8339/8339
f 8339/8339 4688/4688 4694/4694
f 8340/8340 8337/8337 4695/4695
f 8337/8337 4689/4689 4695/4695
f 4696/4696 4690/4690 4697/4697
f 4690/4690 4691/4691 4697/4697
f 7663/7663 4692/4692 8342/8342
f 8342/8342 4692/4692 4698/4698
f 8343/8343 8338/8338 4699/4699
f 8338/8338 4693/4693 4699/4699
f 8339/8339 4694/4694 8344/8344
f 8344/8344 4694/4694 4700/4700
f 7537/7537 8340/8340 4701/4701
f 8340/8340 4695/4695 4701/4701
f 4696/4696 4697/4697 4702/4702
f 8342/8342 4698/4698 4703/4703
f 8343/8343 4699/4699 4704/4704
f 8344/8344 4700/4700 4705/4705
f 7537/7537 4701/4701 4706/4706
f 4707/4707 4708/4708 4709/4709
f 4708/4708 4710/4710 4709/4709
f 8347/8347 4711/4711 8345/8345
f 8345/8345 4711/4711 4712/4712
f 8282/8282 7421/7421 4713/4713
f 7421/7421 4714/4714 4713/4713
f 7638/7638 4715/4715 7703/7703
f 7703/7703 4715/4715 4716/4716
f 4717/4717 4707/4707 4718/4718
f 4707/4707 4709/4709 4718/4718
f 8345/8345 4712/4712 8246/8246
f 8246/8246 4712/4712 4719/4719
f 7750/7750 8282/8282 4720/4720
f 8282/8282 4713/4713 4720/4720
f 7703/7703 4716/4716 8349/8349
f 8349/8349 4716/4716 4721/4721
f 4722/4722 4717/4717 4723/4723
f 4717/4717 4718/4718 4723/4723
f 8246/8246 4719/4719 8508/8508
f 8508/8508 4719/4719 4724/4724
f 8645/8645 7750/7750 4725/4725
f 7750/7750 4720/4720 4725/4725
f 8349/8349 4721/4721 8350/8350
f 8350/8350 4721/4721 4726/4726
f 4727/4727 4722/4722 4728/4728
f 4722/4722 4723/4723 4728/4728
f 8508/8508 4724/4724 8249/8249
f 8249/8249 4724/4724 4729/4729
f 8578/8578 8645/8645 4730/4730
f 8645/8645 4725/4725 4730/4730
f 8350/8350 4726/4726 8016/8016
f 8016/8016 4726/4726 4731/4731
f 4732/4732 4727/4727 4733/4733
f 4727/4727 4728/4728 4733/4733
f 8249/8249 4729/4729 7809/7809
f 7809/7809 4729/4729 4734/4734
f 8358/8358 8578/8578 4735/4735
f 8578/8578 4730/4730 4735/4735
f 8016/8016 4731/4731 8288/8288
f 8288/8288 4731/4731 4736/4736
f 4732/4732 4733/4733 4737/4737
f 7809/7809 4734/4734 4738/4738
f 8358/8358 4735/4735 4739/4739
f 8288/8288 4736/4736 4740/4740
f 4741/4741 4742/4742 4743/4743
f 4742/4742 4744/4744 4743/4743
f 8212/8212 4745/4745 8351/8351
f 8351/8351 4745/4745 4746/4746
f 8353/8353 7659/7659 4747/4747
f 7659/7659 4748/4748 4747/4747
f 7807/7807 4749/4749 8141/8141
f 8141/8141 4749/4749 4750/4750
f 4751/4751 4741/4741 4752/4752
f 4741/4741 4743/4743 4752/4752
f 8351/8351 4746/4746 8327/8327
f 8327/8327 4746/4746 4753/4753
f 8355/8355 8353/8353 4754/4754
f 8353/8353 4747/4747 4754/4754
f 8141/8141 4750/4750 8357/8357
f 8357/8357 4750/4750 4755/4755
f 4756/4756 4751/4751 4757/4757
f 4751/4751 4752/4752 4757/4757
f 8327/8327 4753/4753 7740/7740
f 7740/7740 4753/4753 4758/4758
f 7691/7691 8355/8355 4759/4759
f 8355/8355 4754/4754 4759/4759
f 8357/8357 4755/4755 7955/7955
f 7955/7955 4755/4755 4760/4760
f 4761/4761 4756/4756 4762/4762
f 4756/4756 4757/4757 4762/4762
f 7740/7740 4758/4758 7759/7759
f 7759/7759 4758/4758 4763/4763
f 8264/8264 7691/7691 4764/4764
f 7691/7691 4759/4759 4764/4764
f 7955/7955 4760/4760 8082/8082
f 8082/8082 4760/4760 4765/4765
f 4766/4766 4761/4761 4767/4767
f 4761/4761 4762/4762 4767/4767
f 7759/7759 4763/4763 8145/8145
f 8145/8145 4763/4763 4768/4768
f 8522/8522 8264/8264 4769/4769
f 8264/8264 4764/4764 4769/4769
f 8082/8082 4765/4765 7664/7664
f 7664/7664 4765/4765 4770/4770
f 4766/4766 4767/4767 4771/4771
f 8145/8145 4768/4768 4772/4772
f 8522/8522 4769/4769 4773/4773
f 7664/7664 4770/4770 4774/4774
f 4775/4775 4776/4776 4777/4777
f 4776/4776 4778/4778 4777/4777
f 7872/7872 4779/4779 8362/8362
f 8362/8362 4779/4779 4780/4780
f 8363/8363 8184/8184 4781/4781
f 8184/8184 4782/4782 4781/4781
f 8366/8366 4783/4783 8365/8365
f 8365/8365 4783/4783 4784/4784
f 4785/4785 4775/4775 4786/4786
f 4775/4775 4777/4777 4786/4786
f 8362/8362 4780/4780 8367/8367
f 8367/8367 4780/4780 4787/4787
f 8718/8718 8363/8363 4788/4788
f 8363/8363 4781/4781 4788/4788
f 8365/8365 4784/4784 8370/8370
f 8370/8370 4784/4784 4789/4789
f 4790/4790 4785/4785 4791/4791
f 4785/4785 4786/4786 4791/4791
f 8367/8367 4787/4787 8371/8371
f 8371/8371 4787/4787 4792/4792
f 8372/8372 8718/8718 4793/4793
f 8718/8718 4788/4788 4793/4793
f 8370/8370 4789/4789 8373/8373
f 8373/8373 4789/4789 4794/4794
f 4795/4795 4790/4790 4796/4796
f 4790/4790 4791/4791 4796/4796
f 8371/8371 4792/4792 8375/8375
f 8375/8375 4792/4792 4797/4797
f 7971/7971 8372/8372 4798/4798
f 8372/8372 4793/4793 4798/4798
f 8373/8373 4794/4794 8376/8376
f 8376/8376 4794/4794 4799/4799
f 4800/4800 4795/4795 4801/4801
f 4795/4795 4796/4796 4801/4801
f 8375/8375 4797/4797 8377/8377
f 8377/8377 4797/4797 4802/4802
f 7914/7914 7971/7971 4803/4803
f 7971/7971 4798/4798 4803/4803
f 8376/8376 4799/4799 8697/8697
f 8697/8697 4799/4799 4804/4804
f 4800/4800 4801/4801 4805/4805
f 8377/8377 4802/4802 4806/4806
f 7914/7914 4803/4803 4807/4807
f 8697/8697 4804/4804 4808/4808
f 4809/4809 4810/4810 4811/4811
f 4810/4810 4812/4812 4811/4811
f 8174/8174 4813/4813 8381/8381
f 8381/8381 4813/4813 4814/4814
f 7660/7660 7396/7396 4815/4815
f 7396/7396 4816/4816 4815/4815
f 4817/4817 4809/4809 4818/4818
f 4809/4809 4811/4811 4818/4818
f 8381/8381 4814/4814 8382/8382
f 8382/8382 4814/4814 4819/4819
f 8384/8384 7660/7660 4820/4820
f 7660/7660 4815/4815 4820/4820
f 4821/4821 4817/4817 4822/4822
f 4817/4817 4818/4818 4822/4822
f 8382/8382 4819/4819 7542/7542
f 7542/7542 4819/4819 4823/4823
f 8709/8709 8384/8384 4824/4824
f 8384/8384 4820/4820 4824/4824
f 4825/4825 4821/4821 4826/4826
f 4821/4821 4822/4822 4826/4826
f 7542/7542 4823/4823 7562/7562
f 7562/7562 4823/4823 4827/4827
f 8387/8387 8709/8709 4828/4828
f 8709/8709 4824/4824 4828/4828
f 4829/4829 4825/4825 4830/4830
f 4825/4825 4826/4826 4830/4830
f 7562/7562 4827/4827 8390/8390
f 8390/8390 4827/4827 4831/4831
f 8391/8391 8387/8387 4832/4832
f 8387/8387 4828/4828 4832/4832
f 4829/4829 4830/4830 4833/4833
f 8390/8390 4831/4831 4834/4834
f 8391/8391 4832/4832 4835/4835
f 3768/3768 3769/3769 4836/4836
f 4836/4836 3769/3769 4837/4837
f 8095/8095 3770/3770 7670/7670
f 7670/7670 3770/3770 4838/4838
f 8684/8684 3771/3771 8393/8393
f 8393/8393 3771/3771 4839/4839
f 8312/8312 3772/3772 8139/8139
f 8139/8139 3772/3772 4840/4840
f 4841/4841 4836/4836 4842/4842
f 4836/4836 4837/4837 4842/4842
f 7670/7670 4838/4838 7689/7689
f 7689/7689 4838/4838 4843/4843
f 8394/8394 8393/8393 4844/4844
f 8393/8393 4839/4839 4844/4844
f 8139/8139 4840/4840 8396/8396
f 8396/8396 4840/4840 4845/4845
f 4846/4846 4841/4841 4847/4847
f 4841/4841 4842/4842 4847/4847
f 7689/7689 4843/4843 8399/8399
f 8399/8399 4843/4843 4848/4848
f 8400/8400 8394/8394 4849/4849
f 8394/8394 4844/4844 4849/4849
f 8396/8396 4845/4845 8401/8401
f 8401/8401 4845/4845 4850/4850
f 4851/4851 4846/4846 4852/4852
f 4846/4846 4847/4847 4852/4852
f 8399/8399 4848/4848 8404/8404
f 8404/8404 4848/4848 4853/4853
f 8131/8131 8400/8400 4854/4854
f 8400/8400 4849/4849 4854/4854
f 8401/8401 4850/4850 8406/8406
f 8406/8406 4850/4850 4855/4855
f 4856/4856 4851/4851 4857/4857
f 4851/4851 4852/4852 4857/4857
f 8404/8404 4853/4853 8408/8408
f 8408/8408 4853/4853 4858/4858
f 8409/8409 8131/8131 4859/4859
f 8131/8131 4854/4854 4859/4859
f 8406/8406 4855/4855 8412/8412
f 8412/8412 4855/4855 4860/4860
f 4861/4861 4856/4856 4862/4862
f 4856/4856 4857/4857 4862/4862
f 8408/8408 4858/4858 8106/8106
f 8106/8106 4858/4858 4863/4863
f 8413/8413 8409/8409 4864/4864
f 8409/8409 4859/4859 4864/4864
f 8412/8412 4860/4860 8706/8706
f 8706/8706 4860/4860 4865/4865
f 4866/4866 4861/4861 4867/4867
f 4861/4861 4862/4862 4867/4867
f 8106/8106 4863/4863 8424/8424
f 8424/8424 4863/4863 4868/4868
f 8419/8419 8413/8413 4869/4869
f 8413/8413 4864/4864 4869/4869
f 8706/8706 4865/4865 8420/8420
f 8420/8420 4865/4865 4870/4870
f 4866/4866 4867/4867 4871/4871
f 8424/8424 4868/4868 4872/4872
f 8419/8419 4869/4869 4873/4873
f 8420/8420 4870/4870 4874/4874
f 3824/3824 3825/3825 4875/4875
f 4875/4875 3825/3825 4876/4876
f 7448/7448 3826/3826 8568/8568
f 8568/8568 3826/3826 4877/4877
f 7534/7534 7927/7927 8423/8423
f 8423/8423 7927/7927 4878/4878
f 7926/7926 3828/3828 8425/8425
f 8425/8425 3828/3828 4879/4879
f 7611/7611 7614/7614 8426/8426
f 8426/8426 7614/7614 4880/4880
f 4881/4881 4875/4875 4882/4882
f 4875/4875 4876/4876 4882/4882
f 8568/8568 4877/4877 7696/7696
f 7696/7696 4877/4877 4883/4883
f 8427/8427 8423/8423 4884/4884
f 8423/8423 4878/4878 4884/4884
f 8425/8425 4879/4879 7736/7736
f 7736/7736 4879/4879 4885/4885
f 8059/8059 8426/8426 4886/4886
f 8426/8426 4880/4880 4886/4886
f 4887/4887 4881/4881 4888/4888
f 4881/4881 4882/4882 4888/4888
f 7696/7696 4883/4883 7975/7975
f 7975/7975 4883/4883 4889/4889
f 8430/8430 8427/8427 4890/4890
f 8427/8427 4884/4884 4890/4890
f 7736/7736 4885/4885 8433/8433
f 8433/8433 4885/4885 4891/4891
f 8397/8397 8059/8059 4892/4892
f 8059/8059 4886/4886 4892/4892
f 4893/4893 4887/4887 4894/4894
f 4887/4887 4888/4888 4894/4894
f 7975/7975 4889/4889 8435/8435
f 8435/8435 4889/4889 4895/4895
f 7682/7682 8430/8430 4896/4896
f 8430/8430 4890/4890 4896/4896
f 8433/8433 4891/4891 8136/8136
f 8136/8136 4891/4891 4897/4897
f 8436/8436 8397/8397 4898/4898
f 8397/8397 4892/4892 4898/4898
f 4899/4899 4893/4893 4900/4900
f 4893/4893 4894/4894 4900/4900
f 8435/8435 4895/4895 8437/8437
f 8437/8437 4895/4895 4901/4901
f 7442/7442 7682/7682 4902/4902
f 7682/7682 4896/4896 4902/4902
f 8136/8136 4897/4897 8226/8226
f 8226/8226 4897/4897 4903/4903
f 7879/7879 8436/8436 4904/4904
f 8436/8436 4898/4898 4904/4904
f 4905/4905 4899/4899 4906/4906
f 4899/4899 4900/4900 4906/4906
f 8437/8437 4901/4901 8439/8439
f 8439/8439 4901/4901 4907/4907
f 8442/8442 7442/7442 4908/4908
f 7442/7442 4902/4902 4908/4908
f 8226/8226 4903/4903 8330/8330
f 8330/8330 4903/4903 4909/4909
f 8443/8443 7879/7879 4910/4910
f 7879/7879 4904/4904 4910/4910
f 4911/4911 4905/4905 4912/4912
f 4905/4905 4906/4906 4912/4912
f 8439/8439 4907/4907 8444/8444
f 8444/8444 4907/4907 4913/4913
f 8445/8445 8442/8442 4914/4914
f 8442/8442 4908/4908 4914/4914
f 8330/8330 4909/4909 8446/8446
f 8446/8446 4909/4909 4915/4915
f 8449/8449 8443/8443 4916/4916
f 8443/8443 4910/4910 4916/4916
f 4917/4917 4911/4911 4918/4918
f 4911/4911 4912/4912 4918/4918
f 8444/8444 4913/4913 8144/8144
f 8144/8144 4913/4913 4919/4919
f 8368/8368 8445/8445 4920/4920
f 8445/8445 4914/4914 4920/4920
f 8446/8446 4915/4915 8451/8451
f 8451/8451 4915/4915 4921/4921
f 7720/7720 8449/8449 4922/4922
f 8449/8449 4916/4916 4922/4922
f 4917/4917 4918/4918 4923/4923
f 8144/8144 4919/4919 4924/4924
f 8368/8368 4920/4920 4925/4925
f 8451/8451 4921/4921 4926/4926
f 7720/7720 4922/4922 4927/4927
f 3883/3883 3885/3885 4928/4928
f 4928/4928 3885/3885 4929/4929
f 7783/7783 3888/3888 8456/8456
f 8456/8456 3888/3888 4930/4930
f 8018/8018 3889/3889 7474/7474
f 7474/7474 3889/3889 4931/4931
f 7941/7941 3892/3892 8458/8458
f 8458/8458 3892/3892 4932/4932
f 7552/7552 3893/3893 8460/8460
f 8460/8460 3893/3893 4933/4933
f 4934/4934 4928/4928 4935/4935
f 4928/4928 4929/4929 4935/4935
f 8456/8456 4930/4930 8216/8216
f 8216/8216 4930/4930 4936/4936
f 7903/7903 7474/7474 4937/4937
f 7474/7474 4931/4931 4937/4937
f 8458/8458 4932/4932 8289/8289
f 8289/8289 4932/4932 4938/4938
f 8461/8461 8460/8460 4939/4939
f 8460/8460 4933/4933 4939/4939
f 4940/4940 4934/4934 4941/4941
f 4934/4934 4935/4935 4941/4941
f 8216/8216 4936/4936 7845/7845
f 7845/7845 4936/4936 4942/4942
f 8253/8253 7903/7903 4943/4943
f 7903/7903 4937/4937 4943/4943
f 8289/8289 4938/4938 8463/8463
f 8463/8463 4938/4938 4944/4944
f 7983/7983 8461/8461 4945/4945
f 8461/8461 4939/4939 4945/4945
f 4946/4946 4940/4940 4947/4947
f 4940/4940 4941/4941 4947/4947
f 7845/7845 4942/4942 8466/8466
f 8466/8466 4942/4942 4948/4948
f 8467/8467 8253/8253 4949/4949
f 8253/8253 4943/4943 4949/4949
f 8463/8463 4944/4944 7923/7923
f 7923/7923 4944/4944 4950/4950
f 8468/8468 7983/7983 4951/4951
f 7983/7983 4945/4945 4951/4951
f 4952/4952 4946/4946 4953/4953
f 4946/4946 4947/4947 4953/4953
f 8466/8466 4948/4948 7683/7683
f 7683/7683 4948/4948 4954/4954
f 8469/8469 8467/8467 4955/4955
f 8467/8467 4949/4949 4955/4955
f 7923/7923 4950/4950 8378/8378
f 8378/8378 4950/4950 4956/4956
f 7690/7690 8468/8468 4957/4957
f 8468/8468 4951/4951 4957/4957
f 4958/4958 4952/4952 4959/4959
f 4952/4952 4953/4953 4959/4959
f 7683/7683 4954/4954 8361/8361
f 8361/8361 4954/4954 4960/4960
f 8471/8471 8469/8469 4961/4961
f 8469/8469 4955/4955 4961/4961
f 8378/8378 4956/4956 8472/8472
f 8472/8472 4956/4956 4962/4962
f 8475/8475 7690/7690 4963/4963
f 7690/7690 4957/4957 4963/4963
f 4964/4964 4958/4958 4965/4965
f 4958/4958 4959/4959 4965/4965
f 8361/8361 4960/4960 8478/8478
f 8478/8478 4960/4960 4966/4966
f 7606/7606 8471/8471 4967/4967
f 8471/8471 4961/4961 4967/4967
f 8472/8472 4962/4962 7952/7952
f 7952/7952 4962/4962 4968/4968
f 8479/8479 8475/8475 4969/4969
f 8475/8475 4963/4963 4969/4969
f 4970/4970 4964/4964 4971/4971
f 4964/4964 4965/4965 4971/4971
f 8478/8478 4966/4966 8606/8606
f 8606/8606 4966/4966 4972/4972
f 8262/8262 7606/7606 4973/4973
f 7606/7606 4967/4967 4973/4973
f 7952/7952 4968/4968 7820/7820
f 7820/7820 4968/4968 4974/4974
f 8480/8480 8479/8479 4975/4975
f 8479/8479 4969/4969 4975/4975
f 4970/4970 4971/4971 4976/4976
f 8606/8606 4972/4972 4977/4977
f 8262/8262 4973/4973 4978/4978
f 7820/7820 4974/4974 4979/4979
f 8480/8480 4975/4975 4980/4980
f 3948/3948 3950/3950 4981/4981
f 4981/4981 3950/3950 4982/4982
f 7525/7525 3953/3953 7958/7958
f 7958/7958 3953/3953 4983/4983
f 7521/7521 3954/3954 8482/8482
f 8482/8482 3954/3954 4984/4984
f 7615/7615 3957/3957 8421/8421
f 8421/8421 3957/3957 4985/4985
f 7862/7862 3958/3958 8485/8485
f 8485/8485 3958/3958 4986/4986
f 4987/4987 4981/4981 4988/4988
f 4981/4981 4982/4982 4988/4988
f 7958/7958 4983/4983 8487/8487
f 8487/8487 4983/4983 4989/4989
f 7854/7854 8482/8482 4990/4990
f 8482/8482 4984/4984 4990/4990
f 8421/8421 4985/4985 7572/7572
f 7572/7572 4985/4985 4991/4991
f 8489/8489 8485/8485 4992/4992
f 8485/8485 4986/4986 4992/4992
f 4993/4993 4987/4987 4994/4994
f 4987/4987 4988/4988 4994/4994
f 8487/8487 4989/4989 7635/7635
f 7635/7635 4989/4989 4995/4995
f 8490/8490 7854/7854 4996/4996
f 7854/7854 4990/4990 4996/4996
f 7572/7572 4991/4991 8326/8326
f 8326/8326 4991/4991 4997/4997
f 8491/8491 8489/8489 4998/4998
f 8489/8489 4992/4992 4998/4998
f 4999/4999 4993/4993 5000/5000
f 4993/4993 4994/4994 5000/5000
f 7635/7635 4995/4995 7580/7580
f 7580/7580 4995/4995 5001/5001
f 8190/8190 8490/8490 5002/5002
f 8490/8490 4996/4996 5002/5002
f 8326/8326 4997/4997 8006/8006
f 8006/8006 4997/4997 5003/5003
f 8493/8493 8491/8491 5004/5004
f 8491/8491 4998/4998 5004/5004
f 5005/5005 4999/4999 5006/5006
f 4999/4999 5000/5000 5006/5006
f 7580/7580 5001/5001 8494/8494
f 8494/8494 5001/5001 5007/5007
f 7753/7753 8190/8190 5008/5008
f 8190/8190 5002/5002 5008/5008
f 8006/8006 5003/5003 8199/8199
f 8199/8199 5003/5003 5009/5009
f 8495/8495 8493/8493 5010/5010
f 8493/8493 5004/5004 5010/5010
f 5011/5011 5005/5005 5012/5012
f 5005/5005 5006/5006 5012/5012
f 8494/8494 5007/5007 8500/8500
f 8500/8500 5007/5007 5013/5013
f 8048/8048 7753/7753 5014/5014
f 7753/7753 5008/5008 5014/5014
f 8199/8199 5009/5009 8502/8502
f 8502/8502 5009/5009 5015/5015
f 8227/8227 8495/8495 5016/5016
f 8495/8495 5010/5010 5016/5016
f 5017/5017 5011/5011 5018/5018
f 5011/5011 5012/5012 5018/5018
f 8500/8500 5013/5013 8504/8504
f 8504/8504 5013/5013 5019/5019
f 8228/8228 8048/8048 5020/5020
f 8048/8048 5014/5014 5020/5020
f 8502/8502 5015/5015 7898/7898
f 7898/7898 5015/5015 5021/5021
f 8572/8572 8227/8227 5022/5022
f 8227/8227 5016/5016 5022/5022
f 5023/5023 5017/5017 5024/5024
f 5017/5017 5018/5018 5024/5024
f 8504/8504 5019/5019 8506/8506
f 8506/8506 5019/5019 5025/5025
f 8507/8507 8228/8228 5026/5026
f 8228/8228 5020/5020 5026/5026
f 7898/7898 5021/5021 8137/8137
f 8137/8137 5021/5021 5027/5027
f 8509/8509 8572/8572 5028/5028
f 8572/8572 5022/5022 5028/5028
f 5023/5023 5024/5024 5029/5029
f 8506/8506 5025/5025 5030/5030
f 8507/8507 5026/5026 5031/5031
f 8137/8137 5027/5027 5032/5032
f 8509/8509 5028/5028 5033/5033
f 4025/4025 4026/4026 5034/5034
f 5034/5034 4026/4026 5035/5035
f 8098/8098 4027/4027 7966/7966
f 7966/7966 4027/4027 5036/5036
f 7700/7700 4028/4028 7713/7713
f 7713/7713 4028/4028 5037/5037
f 7832/7832 4029/4029 8094/8094
f 8094/8094 4029/4029 5038/5038
f 7729/7729 4030/4030 8405/8405
f 8405/8405 4030/4030 5039/5039
f 5040/5040 5034/5034 5041/5041
f 5034/5034 5035/5035 5041/5041
f 7966/7966 5036/5036 7577/7577
f 7577/7577 5036/5036 5042/5042
f 8398/8398 7713/7713 5043/5043
f 7713/7713 5037/5037 5043/5043
f 8094/8094 5038/5038 8512/8512
f 8512/8512 5038/5038 5044/5044
f 8513/8513 8405/8405 5045/5045
f 8405/8405 5039/5039 5045/5045
f 5046/5046 5040/5040 5047/5047
f 5040/5040 5041/5041 5047/5047
f 7577/7577 5042/5042 8033/8033
f 8033/8033 5042/5042 5048/5048
f 7567/7567 8398/8398 5049/5049
f 8398/8398 5043/5043 5049/5049
f 8512/8512 5044/5044 8515/8515
f 8515/8515 5044/5044 5050/5050
f 8516/8516 8513/8513 5051/5051
f 8513/8513 5045/5045 5051/5051
f 5052/5052 5046/5046 5053/5053
f 5046/5046 5047/5047 5053/5053
f 8033/8033 5048/5048 8518/8518
f 8518/8518 5048/5048 5054/5054
f 8519/8519 7567/7567 5055/5055
f 7567/7567 5049/5049 5055/5055
f 8515/8515 5050/5050 8127/8127
f 8127/8127 5050/5050 5056/5056
f 7556/7556 8516/8516 5057/5057
f 8516/8516 5051/5051 5057/5057
f 5058/5058 5052/5052 5059/5059
f 5052/5052 5053/5053 5059/5059
f 8518/8518 5054/5054 8183/8183
f 8183/8183 5054/5054 5060/5060
f 8520/8520 8519/8519 5061/5061
f 8519/8519 5055/5055 5061/5061
f 8127/8127 5056/5056 8521/8521
f 8521/8521 5056/5056 5062/5062
f 7503/7503 7556/7556 5063/5063
f 7556/7556 5057/5057 5063/5063
f 5064/5064 5058/5058 5065/5065
f 5058/5058 5059/5059 5065/5065
f 8183/8183 5060/5060 7761/7761
f 7761/7761 5060/5060 5066/5066
f 8410/8410 8520/8520 5067/5067
f 8520/8520 5061/5061 5067/5067
f 8521/8521 5062/5062 8256/8256
f 8256/8256 5062/5062 5068/5068
f 7802/7802 7503/7503 5069/5069
f 7503/7503 5063/5063 5069/5069
f 5064/5064 5065/5065 5070/5070
f 7761/7761 5066/5066 5071/5071
f 8410/8410 5067/5067 5072/5072
f 8256/8256 5068/5068 5073/5073
f 7802/7802 5069/5069 5074/5074
f 5075/5075 5076/5076 5077/5077
f 5076/5076 5078/5078 5077/5077
f 8601/8601 7406/7406 5079/5079
f 7406/7406 5080/5080 5079/5079
f 7570/7570 8523/8523 5081/5081
f 8523/8523 5082/5082 5081/5081
f 8525/8525 8526/8526 5083/5083
f 8526/8526 5084/5084 5083/5083
f 8527/8527 7426/7426 5085/5085
f 7426/7426 5086/5086 5085/5085
f 5087/5087 5075/5075 5088/5088
f 5075/5075 5077/5077 5088/5088
f 8601/8601 5079/5079 8528/8528
f 8528/8528 5079/5079 5089/5089
f 8414/8414 7570/7570 5090/5090
f 7570/7570 5081/5081 5090/5090
f 8525/8525 5083/5083 8503/8503
f 8503/8503 5083/5083 5091/5091
f 8081/8081 8527/8527 5092/5092
f 8527/8527 5085/5085 5092/5092
f 5093/5093 5087/5087 5094/5094
f 5087/5087 5088/5088 5094/5094
f 8528/8528 5089/5089 8530/8530
f 8530/8530 5089/5089 5095/5095
f 7887/7887 8414/8414 5096/5096
f 8414/8414 5090/5090 5096/5096
f 8503/8503 5091/5091 8532/8532
f 8532/8532 5091/5091 5097/5097
f 8533/8533 8081/8081 5098/5098
f 8081/8081 5092/5092 5098/5098
f 5093/5093 5094/5094 5099/5099
f 8530/8530 5095/5095 8534/8534
f 7887/7887 5096/5096 5100/5100
f 8532/8532 5097/5097 8535/8535
f 8533/8533 5098/5098 5101/5101
f 5102/5102 5103/5103 5104/5104
f 8074/8074 5105/5105 8537/8537
f 8539/8539 5106/5106 5107/5107
f 5108/5108 5109/5109 5110/5110
f 8540/8540 5111/5111 8073/8073
f 7477/7477 5112/5112 5113/5113
f 5114/5114 5115/5115 5116/5116
f 8693/8693 5117/5117 8544/8544
f 8065/8065 5118/5118 5119/5119
f 5120/5120 5121/5121 5122/5122
f 5121/5121 5123/5123 5122/5122
f 8576/8576 7617/7617 5124/5124
f 7617/7617 5125/5125 5124/5124
f 8547/8547 8548/8548 5126/5126
f 8548/8548 5127/5127 5126/5126
f 7427/7427 7481/7481 5128/5128
f 7481/7481 5129/5129 5128/5128
f 8230/8230 8549/8549 5130/5130
f 8549/8549 5131/5131 5130/5130
f 5132/5132 5120/5120 5133/5133
f 5120/5120 5122/5122 5133/5133
f 8576/8576 5124/5124 8182/8182
f 8182/8182 5124/5124 5134/5134
f 8579/8579 8547/8547 5135/5135
f 8547/8547 5126/5126 5135/5135
f 7427/7427 5128/5128 8550/8550
f 8550/8550 5128/5128 5136/5136
f 8552/8552 8230/8230 5137/5137
f 8230/8230 5130/5130 5137/5137
f 5138/5138 5132/5132 5139/5139
f 5132/5132 5133/5133 5139/5139
f 8182/8182 5134/5134 8233/8233
f 8233/8233 5134/5134 5140/5140
f 8553/8553 8579/8579 5141/5141
f 8579/8579 5135/5135 5141/5141
f 8550/8550 5136/5136 7484/7484
f 7484/7484 5136/5136 5142/5142
f 8557/8557 8552/8552 5143/5143
f 8552/8552 5137/5137 5143/5143
f 5138/5138 5139/5139 5144/5144
f 8233/8233 5140/5140 8558/8558
f 8553/8553 5141/5141 5145/5145
f 7484/7484 5142/5142 8559/8559
f 8557/8557 5143/5143 5146/5146
f 5147/5147 5148/5148 5149/5149
f 7526/7526 5150/5150 8563/8563
f 7920/7920 5151/5151 5152/5152
f 5153/5153 5154/5154 5155/5155
f 7637/7637 5156/5156 8654/8654
f 7711/7711 5157/5157 5158/5158
f 5159/5159 5160/5160 5161/5161
f 8293/8293 5162/5162 8566/8566
f 8569/8569 5163/5163 5164/5164
f 5165/5165 5166/5166 5167/5167
f 5166/5166 5168/5168 5167/5167
f 7428/7428 8573/8573 5169/5169
f 8573/8573 5170/5170 5169/5169
f 8222/8222 8575/8575 5171/5171
f 8575/8575 5172/5172 5171/5171
f 7494/7494 7793/7793 5173/5173
f 7793/7793 5174/5174 5173/5173
f 8577/8577 8580/8580 5175/5175
f 8580/8580 5176/5176 5175/5175
f 5177/5177 5165/5165 5178/5178
f 5165/5165 5167/5167 5178/5178
f 7428/7428 5169/5169 8581/8581
f 8581/8581 5169/5169 5179/5179
f 8582/8582 8222/8222 5180/5180
f 8222/8222 5171/5171 5180/5180
f 7494/7494 5173/5173 8583/8583
f 8583/8583 5173/5173 5181/5181
f 8584/8584 8577/8577 5182/5182
f 8577/8577 5175/5175 5182/5182
f 5183/5183 5177/5177 5184/5184
f 5177/5177 5178/5178 5184/5184
f 8581/8581 5179/5179 8585/8585
f 8585/8585 5179/5179 5185/5185
f 7458/7458 8582/8582 5186/5186
f 8582/8582 5180/5180 5186/5186
f 8583/8583 5181/5181 8587/8587
f 8587/8587 5181/5181 5187/5187
f 8588/8588 8584/8584 5188/5188
f 8584/8584 5182/5182 5188/5188
f 5183/5183 5184/5184 5189/5189
f 8585/8585 5185/5185 8270/8270
f 7458/7458 5186/5186 5190/5190
f 8587/8587 5187/5187 8271/8271
f 8588/8588 5188/5188 5191/5191
f 5192/5192 5193/5193 5194/5194
f 8708/8708 5195/5195 8415/8415
f 8591/8591 5196/5196 5197/5197
f 5198/5198 5199/5199 5200/5200
f 8462/8462 5201/5201 8592/8592
f 8594/8594 5202/5202 5203/5203
f 5204/5204 5205/5205 5206/5206
f 7533/7533 5207/5207 8595/8595
f 8596/8596 5208/5208 5209/5209
f 5210/5210 5211/5211 5212/5212
f 5211/5211 5213/5213 5212/5212
f 8598/8598 7609/7609 5214/5214
f 7609/7609 5215/5215 5214/5214
f 7882/7882 8505/8505 5216/5216
f 8505/8505 5217/5217 5216/5216
f 7836/7836 7869/7869 5218/5218
f 7869/7869 5219/5219 5218/5218
f 8110/8110 7625/7625 5220/5220
f 7625/7625 5221/5221 5220/5220
f 5222/5222 5210/5210 5223/5223
f 5210/5210 5212/5212 5223/5223
f 8598/8598 5214/5214 7888/7888
f 7888/7888 5214/5214 5224/5224
f 8298/8298 7882/7882 5225/5225
f 7882/7882 5216/5216 5225/5225
f 7836/7836 5218/5218 8171/8171
f 8171/8171 5218/5218 5226/5226
f 8599/8599 8110/8110 5227/5227
f 8110/8110 5220/5220 5227/5227
f 5228/5228 5222/5222 5229/5229
f 5222/5222 5223/5223 5229/5229
f 7888/7888 5224/5224 8203/8203
f 8203/8203 5224/5224 5230/5230
f 8517/8517 8298/8298 5231/5231
f 8298/8298 5225/5225 5231/5231
f 8171/8171 5226/5226 8685/8685
f 8685/8685 5226/5226 5232/5232
f 8603/8603 8599/8599 5233/5233
f 8599/8599 5227/5227 5233/5233
f 5228/5228 5229/5229 5234/5234
f 8203/8203 5230/5230 8541/8541
f 8517/8517 5231/5231 5235/5235
f 8685/8685 5232/5232 8542/8542
f 8603/8603 5233/5233 5236/5236
f 5237/5237 5238/5238 5239/5239
f 8607/8607 5240/5240 8348/8348
f 8608/8608 5241/5241 5242/5242
f 5243/5243 5244/5244 5245/5245
f 8609/8609 5246/5246 8688/8688
f 8297/8297 5247/5247 5248/5248
f 5249/5249 5250/5250 5251/5251
f 8611/8611 5252/5252 8614/8614
f 8118/8118 5253/5253 5254/5254
f 5255/5255 5256/5256 5257/5257
f 5256/5256 5258/5258 5257/5257
f 8346/8346 7777/7777 5259/5259
f 7777/7777 5260/5260 5259/5259
f 7795/7795 8068/8068 5261/5261
f 8068/8068 5262/5262 5261/5261
f 8617/8617 8618/8618 5263/5263
f 8618/8618 5264/5264 5263/5263
f 8369/8369 8620/8620 5265/5265
f 8620/8620 5266/5266 5265/5265
f 5267/5267 5255/5255 5268/5268
f 5255/5255 5257/5257 5268/5268
f 8346/8346 5259/5259 8621/8621
f 8621/8621 5259/5259 5269/5269
f 8623/8623 7795/7795 5270/5270
f 7795/7795 5261/5261 5270/5270
f 8617/8617 5263/5263 8334/8334
f 8334/8334 5263/5263 5271/5271
f 7450/7450 8369/8369 5272/5272
f 8369/8369 5265/5265 5272/5272
f 5273/5273 5267/5267 5274/5274
f 5267/5267 5268/5268 5274/5274
f 8621/8621 5269/5269 8625/8625
f 8625/8625 5269/5269 5275/5275
f 8627/8627 8623/8623 5276/5276
f 8623/8623 5270/5270 5276/5276
f 8334/8334 5271/5271 8628/8628
f 8628/8628 5271/5271 5277/5277
f 8629/8629 7450/7450 5278/5278
f 7450/7450 5272/5272 5278/5278
f 5273/5273 5274/5274 5279/5279
f 8625/8625 5275/5275 7764/7764
f 8627/8627 5276/5276 5280/5280
f 8628/8628 5277/5277 7765/7765
f 8629/8629 5278/5278 5281/5281
f 5282/5282 5283/5283 5284/5284
f 7684/7684 5285/5285 8630/8630
f 8631/8631 5286/5286 5287/5287
f 5288/5288 5289/5289 5290/5290
f 8634/8634 5291/5291 8635/8635
f 8636/8636 5292/5292 5293/5293
f 5294/5294 5295/5295 5296/5296
f 8078/8078 5297/5297 8638/8638
f 7992/7992 5298/5298 5299/5299
f 5300/5300 5301/5301 5302/5302
f 5301/5301 5303/5303 5302/5302
f 7523/7523 8639/8639 5304/5304
f 8639/8639 5305/5305 5304/5304
f 7768/7768 8097/8097 5306/5306
f 8097/8097 5307/5307 5306/5306
f 8641/8641 8642/8642 5308/5308
f 8642/8642 5309/5309 5308/5308
f 8130/8130 8643/8643 5310/5310
f 8643/8643 5311/5311 5310/5310
f 5312/5312 5300/5300 5313/5313
f 5300/5300 5302/5302 5313/5313
f 7523/7523 5304/5304 8392/8392
f 8392/8392 5304/5304 5314/5314
f 7504/7504 7768/7768 5315/5315
f 7768/7768 5306/5306 5315/5315
f 8641/8641 5308/5308 8647/8647
f 8647/8647 5308/5308 5316/5316
f 8383/8383 8130/8130 5317/5317
f 8130/8130 5310/5310 5317/5317
f 5318/5318 5312/5312 5319/5319
f 5312/5312 5313/5313 5319/5319
f 8392/8392 5314/5314 8013/8013
f 8013/8013 5314/5314 5320/5320
f 8648/8648 7504/7504 5321/5321
f 7504/7504 5315/5315 5321/5321
f 8647/8647 5316/5316 7710/7710
f 7710/7710 5316/5316 5322/5322
f 8551/8551 8383/8383 5323/5323
f 8383/8383 5317/5317 5323/5323
f 5318/5318 5319/5319 5324/5324
f 8013/8013 5320/5320 7899/7899
f 8648/8648 5321/5321 5325/5325
f 7710/7710 5322/5322 7900/7900
f 8551/8551 5323/5323 5326/5326
f 5327/5327 5328/5328 5329/5329
f 8649/8649 5330/5330 8454/8454
f 8652/8652 5331/5331 5332/5332
f 5333/5333 5334/5334 5335/5335
f 8102/8102 5336/5336 8655/8655
f 8657/8657 5337/5337 5338/5338
f 5339/5339 5340/5340 5341/5341
f 8066/8066 5342/5342 8003/8003
f 7942/7942 5343/5343 5344/5344
f 5345/5345 5346/5346 5347/5347
f 5346/5346 5348/5348 5347/5347
f 8434/8434 8143/8143 5349/5349
f 8143/8143 5350/5350 5349/5349
f 7892/7892 8308/8308 5351/5351
f 8308/8308 5352/5352 5351/5351
f 8128/8128 7665/7665 5353/5353
f 7665/7665 5354/5354 5353/5353
f 8359/8359 8660/8660 5355/5355
f 8660/8660 5356/5356 5355/5355
f 5357/5357 5345/5345 5358/5358
f 5345/5345 5347/5347 5358/5358
f 8434/8434 5349/5349 8432/8432
f 8432/8432 5349/5349 5359/5359
f 8213/8213 7892/7892 5360/5360
f 7892/7892 5351/5351 5360/5360
f 8128/8128 5353/5353 8622/8622
f 8622/8622 5353/5353 5361/5361
f 7933/7933 8359/8359 5362/5362
f 8359/8359 5355/5355 5362/5362
f 5363/5363 5357/5357 5364/5364
f 5357/5357 5358/5358 5364/5364
f 8432/8432 5359/5359 7538/7538
f 7538/7538 5359/5359 5365/5365
f 7411/7411 8213/8213 5366/5366
f 8213/8213 5360/5360 5366/5366
f 8622/8622 5361/5361 8124/8124
f 8124/8124 5361/5361 5367/5367
f 8208/8208 7933/7933 5368/5368
f 7933/7933 5362/5362 5368/5368
f 5363/5363 5364/5364 5369/5369
f 7538/7538 5365/5365 8662/8662
f 7411/7411 5366/5366 5370/5370
f 8124/8124 5367/5367 8663/8663
f 8208/8208 5368/5368 5371/5371
f 5372/5372 5373/5373 5374/5374
f 7399/7399 5375/5375 7597/7597
f 7528/7528 5376/5376 5377/5377
f 5378/5378 5379/5379 5380/5380
f 7610/7610 5381/5381 7563/7563
f 7827/7827 5382/5382 5383/5383
f 5384/5384 5385/5385 5386/5386
f 7880/7880 5387/5387 8665/8665
f 8667/8667 5388/5388 5389/5389
f 5390/5390 5391/5391 5392/5392
f 5391/5391 5393/5393 5392/5392
f 8602/8602 8668/8668 5394/5394
f 8668/8668 5395/5395 5394/5394
f 8672/8672 8674/8674 5396/5396
f 8674/8674 5397/5397 5396/5396
f 8499/8499 7877/7877 5398/5398
f 7877/7877 5399/5399 5398/5398
f 8673/8673 8613/8613 5400/5400
f 8613/8613 5401/5401 5400/5400
f 5402/5402 5390/5390 5403/5403
f 5390/5390 5392/5392 5403/5403
f 8602/8602 5394/5394 8473/8473
f 8473/8473 5394/5394 5404/5404
f 8477/8477 8672/8672 5405/5405
f 8672/8672 5396/5396 5405/5405
f 8499/8499 5398/5398 8122/8122
f 8122/8122 5398/5398 5406/5406
f 8676/8676 8673/8673 5407/5407
f 8673/8673 5400/5400 5407/5407
f 5408/5408 5402/5402 5409/5409
f 5402/5402 5403/5403 5409/5409
f 8473/8473 5404/5404 8484/8484
f 8484/8484 5404/5404 5410/5410
f 8100/8100 8477/8477 5411/5411
f 8477/8477 5405/5405 5411/5411
f 8122/8122 5406/5406 8149/8149
f 8149/8149 5406/5406 5412/5412
f 8677/8677 8676/8676 5413/5413
f 8676/8676 5407/5407 5413/5413
f 5408/5408 5409/5409 5414/5414
f 8484/8484 5410/5410 8193/8193
f 8100/8100 5411/5411 5415/5415
f 8149/8149 5412/5412 8194/8194
f 8677/8677 5413/5413 5416/5416
f 5417/5417 5418/5418 5419/5419
f 7558/7558 5420/5420 8679/8679
f 7849/7849 5421/5421 5422/5422
f 5423/5423 5424/5424 5425/5425
f 7989/7989 5426/5426 8140/8140
f 8474/8474 5427/5427 5428/5428
f 5429/5429 5430/5430 5431/5431
f 7439/7439 5432/5432 8021/8021
f 8680/8680 5433/5433 5434/5434
f 5435/5435 5436/5436 5437/5437
f 5436/5436 5438/5438 5437/5437
f 8682/8682 7708/7708 5439/5439
f 7708/7708 5440/5440 5439/5439
f 8686/8686 8687/8687 5441/5441
f 8687/8687 5442/5442 5441/5441
f 7587/7587 8689/8689 5443/5443
f 8689/8689 5444/5444 5443/5443
f 7915/7915 7603/7603 5445/5445
f 7603/7603 5446/5446 5445/5445
f 5447/5447 5435/5435 5448/5448
f 5435/5435 5437/5437 5448/5448
f 8682/8682 5439/5439 8691/8691
f 8691/8691 5439/5439 5449/5449
f 8224/8224 8686/8686 5450/5450
f 8686/8686 5441/5441 5450/5450
f 7587/7587 5443/5443 8108/8108
f 8108/8108 5443/5443 5451/5451
f 8612/8612 7915/7915 5452/5452
f 7915/7915 5445/5445 5452/5452
f 5453/5453 5447/5447 5454/5454
f 5447/5447 5448/5448 5454/5454
f 8691/8691 5449/5449 8486/8486
f 8486/8486 5449/5449 5455/5455
f 8692/8692 8224/8224 5456/5456
f 8224/8224 5450/5450 5456/5456
f 8108/8108 5451/5451 8299/8299
f 8299/8299 5451/5451 5457/5457
f 8694/8694 8612/8612 5458/5458
f 8612/8612 5452/5452 5458/5458
f 5453/5453 5454/5454 5459/5459
f 8486/8486 5455/5455 8242/8242
f 8692/8692 5456/5456 5460/5460
f 8299/8299 5457/5457 8243/8243
f 8694/8694 5458/5458 5461/5461
f 5462/5462 5463/5463 5464/5464
f 8000/8000 5465/5465 7679/7679
f 8695/8695 5466/5466 5467/5467
f 5468/5468 5469/5469 5470/5470
f 8696/8696 5471/5471 7925/7925
f 8698/8698 5472/5472 5473/5473
f 5474/5474 5475/5475 5476/5476
f 8702/8702 5477/5477 8570/8570
f 8498/8498 5478/5478 5479/5479
f 5480/5480 5481/5481 5482/5482
f 5481/5481 5483/5483 5482/5482
f 7932/7932 7960/7960 5484/5484
f 7960/7960 5485/5485 5484/5484
f 7721/7721 8511/8511 5486/5486
f 8511/8511 5487/5487 5486/5486
f 8707/8707 8604/8604 5488/5488
f 8604/8604 5489/5489 5488/5488
f 8710/8710 8712/8712 5490/5490
f 8712/8712 5491/5491 5490/5490
f 5492/5492 5480/5480 5493/5493
f 5480/5480 5482/5482 5493/5493
f 7932/7932 5484/5484 8713/8713
f 8713/8713 5484/5484 5494/5494
f 8086/8086 7721/7721 5495/5495
f 7721/7721 5486/5486 5495/5495
f 8707/8707 5488/5488 8714/8714
f 8714/8714 5488/5488 5496/5496
f 8341/8341 8710/8710 5497/5497
f 8710/8710 5490/5490 5497/5497
f 5498/5498 5492/5492 5499/5499
f 5492/5492 5493/5493 5499/5499
f 8713/8713 5494/5494 8699/8699
f 8699/8699 5494/5494 5500/5500
f 8715/8715 8086/8086 5501/5501
f 8086/8086 5495/5495 5501/5501
f 8714/8714 5496/5496 7705/7705
f 7705/7705 5496/5496 5502/5502
f 7741/7741 8341/8341 5503/5503
f 8341/8341 5497/5497 5503/5503
f 5498/5498 5499/5499 5504/5504
f 8699/8699 5500/5500 8265/8265
f 8715/8715 5501/5501 5505/5505
f 7705/7705 5502/5502 8266/8266
f 7741/7741 5503/5503 5506/5506
f 5507/5507 5508/5508 5509/5509
f 8717/8717 5510/5510 8416/8416
f 7939/7939 5511/5511 5512/5512
f 5513/5513 5514/5514 5515/5515
f 8650/8650 5516/5516 8719/8719
f 8120/8120 5517/5517 5518/5518
f 5519/5519 5520/5520 5521/5521
f 8721/8721 5522/5522 8225/8225
f 8723/8723 5523/5523 5524/5524
f 5525/5525 5526/5526 5527/5527
f 5526/5526 5528/5528 5527/5527
f 8254/8254 8724/8724 5529/5529
f 8724/8724 5530/5530 5529/5529
f 7520/7520 7787/7787 5531/5531
f 7787/7787 5532/5532 5531/5531
f 8214/8214 8092/8092 5533/5533
f 8092/8092 5534/5534 5533/5533
f 7628/7628 8725/8725 5535/5535
f 8725/8725 5536/5536 5535/5535
f 5537/5537 5525/5525 5538/5538
f 5525/5525 5527/5527 5538/5538
f 8254/8254 5529/5529 7374/7374
f 7374/7374 5529/5529 5539/5539
f 7893/7893 7520/7520 5540/5540
f 7520/7520 5531/5531 5540/5540
f 8214/8214 5533/5533 7373/7373
f 7373/7373 5533/5533 5541/5541
f 7372/7372 7628/7628 5542/5542
f 7628/7628 5535/5535 5542/5542
f 5543/5543 5537/5537 5544/5544
f 5537/5537 5538/5538 5544/5544
f 7374/7374 5539/5539 8215/8215
f 8215/8215 5539/5539 5545/5545
f 7371/7371 7893/7893 5546/5546
f 7893/7893 5540/5540 5546/5546
f 7373/7373 5541/5541 7370/7370
f 7370/7370 5541/5541 5547/5547
f 7369/7369 7372/7372 5548/5548
f 7372/7372 5542/5542 5548/5548
f 5543/5543 5544/5544 5549/5549
f 8215/8215 5545/5545 7367/7367
f 7371/7371 5546/5546 5550/5550
f 7370/7370 5547/5547 7368/7368
f 7369/7369 5548/5548 5551/5551
f 5552/5552 5553/5553 5554/5554
f 7366/7366 5555/5555 8615/8615
f 8147/8147 5556/5556 5557/5557
f 5558/5558 5559/5559 5560/5560
f 7364/7364 5561/5561 7363/7363
f 8651/8651 5562/5562 5563/5563
f 5564/5564 5565/5565 5566/5566
f 7361/7361 5567/5567 8157/8157
f 7360/7360 5568/5568 5569/5569
f 5570/5570 5571/5571 5572/5572
f 5571/5571 5573/5573 5572/5572
f 7359/7359 7357/7357 5574/5574
f 7357/7357 5575/5575 5574/5574
f 7356/7356 7355/7355 5576/5576
f 7355/7355 5577/5577 5576/5576
f 7762/7762 8259/8259 5578/5578
f 8259/8259 5579/5579 5578/5578
f 7423/7423 7354/7354 5580/5580
f 7354/7354 5581/5581 5580/5580
f 5582/5582 5570/5570 5583/5583
f 5570/5570 5572/5572 5583/5583
f 7359/7359 5574/5574 8251/8251
f 8251/8251 5574/5574 5584/5584
f 7353/7353 7356/7356 5585/5585
f 7356/7356 5576/5576 5585/5585
f 7762/7762 5578/5578 7919/7919
f 7919/7919 5578/5578 5586/5586
f 8476/8476 7423/7423 5587/5587
f 7423/7423 5580/5580 5587/5587
f 5588/5588 5582/5582 5589/5589
f 5582/5582 5583/5583 5589/5589
f 8251/8251 5584/5584 8096/8096
f 8096/8096 5584/5584 5590/5590
f 8038/8038 7353/7353 5591/5591
f 7353/7353 5585/5585 5591/5591
f 7919/7919 5586/5586 7352/7352
f 7352/7352 5586/5586 5592/5592
f 7351/7351 8476/8476 5593/5593
f 8476/8476 5587/5587 5593/5593
f 5588/5588 5589/5589 5594/5594
f 8096/8096 5590/5590 7349/7349
f 8038/8038 5591/5591 5595/5595
f 7352/7352 5592/5592 7350/7350
f 7351/7351 5593/5593 5596/5596
f 5597/5597 5598/5598 5599/5599
f 8191/8191 5600/5600 7575/7575
f 7348/7348 5601/5601 5602/5602
f 5603/5603 5604/5604 5605/5605
f 7347/7347 5606/5606 8050/8050
f 7346/7346 5607/5607 5608/5608
f 5609/5609 5610/5610 5611/5611
f 7345/7345 5612/5612 7672/7672
f 7343/7343 5613/5613 5614/5614
f 5615/5615 5616/5616 5617/5617
f 5616/5616 5618/5618 5617/5617
f 7342/7342 7341/7341 5619/5619
f 7341/7341 5620/5620 5619/5619
f 7774/7774 7337/7337 5621/5621
f 7337/7337 5622/5622 5621/5621
f 8239/8239 7383/7383 5623/5623
f 7383/7383 5624/5624 5623/5623
f 8221/8221 7336/7336 5625/5625
f 7336/7336 5626/5626 5625/5625
f 5627/5627 5615/5615 5628/5628
f 5615/5615 5617/5617 5628/5628
f 7342/7342 5619/5619 7334/7334
f 7334/7334 5619/5619 5629/5629
f 8488/8488 7774/7774 5630/5630
f 7774/7774 5621/5621 5630/5630
f 8239/8239 5623/5623 7333/7333
f 7333/7333 5623/5623 5631/5631
f 7332/7332 8221/8221 5632/5632
f 8221/8221 5625/5625 5632/5632
f 5633/5633 5627/5627 5634/5634
f 5627/5627 5628/5628 5634/5634
f 7334/7334 5629/5629 7330/7330
f 7330/7330 5629/5629 5635/5635
f 7329/7329 8488/8488 5636/5636
f 8488/8488 5630/5630 5636/5636
f 7333/7333 5631/5631 7328/7328
f 7328/7328 5631/5631 5637/5637
f 7911/7911 7332/7332 5638/5638
f 7332/7332 5632/5632 5638/5638
f 5633/5633 5634/5634 5639/5639
f 7330/7330 5635/5635 7953/7953
f 7329/7329 5636/5636 5640/5640
f 7328/7328 5637/5637 7954/7954
f 7911/7911 5638/5638 5641/5641
f 5642/5642 5643/5643 5644/5644
f 7327/7327 5645/5645 7326/7326
f 7325/7325 5646/5646 5647/5647
f 5648/5648 5649/5649 5650/5650
f 7324/7324 5651/5651 7579/7579
f 7323/7323 5652/5652 5653/5653
f 5654/5654 5655/5655 5656/5656
f 7922/7922 5657/5657 7322/7322
f 7321/7321 5658/5658 5659/5659
f 5660/5660 5661/5661 5662/5662
f 5661/5661 5663/5663 5662/5662
f 8700/8700 7320/7320 5664/5664
f 7320/7320 5665/5665 5664/5664
f 7319/7319 7318/7318 5666/5666
f 7318/7318 5667/5667 5666/5666
f 7791/7791 7317/7317 5668/5668
f 7317/7317 5669/5669 5668/5668
f 7316/7316 7315/7315 5670/5670
f 7315/7315 5671/5671 5670/5670
f 5672/5672 5660/5660 5673/5673
f 5660/5660 5662/5662 5673/5673
f 8700/8700 5664/5664 7314/7314
f 7314/7314 5664/5664 5674/5674
f 8683/8683 7319/7319 5675/5675
f 7319/7319 5666/5666 5675/5675
f 7791/7791 5668/5668 7313/7313
f 7313/7313 5668/5668 5676/5676
f 7312/7312 7316/7316 5677/5677
f 7316/7316 5670/5670 5677/5677
f 5678/5678 5672/5672 5679/5679
f 5672/5672 5673/5673 5679/5679
f 7314/7314 5674/5674 7311/7311
f 7311/7311 5674/5674 5680/5680
f 7310/7310 8683/8683 5681/5681
f 8683/8683 5675/5675 5681/5681
f 7313/7313 5676/5676 7309/7309
f 7309/7309 5676/5676 5682/5682
f 7461/7461 7312/7312 5683/5683
f 7312/7312 5677/5677 5683/5683
f 5678/5678 5679/5679 5684/5684
f 7311/7311 5680/5680 7307/7307
f 7310/7310 5681/5681 5685/5685
f 7309/7309 5682/5682 7308/7308
f 7461/7461 5683/5683 5686/5686
f 5687/5687 5688/5688 5689/5689
f 7305/7305 5690/5690 8027/8027
f 7806/7806 5691/5691 5692/5692
f 5693/5693 5694/5694 5695/5695
f 7304/7304 5696/5696 8012/8012
f 7303/7303 5697/5697 5698/5698
f 5699/5699 5700/5700 5701/5701
f 7302/7302 5702/5702 7300/7300
f 8411/8411 5703/5703 5704/5704
f 5705/5705 5706/5706 5707/5707
f 5706/5706 5708/5708 5707/5707
f 7299/7299 8218/8218 5709/5709
f 8218/8218 5710/5710 5709/5709
f 7298/7298 7767/7767 5711/5711
f 7767/7767 5712/5712 5711/5711
f 7297/7297 7296/7296 5713/5713
f 7296/7296 5714/5714 5713/5713
f 7295/7295 7647/7647 5715/5715
f 7647/7647 5716/5716 5715/5715
f 5717/5717 5705/5705 5718/5718
f 5705/5705 5707/5707 5718/5718
f 7299/7299 5709/5709 8619/8619
f 8619/8619 5709/5709 5719/5719
f 7675/7675 7298/7298 5720/5720
f 7298/7298 5711/5711 5720/5720
f 7297/7297 5713/5713 7293/7293
f 7293/7293 5713/5713 5721/5721
f 8514/8514 7295/7295 5722/5722
f 7295/7295 5715/5715 5722/5722
f 5723/5723 5717/5717 5724/5724
f 5717/5717 5718/5718 5724/5724
f 8619/8619 5719/5719 7292/7292
f 7292/7292 5719/5719 5725/5725
f 8231/8231 7675/7675 5726/5726
f 7675/7675 5720/5720 5726/5726
f 7293/7293 5721/5721 7291/7291
f 7291/7291 5721/5721 5727/5727
f 7290/7290 8514/8514 5728/5728
f 8514/8514 5722/5722 5728/5728
f 5723/5723 5724/5724 5729/5729
f 7292/7292 5725/5725 7286/7286
f 8231/8231 5726/5726 5730/5730
f 7291/7291 5727/5727 7287/7287
f 7290/7290 5728/5728 5731/5731
f 5732/5732 5733/5733 5734/5734
f 7285/7285 5735/5735 7282/7282
f 7281/7281 5736/5736 5737/5737
f 5738/5738 5739/5739 5740/5740
f 7280/7280 5741/5741 8352/8352
f 7864/7864 5742/5742 5743/5743
f 5744/5744 5745/5745 5746/5746
f 7279/7279 5747/5747 7278/7278
f 7277/7277 5748/5748 5749/5749
f 5750/5750 5751/5751 5752/5752
f 5751/5751 5753/5753 5752/5752
f 7306/7306 7275/7275 5754/5754
f 7275/7275 5755/5755 5754/5754
f 7274/7274 7273/7273 5756/5756
f 7273/7273 5757/5757 5756/5756
f 7272/7272 7271/7271 5758/5758
f 7271/7271 5759/5759 5758/5758
f 7269/7269 7268/7268 5760/5760
f 7268/7268 5761/5761 5760/5760
f 5762/5762 5750/5750 5763/5763
f 5750/5750 5752/5752 5763/5763
f 7306/7306 5754/5754 8276/8276
f 8276/8276 5754/5754 5764/5764
f 7501/7501 7274/7274 5765/5765
f 7274/7274 5756/5756 5765/5765
f 7272/7272 5758/5758 7267/7267
f 7267/7267 5758/5758 5766/5766
f 7266/7266 7269/7269 5767/5767
f 7269/7269 5760/5760 5767/5767
f 5768/5768 5762/5762 5769/5769
f 5762/5762 5763/5763 5769/5769
f 8276/8276 5764/5764 7265/7265
f 7265/7265 5764/5764 5770/5770
f 7263/7263 7501/7501 5771/5771
f 7501/7501 5765/5765 5771/5771
f 7267/7267 5766/5766 7262/7262
f 7262/7262 5766/5766 5772/5772
f 7260/7260 7266/7266 5773/5773
f 7266/7266 5767/5767 5773/5773
f 5768/5768 5769/5769 5774/5774
f 7265/7265 5770/5770 7283/7283
f 7263/7263 5771/5771 5775/5775
f 7262/7262 5772/5772 7284/7284
f 7260/7260 5773/5773 5776/5776
f 5777/5777 5778/5778 5779/5779
f 7258/7258 5780/5780 7257/7257
f 8290/8290 5781/5781 5782/5782
f 5783/5783 5784/5784 5785/5785
f 7255/7255 5786/5786 7253/7253
f 7252/7252 5787/5787 5788/5788
f 5789/5789 5790/5790 5791/5791
f 7704/7704 5792/5792 7251/7251
f 7685/7685 5793/5793 5794/5794
f 5795/5795 5796/5796 5797/5797
f 5796/5796 5798/5798 5797/5797
f 7522/7522 7250/7250 5799/5799
f 7250/7250 5800/5800 5799/5799
f 7249/7249 7248/7248 5801/5801
f 7248/7248 5802/5802 5801/5801
f 7247/7247 8546/8546 5803/5803
f 8546/8546 5804/5804 5803/5803
f 7246/7246 7245/7245 5805/5805
f 7245/7245 5806/5806 5805/5805
f 5807/5807 5795/5795 5808/5808
f 5795/5795 5797/5797 5808/5808
f 7522/7522 5799/5799 7244/7244
f 7244/7244 5799/5799 5809/5809
f 7243/7243 7249/7249 5810/5810
f 7249/7249 5801/5801 5810/5810
f 7247/7247 5803/5803 7242/7242
f 7242/7242 5803/5803 5811/5811
f 7241/7241 7246/7246 5812/5812
f 7246/7246 5805/5805 5812/5812
f 5813/5813 5807/5807 5814/5814
f 5807/5807 5808/5808 5814/5814
f 7244/7244 5809/5809 7240/7240
f 7240/7240 5809/5809 5815/5815
f 7896/7896 7243/7243 5816/5816
f 7243/7243 5810/5810 5816/5816
f 7242/7242 5811/5811 7239/7239
f 7239/7239 5811/5811 5817/5817
f 7238/7238 7241/7241 5818/5818
f 7241/7241 5812/5812 5818/5818
f 5813/5813 5814/5814 5819/5819
f 7240/7240 5815/5815 7236/7236
f 7896/7896 5816/5816 5820/5820
f 7239/7239 5817/5817 7237/7237
f 7238/7238 5818/5818 5821/5821
f 5822/5822 5823/5823 5824/5824
f 7235/7235 5825/5825 7233/7233
f 8374/8374 5826/5826 5827/5827
f 5828/5828 5829/5829 5830/5830
f 8564/8564 5831/5831 7231/7231
f 7229/7229 5832/5832 5833/5833
f 5834/5834 5835/5835 5836/5836
f 7407/7407 5837/5837 7228/7228
f 7227/7227 5838/5838 5839/5839
f 5840/5840 5841/5841 5842/5842
f 5841/5841 5843/5843 5842/5842
f 8029/8029 8492/8492 5844/5844
f 8492/8492 5845/5845 5844/5844
f 7688/7688 8633/8633 5846/5846
f 8633/8633 5847/5847 5846/5846
f 7732/7732 7226/7226 5848/5848
f 7226/7226 5849/5849 5848/5848
f 7225/7225 7547/7547 5850/5850
f 7547/7547 5851/5851 5850/5850
f 5852/5852 5840/5840 5853/5853
f 5840/5840 5842/5842 5853/5853
f 8029/8029 5844/5844 8022/8022
f 8022/8022 5844/5844 5854/5854
f 7389/7389 7688/7688 5855/5855
f 7688/7688 5846/5846 5855/5855
f 7732/7732 5848/5848 7224/7224
f 7224/7224 5848/5848 5856/5856
f 7223/7223 7225/7225 5857/5857
f 7225/7225 5850/5850 5857/5857
f 5858/5858 5852/5852 5859/5859
f 5852/5852 5853/5853 5859/5859
f 8022/8022 5854/5854 7222/7222
f 7222/7222 5854/5854 5860/5860
f 8356/8356 7389/7389 5861/5861
f 7389/7389 5855/5855 5861/5861
f 7224/7224 5856/5856 7220/7220
f 7220/7220 5856/5856 5862/5862
f 7219/7219 7223/7223 5863/5863
f 7223/7223 5857/5857 5863/5863
f 5858/5858 5859/5859 5864/5864
f 7222/7222 5860/5860 7987/7987
f 8356/8356 5861/5861 5865/5865
f 7220/7220 5862/5862 7988/7988
f 7219/7219 5863/5863 5866/5866
f 5867/5867 5868/5868 5869/5869
f 7218/7218 5870/5870 7216/7216
f 7215/7215 5871/5871 5872/5872
f 5873/5873 5874/5874 5875/5875
f 7214/7214 5876/5876 7382/7382
f 7211/7211 5877/5877 5878/5878
f 5879/5879 5880/5880 5881/5881
f 8156/8156 5882/5882 7210/7210
f 7996/7996 5883/5883 5884/5884
f 5885/5885 5886/5886 5887/5887
f 5886/5886 5888/5888 5887/5887
f 8166/8166 7699/7699 5889/5889
f 7699/7699 5890/5890 5889/5889
f 7209/7209 7656/7656 5891/5891
f 7656/7656 5892/5892 5891/5891
f 7999/7999 8005/8005 5893/5893
f 8005/8005 5894/5894 5893/5893
f 8360/8360 8510/8510 5895/5895
f 8510/8510 5896/5896 5895/5895
f 5897/5897 5885/5885 5898/5898
f 5885/5885 5887/5887 5898/5898
f 8166/8166 5889/5889 7728/7728
f 7728/7728 5889/5889 5899/5899
f 7668/7668 7209/7209 5900/5900
f 7209/7209 5891/5891 5900/5900
f 7999/7999 5893/5893 7208/7208
f 7208/7208 5893/5893 5901/5901
f 7207/7207 8360/8360 5902/5902
f 8360/8360 5895/5895 5902/5902
f 5903/5903 5897/5897 5904/5904
f 5897/5897 5898/5898 5904/5904
f 7728/7728 5899/5899 7206/7206
f 7206/7206 5899/5899 5905/5905
f 7205/7205 7668/7668 5906/5906
f 7668/7668 5900/5900 5906/5906
f 7208/7208 5901/5901 7203/7203
f 7203/7203 5901/5901 5907/5907
f 8177/8177 7207/7207 5908/5908
f 7207/7207 5902/5902 5908/5908
f 5903/5903 5904/5904 5909/5909
f 7206/7206 5905/5905 7201/7201
f 7205/7205 5906/5906 5910/5910
f 7203/7203 5907/5907 7202/7202
f 8177/8177 5908/5908 5911/5911
f 5912/5912 5913/5913 5914/5914
f 7786/7786 5915/5915 7200/7200
f 7400/7400 5916/5916 5917/5917
f 5918/5918 5919/5919 5920/5920
f 7199/7199 5921/5921 7198/7198
f 7197/7197 5922/5922 5923/5923
f 5924/5924 5925/5925 5926/5926
f 7812/7812 5927/5927 7195/7195
f 7194/7194 5928/5928 5929/5929
f 5930/5930 5931/5931 5932/5932
f 5931/5931 5933/5933 5932/5932
f 7429/7429 7192/7192 5934/5934
f 7192/7192 5935/5935 5934/5934
f 7977/7977 7191/7191 5936/5936
f 7191/7191 5937/5937 5936/5936
f 7190/7190 7189/7189 5938/5938
f 7189/7189 5939/5939 5938/5938
f 8497/8497 7188/7188 5940/5940
f 7188/7188 5941/5941 5940/5940
f 5942/5942 5930/5930 5943/5943
f 5930/5930 5932/5932 5943/5943
f 7429/7429 5934/5934 7187/7187
f 7187/7187 5934/5934 5944/5944
f 7944/7944 7977/7977 5945/5945
f 7977/7977 5936/5936 5945/5945
f 7190/7190 5938/5938 7398/7398
f 7398/7398 5938/5938 5946/5946
f 7186/7186 8497/8497 5947/5947
f 8497/8497 5940/5940 5947/5947
f 5948/5948 5942/5942 5949/5949
f 5942/5942 5943/5943 5949/5949
f 7187/7187 5944/5944 8175/8175
f 8175/8175 5944/5944 5950/5950
f 7221/7221 7944/7944 5951/5951
f 7944/7944 5945/5945 5951/5951
f 7398/7398 5946/5946 8105/8105
f 8105/8105 5946/5946 5952/5952
f 8465/8465 7186/7186 5953/5953
f 7186/7186 5947/5947 5953/5953
f 5948/5948 5949/5949 5954/5954
f 8175/8175 5950/5950 7183/7183
f 7221/7221 5951/5951 5955/5955
f 8105/8105 5952/5952 7184/7184
f 8465/8465 5953/5953 5956/5956
f 5957/5957 5958/5958 5959/5959
f 7182/7182 5960/5960 7180/7180
f 7179/7179 5961/5961 5962/5962
f 5963/5963 5964/5964 5965/5965
f 7178/7178 5966/5966 7177/7177
f 7175/7175 5967/5967 5968/5968
f 5969/5969 5970/5970 5971/5971
f 8624/8624 5972/5972 7174/7174
f 7173/7173 5973/5973 5974/5974
f 5975/5975 5976/5976 5977/5977
f 5976/5976 5978/5978 5977/5977
f 7171/7171 7967/7967 5979/5979
f 7967/7967 5980/5980 5979/5979
f 7193/7193 7170/7170 5981/5981
f 7170/7170 5982/5982 5981/5981
f 7578/7578 7169/7169 5983/5983
f 7169/7169 5984/5984 5983/5983
f 8669/8669 7168/7168 5985/5985
f 7168/7168 5986/5986 5985/5985
f 5987/5987 5975/5975 5988/5988
f 5975/5975 5977/5977 5988/5988
f 7171/7171 5979/5979 7166/7166
f 7166/7166 5979/5979 5989/5989
f 7167/7167 7193/7193 5990/5990
f 7193/7193 5981/5981 5990/5990
f 7578/7578 5983/5983 7165/7165
f 7165/7165 5983/5983 5991/5991
f 7164/7164 8669/8669 5992/5992
f 8669/8669 5985/5985 5992/5992
f 5993/5993 5987/5987 5994/5994
f 5987/5987 5988/5988 5994/5994
f 7166/7166 5989/5989 7163/7163
f 7163/7163 5989/5989 5995/5995
f 7162/7162 7167/7167 5996/5996
f 7167/7167 5990/5990 5996/5996
f 7165/7165 5991/5991 7161/7161
f 7161/7161 5991/5991 5997/5997
f 7160/7160 7164/7164 5998/5998
f 7164/7164 5992/5992 5998/5998
f 5993/5993 5994/5994 5999/5999
f 7163/7163 5995/5995 7553/7553
f 7162/7162 5996/5996 6000/6000
f 7161/7161 5997/5997 7554/7554
f 7160/7160 5998/5998 6001/6001
f 6002/6002 6003/6003 6004/6004
f 7159/7159 6005/6005 8026/8026
f 7158/7158 6006/6006 6007/6007
f 6008/6008 6009/6009 6010/6010
f 7460/7460 6011/6011 7331/7331
f 7157/7157 6012/6012 6013/6013
f 6014/6014 6015/6015 6016/6016
f 7156/7156 6017/6017 8119/8119
f 7642/7642 6018/6018 6019/6019
f 6020/6020 6021/6021 6022/6022
f 6021/6021 6023/6023 6022/6022
f 7154/7154 7213/7213 6024/6024
f 7213/7213 6025/6025 6024/6024
f 7940/7940 7153/7153 6026/6026
f 7153/7153 6027/6027 6026/6026
f 8536/8536 7410/7410 6028/6028
f 7410/7410 6029/6029 6028/6028
f 7152/7152 8146/8146 6030/6030
f 8146/8146 6031/6031 6030/6030
f 6032/6032 6020/6020 6033/6033
f 6020/6020 6022/6022 6033/6033
f 7154/7154 6024/6024 8009/8009
f 8009/8009 6024/6024 6034/6034
f 7640/7640 7940/7940 6035/6035
f 7940/7940 6026/6026 6035/6035
f 8536/8536 6028/6028 7151/7151
f 7151/7151 6028/6028 6036/6036
f 7150/7150 7152/7152 6037/6037
f 7152/7152 6030/6030 6037/6037
f 6038/6038 6032/6032 6039/6039
f 6032/6032 6033/6033 6039/6039
f 8009/8009 6034/6034 7155/7155
f 7155/7155 6034/6034 6040/6040
f 7149/7149 7640/7640 6041/6041
f 7640/7640 6035/6035 6041/6041
f 7151/7151 6036/6036 7147/7147
f 7147/7147 6036/6036 6042/6042
f 7146/7146 7150/7150 6043/6043
f 7150/7150 6037/6037 6043/6043
f 6038/6038 6039/6039 6044/6044
f 7155/7155 6040/6040 7824/7824
f 7149/7149 6041/6041 6045/6045
f 7147/7147 6042/6042 7825/7825
f 7146/7146 6043/6043 6046/6046
f 6047/6047 6048/6048 6049/6049
f 7145/7145 6050/6050 8422/8422
f 7256/7256 6051/6051 6052/6052
f 6053/6053 6054/6054 6055/6055
f 7876/7876 6056/6056 7739/7739
f 8464/8464 6057/6057 6058/6058
f 6059/6059 6060/6060 6061/6061
f 8441/8441 6062/6062 7185/7185
f 7259/7259 6063/6063 6064/6064
f 6065/6065 6066/6066 6067/6067
f 6066/6066 6068/6068 6067/6067
f 7842/7842 7377/7377 6069/6069
f 7377/7377 6070/6070 6069/6069
f 7144/7144 7904/7904 6071/6071
f 7904/7904 6072/6072 6071/6071
f 7142/7142 7141/7141 6073/6073
f 7141/7141 6074/6074 6073/6073
f 7358/7358 7140/7140 6075/6075
f 7140/7140 6076/6076 6075/6075
f 6077/6077 6065/6065 6078/6078
f 6065/6065 6067/6067 6078/6078
f 7842/7842 6069/6069 7139/7139
f 7139/7139 6069/6069 6079/6079
f 7752/7752 7144/7144 6080/6080
f 7144/7144 6071/6071 6080/6080
f 7142/7142 6073/6073 8272/8272
f 8272/8272 6073/6073 6081/6081
f 7138/7138 7358/7358 6082/6082
f 7358/7358 6075/6075 6082/6082
f 6083/6083 6077/6077 6084/6084
f 6077/6077 6078/6078 6084/6084
f 7139/7139 6079/6079 7136/7136
f 7136/7136 6079/6079 6085/6085
f 7755/7755 7752/7752 6086/6086
f 7752/7752 6080/6080 6086/6086
f 8272/8272 6081/6081 7134/7134
f 7134/7134 6081/6081 6087/6087
f 8198/8198 7138/7138 6088/6088
f 7138/7138 6082/6082 6088/6088
f 6083/6083 6084/6084 6089/6089
f 7136/7136 6085/6085 7132/7132
f 7755/7755 6086/6086 6090/6090
f 7134/7134 6087/6087 7133/7133
f 8198/8198 6088/6088 6091/6091
f 6092/6092 6093/6093 6094/6094
f 7131/7131 6095/6095 8008/8008
f 7130/7130 6096/6096 6097/6097
f 6098/6098 6099/6099 6100/6100
f 7127/7127 6101/6101 7126/7126
f 7125/7125 6102/6102 6103/6103
f 6104/6104 6105/6105 6106/6106
f 7403/7403 6107/6107 7124/7124
f 7123/7123 6108/6108 6109/6109
f 6110/6110 6111/6111 6112/6112
f 6111/6111 6113/6113 6112/6112
f 7122/7122 7744/7744 6114/6114
f 7744/7744 6115/6115 6114/6114
f 7121/7121 7956/7956 6116/6116
f 7956/7956 6117/6117 6116/6116
f 7254/7254 7957/7957 6118/6118
f 7957/7957 6119/6119 6118/6118
f 7434/7434 7120/7120 6120/6120
f 7120/7120 6121/6121 6120/6120
f 6122/6122 6110/6110 6123/6123
f 6110/6110 6112/6112 6123/6123
f 7122/7122 6114/6114 7550/7550
f 7550/7550 6114/6114 6124/6124
f 7794/7794 7121/7121 6125/6125
f 7121/7121 6116/6116 6125/6125
f 7254/7254 6118/6118 8257/8257
f 8257/8257 6118/6118 6126/6126
f 7119/7119 7434/7434 6127/6127
f 7434/7434 6120/6120 6127/6127
f 6128/6128 6122/6122 6129/6129
f 6122/6122 6123/6123 6129/6129
f 7550/7550 6124/6124 8112/8112
f 8112/8112 6124/6124 6130/6130
f 7118/7118 7794/7794 6131/6131
f 7794/7794 6125/6125 6131/6131
f 8257/8257 6126/6126 7117/7117
f 7117/7117 6126/6126 6132/6132
f 7116/7116 7119/7119 6133/6133
f 7119/7119 6127/6127 6133/6133
f 6128/6128 6129/6129 6134/6134
f 8112/8112 6130/6130 7114/7114
f 7118/7118 6131/6131 6135/6135
f 7117/7117 6132/6132 7115/7115
f 7116/7116 6133/6133 6136/6136
f 6137/6137 6138/6138 6139/6139
f 7801/7801 6140/6140 7432/7432
f 8284/8284 6141/6141 6142/6142
f 6143/6143 6144/6144 6145/6145
f 7113/7113 6146/6146 7344/7344
f 7851/7851 6147/6147 6148/6148
f 6149/6149 6150/6150 6151/6151
f 7112/7112 6152/6152 7111/7111
f 7612/7612 6153/6153 6154/6154
f 6155/6155 6156/6156 6157/6157
f 6156/6156 6158/6158 6157/6157
f 7859/7859 7110/7110 6159/6159
f 7110/7110 6160/6160 6159/6159
f 7109/7109 7476/7476 6161/6161
f 7476/7476 6162/6162 6161/6161
f 7108/7108 8055/8055 6163/6163
f 8055/8055 6164/6164 6163/6163
f 7107/7107 7106/7106 6165/6165
f 7106/7106 6166/6166 6165/6165
f 6167/6167 6155/6155 6168/6168
f 6155/6155 6157/6157 6168/6168
f 7859/7859 6159/6159 8207/8207
f 8207/8207 6159/6159 6169/6169
f 7105/7105 7109/7109 6170/6170
f 7109/7109 6161/6161 6170/6170
f 7108/7108 6163/6163 7104/7104
f 7104/7104 6163/6163 6171/6171
f 7103/7103 7107/7107 6172/6172
f 7107/7107 6165/6165 6172/6172
f 6173/6173 6167/6167 6174/6174
f 6167/6167 6168/6168 6174/6174
f 8207/8207 6169/6169 8035/8035
f 8035/8035 6169/6169 6175/6175
f 7101/7101 7105/7105 6176/6176
f 7105/7105 6170/6170 6176/6176
f 7104/7104 6171/6171 7100/7100
f 7100/7100 6171/6171 6177/6177
f 7586/7586 7103/7103 6178/6178
f 7103/7103 6172/6172 6178/6178
f 6173/6173 6174/6174 6179/6179
f 8035/8035 6175/6175 7098/7098
f 7101/7101 6176/6176 6180/6180
f 7100/7100 6177/6177 7099/7099
f 7586/7586 6178/6178 6181/6181
f 6182/6182 6183/6183 6184/6184
f 7891/7891 6185/6185 7097/7097
f 7095/7095 6186/6186 6187/6187
f 6188/6188 6189/6189 6190/6190
f 7890/7890 6191/6191 7094/7094
f 7093/7093 6192/6192 6193/6193
f 6194/6194 6195/6195 6196/6196
f 7092/7092 6197/6197 7091/7091
f 7636/7636 6198/6198 6199/6199
f 6200/6200 6201/6201 6202/6202
f 6201/6201 6203/6203 6202/6202
f 8571/8571 7089/7089 6204/6204
f 7089/7089 6205/6205 6204/6204
f 7719/7719 7088/7088 6206/6206
f 7088/7088 6207/6207 6206/6206
f 7087/7087 7086/7086 6208/6208
f 7086/7086 6209/6209 6208/6208
f 7085/7085 7084/7084 6210/6210
f 7084/7084 6211/6211 6210/6210
f 6212/6212 6200/6200 6213/6213
f 6200/6200 6202/6202 6213/6213
f 8571/8571 6204/6204 8481/8481
f 8481/8481 6204/6204 6214/6214
f 7083/7083 7719/7719 6215/6215
f 7719/7719 6206/6206 6215/6215
f 7087/7087 6208/6208 7790/7790
f 7790/7790 6208/6208 6216/6216
f 7602/7602 7085/7085 6217/6217
f 7085/7085 6210/6210 6217/6217
f 6218/6218 6212/6212 6219/6219
f 6212/6212 6213/6213 6219/6219
f 8481/8481 6214/6214 8319/8319
f 8319/8319 6214/6214 6220/6220
f 7082/7082 7083/7083 6221/6221
f 7083/7083 6215/6215 6221/6221
f 7790/7790 6216/6216 7081/7081
f 7081/7081 6216/6216 6222/6222
f 7080/7080 7602/7602 6223/6223
f 7602/7602 6217/6217 6223/6223
f 6218/6218 6219/6219 6224/6224
f 8319/8319 6220/6220 7078/7078
f 7082/7082 6221/6221 6225/6225
f 7081/7081 6222/6222 7079/7079
f 7080/7080 6223/6223 6226/6226
f 6227/6227 6228/6228 6229/6229
f 7076/7076 6230/6230 7075/7075
f 7601/7601 6231/6231 6232/6232
f 6233/6233 6234/6234 6235/6235
f 7074/7074 6236/6236 7834/7834
f 8380/8380 6237/6237 6238/6238
f 6239/6239 6240/6240 6241/6241
f 7978/7978 6242/6242 8054/8054
f 7860/7860 6243/6243 6244/6244
f 6245/6245 6246/6246 6247/6247
f 6246/6246 6248/6248 6247/6247
f 7072/7072 7071/7071 6249/6249
f 7071/7071 6250/6250 6249/6249
f 7129/7129 7405/7405 6251/6251
f 7405/7405 6252/6252 6251/6251
f 7070/7070 7176/7176 6253/6253
f 7176/7176 6254/6254 6253/6253
f 7626/7626 7069/7069 6255/6255
f 7069/7069 6256/6256 6255/6255
f 6257/6257 6245/6245 6258/6258
f 6245/6245 6247/6247 6258/6258
f 7072/7072 6249/6249 7068/7068
f 7068/7068 6249/6249 6259/6259
f 7934/7934 7129/7129 6260/6260
f 7129/7129 6251/6251 6260/6260
f 7070/7070 6253/6253 7067/7067
f 7067/7067 6253/6253 6261/6261
f 7066/7066 7626/7626 6262/6262
f 7626/7626 6255/6255 6262/6262
f 6263/6263 6257/6257 6264/6264
f 6257/6257 6258/6258 6264/6264
f 7068/7068 6259/6259 7065/7065
f 7065/7065 6259/6259 6265/6265
f 7512/7512 7934/7934 6266/6266
f 7934/7934 6260/6260 6266/6266
f 7067/7067 6261/6261 7064/7064
f 7064/7064 6261/6261 6267/6267
f 8722/8722 7066/7066 6268/6268
f 7066/7066 6262/6262 6268/6268
f 6263/6263 6264/6264 6269/6269
f 7065/7065 6265/6265 7062/7062
f 7512/7512 6266/6266 6270/6270
f 7064/7064 6267/6267 7063/7063
f 8722/8722 6268/6268 6271/6271
f 6272/6272 6273/6273 6274/6274
f 7061/7061 6275/6275 7230/7230
f 7060/7060 6276/6276 6277/6277
f 6278/6278 6279/6279 6280/6280
f 7059/7059 6281/6281 7619/7619
f 7910/7910 6282/6282 6283/6283
f 6284/6284 6285/6285 6286/6286
f 7058/7058 6287/6287 7057/7057
f 8034/8034 6288/6288 6289/6289
f 6290/6290 6291/6291 6292/6292
f 6291/6291 6293/6293 6292/6292
f 7056/7056 7726/7726 6294/6294
f 7726/7726 6295/6295 6294/6294
f 7055/7055 7054/7054 6296/6296
f 7054/7054 6297/6297 6296/6296
f 7438/7438 8114/8114 6298/6298
f 8114/8114 6299/6299 6298/6298
f 7053/7053 7052/7052 6300/6300
f 7052/7052 6301/6301 6300/6300
f 6302/6302 6290/6290 6303/6303
f 6290/6290 6292/6292 6303/6303
f 7056/7056 6294/6294 7090/7090
f 7090/7090 6294/6294 6304/6304
f 7051/7051 7055/7055 6305/6305
f 7055/7055 6296/6296 6305/6305
f 7438/7438 6298/6298 7050/7050
f 7050/7050 6298/6298 6306/6306
f 8656/8656 7053/7053 6307/6307
f 7053/7053 6300/6300 6307/6307
f 6308/6308 6302/6302 6309/6309
f 6302/6302 6303/6303 6309/6309
f 7090/7090 6304/6304 7049/7049
f 7049/7049 6304/6304 6310/6310
f 7048/7048 7051/7051 6311/6311
f 7051/7051 6305/6305 6311/6311
f 7050/7050 6306/6306 7770/7770
f 7770/7770 6306/6306 6312/6312
f 7047/7047 8656/8656 6313/6313
f 8656/8656 6307/6307 6313/6313
f 6308/6308 6309/6309 6314/6314
f 7049/7049 6310/6310 7453/7453
f 7048/7048 6311/6311 6315/6315
f 7770/7770 6312/6312 7454/7454
f 7047/7047 6313/6313 6316/6316
f 6317/6317 6318/6318 6319/6319
f 7046/7046 6320/6320 7045/7045
f 7044/7044 6321/6321 6322/6322
f 6323/6323 6324/6324 6325/6325
f 7043/7043 6326/6326 7456/7456
f 7381/7381 6327/6327 6328/6328
f 6329/6329 6330/6330 6331/6331
f 7042/7042 6332/6332 7041/7041
f 7040/7040 6333/6333 6334/6334
f 6335/6335 6336/6336 6337/6337
f 6336/6336 6338/6338 6337/6337
f 7073/7073 7566/7566 6339/6339
f 7566/7566 6340/6340 6339/6339
f 8538/8538 7148/7148 6341/6341
f 7148/7148 6342/6342 6341/6341
f 7039/7039 7038/7038 6343/6343
f 7038/7038 6344/6344 6343/6343
f 7037/7037 7036/7036 6345/6345
f 7036/7036 6346/6346 6345/6345
f 6347/6347 6335/6335 6348/6348
f 6335/6335 6337/6337 6348/6348
f 7073/7073 6339/6339 8311/8311
f 8311/8311 6339/6339 6349/6349
f 8250/8250 8538/8538 6350/6350
f 8538/8538 6341/6341 6350/6350
f 7039/7039 6343/6343 7488/7488
f 7488/7488 6343/6343 6351/6351
f 7035/7035 7037/7037 6352/6352
f 7037/7037 6345/6345 6352/6352
f 6353/6353 6347/6347 6354/6354
f 6347/6347 6348/6348 6354/6354
f 8311/8311 6349/6349 7034/7034
f 7034/7034 6349/6349 6355/6355
f 7033/7033 8250/8250 6356/6356
f 8250/8250 6350/6350 6356/6356
f 7488/7488 6351/6351 8278/8278
f 8278/8278 6351/6351 6357/6357
f 8085/8085 7035/7035 6358/6358
f 7035/7035 6352/6352 6358/6358
f 6353/6353 6354/6354 6359/6359
f 7034/7034 6355/6355 8560/8560
f 7033/7033 6356/6356 6360/6360
f 8278/8278 6357/6357 8561/8561
f 8085/8085 6358/6358 6361/6361
f 6362/6362 6363/6363 6364/6364
f 8658/8658 6365/6365 7032/7032
f 7031/7031 6366/6366 6367/6367
f 6368/6368 6369/6369 6370/6370
f 7712/7712 6371/6371 7030/7030
f 7029/7029 6372/6372 6373/6373
f 6374/6374 6375/6375 6376/6376
f 7028/7028 6377/6377 7985/7985
f 7026/7026 6378/6378 6379/6379
f 6380/6380 6381/6381 6382/6382
f 6381/6381 6383/6383 6382/6382
f 8281/8281 7025/7025 6384/6384
f 7025/7025 6385/6385 6384/6384
f 7024/7024 7395/7395 6386/6386
f 7395/7395 6387/6387 6386/6386
f 7023/7023 7217/7217 6388/6388
f 7217/7217 6389/6389 6388/6388
f 7096/7096 7137/7137 6390/6390
f 7137/7137 6391/6391 6390/6390
f 6392/6392 6380/6380 6393/6393
f 6380/6380 6382/6382 6393/6393
f 8281/8281 6384/6384 8007/8007
f 8007/8007 6384/6384 6394/6394
f 7394/7394 7024/7024 6395/6395
f 7024/7024 6386/6386 6395/6395
f 7023/7023 6388/6388 7022/7022
f 7022/7022 6388/6388 6396/6396
f 7294/7294 7096/7096 6397/6397
f 7096/7096 6390/6390 6397/6397
f 6398/6398 6392/6392 6399/6399
f 6392/6392 6393/6393 6399/6399
f 8007/8007 6394/6394 7551/7551
f 7551/7551 6394/6394 6400/6400
f 8666/8666 7394/7394 6401/6401
f 7394/7394 6395/6395 6401/6401
f 7022/7022 6396/6396 7021/7021
f 7021/7021 6396/6396 6402/6402
f 8159/8159 7294/7294 6403/6403
f 7294/7294 6397/6397 6403/6403
f 6398/6398 6399/6399 6404/6404
f 7551/7551 6400/6400 7019/7019
f 8666/8666 6401/6401 6405/6405
f 7021/7021 6402/6402 7020/7020
f 8159/8159 6403/6403 6406/6406
f 6407/6407 6408/6408 6409/6409
f 7811/7811 6410/6410 8364/8364
f 7018/7018 6411/6411 6412/6412
f 6413/6413 6414/6414 6415/6415
f 7017/7017 6416/6416 7016/7016
f 7959/7959 6417/6417 6418/6418
f 6419/6419 6420/6420 6421/6421
f 7015/7015 6422/6422 7014/7014
f 8273/8273 6423/6423 6424/6424
f 6425/6425 6426/6426 6427/6427
f 6426/6426 6428/6428 6427/6427
f 7013/7013 7012/7012 6429/6429
f 7012/7012 6430/6430 6429/6429
f 7011/7011 7010/7010 6431/6431
f 7010/7010 6432/6432 6431/6431
f 7883/7883 7008/7008 6433/6433
f 7008/7008 6434/6434 6433/6433
f 7007/7007 7397/7397 6435/6435
f 7397/7397 6436/6436 6435/6435
f 6437/6437 6425/6425 6438/6438
f 6425/6425 6427/6427 6438/6438
f 7013/7013 6429/6429 7006/7006
f 7006/7006 6429/6429 6439/6439
f 7005/7005 7011/7011 6440/6440
f 7011/7011 6431/6431 6440/6440
f 7883/7883 6433/6433 7004/7004
f 7004/7004 6433/6433 6441/6441
f 7003/7003 7007/7007 6442/6442
f 7007/7007 6435/6435 6442/6442
f 6443/6443 6437/6437 6444/6444
f 6437/6437 6438/6438 6444/6444
f 7006/7006 6439/6439 8379/8379
f 8379/8379 6439/6439 6445/6445
f 7990/7990 7005/7005 6446/6446
f 7005/7005 6440/6440 6446/6446
f 7004/7004 6441/6441 7002/7002
f 7002/7002 6441/6441 6447/6447
f 7592/7592 7003/7003 6448/6448
f 7003/7003 6442/6442 6448/6448
f 6443/6443 6444/6444 6449/6449
f 8379/8379 6445/6445 8554/8554
f 7990/7990 6446/6446 6450/6450
f 7002/7002 6447/6447 8555/8555
f 7592/7592 6448/6448 6451/6451
f 6452/6452 6453/6453 6454/6454
f 7001/7001 6455/6455 7982/7982
f 7931/7931 6456/6456 6457/6457
f 6458/6458 6459/6459 6460/6460
f 7000/7000 6461/6461 7831/7831
f 7472/7472 6462/6462 6463/6463
f 6464/6464 6465/6465 6466/6466
f 7143/7143 6467/6467 6999/6999
f 6998/6998 6468/6468 6469/6469
f 6470/6470 6471/6471 6472/6472
f 6471/6471 6473/6473 6472/6472
f 6997/6997 6996/6996 6474/6474
f 6996/6996 6475/6475 6474/6474
f 8637/8637 8407/8407 6476/6476
f 8407/8407 6477/6477 6476/6476
f 8447/8447 7489/7489 6478/6478
f 7489/7489 6479/6479 6478/6478
f 6995/6995 8385/8385 6480/6480
f 8385/8385 6481/6481 6480/6480
f 6482/6482 6470/6470 6483/6483
f 6470/6470 6472/6472 6483/6483
f 6997/6997 6474/6474 6993/6993
f 6993/6993 6474/6474 6484/6484
f 7828/7828 8637/8637 6485/6485
f 8637/8637 6476/6476 6485/6485
f 8447/8447 6478/6478 6992/6992
f 6992/6992 6478/6478 6486/6486
f 8590/8590 6995/6995 6487/6487
f 6995/6995 6480/6480 6487/6487
f 6488/6488 6482/6482 6489/6489
f 6482/6482 6483/6483 6489/6489
f 6993/6993 6484/6484 7498/7498
f 7498/7498 6484/6484 6490/6490
f 6991/6991 7828/7828 6491/6491
f 7828/7828 6485/6485 6491/6491
f 6992/6992 6486/6486 6990/6990
f 6990/6990 6486/6486 6492/6492
f 7979/7979 8590/8590 6493/6493
f 8590/8590 6487/6487 6493/6493
f 6488/6488 6489/6489 6494/6494
f 7498/7498 6490/6490 6988/6988
f 6991/6991 6491/6491 6495/6495
f 6990/6990 6492/6492 6989/6989
f 7979/7979 6493/6493 6496/6496
f 6497/6497 6498/6498 6499/6499
f 6987/6987 6500/6500 7731/7731
f 6986/6986 6501/6501 6502/6502
f 6503/6503 6504/6504 6505/6505
f 6985/6985 6506/6506 6984/6984
f 6983/6983 6507/6507 6508/6508
f 6509/6509 6510/6510 6511/6511
f 8248/8248 6512/6512 7212/7212
f 7769/7769 6513/6513 6514/6514
f 6515/6515 6516/6516 6517/6517
f 6516/6516 6518/6518 6517/6517
f 6982/6982 8418/8418 6519/6519
f 8418/8418 6520/6520 6519/6519
f 6981/6981 6980/6980 6521/6521
f 6980/6980 6522/6522 6521/6521
f 8640/8640 7261/7261 6523/6523
f 7261/7261 6524/6524 6523/6523
f 6978/6978 6977/6977 6525/6525
f 6977/6977 6526/6526 6525/6525
f 6527/6527 6515/6515 6528/6528
f 6515/6515 6517/6517 6528/6528
f 6982/6982 6519/6519 6976/6976
f 6976/6976 6519/6519 6529/6529
f 7702/7702 6981/6981 6530/6530
f 6981/6981 6521/6521 6530/6530
f 8640/8640 6523/6523 8180/8180
f 8180/8180 6523/6523 6531/6531
f 8333/8333 6978/6978 6532/6532
f 6978/6978 6525/6525 6532/6532
f 6533/6533 6527/6527 6534/6534
f 6527/6527 6528/6528 6534/6534
f 6976/6976 6529/6529 7532/7532
f 7532/7532 6529/6529 6535/6535
f 6975/6975 7702/7702 6536/6536
f 7702/7702 6530/6530 6536/6536
f 8180/8180 6531/6531 6974/6974
f 6974/6974 6531/6531 6537/6537
f 6973/6973 8333/8333 6538/6538
f 8333/8333 6532/6532 6538/6538
f 6533/6533 6534/6534 6539/6539
f 7532/7532 6535/6535 6971/6971
f 6975/6975 6536/6536 6540/6540
f 6974/6974 6537/6537 6972/6972
f 6973/6973 6538/6538 6541/6541
f 6542/6542 6543/6543 6544/6544
f 6970/6970 6545/6545 6969/6969
f 6994/6994 6546/6546 6547/6547
f 6548/6548 6549/6549 6550/6550
f 6968/6968 6551/6551 6967/6967
f 7540/7540 6552/6552 6553/6553
f 6554/6554 6555/6555 6556/6556
f 6966/6966 6557/6557 6965/6965
f 7441/7441 6558/6558 6559/6559
f 6560/6560 6561/6561 6562/6562
f 6561/6561 6563/6563 6562/6562
f 7889/7889 6964/6964 6564/6564
f 6964/6964 6565/6565 6564/6564
f 6963/6963 7937/7937 6566/6566
f 7937/7937 6567/6567 6566/6566
f 8644/8644 6962/6962 6568/6568
f 6962/6962 6569/6569 6568/6568
f 7181/7181 6961/6961 6570/6570
f 6961/6961 6571/6571 6570/6570
f 6572/6572 6560/6560 6573/6573
f 6560/6560 6562/6562 6573/6573
f 7889/7889 6564/6564 6960/6960
f 6960/6960 6564/6564 6574/6574
f 6959/6959 6963/6963 6575/6575
f 6963/6963 6566/6566 6575/6575
f 8644/8644 6568/6568 6958/6958
f 6958/6958 6568/6568 6576/6576
f 6957/6957 7181/7181 6577/6577
f 7181/7181 6570/6570 6577/6577
f 6578/6578 6572/6572 6579/6579
f 6572/6572 6573/6573 6579/6579
f 6960/6960 6574/6574 6956/6956
f 6956/6956 6574/6574 6580/6580
f 6955/6955 6959/6959 6581/6581
f 6959/6959 6575/6575 6581/6581
f 6958/6958 6576/6576 7559/7559
f 7559/7559 6576/6576 6582/6582
f 7234/7234 6957/6957 6583/6583
f 6957/6957 6577/6577 6583/6583
f 6578/6578 6579/6579 6584/6584
f 6956/6956 6580/6580 7564/7564
f 6955/6955 6581/6581 6585/6585
f 7559/7559 6582/6582 7565/7565
f 7234/7234 6583/6583 6586/6586
f 6587/6587 6588/6588 6589/6589
f 6954/6954 6590/6590 6953/6953
f 6952/6952 6591/6591 6592/6592
f 6593/6593 6594/6594 6595/6595
f 7128/7128 6596/6596 6951/6951
f 6950/6950 6597/6597 6598/6598
f 6599/6599 6600/6600 6601/6601
f 6949/6949 6602/6602 6948/6948
f 7196/7196 6603/6603 6604/6604
f 6605/6605 6606/6606 6607/6607
f 6606/6606 6608/6608 6607/6607
f 7810/7810 6947/6947 6609/6609
f 6947/6947 6610/6610 6609/6609
f 7724/7724 8531/8531 6611/6611
f 8531/8531 6612/6612 6611/6611
f 7800/7800 8417/8417 6613/6613
f 8417/8417 6614/6614 6613/6613
f 6946/6946 6944/6944 6615/6615
f 6944/6944 6616/6616 6615/6615
f 6617/6617 6605/6605 6618/6618
f 6605/6605 6607/6607 6618/6618
f 7810/7810 6609/6609 8236/8236
f 8236/8236 6609/6609 6619/6619
f 7340/7340 7724/7724 6620/6620
f 7724/7724 6611/6611 6620/6620
f 7800/7800 6613/6613 7929/7929
f 7929/7929 6613/6613 6621/6621
f 6943/6943 6946/6946 6622/6622
f 6946/6946 6615/6615 6622/6622
f 6623/6623 6617/6617 6624/6624
f 6617/6617 6618/6618 6624/6624
f 8236/8236 6619/6619 7822/7822
f 7822/7822 6619/6619 6625/6625
f 7830/7830 7340/7340 6626/6626
f 7340/7340 6620/6620 6626/6626
f 7929/7929 6621/6621 7387/7387
f 7387/7387 6621/6621 6627/6627
f 6942/6942 6943/6943 6628/6628
f 6943/6943 6622/6622 6628/6628
f 6623/6623 6624/6624 6629/6629
f 7822/7822 6625/6625 7288/7288
f 7830/7830 6626/6626 6630/6630
f 7387/7387 6627/6627 7289/7289
f 6942/6942 6628/6628 6631/6631
f 6632/6632 6633/6633 6634/6634
f 6941/6941 6635/6635 6940/6940
f 6939/6939 6636/6636 6637/6637
f 6638/6638 6639/6639 6640/6640
f 7444/7444 6641/6641 6938/6938
f 8255/8255 6642/6642 6643/6643
f 6644/6644 6645/6645 6646/6646
f 7813/7813 6647/6647 6937/6937
f 6936/6936 6648/6648 6649/6649
f 6650/6650 6651/6651 6652/6652
f 6651/6651 6653/6653 6652/6652
f 8332/8332 6935/6935 6654/6654
f 6935/6935 6655/6655 6654/6654
f 6934/6934 7788/7788 6656/6656
f 7788/7788 6657/6657 6656/6656
f 8726/8726 8440/8440 6658/6658
f 8440/8440 6659/6659 6658/6658
f 7963/7963 6933/6933 6660/6660
f 6933/6933 6661/6661 6660/6660
f 6662/6662 6650/6650 6663/6663
f 6650/6650 6652/6652 6663/6663
f 8332/8332 6654/6654 7924/7924
f 7924/7924 6654/6654 6664/6664
f 6932/6932 6934/6934 6665/6665
f 6934/6934 6656/6656 6665/6665
f 8726/8726 6658/6658 6931/6931
f 6931/6931 6658/6658 6666/6666
f 8659/8659 7963/7963 6667/6667
f 7963/7963 6660/6660 6667/6667
f 6668/6668 6662/6662 6669/6669
f 6662/6662 6663/6663 6669/6669
f 7924/7924 6664/6664 7633/7633
f 7633/7633 6664/6664 6670/6670
f 6930/6930 6932/6932 6671/6671
f 6932/6932 6665/6665 6671/6671
f 6931/6931 6666/6666 6929/6929
f 6929/6929 6666/6666 6672/6672
f 7678/7678 8659/8659 6673/6673
f 8659/8659 6667/6667 6673/6673
f 6668/6668 6669/6669 6674/6674
f 7633/7633 6670/6670 7338/7338
f 6930/6930 6671/6671 6675/6675
f 6929/6929 6672/6672 7339/7339
f 7678/7678 6673/6673 6676/6676
f 6677/6677 6678/6678 6679/6679
f 8309/8309 6680/6680 6928/6928
f 6927/6927 6681/6681 6682/6682
f 6683/6683 6684/6684 6685/6685
f 6945/6945 6686/6686 6926/6926
f 6925/6925 6687/6687 6688/6688
f 6689/6689 6690/6690 6691/6691
f 7518/7518 6692/6692 7270/7270
f 8067/8067 6693/6693 6694/6694
f 6695/6695 6696/6696 6697/6697
f 6696/6696 6698/6698 6697/6697
f 6924/6924 6923/6923 6699/6699
f 6923/6923 6700/6700 6699/6699
f 6922/6922 6921/6921 6701/6701
f 6921/6921 6702/6702 6701/6701
f 6920/6920 7998/7998 6703/6703
f 7998/7998 6704/6704 6703/6703
f 7858/7858 8664/8664 6705/6705
f 8664/8664 6706/6706 6705/6705
f 6707/6707 6695/6695 6708/6708
f 6695/6695 6697/6697 6708/6708
f 6924/6924 6699/6699 7365/7365
f 7365/7365 6699/6699 6709/6709
f 8151/8151 6922/6922 6710/6710
f 6922/6922 6701/6701 6710/6710
f 6920/6920 6703/6703 8632/8632
f 8632/8632 6703/6703 6711/6711
f 8678/8678 7858/7858 6712/6712
f 7858/7858 6705/6705 6712/6712
f 6713/6713 6707/6707 6714/6714
f 6707/6707 6708/6708 6714/6714
f 7365/7365 6709/6709 7276/7276
f 7276/7276 6709/6709 6715/6715
f 7172/7172 8151/8151 6716/6716
f 8151/8151 6710/6710 6716/6716
f 8632/8632 6711/6711 8545/8545
f 8545/8545 6711/6711 6717/6717
f 6919/6919 8678/8678 6718/6718
f 8678/8678 6712/6712 6718/6718
f 6713/6713 6714/6714 6719/6719
f 7276/7276 6715/6715 8300/8300
f 7172/7172 6716/6716 6720/6720
f 8545/8545 6717/6717 8301/8301
f 6919/6919 6718/6718 6721/6721
f 6722/6722 6723/6723 6724/6724
f 7135/7135 6725/6725 8589/8589
f 6918/6918 6726/6726 6727/6727
f 6728/6728 6729/6729 6730/6730
f 7747/7747 6731/6731 6917/6917
f 6916/6916 6732/6732 6733/6733
f 6734/6734 6735/6735 6736/6736
f 6915/6915 6737/6737 8283/8283
f 6914/6914 6738/6738 6739/6739
f 6740/6740 6741/6741 6742/6742
f 6741/6741 6743/6743 6742/6742
f 6913/6913 8232/8232 6744/6744
f 8232/8232 6745/6745 6744/6744
f 8720/8720 6912/6912 6746/6746
f 6912/6912 6747/6747 6746/6746
f 7631/7631 7102/7102 6748/6748
f 7102/7102 6749/6749 6748/6748
f 6911/6911 8450/8450 6750/6750
f 8450/8450 6751/6751 6750/6750
f 6752/6752 6740/6740 6753/6753
f 6740/6740 6742/6742 6753/6753
f 6913/6913 6744/6744 6910/6910
f 6910/6910 6744/6744 6754/6754
f 7591/7591 8720/8720 6755/6755
f 8720/8720 6746/6746 6755/6755
f 7631/7631 6748/6748 7677/7677
f 7677/7677 6748/6748 6756/6756
f 8173/8173 6911/6911 6757/6757
f 6911/6911 6750/6750 6757/6757
f 6758/6758 6752/6752 6759/6759
f 6752/6752 6753/6753 6759/6759
f 6910/6910 6754/6754 7232/7232
f 7232/7232 6754/6754 6760/6760
f 6909/6909 7591/7591 6761/6761
f 7591/7591 6755/6755 6761/6761
f 7677/7677 6756/6756 6908/6908
f 6908/6908 6756/6756 6762/6762
f 7301/7301 8173/8173 6763/6763
f 8173/8173 6757/6757 6763/6763
f 6758/6758 6759/6759 6764/6764
f 7232/7232 6760/6760 8703/8703
f 6909/6909 6761/6761 6765/6765
f 6908/6908 6762/6762 8704/8704
f 7301/7301 6763/6763 6766/6766
f 6767/6767 6768/6768 6769/6769
f 6907/6907 6770/6770 7737/7737
f 6906/6906 6771/6771 6772/6772
f 6773/6773 6774/6774 6775/6775
f 6905/6905 6776/6776 6904/6904
f 6903/6903 6777/6777 6778/6778
f 6779/6779 6780/6780 6781/6781
f 8138/8138 6782/6782 6902/6902
f 6901/6901 6783/6783 6784/6784
f 6785/6785 6786/6786 6787/6787
f 6786/6786 6788/6788 6787/6787
f 6900/6900 6899/6899 6789/6789
f 6899/6899 6790/6790 6789/6789
f 6898/6898 6897/6897 6791/6791
f 6897/6897 6792/6792 6791/6791
f 6896/6896 8294/8294 6793/6793
f 8294/8294 6794/6794 6793/6793
f 6895/6895 6894/6894 6795/6795
f 6894/6894 6796/6796 6795/6795
f 6797/6797 6785/6785 6798/6798
f 6785/6785 6787/6787 6798/6798
f 6900/6900 6789/6789 6892/6892
f 6892/6892 6789/6789 6799/6799
f 8716/8716 6898/6898 6800/6800
f 6898/6898 6791/6791 6800/6800
f 6896/6896 6793/6793 8087/8087
f 8087/8087 6793/6793 6801/6801
f 8318/8318 6895/6895 6802/6802
f 6895/6895 6795/6795 6802/6802
f 6803/6803 6797/6797 6804/6804
f 6797/6797 6798/6798 6804/6804
f 6892/6892 6799/6799 8031/8031
f 8031/8031 6799/6799 6805/6805
f 7077/7077 8716/8716 6806/6806
f 8716/8716 6800/6800 6806/6806
f 8087/8087 6801/6801 6891/6891
f 6891/6891 6801/6801 6807/6807
f 7707/7707 8318/8318 6808/6808
f 8318/8318 6802/6802 6808/6808
f 6803/6803 6804/6804 6809/6809
f 8031/8031 6805/6805 6889/6889
f 7077/7077 6806/6806 6810/6810
f 6891/6891 6807/6807 6890/6890
f 7707/7707 6808/6808 6811/6811
f 6812/6812 6813/6813 6814/6814
f 7027/7027 6815/6815 7362/7362
f 8063/8063 6816/6816 6817/6817
f 6818/6818 6819/6819 6820/6820
f 6888/6888 6821/6821 6887/6887
f 6886/6886 6822/6822 6823/6823
f 6824/6824 6825/6825 6826/6826
f 6885/6885 6827/6827 7574/7574
f 7935/7935 6828/6828 6829/6829
f 6830/6830 6831/6831 6832/6832
f 6831/6831 6833/6833 6832/6832
f 7763/7763 6884/6884 6834/6834
f 6884/6884 6835/6835 6834/6834
f 6883/6883 6882/6882 6836/6836
f 6882/6882 6837/6837 6836/6836
f 6881/6881 6880/6880 6838/6838
f 6880/6880 6839/6839 6838/6838
f 7335/7335 6879/6879 6840/6840
f 6879/6879 6841/6841 6840/6840
f 6842/6842 6830/6830 6843/6843
f 6830/6830 6832/6832 6843/6843
f 7763/7763 6834/6834 7440/7440
f 7440/7440 6834/6834 6844/6844
f 7692/7692 6883/6883 6845/6845
f 6883/6883 6836/6836 6845/6845
f 6881/6881 6838/6838 8202/8202
f 8202/8202 6838/6838 6846/6846
f 6893/6893 7335/7335 6847/6847
f 7335/7335 6840/6840 6847/6847
f 6848/6848 6842/6842 6849/6849
f 6842/6842 6843/6843 6849/6849
f 7440/7440 6844/6844 6979/6979
f 6979/6979 6844/6844 6850/6850
f 7009/7009 7692/7692 6851/6851
f 7692/7692 6845/6845 6851/6851
f 8202/8202 6846/6846 7866/7866
f 7866/7866 6846/6846 6852/6852
f 6878/6878 6893/6893 6853/6853
f 6893/6893 6847/6847 6853/6853
f 6848/6848 6849/6849 6854/6854
f 6979/6979 6850/6850 6876/6876
f 7009/7009 6851/6851 6855/6855
f 7866/7866 6852/6852 6877/6877
f 6878/6878 6853/6853 6856/6856
f 6857/6857 6858/6858 6859/6859
f 8196/8196 6860/6860 8093/8093
f 7730/7730 6861/6861 6862/6862
f 6863/6863 6864/6864 6865/6865
f 8586/8586 6866/6866 7264/7264
f 7585/7585 6867/6867 6868/6868
f 6869/6869 6870/6870 6871/6871
f 6875/6875 6872/6872 8172/8172
f 7204/7204 6873/6873 6874/6874

