# metres; Z up; applied/baked transforms
mtllib rural_hedge.mtl
o rural_hedge
g foliage_spray_000
usemtl foliage
s 1
v -1.00000000 -0.34418504 0.20421425
v -1.00000000 -0.30068180 0.36062116
v -1.00000000 -0.25140292 0.02346367
v -1.00000000 -0.23890342 0.01896015
v -1.00000000 -0.22880121 0.44428136
v -1.00000000 -0.06032380 0.08359703
v -1.00000000 -0.02070837 0.50348162
v -1.00000000 -0.01419644 0.16161301
v -1.00000000 -0.00456180 0.50233856
v -1.00000000 0.03917215 0.28227737
v -0.98214217 -0.00663492 0.51615457
v -0.90004609 0.04363878 0.27874547
v -0.89880233 -0.25275489 0.48659390
v -0.73916616 -0.07950853 0.10155229
v -0.71254957 -0.30914293 0.19857706
v -0.61293030 -0.05196214 0.41857578
vn -0.60918129 -0.79302712 0.00248010
vn -0.96099223 -0.24927761 0.11981069
vn -0.76752942 -0.55730308 -0.31672048
vn 0.06284437 -0.06572230 -0.99585700
vn -0.93813716 -0.14810239 0.31299257
vn -0.32282798 0.50726279 -0.79904103
vn -0.99719435 -0.01876213 0.07246661
vn 0.05510124 0.86924534 -0.49130071
vn -0.16751902 0.96499552 0.20179453
vn -0.99131293 0.13147188 -0.00371761
vn 0.15785588 0.47166953 0.86753062
vn 0.22168688 0.97170745 -0.08148352
vn 0.28515027 -0.65448974 0.70023746
vn 0.56176496 0.43566692 -0.70328832
vn 0.62578326 -0.76384810 -0.15789677
vn 0.83753498 0.30664217 0.45222311
vt 1.03759681 0.80909316
vt 0.52480254 0.98439087
vt 0.64055232 0.93128591
f 16/1/16 11/2/11 13/3/13
vt 0.89923671 0.41387130
vt 0.64055232 0.93128591
vt 0.50000000 0.42399837
f 15/4/15 13/5/13 1/6/1
vt 1.03759681 0.80909316
vt 0.64055232 0.93128591
vt 0.89923671 0.41387130
f 16/7/16 13/8/13 15/9/15
vt 0.89923671 0.41387130
vt 0.86226922 0.23956887
vt 1.03759681 0.80909316
f 15/10/15 14/11/14 16/12/16
vt 0.50000000 0.09119428
vt 0.86226922 0.23956887
vt 0.89923671 0.41387130
f 4/13/4 14/14/14 15/15/15
vt 0.50000000 0.42399837
vt 0.64055232 0.93128591
vt 0.50000000 0.70497922
f 1/16/1 13/17/13 2/18/2
vt 0.50000000 0.85527255
vt 0.64055232 0.93128591
vt 0.52480254 0.98439087
f 5/19/5 13/20/13 11/21/11
vt 0.50000000 0.85527255
vt 0.50000000 0.70497922
vt 0.64055232 0.93128591
f 5/22/5 2/23/2 13/24/13
vt 0.50000000 0.09928474
vt 0.89923671 0.41387130
vt 0.50000000 0.42399837
f 3/25/3 15/26/15 1/27/1
vt 0.50000000 0.09119428
vt 0.89923671 0.41387130
vt 0.50000000 0.09928474
f 4/28/4 15/29/15 3/30/3
vt 0.52480254 0.98439087
vt 0.50000000 0.95957077
vt 0.50000000 0.96162424
f 11/31/11 9/32/9 7/33/7
vt 0.50000000 0.96162424
vt 0.50000000 0.85527255
vt 0.52480254 0.98439087
f 7/34/7 5/35/5 11/36/11
vt 0.50000000 0.20731273
vt 0.86226922 0.23956887
vt 0.50000000 0.09119428
f 6/37/6 14/38/14 4/39/4
vt 0.50000000 0.20731273
vt 0.50000000 0.34746636
vt 0.86226922 0.23956887
f 6/40/6 8/41/8 14/42/14
vt 1.03759681 0.80909316
vt 0.86226922 0.23956887
vt 0.63882487 0.55789171
f 16/43/16 14/44/14 12/45/12
vt 0.86226922 0.23956887
vt 0.50000000 0.34746636
vt 0.63882487 0.55789171
f 14/46/14 8/47/8 12/48/12
vt 0.63882487 0.55789171
vt 0.52480254 0.98439087
vt 1.03759681 0.80909316
f 12/49/12 11/50/11 16/51/16
vt 0.63882487 0.55789171
vt 0.50000000 0.95957077
vt 0.52480254 0.98439087
f 12/52/12 9/53/9 11/54/11
vt 0.50000000 0.95957077
vt 0.63882487 0.55789171
vt 0.50000000 0.56423668
f 9/55/9 12/56/12 10/57/10
vt 0.50000000 0.56423668
vt 0.63882487 0.55789171
vt 0.50000000 0.34746636
f 10/58/10 12/59/12 8/60/8
vt 0.50000000 0.56423668
vt 0.50000000 0.09928474
vt 0.50000000 0.42399837
f 10/61/10 3/62/3 1/63/1
vt 0.50000000 0.56423668
vt 0.50000000 0.96162424
vt 0.50000000 0.95957077
f 10/64/10 7/65/7 9/66/9
vt 0.50000000 0.42399837
vt 0.50000000 0.70497922
vt 0.50000000 0.56423668
f 1/67/1 2/68/2 10/69/10
vt 0.50000000 0.70497922
vt 0.50000000 0.85527255
vt 0.50000000 0.56423668
f 2/70/2 5/71/5 10/72/10
vt 0.50000000 0.56423668
vt 0.50000000 0.20731273
vt 0.50000000 0.09119428
f 10/73/10 6/74/6 4/75/4
vt 0.50000000 0.09119428
vt 0.50000000 0.09928474
vt 0.50000000 0.56423668
f 4/76/4 3/77/3 10/78/10
vt 0.50000000 0.85527255
vt 0.50000000 0.96162424
vt 0.50000000 0.56423668
f 5/79/5 7/80/7 10/81/10
vt 0.50000000 0.34746636
vt 0.50000000 0.20731273
vt 0.50000000 0.56423668
f 8/82/8 6/83/6 10/84/10
g foliage_spray_001
usemtl foliage
s 1
v -1.00000000 -0.31485658 0.45749831
v -1.00000000 -0.27234274 0.60365422
v -1.00000000 -0.24924670 0.30919758
v -1.00000000 -0.23381938 0.29039189
v -1.00000000 -0.23175914 0.67057734
v -1.00000000 -0.06026806 0.30748086
v -1.00000000 -0.02159030 0.78725911
v -1.00000000 -0.01638462 0.37526903
v -1.00000000 0.00405194 0.76539101
v -1.00000000 0.04683362 0.53278805
v -0.96036733 -0.00062946 0.80314720
v -0.93572771 -0.24102802 0.67232531
v -0.85384262 0.05554709 0.53078611
v -0.81968349 -0.28245014 0.45953652
v -0.69296072 -0.10906022 0.32538697
v -0.63282526 -0.10151816 0.65198089
vn -0.86408165 -0.50181042 -0.03936008
vn -0.56610158 -0.78583674 0.24897712
vn -0.90818778 -0.37661479 -0.18263695
vn -0.51322487 -0.36387223 -0.77730125
vn -0.58645094 -0.44816686 0.67470124
vn -0.49917200 0.53800685 -0.67924660
vn -0.68020528 -0.27345338 0.68010589
vn -0.70968420 0.63628858 -0.30246515
vn -0.99912356 0.04042244 0.01086906
vn -0.33719817 0.94142744 -0.00343153
vn 0.32159758 0.42884994 0.84419354
vn 0.28259709 -0.69472405 0.66143585
vn 0.33602595 0.93520345 -0.11171871
vn 0.47111388 -0.87926662 -0.07029881
vn 0.68435183 0.18764677 -0.70459298
vn 0.86774653 -0.05511554 0.49394154
vt 0.70299635 0.56910128
vt 0.55504538 1.05839073
vt 1.00996491 0.78682447
f 29/85/29 27/86/27 32/87/32
vt 0.92644344 0.20010717
vt 0.70299635 0.56910128
vt 1.00996491 0.78682447
f 31/88/31 29/89/29 32/90/32
vt 1.00996491 0.78682447
vt 0.55504538 1.05839073
vt 0.58926707 0.82337269
f 32/91/32 27/92/27 28/93/28
vt 0.55504538 1.05839073
vt 0.70299635 0.56910128
vt 0.50000000 0.57269771
f 27/94/27 29/95/29 26/96/26
vt 0.75043959 0.44110328
vt 0.92644344 0.20010717
vt 1.00996491 0.78682447
f 30/97/30 31/98/31 32/99/32
vt 1.00996491 0.78682447
vt 0.58926707 0.82337269
vt 0.75043959 0.44110328
f 32/100/32 28/101/28 30/102/30
vt 0.50000000 0.82023250
vt 0.58926707 0.82337269
vt 0.55504538 1.05839073
f 21/103/21 28/104/28 27/105/27
vt 0.92644344 0.20010717
vt 0.75043959 0.44110328
vt 0.50000000 0.13723943
f 31/106/31 30/107/30 20/108/20
vt 0.70299635 0.56910128
vt 0.92644344 0.20010717
vt 0.50000000 0.16793932
f 29/109/29 31/110/31 22/111/22
vt 0.92644344 0.20010717
vt 0.50000000 0.13723943
vt 0.50000000 0.16793932
f 31/112/31 20/113/20 22/114/22
vt 0.58926707 0.82337269
vt 0.50000000 0.82023250
vt 0.50000000 0.70000690
f 28/115/28 21/116/21 18/117/18
vt 0.50000000 0.43744169
vt 0.75043959 0.44110328
vt 0.50000000 0.70000690
f 17/118/17 30/119/30 18/120/18
vt 0.50000000 0.70000690
vt 0.75043959 0.44110328
vt 0.58926707 0.82337269
f 18/121/18 30/122/30 28/123/28
vt 0.50000000 1.02984821
vt 0.50000000 0.82023250
vt 0.55504538 1.05839073
f 23/124/23 21/125/21 27/126/27
vt 0.50000000 0.17102336
vt 0.75043959 0.44110328
vt 0.50000000 0.43744169
f 19/127/19 30/128/30 17/129/17
vt 0.50000000 0.17102336
vt 0.50000000 0.13723943
vt 0.75043959 0.44110328
f 19/130/19 20/131/20 30/132/30
vt 0.50000000 0.28971896
vt 0.50000000 0.57269771
vt 0.70299635 0.56910128
f 24/133/24 26/134/26 29/135/29
vt 0.70299635 0.56910128
vt 0.50000000 0.16793932
vt 0.50000000 0.28971896
f 29/136/29 22/137/22 24/138/24
vt 0.55504538 1.05839073
vt 0.50000000 0.57269771
vt 0.50000000 0.99056274
f 27/139/27 26/140/26 25/141/25
vt 0.50000000 0.99056274
vt 0.50000000 1.02984821
vt 0.55504538 1.05839073
f 25/142/25 23/143/23 27/144/27
vt 0.50000000 0.43744169
vt 0.50000000 0.70000690
vt 0.50000000 0.99056274
f 17/145/17 18/146/18 25/147/25
vt 0.50000000 0.99056274
vt 0.50000000 0.17102336
vt 0.50000000 0.43744169
f 25/148/25 19/149/19 17/150/17
vt 0.50000000 0.57269771
vt 0.50000000 0.28971896
vt 0.50000000 0.99056274
f 26/151/26 24/152/24 25/153/25
vt 0.50000000 0.99056274
vt 0.50000000 0.16793932
vt 0.50000000 0.13723943
f 25/154/25 22/155/22 20/156/20
vt 0.50000000 0.99056274
vt 0.50000000 0.70000690
vt 0.50000000 0.82023250
f 25/157/25 18/158/18 21/159/21
vt 0.50000000 0.82023250
vt 0.50000000 1.02984821
vt 0.50000000 0.99056274
f 21/160/21 23/161/23 25/162/25
vt 0.50000000 0.13723943
vt 0.50000000 0.17102336
vt 0.50000000 0.99056274
f 20/163/20 19/164/19 25/165/25
vt 0.50000000 0.99056274
vt 0.50000000 0.28971896
vt 0.50000000 0.16793932
f 25/166/25 24/167/24 22/168/22
g foliage_spray_002
usemtl foliage
s 1
v -1.00000000 -0.30644781 0.70271194
v -1.00000000 -0.25008128 0.53128750
v -1.00000000 -0.24599057 0.89485344
v -1.00000000 -0.21863454 0.48698816
v -1.00000000 -0.20696605 0.93107044
v -1.00000000 -0.02650477 0.96104430
v -1.00000000 -0.00711712 0.52310235
v -1.00000000 0.01006971 0.93867701
v -1.00000000 0.02790584 0.57776698
v -1.00000000 0.08076463 0.78422345
v -0.95060296 -0.01016302 0.97519916
v -0.94930711 -0.22478111 0.93985212
v -0.83587674 -0.28196408 0.70797676
v -0.81675076 0.06881530 0.78183171
v -0.70094362 -0.11581716 0.58226250
v -0.68523006 -0.11586755 0.87838913
vn -0.82211684 -0.56759092 0.04432210
vn -0.82313667 -0.52593854 -0.21409036
vn -0.99104636 -0.12240721 0.05332530
vn 0.21581482 -0.40082143 -0.89037416
vn -0.97530099 -0.05061236 0.21500317
vn -0.99240551 -0.00430853 0.12293386
vn 0.17731021 0.34005667 -0.92353806
vn -0.96181622 0.23400257 0.14195902
vn -0.87720793 0.42709989 -0.21929872
vn -0.20930729 0.97058395 0.11898429
vn 0.27349344 0.44614112 0.85214989
vn 0.29111707 -0.68595619 0.66686952
vn 0.47925700 -0.87610278 -0.05250378
vn 0.48898130 0.87229426 0.00011086
vn 0.76517437 0.13284589 -0.62996837
vn 0.83388550 -0.13913927 0.53411163
vt 0.50000000 0.11958656
vt 0.72794898 0.43700411
vt 0.50000000 0.42754601
f 34/169/34 45/170/45 33/171/33
vt 0.50000000 0.04000396
vt 0.72794898 0.43700411
vt 0.50000000 0.11958656
f 36/172/36 45/173/45 34/174/34
vt 0.93718048 0.74314542
vt 0.72794898 0.43700411
vt 0.91535608 0.21116179
f 48/175/48 45/176/45 47/177/47
vt 0.91535608 0.21116179
vt 0.72794898 0.43700411
vt 0.50000000 0.04000396
f 47/178/47 45/179/45 36/180/36
vt 0.50000000 0.04000396
vt 0.50000000 0.10488214
vt 0.91535608 0.21116179
f 36/181/36 39/182/39 47/183/47
vt 0.50000000 0.83778600
vt 0.56860699 0.91706206
vt 0.50000000 0.89163323
f 37/184/37 43/185/43 38/186/38
vt 0.93718048 0.74314542
vt 0.56860699 0.91706206
vt 0.57040679 0.85356206
f 48/187/48 43/188/43 44/189/44
vt 0.57040679 0.85356206
vt 0.56860699 0.91706206
vt 0.50000000 0.83778600
f 44/190/44 43/191/43 37/192/37
vt 0.50000000 0.83778600
vt 0.50000000 0.77272311
vt 0.57040679 0.85356206
f 37/193/37 35/194/35 44/195/44
vt 0.57040679 0.85356206
vt 0.72794898 0.43700411
vt 0.93718048 0.74314542
f 44/196/44 45/197/45 48/198/48
vt 0.57040679 0.85356206
vt 0.50000000 0.77272311
vt 0.50000000 0.42754601
f 44/199/44 35/200/35 33/201/33
vt 0.50000000 0.42754601
vt 0.72794898 0.43700411
vt 0.57040679 0.85356206
f 33/202/33 45/203/45 44/204/44
vt 0.93718048 0.74314542
vt 0.91535608 0.21116179
vt 0.75451283 0.56968257
f 48/205/48 47/206/47 46/207/46
vt 0.75451283 0.56968257
vt 0.56860699 0.91706206
vt 0.93718048 0.74314542
f 46/208/46 43/209/43 48/210/48
vt 0.50000000 0.57397927
vt 0.56860699 0.91706206
vt 0.75451283 0.56968257
f 42/211/42 43/212/43 46/213/46
vt 0.50000000 0.85145099
vt 0.56860699 0.91706206
vt 0.50000000 0.57397927
f 40/214/40 43/215/43 42/216/42
vt 0.50000000 0.85145099
vt 0.50000000 0.89163323
vt 0.56860699 0.91706206
f 40/217/40 38/218/38 43/219/43
vt 0.50000000 0.57397927
vt 0.75451283 0.56968257
vt 0.50000000 0.20308571
f 42/220/42 46/221/46 41/222/41
vt 0.50000000 0.20308571
vt 0.91535608 0.21116179
vt 0.50000000 0.10488214
f 41/223/41 47/224/47 39/225/39
vt 0.50000000 0.20308571
vt 0.75451283 0.56968257
vt 0.91535608 0.21116179
f 41/226/41 46/227/46 47/228/47
vt 0.50000000 0.20308571
vt 0.50000000 0.11958656
vt 0.50000000 0.42754601
f 41/229/41 34/230/34 33/231/33
vt 0.50000000 0.20308571
vt 0.50000000 0.85145099
vt 0.50000000 0.57397927
f 41/232/41 40/233/40 42/234/42
vt 0.50000000 0.42754601
vt 0.50000000 0.77272311
vt 0.50000000 0.20308571
f 33/235/33 35/236/35 41/237/41
vt 0.50000000 0.20308571
vt 0.50000000 0.10488214
vt 0.50000000 0.04000396
f 41/238/41 39/239/39 36/240/36
vt 0.50000000 0.04000396
vt 0.50000000 0.11958656
vt 0.50000000 0.20308571
f 36/241/36 34/242/34 41/243/41
vt 0.50000000 0.20308571
vt 0.50000000 0.77272311
vt 0.50000000 0.83778600
f 41/244/41 35/245/35 37/246/37
vt 0.50000000 0.83778600
vt 0.50000000 0.89163323
vt 0.50000000 0.20308571
f 37/247/37 38/248/38 41/249/41
vt 0.50000000 0.89163323
vt 0.50000000 0.85145099
vt 0.50000000 0.20308571
f 38/250/38 40/251/40 41/252/41
g foliage_spray_003
usemtl foliage
s 1
v -1.00000000 -0.31358664 0.96183306
v -1.00000000 -0.26843447 1.14492276
v -1.00000000 -0.25328423 0.83125326
v -1.00000000 -0.23551752 1.18343892
v -1.00000000 -0.21699812 0.80971754
v -1.00000000 -0.05497518 0.84364875
v -1.00000000 -0.03693672 1.22628983
v -1.00000000 -0.02503206 0.87179812
v -1.00000000 0.00971316 1.20269731
v -1.00000000 0.05925144 1.03486660
v -0.94898032 -0.25729447 1.19623392
v -0.93709683 -0.01354333 1.25290669
v -0.83128315 -0.31861196 0.96175691
v -0.81784499 0.03588334 1.03126971
v -0.77867081 -0.14231243 0.88572902
v -0.68070240 -0.14500472 1.12446763
vn -0.89554944 -0.44444391 -0.02146664
vn -0.75058104 -0.63791777 0.17230501
vn -0.61563351 -0.52868798 -0.58436666
vn -0.85033447 -0.17449937 0.49646879
vn -0.81105155 0.03649315 -0.58383528
vn -0.75496568 0.20178082 -0.62394817
vn -0.51617155 -0.11916089 0.84815542
vn -0.04902842 0.76959531 -0.63664690
vn -0.97065681 0.22744748 0.07805766
vn -0.23444155 0.96681501 -0.10151791
vn 0.26981719 -0.58609962 0.76399340
vn 0.40529475 0.32107399 0.85594840
vn 0.47023794 -0.87672445 -0.10114601
vn 0.51593674 0.84876492 -0.11579030
vn 0.66996931 0.12245923 -0.73221913
vn 0.88724450 -0.12887526 0.44293155
vt 0.94346889 0.74677535
vt 0.58736551 0.99460438
vt 0.57086067 0.88525170
f 64/253/64 60/254/60 59/255/59
vt 0.73432895 0.43281761
vt 0.80740166 0.28611833
vt 0.94346889 0.74677535
f 61/256/61 63/257/63 64/258/64
vt 0.94346889 0.74677535
vt 0.57086067 0.88525170
vt 0.73432895 0.43281761
f 64/259/64 59/260/59 61/261/61
vt 0.94346889 0.74677535
vt 0.80740166 0.28611833
vt 0.75299307 0.56694572
f 64/262/64 63/263/63 62/264/62
vt 0.75299307 0.56694572
vt 0.58736551 0.99460438
vt 0.94346889 0.74677535
f 62/265/62 60/266/60 64/267/64
vt 0.50000000 0.43296455
vt 0.73432895 0.43281761
vt 0.50000000 0.78624446
f 49/268/49 61/269/61 50/270/50
vt 0.50000000 0.78624446
vt 0.73432895 0.43281761
vt 0.57086067 0.88525170
f 50/271/50 61/272/61 59/273/59
vt 0.80740166 0.28611833
vt 0.50000000 0.13945071
vt 0.50000000 0.20492253
f 63/274/63 53/275/53 54/276/54
vt 0.50000000 0.18100488
vt 0.73432895 0.43281761
vt 0.50000000 0.43296455
f 51/277/51 61/278/61 49/279/49
vt 0.80740166 0.28611833
vt 0.73432895 0.43281761
vt 0.50000000 0.18100488
f 63/280/63 61/281/61 51/282/51
vt 0.50000000 0.18100488
vt 0.50000000 0.13945071
vt 0.80740166 0.28611833
f 51/283/51 53/284/53 63/285/63
vt 0.50000000 0.94324594
vt 0.57086067 0.88525170
vt 0.58736551 0.99460438
f 55/286/55 59/287/59 60/288/60
vt 0.50000000 0.57388610
vt 0.75299307 0.56694572
vt 0.50000000 0.25923803
f 58/289/58 62/290/62 56/291/56
vt 0.50000000 0.25923803
vt 0.75299307 0.56694572
vt 0.80740166 0.28611833
f 56/292/56 62/293/62 63/294/63
vt 0.80740166 0.28611833
vt 0.50000000 0.20492253
vt 0.50000000 0.25923803
f 63/295/63 54/296/54 56/297/56
vt 0.50000000 0.86056315
vt 0.50000000 0.78624446
vt 0.57086067 0.88525170
f 52/298/52 50/299/50 59/300/59
vt 0.57086067 0.88525170
vt 0.50000000 0.94324594
vt 0.50000000 0.86056315
f 59/301/59 55/302/55 52/303/52
vt 0.50000000 0.89772310
vt 0.50000000 0.94324594
vt 0.58736551 0.99460438
f 57/304/57 55/305/55 60/306/60
vt 0.50000000 0.89772310
vt 0.75299307 0.56694572
vt 0.50000000 0.57388610
f 57/307/57 62/308/62 58/309/58
vt 0.58736551 0.99460438
vt 0.75299307 0.56694572
vt 0.50000000 0.89772310
f 60/310/60 62/311/62 57/312/57
vt 0.50000000 0.43296455
vt 0.50000000 0.78624446
vt 0.50000000 0.89772310
f 49/313/49 50/314/50 57/315/57
vt 0.50000000 0.78624446
vt 0.50000000 0.86056315
vt 0.50000000 0.89772310
f 50/316/50 52/317/52 57/318/57
vt 0.50000000 0.89772310
vt 0.50000000 0.18100488
vt 0.50000000 0.43296455
f 57/319/57 51/320/51 49/321/49
vt 0.50000000 0.89772310
vt 0.50000000 0.20492253
vt 0.50000000 0.13945071
f 57/322/57 54/323/54 53/324/53
vt 0.50000000 0.13945071
vt 0.50000000 0.18100488
vt 0.50000000 0.89772310
f 53/325/53 51/326/51 57/327/57
vt 0.50000000 0.57388610
vt 0.50000000 0.25923803
vt 0.50000000 0.89772310
f 58/328/58 56/329/56 57/330/57
vt 0.50000000 0.89772310
vt 0.50000000 0.25923803
vt 0.50000000 0.20492253
f 57/331/57 56/332/56 54/333/54
vt 0.50000000 0.89772310
vt 0.50000000 0.86056315
vt 0.50000000 0.94324594
f 57/334/57 52/335/52 55/336/55
g foliage_spray_004
usemtl foliage
s 1
v -1.00000000 -0.04342363 0.17148229
v -1.00000000 -0.01848959 0.00000000
v -1.00000000 0.00119525 0.33986074
v -1.00000000 0.03856761 0.41485852
v -1.00000000 0.19184729 0.00000000
v -1.00000000 0.22972473 0.01312465
v -1.00000000 0.24111432 0.45830390
v -1.00000000 0.26203290 0.42779217
v -1.00000000 0.27371454 0.07647399
v -1.00000000 0.29451618 0.24220755
v -0.96061005 0.25853922 0.47002582
v -0.94703441 -0.02094825 0.00000000
v -0.92834424 0.02143414 0.42570811
v -0.92612375 0.04597245 0.00000000
v -0.91707063 0.07494529 0.00000000
v -0.86473822 0.30786184 0.24244563
v -0.78470406 0.15589148 0.09270269
v -0.76656781 -0.05331737 0.16500242
v -0.65233733 0.16783824 0.35949320
vn -0.18649166 -0.98081273 0.05680898
vn -0.97585730 -0.18656210 -0.11356545
vn -0.32189898 -0.91141921 0.25631243
vn -0.95973635 -0.10243825 0.26155790
vn 0.23931957 0.20863372 -0.94826057
vn 0.21701322 0.75548819 -0.61817705
vn -0.99624470 -0.00500281 0.08643770
vn -0.91029079 0.40664597 0.07752250
vn -0.87795271 0.46067643 -0.13029299
vn -0.92696715 0.37493531 0.01246693
vn 0.29253054 0.41427491 0.86185972
vn 0.44465073 -0.50958870 -0.73661732
vn 0.30976978 -0.59085118 0.74494131
vn 0.60442273 -0.18886350 -0.77395332
vn 0.28888429 0.14630136 -0.94611933
vn 0.38322382 0.91651329 -0.11464242
vn 0.71434891 0.33298209 -0.61549051
vn 0.55632408 -0.82829178 -0.06660520
vn 0.89571804 0.11823242 0.42861437
vt 0.68786359 0.55985250
vt 0.55470826 0.96869426
vt 0.98286482 0.77012534
f 80/337/80 75/338/75 83/339/83
vt 0.98286482 0.77012534
vt 0.55470826 0.96869426
vt 0.59952189 0.88907868
f 83/340/83 75/341/75 77/342/77
vt 0.79902214 0.29084327
vt 0.68786359 0.55985250
vt 0.98286482 0.77012534
f 81/343/81 80/344/80 83/345/83
vt 0.98286482 0.77012534
vt 0.59952189 0.88907868
vt 0.82421137 0.42072781
f 83/346/83 77/347/77 82/348/82
vt 0.82421137 0.42072781
vt 0.79902214 0.29084327
vt 0.98286482 0.77012534
f 82/349/82 81/350/81 83/351/83
vt 0.50000000 0.86958767
vt 0.59952189 0.88907868
vt 0.55470826 0.96869426
f 68/352/68 77/353/77 75/354/75
vt 0.61517967 0.12430535
vt 0.79902214 0.29084327
vt 0.60260590 0.12430535
f 79/355/79 81/356/81 78/357/78
vt 0.60260590 0.12430535
vt 0.82421137 0.42072781
vt 0.57356331 0.12430535
f 78/358/78 82/359/82 76/360/76
vt 0.79902214 0.29084327
vt 0.82421137 0.42072781
vt 0.60260590 0.12430535
f 81/361/81 82/362/82 78/363/78
vt 0.68786359 0.55985250
vt 0.50000000 0.26168885
vt 0.50000000 0.55942479
f 80/364/80 73/365/73 74/366/74
vt 0.68786359 0.55985250
vt 0.79902214 0.29084327
vt 0.50000000 0.14788344
f 80/367/80 81/368/81 70/369/70
vt 0.50000000 0.14788344
vt 0.50000000 0.26168885
vt 0.68786359 0.55985250
f 70/370/70 73/371/73 80/372/80
vt 0.59952189 0.88907868
vt 0.50000000 0.86958767
vt 0.50000000 0.73485615
f 77/373/77 68/374/68 67/375/67
vt 0.50000000 0.43236873
vt 0.82421137 0.42072781
vt 0.50000000 0.73485615
f 65/376/65 82/377/82 67/378/67
vt 0.50000000 0.73485615
vt 0.82421137 0.42072781
vt 0.59952189 0.88907868
f 67/379/67 82/380/82 77/381/77
vt 0.50000000 0.94763614
vt 0.50000000 0.86958767
vt 0.55470826 0.96869426
f 71/382/71 68/383/68 75/384/75
vt 0.50000000 0.12430535
vt 0.79902214 0.29084327
vt 0.61517967 0.12430535
f 69/385/69 81/386/81 79/387/79
vt 0.50000000 0.12430535
vt 0.50000000 0.14788344
vt 0.79902214 0.29084327
f 69/388/69 70/389/70 81/390/81
vt 0.50000000 0.89282263
vt 0.50000000 0.94763614
vt 0.55470826 0.96869426
f 72/391/72 71/392/71 75/393/75
vt 0.55470826 0.96869426
vt 0.68786359 0.55985250
vt 0.50000000 0.89282263
f 75/394/75 80/395/80 72/396/72
vt 0.68786359 0.55985250
vt 0.50000000 0.55942479
vt 0.50000000 0.89282263
f 80/397/80 74/398/74 72/399/72
vt 0.50000000 0.12430535
vt 0.82421137 0.42072781
vt 0.50000000 0.43236873
f 66/400/66 82/401/82 65/402/65
vt 0.57356331 0.12430535
vt 0.82421137 0.42072781
vt 0.50000000 0.12430535
f 76/403/76 82/404/82 66/405/66
vt 0.50000000 0.12430535
vt 0.60260590 0.12430535
vt 0.57356331 0.12430535
f 66/406/66 78/407/78 76/408/76
vt 0.61517967 0.12430535
vt 0.60260590 0.12430535
vt 0.50000000 0.12430535
f 79/409/79 78/410/78 66/411/66
vt 0.50000000 0.12430535
vt 0.50000000 0.12430535
vt 0.61517967 0.12430535
f 66/412/66 69/413/69 79/414/79
vt 0.50000000 0.86958767
vt 0.50000000 0.94763614
vt 0.50000000 0.12430535
f 68/415/68 71/416/71 66/417/66
vt 0.50000000 0.12430535
vt 0.50000000 0.55942479
vt 0.50000000 0.26168885
f 66/418/66 74/419/74 73/420/73
vt 0.50000000 0.43236873
vt 0.50000000 0.73485615
vt 0.50000000 0.12430535
f 65/421/65 67/422/67 66/423/66
vt 0.50000000 0.26168885
vt 0.50000000 0.14788344
vt 0.50000000 0.12430535
f 73/424/73 70/425/70 66/426/66
vt 0.50000000 0.12430535
vt 0.50000000 0.73485615
vt 0.50000000 0.86958767
f 66/427/66 67/428/67 68/429/68
vt 0.50000000 0.12430535
vt 0.50000000 0.89282263
vt 0.50000000 0.55942479
f 66/430/66 72/431/72 74/432/74
vt 0.50000000 0.14788344
vt 0.50000000 0.12430535
vt 0.50000000 0.12430535
f 70/433/70 69/434/69 66/435/66
vt 0.50000000 0.94763614
vt 0.50000000 0.89282263
vt 0.50000000 0.12430535
f 71/436/71 72/437/72 66/438/66
g foliage_spray_005
usemtl foliage
s 1
v -1.00000000 -0.01261661 0.47613949
v -1.00000000 0.02125424 0.68112907
v -1.00000000 0.03622464 0.33351651
v -1.00000000 0.05612345 0.71430393
v -1.00000000 0.06906429 0.29162247
v -1.00000000 0.24655974 0.33286356
v -1.00000000 0.26007077 0.76879813
v -1.00000000 0.27625564 0.36358727
v -1.00000000 0.31230838 0.74041972
v -1.00000000 0.36105595 0.55466888
v -0.95129978 0.03167221 0.73233460
v -0.92701337 0.29023626 0.81367212
v -0.85635359 -0.00638609 0.47890905
v -0.78267913 0.35246940 0.55507345
v -0.73041762 0.14417044 0.36665146
v -0.63256574 0.13943740 0.67008556
vn -0.45097080 -0.89171215 -0.03840279
vn -0.11293767 -0.97525459 0.19006202
vn -0.72779557 -0.62709796 -0.27760000
vn -0.99380623 -0.03253854 0.10625637
vn -0.52562379 -0.32510355 -0.78614713
vn -0.38549069 0.51326809 -0.76678080
vn -0.71718612 -0.07067465 0.69328866
vn -0.83994569 0.48221397 -0.24891952
vn -0.96114594 0.24966859 0.11774583
vn -0.72223436 0.69164809 -0.00066508
vn 0.26298818 -0.69536260 0.66881094
vn 0.28776592 0.45703454 0.84161167
vn 0.38801710 -0.91522872 -0.10862370
vn 0.50303253 0.85259554 -0.14155961
vn 0.70717946 0.03872787 -0.70597263
vn 0.86401605 -0.25213873 0.43577784
vt 1.01032536 0.78430280
vt 0.60137032 1.04225225
vt 0.56763919 0.89613156
f 99/439/99 95/440/95 94/441/94
vt 0.69950891 0.44085929
vt 0.87441997 0.23919150
vt 1.01032536 0.78430280
f 96/442/96 98/443/98 99/444/99
vt 1.01032536 0.78430280
vt 0.56763919 0.89613156
vt 0.69950891 0.44085929
f 99/445/99 94/446/94 96/447/96
vt 0.87441997 0.23919150
vt 0.69950891 0.44085929
vt 0.50000000 0.10440390
f 98/448/98 96/449/96 88/450/88
vt 1.01032536 0.78430280
vt 0.87441997 0.23919150
vt 0.80183455 0.57768661
f 99/451/99 98/452/98 97/453/97
vt 0.80183455 0.57768661
vt 0.60137032 1.04225225
vt 1.01032536 0.78430280
f 97/454/97 95/455/95 99/456/99
vt 0.50000000 0.57695980
vt 0.60137032 1.04225225
vt 0.80183455 0.57768661
f 93/457/93 95/458/95 97/459/97
vt 0.50000000 0.43588385
vt 0.69950891 0.44085929
vt 0.50000000 0.80414218
f 84/460/84 96/461/96 85/462/85
vt 0.50000000 0.80414218
vt 0.69950891 0.44085929
vt 0.56763919 0.89613156
f 85/463/85 96/464/96 94/465/94
vt 0.87441997 0.23919150
vt 0.50000000 0.10440390
vt 0.50000000 0.17849244
f 98/466/98 88/467/88 89/468/89
vt 0.50000000 0.17849244
vt 0.80183455 0.57768661
vt 0.87441997 0.23919150
f 89/469/89 97/470/97 98/471/98
vt 0.50000000 0.17966545
vt 0.69950891 0.44085929
vt 0.50000000 0.43588385
f 86/472/86 96/473/96 84/474/84
vt 0.50000000 0.17966545
vt 0.50000000 0.10440390
vt 0.69950891 0.44085929
f 86/475/86 88/476/88 96/477/96
vt 0.50000000 0.91065625
vt 0.60137032 1.04225225
vt 0.50000000 0.57695980
f 92/478/92 95/479/95 93/480/93
vt 0.60137032 1.04225225
vt 0.50000000 0.91065625
vt 0.50000000 0.96163732
f 95/481/95 92/482/92 90/483/90
vt 0.50000000 0.57695980
vt 0.80183455 0.57768661
vt 0.50000000 0.23368677
f 93/484/93 97/485/97 91/486/91
vt 0.80183455 0.57768661
vt 0.50000000 0.17849244
vt 0.50000000 0.23368677
f 97/487/97 89/488/89 91/489/91
vt 0.50000000 0.86373993
vt 0.50000000 0.80414218
vt 0.56763919 0.89613156
f 87/490/87 85/491/85 94/492/94
vt 0.50000000 0.86373993
vt 0.56763919 0.89613156
vt 0.60137032 1.04225225
f 87/493/87 94/494/94 95/495/95
vt 0.60137032 1.04225225
vt 0.50000000 0.96163732
vt 0.50000000 0.86373993
f 95/496/95 90/497/90 87/498/87
vt 0.50000000 0.43588385
vt 0.50000000 0.80414218
vt 0.50000000 0.86373993
f 84/499/84 85/500/85 87/501/87
vt 0.50000000 0.57695980
vt 0.50000000 0.23368677
vt 0.50000000 0.86373993
f 93/502/93 91/503/91 87/504/87
vt 0.50000000 0.86373993
vt 0.50000000 0.17966545
vt 0.50000000 0.43588385
f 87/505/87 86/506/86 84/507/84
vt 0.50000000 0.86373993
vt 0.50000000 0.17849244
vt 0.50000000 0.10440390
f 87/508/87 89/509/89 88/510/88
vt 0.50000000 0.10440390
vt 0.50000000 0.17966545
vt 0.50000000 0.86373993
f 88/511/88 86/512/86 87/513/87
vt 0.50000000 0.86373993
vt 0.50000000 0.91065625
vt 0.50000000 0.57695980
f 87/514/87 92/515/92 93/516/93
vt 0.50000000 0.86373993
vt 0.50000000 0.96163732
vt 0.50000000 0.91065625
f 87/517/87 90/518/90 92/519/92
vt 0.50000000 0.86373993
vt 0.50000000 0.23368677
vt 0.50000000 0.17849244
f 87/520/87 91/521/91 89/522/89
g foliage_spray_006
usemtl foliage
s 1
v -1.00000000 -0.04812223 0.81467695
v -1.00000000 -0.01653409 0.65978939
v -1.00000000 0.00245423 1.01184177
v -1.00000000 0.02334091 1.04517674
v -1.00000000 0.02351450 0.59928300
v -1.00000000 0.23328736 1.12873567
v -1.00000000 0.24770513 0.60692720
v -1.00000000 0.27815494 0.64282385
v -1.00000000 0.28856349 1.07659595
v -1.00000000 0.34337444 0.89651403
v -0.96437647 0.00785871 1.04924089
v -0.91473343 0.25649190 1.16244771
v -0.85467298 -0.06536469 0.81408073
v -0.74605463 0.32523443 0.89797845
v -0.67750628 0.09109702 0.67585188
v -0.60556940 0.08397386 1.02124713
vn -0.40493154 -0.91036265 0.08526601
vn -0.13929908 -0.86890073 -0.47498135
vn -0.40952777 -0.87137902 0.27015851
vn -0.99958197 -0.01306164 0.02579312
vn -0.73430869 -0.13316147 -0.66562660
vn -0.62797583 -0.15403430 0.76283667
vn -0.27107788 0.49964007 -0.82272510
vn -0.79501647 0.57597063 -0.19028044
vn -0.56024837 0.78354108 0.26867292
vn -0.76884347 0.63925303 -0.01533915
vn 0.09299279 -0.74018610 0.66594060
vn 0.34010246 0.26002257 0.90372484
vn 0.31016374 -0.95049347 -0.01898979
vn 0.52629706 0.84684216 -0.07661441
vn 0.73312991 -0.06310427 -0.67715463
vn 0.79707458 -0.34102213 0.49837336
vt 1.04782028 0.80682522
vt 0.61842579 1.06048831
vt 0.54947713 0.85711527
f 115/523/115 111/524/111 110/525/110
vt 0.70184308 0.43465629
vt 0.94790794 0.18633183
vt 1.04782028 0.80682522
f 112/526/112 114/527/114 115/528/115
vt 0.70184308 0.43465629
vt 0.54947713 0.85711527
vt 0.50000000 0.43572738
f 112/529/112 110/530/110 100/531/100
vt 1.04782028 0.80682522
vt 0.54947713 0.85711527
vt 0.70184308 0.43465629
f 115/532/115 110/533/110 112/534/112
vt 1.04782028 0.80682522
vt 0.94790794 0.18633183
vt 0.85270191 0.58537630
f 115/535/115 114/536/114 113/537/113
vt 0.85270191 0.58537630
vt 0.61842579 1.06048831
vt 1.04782028 0.80682522
f 113/538/113 111/539/111 115/540/115
vt 0.94790794 0.18633183
vt 0.50000000 0.06251046
vt 0.85270191 0.58537630
f 114/541/114 106/542/106 113/543/113
vt 0.50000000 0.43572738
vt 0.54947713 0.85711527
vt 0.50000000 0.78992874
f 100/544/100 110/545/110 102/546/102
vt 0.50000000 0.04877786
vt 0.50000000 0.06251046
vt 0.94790794 0.18633183
f 104/547/104 106/548/106 114/549/114
vt 0.50000000 0.58274551
vt 0.85270191 0.58537630
vt 0.50000000 0.12699784
f 109/550/109 113/551/113 107/552/107
vt 0.50000000 0.12699784
vt 0.85270191 0.58537630
vt 0.50000000 0.06251046
f 107/553/107 113/554/113 106/555/106
vt 0.50000000 0.90625791
vt 0.85270191 0.58537630
vt 0.50000000 0.58274551
f 108/556/108 113/557/113 109/558/109
vt 0.61842579 1.06048831
vt 0.85270191 0.58537630
vt 0.50000000 0.90625791
f 111/559/111 113/560/113 108/561/108
vt 0.50000000 0.99992552
vt 0.54947713 0.85711527
vt 0.61842579 1.06048831
f 105/562/105 110/563/110 111/564/111
vt 0.61842579 1.06048831
vt 0.50000000 0.90625791
vt 0.50000000 0.99992552
f 111/565/111 108/566/108 105/567/105
vt 0.50000000 0.15747599
vt 0.70184308 0.43465629
vt 0.50000000 0.43572738
f 101/568/101 112/569/112 100/570/100
vt 0.94790794 0.18633183
vt 0.70184308 0.43465629
vt 0.50000000 0.15747599
f 114/571/114 112/572/112 101/573/101
vt 0.50000000 0.15747599
vt 0.50000000 0.04877786
vt 0.94790794 0.18633183
f 101/574/101 104/575/104 114/576/114
vt 0.50000000 0.84981412
vt 0.50000000 0.78992874
vt 0.54947713 0.85711527
f 103/577/103 102/578/102 110/579/110
vt 0.54947713 0.85711527
vt 0.50000000 0.99992552
vt 0.50000000 0.84981412
f 110/580/110 105/581/105 103/582/103
vt 0.50000000 0.84981412
vt 0.50000000 0.15747599
vt 0.50000000 0.43572738
f 103/583/103 101/584/101 100/585/100
vt 0.50000000 0.43572738
vt 0.50000000 0.78992874
vt 0.50000000 0.84981412
f 100/586/100 102/587/102 103/588/103
vt 0.50000000 0.58274551
vt 0.50000000 0.12699784
vt 0.50000000 0.84981412
f 109/589/109 107/590/107 103/591/103
vt 0.50000000 0.06251046
vt 0.50000000 0.04877786
vt 0.50000000 0.84981412
f 106/592/106 104/593/104 103/594/103
vt 0.50000000 0.84981412
vt 0.50000000 0.12699784
vt 0.50000000 0.06251046
f 103/595/103 107/596/107 106/597/106
vt 0.50000000 0.84981412
vt 0.50000000 0.90625791
vt 0.50000000 0.58274551
f 103/598/103 108/599/108 109/600/109
vt 0.50000000 0.84981412
vt 0.50000000 0.99992552
vt 0.50000000 0.90625791
f 103/601/103 105/602/105 108/603/108
vt 0.50000000 0.04877786
vt 0.50000000 0.15747599
vt 0.50000000 0.84981412
f 104/604/104 101/605/101 103/606/103
g foliage_spray_007
usemtl foliage
s 1
v -1.00000000 -0.10855529 1.04191082
v -1.00000000 -0.05299669 0.91538815
v -1.00000000 -0.01382274 1.25066264
v -1.00000000 -0.00089240 1.26409465
v -1.00000000 0.01819322 0.87549707
v -1.00000000 0.18311054 1.26669473
v -1.00000000 0.23020382 0.87010258
v -1.00000000 0.23445368 1.21870280
v -1.00000000 0.24364329 0.88824465
v -1.00000000 0.27675795 1.11525471
v -0.98153713 -0.01217083 1.26737978
v -0.92923636 0.18963955 1.27998893
v -0.84671651 -0.15952311 1.03816733
v -0.80864233 0.22438125 1.11272299
v -0.75407578 0.05530840 0.95591549
v -0.62731358 0.02942287 1.23628086
vn -0.61660891 -0.78195015 0.09136419
vn -0.99171734 -0.10217760 -0.07782325
vn -0.68423439 -0.66326540 0.30315392
vn -0.97088796 -0.00671606 0.23943989
vn 0.27727897 -0.28643131 -0.91710058
vn -0.98500075 0.03267794 0.16942747
vn 0.13832873 0.05590993 -0.98880698
vn -0.98456863 0.14883994 0.09203957
vn -0.16804353 0.89755678 -0.40761893
vn -0.72780210 0.68116658 0.07947446
vn 0.10950994 -0.55198521 0.82663166
vn 0.25489417 0.49607388 0.83002390
vn 0.35359233 -0.92947782 -0.10508780
vn 0.58047443 0.81198308 -0.06109755
vn 0.71806903 0.06152501 -0.69324710
vn 0.81192485 -0.19984504 0.54848883
vt 1.01762002 0.79641612
vt 0.84156142 0.25543837
vt 0.76577454 0.55800559
f 131/607/131 130/608/130 129/609/129
vt 1.01762002 0.79641612
vt 0.76577454 0.55800559
vt 0.59828284 0.88075284
f 131/610/131 129/611/129 127/612/127
vt 0.59828284 0.88075284
vt 0.76577454 0.55800559
vt 0.50000000 0.56289065
f 127/613/127 129/614/129 125/615/125
vt 0.59828284 0.88075284
vt 0.52564288 0.85642291
vt 1.01762002 0.79641612
f 127/616/127 126/617/126 131/618/131
vt 0.50000000 0.85008410
vt 0.52564288 0.85642291
vt 0.59828284 0.88075284
f 119/619/119 126/620/126 127/621/127
vt 0.50000000 0.08985845
vt 0.84156142 0.25543837
vt 0.50000000 0.10026736
f 122/622/122 130/623/130 120/624/120
vt 0.50000000 0.56289065
vt 0.76577454 0.55800559
vt 0.50000000 0.12486440
f 125/625/125 129/626/129 124/627/124
vt 0.50000000 0.12486440
vt 0.84156142 0.25543837
vt 0.50000000 0.08985845
f 124/628/124 130/629/130 122/630/122
vt 0.50000000 0.12486440
vt 0.76577454 0.55800559
vt 0.84156142 0.25543837
f 124/631/124 129/632/129 130/633/130
vt 0.50000000 0.82416642
vt 0.52564288 0.85642291
vt 0.50000000 0.85008410
f 118/634/118 126/635/126 119/636/119
vt 0.50000000 0.85008410
vt 0.59828284 0.88075284
vt 0.50000000 0.85510108
f 119/637/119 127/638/127 121/639/121
vt 0.71289374 0.41414705
vt 0.50000000 0.10026736
vt 0.84156142 0.25543837
f 128/640/128 120/641/120 130/642/130
vt 0.71289374 0.41414705
vt 0.84156142 0.25543837
vt 1.01762002 0.79641612
f 128/643/128 130/644/130 131/645/131
vt 1.01762002 0.79641612
vt 0.52564288 0.85642291
vt 0.71289374 0.41414705
f 131/646/131 126/647/126 128/648/128
vt 0.71289374 0.41414705
vt 0.50000000 0.82416642
vt 0.50000000 0.42137028
f 128/649/128 118/650/118 116/651/116
vt 0.52564288 0.85642291
vt 0.50000000 0.82416642
vt 0.71289374 0.41414705
f 126/652/126 118/653/118 128/654/128
vt 0.50000000 0.76249846
vt 0.59828284 0.88075284
vt 0.50000000 0.56289065
f 123/655/123 127/656/127 125/657/125
vt 0.50000000 0.76249846
vt 0.50000000 0.85510108
vt 0.59828284 0.88075284
f 123/658/123 121/659/121 127/660/127
vt 0.50000000 0.17723903
vt 0.71289374 0.41414705
vt 0.50000000 0.42137028
f 117/661/117 128/662/128 116/663/116
vt 0.50000000 0.10026736
vt 0.71289374 0.41414705
vt 0.50000000 0.17723903
f 120/664/120 128/665/128 117/666/117
vt 0.50000000 0.17723903
vt 0.50000000 0.76249846
vt 0.50000000 0.56289065
f 117/667/117 123/668/123 125/669/125
vt 0.50000000 0.56289065
vt 0.50000000 0.12486440
vt 0.50000000 0.17723903
f 125/670/125 124/671/124 117/672/117
vt 0.50000000 0.42137028
vt 0.50000000 0.82416642
vt 0.50000000 0.17723903
f 116/673/116 118/674/118 117/675/117
vt 0.50000000 0.08985845
vt 0.50000000 0.10026736
vt 0.50000000 0.17723903
f 122/676/122 120/677/120 117/678/117
vt 0.50000000 0.17723903
vt 0.50000000 0.12486440
vt 0.50000000 0.08985845
f 117/679/117 124/680/124 122/681/122
vt 0.50000000 0.17723903
vt 0.50000000 0.82416642
vt 0.50000000 0.85008410
f 117/682/117 118/683/118 119/684/119
vt 0.50000000 0.85008410
vt 0.50000000 0.85510108
vt 0.50000000 0.17723903
f 119/685/119 121/686/121 117/687/117
vt 0.50000000 0.85510108
vt 0.50000000 0.76249846
vt 0.50000000 0.17723903
f 121/688/121 123/689/123 117/690/117
g foliage_spray_008
usemtl foliage
s 1
v -0.97000000 -0.12077409 0.36822994
v -0.95296192 -0.12442794 0.08652415
v -0.92701599 -0.34412806 0.15483324
v -0.86619401 0.07235993 0.24311992
v -0.86449732 -0.19506871 0.00000000
v -0.82783323 -0.30050939 0.00000000
v -0.73000370 -0.05265096 0.00000000
v -0.72697517 -0.03424036 0.00800573
v -0.66778710 -0.30957777 0.00000000
v -0.65138628 -0.25551222 0.39252304
v -0.62837124 -0.04383277 0.43388980
v -0.50708554 -0.36847987 0.15658820
v -0.46693752 -0.19430856 0.00000000
v -0.44288677 0.06117147 0.24768900
v -0.37343946 -0.16958988 0.02998583
v -0.33564922 -0.17253486 0.35311713
vn -0.70161936 -0.05127142 0.71070495
vn -0.86314318 0.30605315 -0.40164079
vn -0.45971701 -0.87575725 0.14734146
vn -0.32254034 0.94430518 0.06523378
vn -0.58865503 -0.00302431 -0.80837869
vn -0.20303589 -0.34878667 -0.91494496
vn 0.03105650 0.07925777 -0.99637026
vn -0.01634090 0.78806642 -0.61537330
vn 0.09894406 -0.61780446 -0.78008187
vn -0.03815370 -0.66930846 0.74200437
vn 0.03910158 0.43426684 0.89993521
vn 0.30044745 -0.95138696 0.06778047
vn 0.09095065 0.02202433 -0.99561183
vn 0.40740157 0.91099345 -0.06414740
vn 0.78536149 0.09334907 -0.61195856
vn 0.78716710 -0.22988129 0.57229586
vt 0.55243964 0.84504118
vt 0.75285733 0.42119051
vt 0.99096333 0.77424951
f 141/691/141 143/692/143 147/693/147
vt 0.58440497 0.91935547
vt 0.25409557 0.57664244
vt 0.10992058 0.80139927
f 142/694/142 135/695/135 132/696/132
vt 0.10992058 0.80139927
vt 0.55243964 0.84504118
vt 0.58440497 0.91935547
f 132/697/132 141/698/141 142/699/142
vt 0.58440497 0.91935547
vt 0.55243964 0.84504118
vt 0.99096333 0.77424951
f 142/700/142 141/701/141 147/702/147
vt 0.10992058 0.80139927
vt 0.25409557 0.57664244
vt 0.13358458 0.29532229
f 132/703/132 135/704/135 133/705/133
vt 0.84202229 0.58485067
vt 0.58440497 0.91935547
vt 0.99096333 0.77424951
f 145/706/145 142/707/142 147/708/147
vt 1.25409557 0.57664244
vt 0.58440497 0.91935547
vt 0.84202229 0.58485067
f 135/709/135 142/710/142 145/711/145
vt 0.10992058 0.80139927
vt 0.13358458 0.29532229
vt 0.16962060 0.41803776
f 132/712/132 133/713/133 134/714/134
vt 0.16962060 0.41803776
vt 0.55243964 0.84504118
vt 0.10992058 0.80139927
f 134/715/134 141/716/141 132/717/132
vt 0.75285733 0.42119051
vt 0.55243964 0.84504118
vt 1.16962060 0.41803776
f 143/718/143 141/719/141 134/720/134
vt 0.75285733 0.42119051
vt 1.16962060 0.41803776
vt 0.52966071 0.13988396
f 143/721/143 134/722/134 140/723/140
vt 0.52966071 0.13988396
vt 0.16962060 0.41803776
vt 0.30737443 0.13988396
f 140/724/140 134/725/134 137/726/137
vt 0.30737443 0.13988396
vt 0.16962060 0.41803776
vt 0.25645208 0.13988396
f 137/727/137 134/728/134 136/729/136
vt 0.25645208 0.13988396
vt 0.16962060 0.41803776
vt 0.13358458 0.29532229
f 136/730/136 134/731/134 133/732/133
vt 0.93847689 0.19375271
vt 0.84202229 0.58485067
vt 0.99096333 0.77424951
f 146/733/146 145/734/145 147/735/147
vt 0.99096333 0.77424951
vt 0.75285733 0.42119051
vt 0.93847689 0.19375271
f 147/736/147 143/737/143 146/738/146
vt 0.93847689 0.19375271
vt 0.52966071 0.13988396
vt 0.80861847 0.13988396
f 146/739/146 140/740/140 144/741/144
vt 0.75285733 0.42119051
vt 0.52966071 0.13988396
vt 0.93847689 0.19375271
f 143/742/143 140/743/140 146/744/146
vt 1.25409557 0.57664244
vt 0.84202229 0.58485067
vt 1.44745507 0.15426603
f 135/745/135 145/746/145 139/747/139
vt 0.84202229 0.58485067
vt 0.93847689 0.19375271
vt 0.44745507 0.15426603
f 145/748/145 146/749/146 139/750/139
vt 0.44745507 0.15426603
vt 0.13358458 0.29532229
vt 0.25409557 0.57664244
f 139/751/139 133/752/133 135/753/135
vt 0.44745507 0.15426603
vt 0.25645208 0.13988396
vt 0.13358458 0.29532229
f 139/754/139 136/755/136 133/756/133
vt 0.25645208 0.13988396
vt 0.44745507 0.15426603
vt 0.44324877 0.13988396
f 136/757/136 139/758/139 138/759/138
vt 0.44324877 0.13988396
vt 0.93847689 0.19375271
vt 0.80861847 0.13988396
f 138/760/138 146/761/146 144/762/144
vt 0.44324877 0.13988396
vt 0.44745507 0.15426603
vt 0.93847689 0.19375271
f 138/763/138 139/764/139 146/765/146
vt 0.80861847 0.13988396
vt 0.52966071 0.13988396
vt 0.44324877 0.13988396
f 144/766/144 140/767/140 138/768/138
vt 0.44324877 0.13988396
vt 0.52966071 0.13988396
vt 0.30737443 0.13988396
f 138/769/138 140/770/140 137/771/137
vt 0.30737443 0.13988396
vt 0.25645208 0.13988396
vt 0.44324877 0.13988396
f 137/772/137 136/773/136 138/774/138
g foliage_spray_009
usemtl foliage
s 1
v -0.96278760 -0.07576303 0.28460199
v -0.88346406 -0.08313995 0.55388325
v -0.88186431 -0.29921281 0.37816004
v -0.83515064 0.14074527 0.47111192
v -0.71828652 -0.22685474 0.14090074
v -0.67857933 0.00884692 0.22545791
v -0.60674056 -0.21672800 0.61552869
v -0.57843461 -0.00413384 0.65959976
v -0.45191671 -0.34834581 0.37624603
v -0.45055709 0.04915791 0.45943369
v -0.40836557 -0.12732307 0.29687062
v -0.25661263 -0.14143576 0.59013237
vn -0.84786658 0.22721363 -0.47905764
vn -0.67677972 -0.07790305 0.73205213
vn -0.47754324 -0.86936636 0.12710071
vn -0.27013564 0.95810708 0.09517119
vn -0.02770568 -0.39895102 -0.91655359
vn 0.09512576 0.68247428 -0.72469300
vn -0.09346323 -0.64732091 0.75646564
vn 0.03233797 0.45133098 0.89177049
vn 0.29148534 -0.95269565 -0.08606564
vn 0.45845342 0.88215476 -0.10781203
vn 0.68049856 0.14568534 -0.71812081
vn 0.85589212 -0.13501075 0.49922017
vt 0.05465183 0.25077302
vt 0.23192539 0.58583317
vt 0.44938554 0.14452226
f 148/775/148 151/776/151 153/777/153
vt 0.44938554 0.14452226
vt 0.39423667 -0.00738246
vt 0.05465183 0.25077302
f 153/778/153 152/779/152 148/780/148
vt 0.16482342 0.73452967
vt 0.23192539 0.58583317
vt 0.05465183 0.25077302
f 149/781/149 151/782/151 148/783/148
vt 0.58847543 0.92444657
vt 0.54916161 0.84527406
vt 1.03545040 0.79965024
f 155/784/155 154/785/154 159/786/159
vt 0.23192539 0.58583317
vt 0.16482342 0.73452967
vt 0.58847543 0.92444657
f 151/787/151 149/788/149 155/789/155
vt 0.58847543 0.92444657
vt 0.16482342 0.73452967
vt 0.54916161 0.84527406
f 155/790/155 149/791/149 154/792/154
vt 1.03545040 0.79965024
vt 0.54916161 0.84527406
vt 0.76419473 0.41540911
f 159/793/159 154/794/154 156/795/156
vt 0.76608310 0.56485353
vt 1.44938554 0.14452226
vt 1.23192539 0.58583317
f 157/796/157 153/797/153 151/798/151
vt 0.76608310 0.56485353
vt 0.58847543 0.92444657
vt 1.03545040 0.79965024
f 157/799/157 155/800/155 159/801/159
vt 1.23192539 0.58583317
vt 0.58847543 0.92444657
vt 0.76608310 0.56485353
f 151/802/151 155/803/155 157/804/157
vt 0.39423667 -0.00738246
vt 0.44938554 0.14452226
vt 0.82468244 0.27281329
f 152/805/152 153/806/153 158/807/158
vt 1.03545040 0.79965024
vt 0.76419473 0.41540911
vt 0.82468244 0.27281329
f 159/808/159 156/809/156 158/810/158
vt 0.82468244 0.27281329
vt 0.76419473 0.41540911
vt 0.39423667 -0.00738246
f 158/811/158 156/812/156 152/813/152
vt 0.82468244 0.27281329
vt 0.76608310 0.56485353
vt 1.03545040 0.79965024
f 158/814/158 157/815/157 159/816/159
vt 0.44938554 0.14452226
vt 0.76608310 0.56485353
vt 0.82468244 0.27281329
f 153/817/153 157/818/157 158/819/158
vt 0.54916161 0.84527406
vt 0.16482342 0.73452967
vt 0.16704530 0.41884758
f 154/820/154 149/821/149 150/822/150
vt 1.16704530 0.41884758
vt 0.76419473 0.41540911
vt 0.54916161 0.84527406
f 150/823/150 156/824/156 154/825/154
vt 0.16704530 0.41884758
vt 0.16482342 0.73452967
vt 0.05465183 0.25077302
f 150/826/150 149/827/149 148/828/148
vt 0.05465183 0.25077302
vt 0.39423667 -0.00738246
vt 0.16704530 0.41884758
f 148/829/148 152/830/152 150/831/150
vt 1.39423667 -0.00738246
vt 0.76419473 0.41540911
vt 1.16704530 0.41884758
f 152/832/152 156/833/156 150/834/150
g foliage_spray_010
usemtl foliage
s 1
v -0.97000000 -0.29107254 0.65812944
v -0.97000000 -0.06158173 0.86937588
v -0.97000000 -0.05664327 0.56173467
v -0.86895245 0.13057491 0.75012287
v -0.83696994 -0.24905788 0.39887823
v -0.74469967 -0.00803619 0.49720794
v -0.71748840 -0.24214355 0.89034289
v -0.65231125 -0.04445897 0.92706758
v -0.60396181 -0.36971380 0.66129682
v -0.53463748 -0.01766237 0.73593024
v -0.47170211 -0.19150795 0.55920871
v -0.46815931 -0.19233671 0.82081184
vn -0.64513533 -0.75476654 0.11886075
vn -0.73836402 0.05078716 0.67248736
vn -0.83337392 0.34775217 -0.42960020
vn -0.10568406 0.99137073 0.07755611
vn -0.10859752 -0.42668173 -0.89785816
vn 0.20786664 0.69089714 -0.69242516
vn -0.11322035 -0.64994419 0.75150097
vn 0.20906684 0.43457883 0.87603213
vn 0.19062757 -0.98129365 -0.02690547
vn 0.61286175 0.78847029 -0.05210645
vn 0.75255979 -0.01149025 -0.65842368
vn 0.79941547 -0.29177884 0.52516666
vt 1.16723378 0.41816556
vt 1.35199776 -0.04757236
vt 0.67562015 0.42385569
f 160/835/160 164/836/164 168/837/168
vt 0.16723378 0.24499493
vt 0.35199776 -0.04757236
vt 0.16723378 0.41816556
f 162/838/162 164/839/164 160/840/160
vt 0.16723378 0.41816556
vt 0.16723378 0.79766420
vt 0.16723378 0.24499493
f 160/841/160 161/842/161 162/843/162
vt 0.16723378 0.24499493
vt 0.16723378 0.79766420
vt 0.30757759 0.58342933
f 162/844/162 161/845/161 163/846/163
vt 0.48015090 0.12907436
vt 0.16723378 0.24499493
vt 0.30757759 0.58342933
f 165/847/165 162/848/162 163/849/163
vt 0.35199776 -0.04757236
vt 0.16723378 0.24499493
vt 0.48015090 0.12907436
f 164/850/164 162/851/162 165/852/165
vt 0.30757759 0.58342933
vt 0.16723378 0.79766420
vt 0.60846815 0.90130579
f 163/853/163 161/854/161 167/855/167
vt 0.77190394 0.55793264
vt 0.48015090 0.12907436
vt 0.30757759 0.58342933
f 169/856/169 165/857/165 163/858/163
vt 0.77190394 0.55793264
vt 0.60846815 0.90130579
vt 0.86423473 0.71042019
f 169/859/169 167/860/167 171/861/171
vt 0.30757759 0.58342933
vt 0.60846815 0.90130579
vt 0.77190394 0.55793264
f 163/862/163 167/863/167 169/864/169
vt 0.85931418 0.24045710
vt 0.67562015 0.42385569
vt 1.35199776 -0.04757236
f 170/865/170 168/866/168 164/867/164
vt 1.35199776 -0.04757236
vt 1.48015090 0.12907436
vt 0.85931418 0.24045710
f 164/868/164 165/869/165 170/870/170
vt 0.48015090 0.12907436
vt 0.77190394 0.55793264
vt 0.85931418 0.24045710
f 165/871/165 169/872/169 170/873/170
vt 0.86423473 0.71042019
vt 0.67562015 0.42385569
vt 0.85931418 0.24045710
f 171/874/171 168/875/168 170/876/170
vt 0.85931418 0.24045710
vt 0.77190394 0.55793264
vt 0.86423473 0.71042019
f 170/877/170 169/878/169 171/879/171
vt 0.51794434 0.83533086
vt 0.60846815 0.90130579
vt 0.16723378 0.79766420
f 166/880/166 167/881/167 161/882/161
vt 1.16723378 0.41816556
vt 0.67562015 0.42385569
vt 0.51794434 0.83533086
f 160/883/160 168/884/168 166/885/166
vt 0.51794434 0.83533086
vt 0.16723378 0.79766420
vt 0.16723378 0.41816556
f 166/886/166 161/887/161 160/888/160
vt 0.51794434 0.83533086
vt 0.67562015 0.42385569
vt 0.86423473 0.71042019
f 166/889/166 168/890/168 171/891/171
vt 0.86423473 0.71042019
vt 0.60846815 0.90130579
vt 0.51794434 0.83533086
f 171/892/171 167/893/167 166/894/166
g foliage_spray_011
usemtl foliage
s 1
v -0.97000000 -0.15821262 1.26090290
v -0.93943907 -0.15511174 1.00222557
v -0.89760776 0.05141892 1.14926242
v -0.84286944 -0.34819006 1.07043469
v -0.72845904 -0.04099982 0.95348888
v -0.71199795 -0.25500038 0.86130959
v -0.63547989 -0.01332284 1.34157993
v -0.60159802 -0.24232283 1.30727867
v -0.51369494 0.07323909 1.14646765
v -0.46055289 -0.10999292 1.00308909
v -0.45039738 -0.30875379 1.07091358
v -0.35965758 -0.10048695 1.23580940
vn -0.66410893 -0.22323146 0.71353139
vn -0.81275343 0.04748679 -0.58066933
vn -0.45286994 0.89129462 0.02242127
vn -0.28348978 -0.95705947 0.06058648
vn -0.05491081 0.64730788 -0.76024819
vn 0.03529124 -0.35121553 -0.93562930
vn -0.01070290 0.46148290 0.88708454
vn 0.08462700 -0.65396518 0.75177644
vn 0.28599230 0.94773233 -0.14146320
vn 0.61904096 0.27983574 -0.73381213
vn 0.50009427 -0.85777341 -0.11887177
vn 0.88022165 0.05585398 0.47126444
vt 1.08667557 0.79154380
vt 1.26324579 0.42402670
vt 0.59834498 0.88102795
f 172/895/172 175/896/175 179/897/179
vt 0.55128682 0.94721380
vt 0.18722035 0.57612840
vt 0.08667557 0.79154380
f 178/898/178 174/899/174 172/900/172
vt 1.08667557 0.79154380
vt 0.59834498 0.88102795
vt 0.55128682 0.94721380
f 172/901/172 179/902/179 178/903/178
vt 0.55128682 0.94721380
vt 0.59834498 0.88102795
vt 0.93437337 0.74312474
f 178/904/178 179/905/179 183/906/183
vt 0.08667557 0.79154380
vt 0.18722035 0.57612840
vt 0.12912131 0.29241410
f 172/907/172 174/908/174 173/909/173
vt 0.12912131 0.29241410
vt 0.26324579 0.42402670
vt 0.08667557 0.79154380
f 173/910/173 175/911/175 172/912/172
vt 0.12912131 0.29241410
vt 0.44501175 0.02051030
vt 0.26324579 0.42402670
f 173/913/173 177/914/177 175/915/175
vt 0.72043259 0.57073577
vt 0.55128682 0.94721380
vt 0.93437337 0.74312474
f 180/916/180 178/917/178 183/918/183
vt 1.18722035 0.57612840
vt 0.55128682 0.94721380
vt 0.72043259 0.57073577
f 174/919/174 178/920/178 180/921/180
vt 1.26324579 0.42402670
vt 1.44501175 0.02051030
vt 0.80834587 0.42495076
f 175/922/175 177/923/177 182/924/182
vt 0.80834587 0.42495076
vt 0.59834498 0.88102795
vt 1.26324579 0.42402670
f 182/925/182 179/926/179 175/927/175
vt 0.93437337 0.74312474
vt 0.59834498 0.88102795
vt 0.80834587 0.42495076
f 183/928/183 179/929/179 182/930/182
vt 1.18722035 0.57612840
vt 0.72043259 0.57073577
vt 1.42214913 0.19837444
f 174/931/174 180/932/180 176/933/176
vt 0.44501175 0.02051030
vt 0.12912131 0.29241410
vt 0.42214913 0.19837444
f 177/934/177 173/935/173 176/936/176
vt 0.42214913 0.19837444
vt 0.12912131 0.29241410
vt 0.18722035 0.57612840
f 176/937/176 173/938/173 174/939/174
vt 0.79424100 0.29408030
vt 0.80834587 0.42495076
vt 0.44501175 0.02051030
f 181/940/181 182/941/182 177/942/177
vt 0.44501175 0.02051030
vt 0.42214913 0.19837444
vt 0.79424100 0.29408030
f 177/943/177 176/944/176 181/945/181
vt 0.79424100 0.29408030
vt 0.42214913 0.19837444
vt 0.72043259 0.57073577
f 181/946/181 176/947/176 180/948/180
vt 0.79424100 0.29408030
vt 0.72043259 0.57073577
vt 0.93437337 0.74312474
f 181/949/181 180/950/180 183/951/183
vt 0.93437337 0.74312474
vt 0.80834587 0.42495076
vt 0.79424100 0.29408030
f 183/952/183 182/953/182 181/954/181
g foliage_spray_012
usemtl foliage
s 1
v -0.89688441 0.07744464 0.07881834
v -0.82368049 0.09359926 0.34337890
v -0.82326689 0.28294016 0.25298479
v -0.73494112 0.22040135 -0.00000000
v -0.70173352 0.26052983 0.00000000
v -0.70170504 -0.05447698 0.17886797
v -0.69092638 0.04090262 0.00000000
v -0.67482264 0.26640176 0.00000000
v -0.62200543 0.01398924 0.00000000
v -0.61188798 0.24569365 0.00000000
v -0.57844254 0.24516526 0.42303086
v -0.57103987 0.02369365 0.00000000
v -0.52546536 0.07934417 0.00000000
v -0.50179229 0.04174078 0.42747661
v -0.47375960 0.35916684 0.25280116
v -0.36630103 0.00996797 0.17692026
v -0.33706521 0.20098535 0.07272704
v -0.31920676 0.20492635 0.33578814
vn -0.89586214 -0.30582973 -0.32233399
vn -0.62204372 -0.33617330 0.70714152
vn -0.58277688 0.79678457 0.15970427
vn -0.62637486 0.37297525 -0.68450274
vn -0.41333491 0.54019232 -0.73303923
vn -0.14599793 -0.98474076 0.09471133
vn -0.14987580 -0.08200259 -0.98529834
vn -0.12695149 0.90783544 -0.39964750
vn -0.25275215 -0.84733085 -0.46706187
vn 0.22816944 0.50488872 -0.83248188
vn -0.09396657 0.46998354 0.87765925
vn 0.25335900 -0.84890460 -0.46386442
vn 0.35729345 -0.17333619 -0.91776683
vn 0.14829674 -0.65679335 0.73934469
vn 0.16659237 0.98599909 -0.00726516
vn 0.58976513 -0.80471471 -0.06790670
vn 0.73221199 0.35971025 -0.57833739
vn 0.83576063 0.19230112 0.51431940
vt 0.85396639 0.24535181
vt 0.66411308 0.56885017
vt 0.87876980 0.71793409
f 200/955/200 198/956/198 201/957/201
vt 0.87876980 0.71793409
vt 0.62517878 0.88264998
vt 0.81336109 0.43253216
f 201/958/201 197/959/197 199/960/199
vt 0.81336109 0.43253216
vt 0.85396639 0.24535181
vt 0.87876980 0.71793409
f 199/961/199 200/962/200 201/963/201
vt 0.17811184 0.73157068
vt 0.17868628 0.56918007
vt 0.07643973 0.25629466
f 185/964/185 186/965/186 184/966/184
vt 0.66411308 0.56885017
vt 0.17868628 0.56918007
vt 0.51872010 0.87466332
f 198/967/198 186/968/186 194/969/194
vt 0.87876980 0.71793409
vt 0.66411308 0.56885017
vt 0.51872010 0.87466332
f 201/970/201 198/971/198 194/972/194
vt 0.51872010 0.87466332
vt 0.62517878 0.88264998
vt 0.87876980 0.71793409
f 194/973/194 197/974/197 201/975/201
vt 0.51872010 0.87466332
vt 0.17811184 0.73157068
vt 0.62517878 0.88264998
f 194/976/194 185/977/185 197/978/197
vt 0.17868628 0.56918007
vt 0.17811184 0.73157068
vt 0.51872010 0.87466332
f 186/979/186 185/980/185 194/981/194
vt 0.34752219 0.43603116
vt 0.17811184 0.73157068
vt 0.07643973 0.25629466
f 189/982/189 185/983/185 184/984/184
vt 0.62517878 0.88264998
vt 0.17811184 0.73157068
vt 0.34752219 0.43603116
f 197/985/197 185/986/185 189/987/189
vt 0.34752219 0.43603116
vt 0.81336109 0.43253216
vt 0.62517878 0.88264998
f 189/988/189 199/989/199 197/990/197
vt 0.52900160 0.11469961
vt 0.81336109 0.43253216
vt 0.34752219 0.43603116
f 195/991/195 199/992/199 189/993/189
vt 0.66411308 0.56885017
vt 0.85396639 0.24535181
vt 0.47226810 0.11469961
f 198/994/198 200/995/200 193/996/193
vt 0.38485885 0.11469961
vt 0.17868628 0.56918007
vt 0.66411308 0.56885017
f 191/997/191 186/998/186 198/999/198
vt 0.38485885 0.11469961
vt 0.34748263 0.11469961
vt 0.17868628 0.56918007
f 191/1000/191 188/1001/188 186/1002/186
vt 0.66411308 0.56885017
vt 0.47226810 0.11469961
vt 0.38485885 0.11469961
f 198/1003/198 193/1004/193 191/1005/191
vt 0.07643973 0.25629466
vt 0.17868628 0.56918007
vt 0.30136096 0.11469961
f 184/1006/184 186/1007/186 187/1008/187
vt 0.17868628 0.56918007
vt 0.34748263 0.11469961
vt 0.30136096 0.11469961
f 186/1009/186 188/1010/188 187/1011/187
vt 0.45821609 0.11469961
vt 0.34752219 0.43603116
vt 0.07643973 0.25629466
f 192/1012/192 189/1013/189 184/1014/184
vt 0.52900160 0.11469961
vt 0.34752219 0.43603116
vt 0.45821609 0.11469961
f 195/1015/195 189/1016/189 192/1017/192
vt 0.59229952 0.11469961
vt 0.47226810 0.11469961
vt 0.85396639 0.24535181
f 196/1018/196 193/1019/193 200/1020/200
vt 0.85396639 0.24535181
vt 0.81336109 0.43253216
vt 0.59229952 0.11469961
f 200/1021/200 199/1022/199 196/1023/196
vt 0.59229952 0.11469961
vt 0.81336109 0.43253216
vt 0.52900160 0.11469961
f 196/1024/196 199/1025/199 195/1026/195
vt 0.07643973 0.25629466
vt 0.30136096 0.11469961
vt 0.36249255 0.11469961
f 184/1027/184 187/1028/187 190/1029/190
vt 0.36249255 0.11469961
vt 0.45821609 0.11469961
vt 0.07643973 0.25629466
f 190/1030/190 192/1031/192 184/1032/184
vt 0.52900160 0.11469961
vt 0.45821609 0.11469961
vt 0.36249255 0.11469961
f 195/1033/195 192/1034/192 190/1035/190
vt 0.34748263 0.11469961
vt 0.38485885 0.11469961
vt 0.36249255 0.11469961
f 188/1036/188 191/1037/191 190/1038/190
vt 0.36249255 0.11469961
vt 0.38485885 0.11469961
vt 0.47226810 0.11469961
f 190/1039/190 191/1040/191 193/1041/193
vt 0.36249255 0.11469961
vt 0.30136096 0.11469961
vt 0.34748263 0.11469961
f 190/1042/190 187/1043/187 188/1044/188
vt 0.36249255 0.11469961
vt 0.59229952 0.11469961
vt 0.52900160 0.11469961
f 190/1045/190 196/1046/196 195/1047/195
vt 0.47226810 0.11469961
vt 0.59229952 0.11469961
vt 0.36249255 0.11469961
f 193/1048/193 196/1049/196 190/1050/190
g foliage_spray_013
usemtl foliage
s 1
v -0.97000000 0.06598737 0.39045642
v -0.92970366 0.07879328 0.68085594
v -0.91311547 0.28746920 0.58107712
v -0.81279108 -0.09894507 0.49786914
v -0.74448040 0.21925485 0.34480102
v -0.69177304 0.01932158 0.32465944
v -0.64670105 0.23018611 0.76671019
v -0.59697301 0.02543280 0.72831614
v -0.52825344 0.33991697 0.57888746
v -0.43456218 0.15990846 0.40955099
v -0.43297931 -0.04057027 0.49707459
v -0.32003431 0.17867067 0.69188637
vn -0.83266063 -0.11655611 -0.54137875
vn -0.63917391 -0.30977192 0.70391623
vn -0.53355536 0.84164691 0.08336164
vn -0.19412521 -0.97886763 0.06429278
vn -0.08914410 0.65185137 -0.75308905
vn 0.09472483 -0.43445492 -0.89569868
vn -0.07839296 0.44060627 0.89427102
vn 0.09834859 -0.66802972 0.73760684
vn 0.19879788 0.97582353 -0.09081759
vn 0.61044045 0.29295723 -0.73589301
vn 0.51823470 -0.84673554 -0.12029848
vn 0.85400525 0.10677686 0.50918930
vt 0.98601606 0.77548858
vt 0.69682283 0.57248903
vt 0.53231226 0.90990758
f 213/1051/213 210/1052/210 208/1053/208
vt 0.82694957 0.26828055
vt 0.69682283 0.57248903
vt 0.98601606 0.77548858
f 211/1054/211 210/1055/210 213/1056/213
vt 1.16229223 0.57642269
vt 0.53231226 0.90990758
vt 0.69682283 0.57248903
f 204/1057/204 208/1058/208 210/1059/210
vt 0.98601606 0.77548858
vt 0.53231226 0.90990758
vt 0.60137898 0.84093369
f 213/1060/213 208/1061/208 209/1062/209
vt 0.69682283 0.57248903
vt 0.82694957 0.26828055
vt 0.39650760 0.15195896
f 210/1063/210 211/1064/211 206/1065/206
vt 0.08328594 0.23397767
vt 0.16229223 0.57642269
vt 0.39650760 0.15195896
f 202/1066/202 204/1067/204 206/1068/206
vt 1.39650760 0.15195896
vt 1.16229223 0.57642269
vt 0.69682283 0.57248903
f 206/1069/206 204/1070/204 210/1071/210
vt 0.46971226 0.11577514
vt 0.30163165 0.42694177
vt 0.08328594 0.23397767
f 207/1072/207 205/1073/205 202/1074/202
vt 0.08328594 0.23397767
vt 0.39650760 0.15195896
vt 0.46971226 0.11577514
f 202/1075/202 206/1076/206 207/1077/207
vt 0.46971226 0.11577514
vt 0.39650760 0.15195896
vt 0.82694957 0.26828055
f 207/1078/207 206/1079/206 211/1080/211
vt 0.82914801 0.42551437
vt 0.82694957 0.26828055
vt 0.98601606 0.77548858
f 212/1081/212 211/1082/211 213/1083/213
vt 0.98601606 0.77548858
vt 0.60137898 0.84093369
vt 0.82914801 0.42551437
f 213/1084/213 209/1085/209 212/1086/212
vt 0.82914801 0.42551437
vt 0.60137898 0.84093369
vt 1.30163165 0.42694177
f 212/1087/212 209/1088/209 205/1089/205
vt 1.30163165 0.42694177
vt 1.46971226 0.11577514
vt 0.82914801 0.42551437
f 205/1090/205 207/1091/207 212/1092/212
vt 0.82914801 0.42551437
vt 0.46971226 0.11577514
vt 0.82694957 0.26828055
f 212/1093/212 207/1094/207 211/1095/211
vt 0.53231226 0.90990758
vt 0.16229223 0.57642269
vt 0.13925307 0.75567270
f 208/1096/208 204/1097/204 203/1098/203
vt 0.13925307 0.75567270
vt 0.60137898 0.84093369
vt 0.53231226 0.90990758
f 203/1099/203 209/1100/209 208/1101/208
vt 0.30163165 0.42694177
vt 0.60137898 0.84093369
vt 0.13925307 0.75567270
f 205/1102/205 209/1103/209 203/1104/203
vt 0.08328594 0.23397767
vt 0.30163165 0.42694177
vt 0.13925307 0.75567270
f 202/1105/202 205/1106/205 203/1107/203
vt 0.13925307 0.75567270
vt 0.16229223 0.57642269
vt 0.08328594 0.23397767
f 203/1108/203 204/1109/204 202/1110/202
g foliage_spray_014
usemtl foliage
s 1
v -0.96565082 0.17757492 0.72427229
v -0.95993115 0.17680203 0.97854835
v -0.93704058 -0.02894840 0.79654086
v -0.82386704 0.31437411 0.87105767
v -0.79110069 0.01741334 0.54016591
v -0.73970110 0.28549249 0.59360504
v -0.66914703 0.00923274 1.06569001
v -0.62681835 0.25011371 1.09725070
v -0.54833258 -0.07861966 0.79713397
v -0.50864915 0.28423490 0.87364587
v -0.45528655 0.10861000 0.70368880
v -0.35750579 0.09539700 0.98918549
vn -0.85423393 0.32701609 -0.40415945
vn -0.73432801 0.07845102 0.67424610
vn -0.52628541 -0.84603566 0.08513123
vn -0.25183774 0.96323474 0.09357668
vn -0.08711897 -0.47356806 -0.87643800
vn 0.07388364 0.73574942 -0.67321171
vn -0.09975639 -0.67882659 0.72749098
vn 0.05716116 0.55591042 0.82927450
vn 0.25381976 -0.96317119 -0.08875128
vn 0.46823053 0.88116337 -0.06566042
vn 0.73102014 0.04191988 -0.68106702
vn 0.87008666 -0.19709792 0.45177606
vt 0.44913523 0.05978133
vt 0.37774692 -0.03622065
vt 0.13531618 0.29452157
f 219/1111/219 218/1112/218 214/1113/214
vt 0.54712700 0.90786945
vt 0.71492485 0.42541565
vt 0.97996205 0.77043111
f 220/1114/220 222/1115/222 225/1116/225
vt 0.37774692 -0.03622065
vt 0.44913523 0.05978133
vt 0.84415545 0.25754389
f 218/1117/218 219/1118/219 224/1119/224
vt 0.97996205 0.77043111
vt 0.71492485 0.42541565
vt 0.84415545 0.25754389
f 225/1120/225 222/1121/222 224/1122/224
vt 0.71492485 0.42541565
vt 0.37774692 -0.03622065
vt 0.84415545 0.25754389
f 222/1123/222 218/1124/218 224/1125/224
vt 0.84415545 0.25754389
vt 0.77004072 0.56286724
vt 0.97996205 0.77043111
f 224/1126/224 223/1127/223 225/1128/225
vt 0.44913523 0.05978133
vt 0.77004072 0.56286724
vt 0.84415545 0.25754389
f 219/1129/219 223/1130/223 224/1131/224
vt 0.13531618 0.29452157
vt 0.37774692 -0.03622065
vt 0.17505262 0.42435013
f 214/1132/214 218/1133/218 216/1134/216
vt 1.17505262 0.42435013
vt 1.37774692 -0.03622065
vt 0.71492485 0.42541565
f 216/1135/216 218/1136/218 222/1137/222
vt 0.71492485 0.42541565
vt 0.54712700 0.90786945
vt 1.17505262 0.42435013
f 222/1138/222 220/1139/220 216/1140/216
vt 0.33223810 0.55821762
vt 0.44913523 0.05978133
vt 0.13531618 0.29452157
f 217/1141/217 219/1142/219 214/1143/214
vt 0.33223810 0.55821762
vt 0.77004072 0.56286724
vt 0.44913523 0.05978133
f 217/1144/217 223/1145/223 219/1146/219
vt 0.60591684 0.96456738
vt 0.54712700 0.90786945
vt 0.97996205 0.77043111
f 221/1147/221 220/1148/220 225/1149/225
vt 0.97996205 0.77043111
vt 0.77004072 0.56286724
vt 0.60591684 0.96456738
f 225/1150/225 223/1151/223 221/1152/221
vt 0.77004072 0.56286724
vt 0.33223810 0.55821762
vt 0.60591684 0.96456738
f 223/1153/223 217/1154/217 221/1155/221
vt 0.14326016 0.75132177
vt 0.17505262 0.42435013
vt 0.54712700 0.90786945
f 215/1156/215 216/1157/216 220/1158/220
vt 0.54712700 0.90786945
vt 0.60591684 0.96456738
vt 0.14326016 0.75132177
f 220/1159/220 221/1160/221 215/1161/215
vt 0.14326016 0.75132177
vt 0.60591684 0.96456738
vt 0.33223810 0.55821762
f 215/1162/215 221/1163/221 217/1164/217
vt 0.13531618 0.29452157
vt 0.17505262 0.42435013
vt 0.14326016 0.75132177
f 214/1165/214 216/1166/216 215/1167/215
vt 0.14326016 0.75132177
vt 0.33223810 0.55821762
vt 0.13531618 0.29452157
f 215/1168/215 217/1169/217 214/1170/214
g foliage_spray_015
usemtl foliage
s 1
v -0.97000000 0.11779146 0.92492190
v -0.95330677 0.12579659 1.20554140
v -0.93047850 0.33004881 1.12627587
v -0.88857188 -0.05932187 1.04969429
v -0.78672614 0.26630523 0.86576973
v -0.75822885 0.02826871 0.86641721
v -0.66460874 0.26956033 1.35367179
v -0.65160680 0.02000426 1.28714451
v -0.57823691 0.29407733 1.11590668
v -0.47762651 -0.07687036 1.04237467
v -0.46156490 0.14956237 0.95898790
v -0.40025635 0.15252540 1.21311556
vn -0.87254235 -0.03174056 -0.48750628
vn -0.73171671 -0.21048422 0.64829550
vn -0.44994565 0.89002734 0.07348643
vn -0.37076885 -0.92611857 0.06953310
vn 0.02192625 0.68242935 -0.73062263
vn 0.04802752 -0.45586280 -0.88875332
vn -0.00662559 0.48381785 0.87514364
vn 0.01197325 -0.65776931 0.75312427
vn 0.33690150 0.93714157 -0.09090135
vn 0.42219707 -0.89908429 -0.11574569
vn 0.65370287 0.24901247 -0.71460852
vn 0.87438907 0.07454244 0.47946551
vt 0.58934800 0.88710022
vt 0.83098730 0.41480565
vt 0.93844585 0.74425798
f 233/1171/233 235/1172/235 237/1173/237
vt 0.14713523 0.18817518
vt 0.40168226 0.07403838
vt 0.44126182 0.07528772
f 226/1174/226 230/1175/230 231/1176/231
vt 0.93844585 0.74425798
vt 0.83098730 0.41480565
vt 0.85329509 0.25390707
f 237/1177/237 235/1178/235 236/1179/236
vt 0.83098730 0.41480565
vt 0.44126182 0.07528772
vt 0.85329509 0.25390707
f 235/1180/235 231/1181/231 236/1182/236
vt 0.85329509 0.25390707
vt 0.44126182 0.07528772
vt 0.40168226 0.07403838
f 236/1183/236 231/1184/231 230/1185/230
vt 0.83098730 0.41480565
vt 0.58934800 0.88710022
vt 1.26022984 0.42892919
f 235/1186/235 233/1187/233 229/1188/229
vt 0.14713523 0.18817518
vt 0.44126182 0.07528772
vt 0.26022984 0.42892919
f 226/1189/226 231/1190/231 229/1191/229
vt 1.26022984 0.42892919
vt 1.44126182 0.07528772
vt 0.83098730 0.41480565
f 229/1192/229 231/1193/231 235/1194/235
vt 0.57128975 1.01546764
vt 0.58934800 0.88710022
vt 0.93844585 0.74425798
f 232/1195/232 233/1196/233 237/1197/237
vt 0.69125064 0.55668903
vt 0.57128975 1.01546764
vt 0.93844585 0.74425798
f 234/1198/234 232/1199/232 237/1200/237
vt 0.93844585 0.74425798
vt 0.85329509 0.25390707
vt 0.69125064 0.55668903
f 237/1201/237 236/1202/236 234/1203/234
vt 0.69125064 0.55668903
vt 0.85329509 0.25390707
vt 0.40168226 0.07403838
f 234/1204/234 236/1205/236 230/1206/230
vt 0.20202620 0.57669685
vt 0.40168226 0.07403838
vt 0.14713523 0.18817518
f 228/1207/228 230/1208/230 226/1209/226
vt 0.20202620 0.57669685
vt 0.69125064 0.55668903
vt 0.40168226 0.07403838
f 228/1210/228 234/1211/234 230/1212/230
vt 0.57128975 1.01546764
vt 0.69125064 0.55668903
vt 0.20202620 0.57669685
f 232/1213/232 234/1214/234 228/1215/228
vt 0.17032026 0.72964330
vt 0.26022984 0.42892919
vt 0.58934800 0.88710022
f 227/1216/227 229/1217/229 233/1218/233
vt 0.58934800 0.88710022
vt 0.57128975 1.01546764
vt 0.17032026 0.72964330
f 233/1219/233 232/1220/232 227/1221/227
vt 0.57128975 1.01546764
vt 0.20202620 0.57669685
vt 0.17032026 0.72964330
f 232/1222/232 228/1223/228 227/1224/227
vt 0.14713523 0.18817518
vt 0.26022984 0.42892919
vt 0.17032026 0.72964330
f 226/1225/226 229/1226/229 227/1227/227
vt 0.17032026 0.72964330
vt 0.20202620 0.57669685
vt 0.14713523 0.18817518
f 227/1228/227 228/1229/228 226/1230/226
g foliage_spray_016
usemtl foliage
s 1
v -0.63005820 -0.10714340 0.06420824
v -0.53905078 -0.32662415 0.15342587
v -0.53522417 -0.10951032 0.31682067
v -0.48385614 -0.17443335 0.00000000
v -0.47783159 0.05843230 0.23476922
v -0.42863420 -0.01831281 0.00000000
v -0.41283596 -0.24999849 0.00000000
v -0.37697316 0.01186995 0.00000000
v -0.34841575 0.01502655 0.00000000
v -0.32693532 -0.23601875 0.00000000
v -0.30056652 -0.02117573 0.00000000
v -0.26906766 -0.22623813 0.39643391
v -0.26798576 -0.01972066 0.41260643
v -0.24197465 -0.18089805 0.00000000
v -0.17060864 -0.27160219 0.16693827
v -0.08532001 0.10471956 0.24657012
v -0.06743947 -0.12118554 0.06521601
v 0.07820088 -0.12482050 0.36888271
vn -0.92940474 0.28189990 -0.23820007
vn -0.39769792 -0.90495084 0.15132859
vn -0.67852975 -0.04724468 0.73305206
vn -0.43312725 -0.27243580 -0.85917374
vn -0.39167482 0.90609931 0.15992145
vn -0.20833265 0.11952130 -0.97072765
vn 0.00143391 -0.55081171 -0.83462830
vn -0.39395727 0.73801879 -0.54783751
vn 0.15822346 0.80205022 -0.57591733
vn 0.31234136 -0.77231128 -0.55315292
vn 0.15455643 0.08396677 -0.98440941
vn -0.03405108 -0.67962425 0.73276967
vn -0.06871017 0.44571348 0.89253482
vn 0.32304524 -0.31706313 -0.89169095
vn 0.34606836 -0.93336427 -0.09522516
vn 0.35536023 0.93363909 -0.04513478
vn 0.72709085 0.08072443 -0.68177889
vn 0.82775009 -0.23192452 0.51092152
vt 1.04807513 0.80495609
vt 0.82096279 0.58522476
vt 0.56726035 0.88350459
f 255/1231/255 253/1232/253 250/1233/250
vt 1.27580780 0.56402477
vt 0.56726035 0.88350459
vt 0.82096279 0.58522476
f 242/1234/242 250/1235/250 253/1236/253
vt 1.04807513 0.80495609
vt 0.56726035 0.88350459
vt 0.56575772 0.85445108
f 255/1237/255 250/1238/250 249/1239/249
vt 1.45555204 0.14226809
vt 1.27580780 0.56402477
vt 0.82096279 0.58522476
f 246/1240/246 242/1241/242 253/1242/253
vt 0.84579687 0.25942693
vt 0.82096279 0.58522476
vt 1.04807513 0.80495609
f 254/1243/254 253/1244/253 255/1245/255
vt 0.84579687 0.25942693
vt 0.45555204 0.14226809
vt 0.82096279 0.58522476
f 254/1246/254 246/1247/246 253/1248/253
vt 0.26744038 0.14226809
vt 0.19078116 0.41789359
vt 0.06438195 0.25761649
f 241/1249/241 239/1250/239 238/1251/238
vt 1.04807513 0.80495609
vt 0.56575772 0.85445108
vt 0.70250636 0.44216827
f 255/1252/255 249/1253/249 252/1254/252
vt 0.70250636 0.44216827
vt 0.56575772 0.85445108
vt 1.19078116 0.41789359
f 252/1255/252 249/1256/249 239/1257/239
vt 0.70250636 0.44216827
vt 0.84579687 0.25942693
vt 1.04807513 0.80495609
f 252/1258/252 254/1259/254 255/1260/255
vt 0.60338689 0.14226809
vt 0.84579687 0.25942693
vt 0.70250636 0.44216827
f 251/1261/251 254/1262/254 252/1263/252
vt 0.56726035 0.88350459
vt 0.27580780 0.56402477
vt 0.19609589 0.71142801
f 250/1264/250 242/1265/242 240/1266/240
vt 0.19609589 0.71142801
vt 0.56575772 0.85445108
vt 0.56726035 0.88350459
f 240/1267/240 249/1268/249 250/1269/250
vt 0.19078116 0.41789359
vt 0.56575772 0.85445108
vt 0.19609589 0.71142801
f 239/1270/239 249/1271/249 240/1272/240
vt 0.06438195 0.25761649
vt 0.19078116 0.41789359
vt 0.19609589 0.71142801
f 238/1273/238 239/1274/239 240/1275/240
vt 0.19609589 0.71142801
vt 0.27580780 0.56402477
vt 0.06438195 0.25761649
f 240/1276/240 242/1277/242 238/1278/238
vt 0.06438195 0.25761649
vt 0.27580780 0.56402477
vt 0.41588896 0.14226809
f 238/1279/238 242/1280/242 245/1281/245
vt 0.27580780 0.56402477
vt 0.45555204 0.14226809
vt 0.41588896 0.14226809
f 242/1282/242 246/1283/246 245/1284/245
vt 0.52200930 0.14226809
vt 0.84579687 0.25942693
vt 0.60338689 0.14226809
f 248/1285/248 254/1286/254 251/1287/251
vt 0.45555204 0.14226809
vt 0.84579687 0.25942693
vt 0.52200930 0.14226809
f 246/1288/246 254/1289/254 248/1290/248
vt 0.60338689 0.14226809
vt 0.70250636 0.44216827
vt 0.48538597 0.14226809
f 251/1291/251 252/1292/252 247/1293/247
vt 0.34413752 0.14226809
vt 0.26744038 0.14226809
vt 0.06438195 0.25761649
f 243/1294/243 241/1295/241 238/1296/238
vt 0.06438195 0.25761649
vt 0.41588896 0.14226809
vt 0.34413752 0.14226809
f 238/1297/238 245/1298/245 243/1299/243
vt 0.19078116 0.41789359
vt 0.26744038 0.14226809
vt 0.36607952 0.14226809
f 239/1300/239 241/1301/241 244/1302/244
vt 1.36607952 0.14226809
vt 0.70250636 0.44216827
vt 1.19078116 0.41789359
f 244/1303/244 252/1304/252 239/1305/239
vt 0.36607952 0.14226809
vt 0.48538597 0.14226809
vt 0.70250636 0.44216827
f 244/1306/244 247/1307/247 252/1308/252
vt 0.36607952 0.14226809
vt 0.52200930 0.14226809
vt 0.60338689 0.14226809
f 244/1309/244 248/1310/248 251/1311/251
vt 0.36607952 0.14226809
vt 0.41588896 0.14226809
vt 0.45555204 0.14226809
f 244/1312/244 245/1313/245 246/1314/246
vt 0.60338689 0.14226809
vt 0.48538597 0.14226809
vt 0.36607952 0.14226809
f 251/1315/251 247/1316/247 244/1317/244
vt 0.45555204 0.14226809
vt 0.52200930 0.14226809
vt 0.36607952 0.14226809
f 246/1318/246 248/1319/248 244/1320/244
vt 0.26744038 0.14226809
vt 0.34413752 0.14226809
vt 0.36607952 0.14226809
f 241/1321/241 243/1322/243 244/1323/244
vt 0.36607952 0.14226809
vt 0.34413752 0.14226809
vt 0.41588896 0.14226809
f 244/1324/244 243/1325/243 245/1326/245
g foliage_spray_017
usemtl foliage
s 1
v -0.54043478 -0.06396875 0.28726711
v -0.53378605 -0.06500036 0.55091187
v -0.50254599 -0.26904252 0.36481791
v -0.43685467 0.14686470 0.45299760
v -0.35837767 -0.22635228 0.11407666
v -0.29496292 0.00919318 0.20993819
v -0.23750556 -0.24480360 0.64195258
v -0.18058728 0.01253256 0.69408365
v -0.14262616 -0.29624279 0.37074572
v -0.02337949 0.06509232 0.44935156
v -0.01001710 -0.14626736 0.51926410
v 0.02689380 -0.15199439 0.24428652
vn -0.82396530 0.28508072 -0.48970416
vn -0.73975613 -0.00970329 0.67280511
vn -0.51772592 -0.85295884 0.06649122
vn -0.24666162 0.96820897 0.04158647
vn -0.10599755 -0.47198659 -0.87521036
vn 0.07440760 0.68362623 -0.72602940
vn -0.06887262 -0.71157859 0.69922276
vn 0.11111487 0.43562716 0.89324266
vn 0.24050059 -0.96924208 -0.05224239
vn 0.54059088 0.83652901 -0.08933483
vn 0.81913709 -0.34144055 0.46090431
vn 0.73366618 -0.03869701 -0.67840731
vt 0.12284275 0.28662668
vt 0.26670401 0.58435711
vt 0.46377588 0.14770732
f 256/1327/256 259/1328/259 261/1329/261
vt 1.26670401 0.58435711
vt 0.62263094 1.01746180
vt 0.84097510 0.57780708
f 259/1330/259 263/1331/263 265/1332/265
vt 0.91079911 0.20941319
vt 0.46377588 0.14770732
vt 0.84097510 0.57780708
f 267/1333/267 261/1334/261 265/1335/265
vt 0.84097510 0.57780708
vt 1.46377588 0.14770732
vt 1.26670401 0.58435711
f 265/1336/265 261/1337/261 259/1338/259
vt 0.62263094 1.01746180
vt 0.54357778 0.92380971
vt 0.85953397 0.70340311
f 263/1339/263 262/1340/262 266/1341/266
vt 0.91079911 0.20941319
vt 0.84097510 0.57780708
vt 0.85953397 0.70340311
f 267/1342/267 265/1343/265 266/1344/266
vt 0.85953397 0.70340311
vt 0.84097510 0.57780708
vt 0.62263094 1.01746180
f 266/1345/266 265/1346/265 263/1347/263
vt 0.54357778 0.92380971
vt 0.17546607 0.42594463
vt 0.67535471 0.43659378
f 262/1348/262 258/1349/258 264/1350/264
vt 0.91079911 0.20941319
vt 0.85953397 0.70340311
vt 0.67535471 0.43659378
f 267/1351/267 266/1352/266 264/1353/264
vt 0.67535471 0.43659378
vt 0.85953397 0.70340311
vt 0.54357778 0.92380971
f 264/1354/264 266/1355/266 262/1356/262
vt 1.37569984 -0.02450537
vt 1.46377588 0.14770732
vt 0.91079911 0.20941319
f 260/1357/260 261/1358/261 267/1359/267
vt 0.91079911 0.20941319
vt 0.67535471 0.43659378
vt 1.37569984 -0.02450537
f 267/1360/267 264/1361/264 260/1362/260
vt 0.37569984 -0.02450537
vt 0.67535471 0.43659378
vt 0.17546607 0.42594463
f 260/1363/260 264/1364/264 258/1365/258
vt 0.12284275 0.28662668
vt 0.46377588 0.14770732
vt 0.37569984 -0.02450537
f 256/1366/256 261/1367/261 260/1368/260
vt 0.37569984 -0.02450537
vt 0.17546607 0.42594463
vt 0.12284275 0.28662668
f 260/1369/260 258/1370/258 256/1371/256
vt 0.13207710 0.76025748
vt 0.17546607 0.42594463
vt 0.54357778 0.92380971
f 257/1372/257 258/1373/258 262/1374/262
vt 0.13207710 0.76025748
vt 0.62263094 1.01746180
vt 0.26670401 0.58435711
f 257/1375/257 263/1376/263 259/1377/259
vt 0.13207710 0.76025748
vt 0.54357778 0.92380971
vt 0.62263094 1.01746180
f 257/1378/257 262/1379/262 263/1380/263
vt 0.13207710 0.76025748
vt 0.26670401 0.58435711
vt 0.12284275 0.28662668
f 257/1381/257 259/1382/259 256/1383/256
vt 0.12284275 0.28662668
vt 0.17546607 0.42594463
vt 0.13207710 0.76025748
f 256/1384/256 258/1385/258 257/1386/257
g foliage_spray_018
usemtl foliage
s 1
v -0.64147960 -0.22475482 0.55953366
v -0.54535750 -0.20619775 0.83610288
v -0.52076713 -0.02605192 0.74197691
v -0.41337260 -0.33440543 0.67449185
v -0.40294122 -0.04673331 0.47549186
v -0.33456396 -0.30532671 0.40442573
v -0.29078716 -0.05136061 0.93396900
v -0.21476105 -0.27655368 0.94038522
v -0.18981100 0.03995541 0.74241039
v -0.07713283 -0.30895078 0.66640011
v -0.04439818 -0.10948391 0.82308065
v 0.00279395 -0.10037312 0.53358307
vn -0.90093398 -0.19510582 -0.38762312
vn -0.64481354 -0.32561728 0.69151203
vn -0.54499963 0.82665945 0.14003414
vn -0.18334721 -0.97760223 0.10333289
vn -0.16138830 0.72249979 -0.67227068
vn 0.06206979 -0.56233533 -0.82457645
vn -0.08478169 0.51710852 0.85171054
vn 0.12663666 -0.67964554 0.72252689
vn 0.15844062 0.98736462 -0.00277170
vn 0.52861900 -0.84836033 -0.02909806
vn 0.82975222 0.18665169 0.52599658
vn 0.67693737 0.35801256 -0.64310404
vt 1.37040446 0.08588323
vt 0.66641866 0.56539529
vt 0.93392554 0.19024254
f 272/1387/272 276/1388/276 279/1389/279
vt 0.37040446 0.08588323
vt 0.46537288 -0.04178519
vt 0.03910117 0.23686209
f 272/1390/272 273/1391/273 268/1392/268
vt 0.93392554 0.19024254
vt 1.46537288 -0.04178519
vt 1.37040446 0.08588323
f 279/1393/279 273/1394/273 272/1395/272
vt 0.93392554 0.19024254
vt 0.66641866 0.56539529
vt 0.86838091 0.71031726
f 279/1396/279 276/1397/276 278/1398/278
vt 0.03910117 0.23686209
vt 0.46537288 -0.04178519
vt 0.35591644 0.44338144
f 268/1399/268 273/1400/273 271/1401/271
vt 0.35591644 0.44338144
vt 0.17260408 0.73371136
vt 0.03910117 0.23686209
f 271/1402/271 269/1403/269 268/1404/268
vt 0.63176582 0.92105181
vt 0.17260408 0.73371136
vt 0.35591644 0.44338144
f 275/1405/275 269/1406/269 271/1407/271
vt 0.82291611 0.42884484
vt 0.46537288 -0.04178519
vt 0.93392554 0.19024254
f 277/1408/277 273/1409/273 279/1410/279
vt 0.93392554 0.19024254
vt 0.86838091 0.71031726
vt 0.82291611 0.42884484
f 279/1411/279 278/1412/278 277/1413/277
vt 0.82291611 0.42884484
vt 0.86838091 0.71031726
vt 0.63176582 0.92105181
f 277/1414/277 278/1415/278 275/1416/275
vt 0.63176582 0.92105181
vt 0.35591644 0.44338144
vt 0.82291611 0.42884484
f 275/1417/275 271/1418/271 277/1419/277
vt 0.82291611 0.42884484
vt 0.35591644 0.44338144
vt 0.46537288 -0.04178519
f 277/1420/277 271/1421/271 273/1422/273
vt 0.52617399 0.90952524
vt 0.17260408 0.73371136
vt 0.63176582 0.92105181
f 274/1423/274 269/1424/269 275/1425/275
vt 0.52617399 0.90952524
vt 0.86838091 0.71031726
vt 0.66641866 0.56539529
f 274/1426/274 278/1427/278 276/1428/276
vt 0.63176582 0.92105181
vt 0.86838091 0.71031726
vt 0.52617399 0.90952524
f 275/1429/275 278/1430/278 274/1431/274
vt 0.17260408 0.73371136
vt 0.52617399 0.90952524
vt 0.20675737 0.56461655
f 269/1432/269 274/1433/274 270/1434/270
vt 0.20675737 0.56461655
vt 0.37040446 0.08588323
vt 0.03910117 0.23686209
f 270/1435/270 272/1436/272 268/1437/268
vt 0.03910117 0.23686209
vt 0.17260408 0.73371136
vt 0.20675737 0.56461655
f 268/1438/268 269/1439/269 270/1440/270
vt 0.66641866 0.56539529
vt 0.37040446 0.08588323
vt 0.20675737 0.56461655
f 276/1441/276 272/1442/272 270/1443/270
vt 0.20675737 0.56461655
vt 0.52617399 0.90952524
vt 0.66641866 0.56539529
f 270/1444/270 274/1445/274 276/1446/276
g foliage_spray_019
usemtl foliage
s 1
v -0.70797189 -0.13961897 1.01349425
v -0.63898060 -0.14387258 1.27361669
v -0.54663569 -0.30330003 1.11442613
v -0.53113287 0.01627353 1.17707577
v -0.43367860 -0.25065437 0.95097572
v -0.42163552 -0.05086011 0.96731103
v -0.33643471 -0.28303941 1.34511404
v -0.33027084 -0.06984072 1.33579636
v -0.21948926 -0.01857475 1.17401998
v -0.17767304 -0.40000000 1.09997174
v -0.07240809 -0.17880420 0.98924479
v -0.06243621 -0.17941901 1.27262723
vn -0.82881197 0.13395008 -0.54325693
vn -0.66766811 -0.06895862 0.74125840
vn -0.44274849 -0.89503642 0.05369900
vn -0.26661539 0.95793621 0.10618118
vn -0.08918305 -0.44884872 -0.88914634
vn 0.02879244 0.68548892 -0.72751353
vn -0.06936856 -0.63384668 0.77034174
vn 0.04135929 0.52031881 0.85296995
vn 0.37556063 0.92612124 -0.03540714
vn 0.25750979 -0.96115926 -0.09930551
vn 0.64133483 0.16928193 -0.74835370
vn 0.81007353 -0.02115480 0.58594655
vt 0.56284379 0.88714317
vt 0.78334611 0.41412993
vt 0.94339726 0.74727657
f 286/1447/286 289/1448/289 291/1449/291
vt 0.94339726 0.74727657
vt 0.78334611 0.41412993
vt 0.92954743 0.20047723
f 291/1450/291 289/1451/289 290/1452/290
vt 0.78334611 0.41412993
vt 0.56284379 0.88714317
vt 1.27089798 0.44202034
f 289/1453/289 286/1454/286 282/1455/282
vt 1.42778283 0.12663533
vt 0.92954743 0.20047723
vt 0.78334611 0.41412993
f 284/1456/284 290/1457/290 289/1458/289
vt 0.42778283 0.12663533
vt 0.27089798 0.44202034
vt 0.04681993 0.24726768
f 284/1459/284 282/1460/282 280/1461/280
vt 0.78334611 0.41412993
vt 1.27089798 0.44202034
vt 1.42778283 0.12663533
f 289/1462/289 282/1463/282 284/1464/284
vt 0.14264116 0.74918578
vt 0.29242968 0.56290567
vt 0.04681993 0.24726768
f 281/1465/281 283/1466/283 280/1467/280
vt 0.04681993 0.24726768
vt 0.27089798 0.44202034
vt 0.14264116 0.74918578
f 280/1468/280 282/1469/282 281/1470/281
vt 0.14264116 0.74918578
vt 0.27089798 0.44202034
vt 0.56284379 0.88714317
f 281/1471/281 282/1472/282 286/1473/286
vt 0.57140471 0.86916428
vt 0.56284379 0.88714317
vt 0.94339726 0.74727657
f 287/1474/287 286/1475/286 291/1476/291
vt 0.57140471 0.86916428
vt 0.14264116 0.74918578
vt 0.56284379 0.88714317
f 287/1477/287 281/1478/281 286/1479/286
vt 0.29242968 0.56290567
vt 0.14264116 0.74918578
vt 0.57140471 0.86916428
f 283/1480/283 281/1481/281 287/1482/287
vt 0.04681993 0.24726768
vt 0.29242968 0.56290567
vt 0.44450933 0.15815504
f 280/1483/280 283/1484/283 285/1485/285
vt 0.44450933 0.15815504
vt 0.42778283 0.12663533
vt 0.04681993 0.24726768
f 285/1486/285 284/1487/284 280/1488/280
vt 0.92954743 0.20047723
vt 1.42778283 0.12663533
vt 1.44450933 0.15815504
f 290/1489/290 284/1490/284 285/1491/285
vt 0.94339726 0.74727657
vt 0.92954743 0.20047723
vt 0.72526803 0.55700938
f 291/1492/291 290/1493/290 288/1494/288
vt 0.72526803 0.55700938
vt 0.57140471 0.86916428
vt 0.94339726 0.74727657
f 288/1495/288 287/1496/287 291/1497/291
vt 0.29242968 0.56290567
vt 0.57140471 0.86916428
vt 0.72526803 0.55700938
f 283/1498/283 287/1499/287 288/1500/288
vt 0.92954743 0.20047723
vt 0.44450933 0.15815504
vt 0.72526803 0.55700938
f 290/1501/290 285/1502/285 288/1503/288
vt 0.72526803 0.55700938
vt 0.44450933 0.15815504
vt 0.29242968 0.56290567
f 288/1504/288 285/1505/285 283/1506/283
g foliage_spray_020
usemtl foliage
s 1
v -0.63631614 0.13617678 0.05846474
v -0.59617196 0.13595345 0.35561150
v -0.52952381 0.08365106 -0.00000000
v -0.51957726 0.35211905 0.24569457
v -0.46860798 -0.02678549 0.16599283
v -0.40331450 -0.00631874 0.00000000
v -0.35680016 0.21492207 0.00000000
v -0.35536806 0.24028994 0.01061791
v -0.27426815 -0.02277719 0.00000000
v -0.26340619 0.03917918 0.37030269
v -0.24479691 0.26492899 0.48998900
v -0.14740110 0.08715095 0.00000000
v -0.10593497 -0.07148202 0.15700870
v -0.08780013 0.35271292 0.24632525
v -0.02519272 0.13277686 0.04863327
v -0.01535958 0.13272215 0.32546995
vn -0.92073955 0.04534173 -0.38753426
vn -0.66810392 -0.25805776 0.69788491
vn -0.15911348 0.06019738 -0.98542335
vn -0.37351685 0.92664486 0.04259650
vn -0.34577364 -0.92386456 0.16405753
vn -0.42226059 -0.81848587 -0.38958550
vn 0.05322813 0.11888312 -0.99148049
vn -0.02580286 0.77104721 -0.63625498
vn 0.04125857 -0.58218157 -0.81201130
vn 0.00574095 -0.71899544 0.69499108
vn 0.03229142 0.38224243 0.92349769
vn 0.31988949 -0.22442427 -0.92049142
vn 0.37487255 -0.92473031 0.06591225
vn 0.38707608 0.91585845 -0.10665557
vn 0.77534245 0.27313180 -0.56942349
vn 0.82807662 -0.19856851 0.52427059
vt 0.90494821 0.72522225
vt 0.80433633 0.58304091
vt 0.58628525 1.02077636
f 307/1507/307 305/1508/305 302/1509/302
vt 0.90494821 0.72522225
vt 0.58628525 1.02077636
vt 0.56043903 0.80576309
f 307/1510/307 302/1511/302 301/1512/301
vt 1.20464588 0.58190791
vt 0.58628525 1.02077636
vt 0.80433633 0.58304091
f 295/1513/295 302/1514/302 305/1515/305
vt 0.89129107 0.22789251
vt 0.80433633 0.58304091
vt 0.90494821 0.72522225
f 306/1516/306 305/1517/305 307/1518/307
vt 0.09826435 0.77937074
vt 0.56043903 0.80576309
vt 0.58628525 1.02077636
f 293/1519/293 301/1520/301 302/1521/302
vt 0.09826435 0.77937074
vt 0.20464588 0.58190791
vt 0.04250854 0.24555449
f 293/1522/293 295/1523/295 292/1524/292
vt 0.58628525 1.02077636
vt 0.20464588 0.58190791
vt 0.09826435 0.77937074
f 302/1525/302 295/1526/295 293/1527/293
vt 0.27543654 0.43872584
vt 0.09826435 0.77937074
vt 0.04250854 0.24555449
f 296/1528/296 293/1529/293 292/1530/292
vt 0.56043903 0.80576309
vt 0.09826435 0.77937074
vt 0.27543654 0.43872584
f 301/1531/301 293/1532/293 296/1533/296
vt 0.90494821 0.72522225
vt 0.56043903 0.80576309
vt 0.77914905 0.42258610
f 307/1534/307 301/1535/301 304/1536/304
vt 0.77914905 0.42258610
vt 0.89129107 0.22789251
vt 0.90494821 0.72522225
f 304/1537/304 306/1538/306 307/1539/307
vt 0.72155720 0.14052413
vt 0.89129107 0.22789251
vt 0.77914905 0.42258610
f 303/1540/303 306/1541/306 304/1542/304
vt 0.56043903 0.80576309
vt 1.27543654 0.43872584
vt 0.77914905 0.42258610
f 301/1543/301 296/1544/296 304/1545/304
vt 1.43271421 0.15959892
vt 1.20464588 0.58190791
vt 0.80433633 0.58304091
f 299/1546/299 295/1547/295 305/1548/305
vt 0.80433633 0.58304091
vt 0.89129107 0.22789251
vt 0.43271421 0.15959892
f 305/1549/305 306/1550/306 299/1551/299
vt 0.04250854 0.24555449
vt 0.20464588 0.58190791
vt 0.43271421 0.15959892
f 292/1552/292 295/1553/295 299/1554/299
vt 0.04250854 0.24555449
vt 0.43271421 0.15959892
vt 0.19083122 0.14052413
f 292/1555/292 299/1556/299 294/1557/294
vt 0.43072519 0.14052413
vt 0.89129107 0.22789251
vt 0.72155720 0.14052413
f 298/1558/298 306/1559/306 303/1560/303
vt 0.43072519 0.14052413
vt 0.43271421 0.15959892
vt 0.89129107 0.22789251
f 298/1561/298 299/1562/299 306/1563/306
vt 0.43072519 0.14052413
vt 0.19083122 0.14052413
vt 0.43271421 0.15959892
f 298/1564/298 294/1565/294 299/1566/299
vt 0.36612192 0.14052413
vt 0.27543654 0.43872584
vt 0.04250854 0.24555449
f 297/1567/297 296/1568/296 292/1569/292
vt 0.04250854 0.24555449
vt 0.19083122 0.14052413
vt 0.36612192 0.14052413
f 292/1570/292 294/1571/294 297/1572/297
vt 0.54535297 0.14052413
vt 0.77914905 0.42258610
vt 1.27543654 0.43872584
f 300/1573/300 304/1574/304 296/1575/296
vt 0.27543654 0.43872584
vt 0.36612192 0.14052413
vt 0.54535297 0.14052413
f 296/1576/296 297/1577/297 300/1578/300
vt 0.72155720 0.14052413
vt 0.77914905 0.42258610
vt 0.54535297 0.14052413
f 303/1579/303 304/1580/304 300/1581/300
vt 0.19083122 0.14052413
vt 0.43072519 0.14052413
vt 0.54535297 0.14052413
f 294/1582/294 298/1583/298 300/1584/300
vt 0.54535297 0.14052413
vt 0.43072519 0.14052413
vt 0.72155720 0.14052413
f 300/1585/300 298/1586/298 303/1587/303
vt 0.54535297 0.14052413
vt 0.36612192 0.14052413
vt 0.19083122 0.14052413
f 300/1588/300 297/1589/297 294/1590/294
g foliage_spray_021
usemtl foliage
s 1
v -0.56699346 0.16072892 0.71944767
v -0.51331593 0.16082023 0.43049247
v -0.45980171 -0.05711834 0.50017620
v -0.39755079 0.31523708 0.57853831
v -0.29722247 0.04759273 0.29456175
v -0.29333940 0.26531969 0.35936767
v -0.19751055 0.06112952 0.72579106
v -0.18933108 0.28028674 0.80936506
v -0.08743434 0.32061991 0.57956039
v -0.06684198 -0.01745974 0.50838400
v 0.05889617 0.16179359 0.38295454
v 0.13844636 0.16192891 0.71073815
vn -0.70742788 -0.09036456 0.70098505
vn -0.80751892 0.22994759 -0.54317336
vn -0.34278349 -0.93754507 0.05923442
vn -0.33811582 0.94102107 0.01253165
vn -0.03139449 -0.44147929 -0.89672204
vn -0.04647055 0.73187598 -0.67985148
vn 0.02330357 -0.70485178 0.70897173
vn 0.00428830 0.53622512 0.84406412
vn 0.29282175 0.95191984 -0.09002243
vn 0.34814899 -0.93542206 -0.06146420
vn 0.66049440 0.19438510 -0.72523208
vn 0.84294428 -0.10291389 0.52806598
vt 1.05210793 0.81146205
vt 1.20098535 0.41754667
vt 0.56527863 0.82285777
f 308/1591/308 310/1592/310 314/1593/314
vt 1.20098535 0.41754667
vt 1.42678985 0.04816576
vt 0.74676275 0.43229177
f 310/1594/310 312/1595/312 317/1596/317
vt 1.03188544 0.79581563
vt 0.56527863 0.82285777
vt 0.74676275 0.43229177
f 319/1597/319 314/1598/314 317/1599/317
vt 0.74676275 0.43229177
vt 0.56527863 0.82285777
vt 1.20098535 0.41754667
f 317/1600/317 314/1601/314 310/1602/310
vt 1.05210793 0.81146205
vt 0.56527863 0.82285777
vt 0.57663900 0.97299626
f 308/1603/308 314/1604/314 315/1605/315
vt 0.57663900 0.97299626
vt 0.56527863 0.82285777
vt 1.03188544 0.79581563
f 315/1606/315 314/1607/314 319/1608/319
vt 0.12666005 0.29236169
vt 0.43218301 0.16458788
vt 0.42678985 0.04816576
f 309/1609/309 313/1610/313 312/1611/312
vt 0.12666005 0.29236169
vt 0.20098535 0.41754667
vt 0.05210793 0.81146205
f 309/1612/309 310/1613/310 308/1614/308
vt 0.12666005 0.29236169
vt 0.42678985 0.04816576
vt 0.20098535 0.41754667
f 309/1615/309 312/1616/312 310/1617/310
vt 0.42678985 0.04816576
vt 0.43218301 0.16458788
vt 0.92139906 0.20696107
f 312/1618/312 313/1619/313 318/1620/318
vt 1.03188544 0.79581563
vt 0.74676275 0.43229177
vt 0.92139906 0.20696107
f 319/1621/319 317/1622/317 318/1623/318
vt 0.92139906 0.20696107
vt 0.74676275 0.43229177
vt 0.42678985 0.04816576
f 318/1624/318 317/1625/317 312/1626/312
vt 1.05210793 0.81146205
vt 0.57663900 0.97299626
vt 1.28744496 0.55832212
f 308/1627/308 315/1628/315 311/1629/311
vt 0.28744496 0.55832212
vt 0.12666005 0.29236169
vt 0.05210793 0.81146205
f 311/1630/311 309/1631/309 308/1632/308
vt 0.43218301 0.16458788
vt 0.12666005 0.29236169
vt 0.28744496 0.55832212
f 313/1633/313 309/1634/309 311/1635/311
vt 0.71816225 0.56015827
vt 0.92139906 0.20696107
vt 0.43218301 0.16458788
f 316/1636/316 318/1637/318 313/1638/313
vt 0.43218301 0.16458788
vt 0.28744496 0.55832212
vt 0.71816225 0.56015827
f 313/1639/313 311/1640/311 316/1641/316
vt 0.71816225 0.56015827
vt 0.28744496 0.55832212
vt 0.57663900 0.97299626
f 316/1642/316 311/1643/311 315/1644/315
vt 0.71816225 0.56015827
vt 0.57663900 0.97299626
vt 1.03188544 0.79581563
f 316/1645/316 315/1646/315 319/1647/319
vt 1.03188544 0.79581563
vt 0.92139906 0.20696107
vt 0.71816225 0.56015827
f 319/1648/319 318/1649/318 316/1650/316
g foliage_spray_022
usemtl foliage
s 1
v -0.72436496 0.11145090 0.95049660
v -0.71786931 0.11190719 0.65774398
v -0.61893736 0.30245909 0.82479239
v -0.58170730 -0.06182340 0.74783025
v -0.47347468 0.22392356 0.61680886
v -0.46435684 0.00735146 0.51631122
v -0.37024798 0.27354677 1.08902531
v -0.36844755 0.04502899 0.94962943
v -0.24869808 0.33902471 0.82700708
v -0.20626101 -0.04940899 0.74490214
v -0.10573475 0.15490692 0.61672498
v -0.02843424 0.16033693 0.95524120
vn -0.66852399 -0.27708641 0.69014404
vn -0.83639163 0.07398413 -0.54311637
vn -0.42848108 0.90354824 -0.00213272
vn -0.27857647 -0.95490571 0.10271431
vn -0.08822356 0.70431562 -0.70438350
vn -0.01851746 -0.44926075 -0.89320876
vn -0.04175769 0.44648374 0.89381685
vn 0.04202484 -0.72497971 0.68748696
vn 0.23937440 0.96262804 -0.12667734
vn 0.38187865 -0.92380385 -0.02747984
vn 0.62613194 0.25752810 -0.73596064
vn 0.83485053 -0.09629247 0.54198925
vt 1.04383507 0.80353589
vt 0.73791306 0.57316670
vt 0.56909376 1.04387550
f 331/1651/331 328/1652/328 326/1653/326
vt 0.07726462 0.79501234
vt 0.56909376 1.04387550
vt 0.22369184 0.56918807
f 320/1654/320 326/1655/326 322/1656/322
vt 1.22369184 0.56918807
vt 0.56909376 1.04387550
vt 0.73791306 0.57316670
f 322/1657/322 326/1658/326 328/1659/328
vt 0.93647324 0.19540049
vt 0.73791306 0.57316670
vt 1.04383507 0.80353589
f 330/1660/330 328/1661/328 331/1662/331
vt 1.04383507 0.80353589
vt 0.79685344 0.42566735
vt 0.93647324 0.19540049
f 331/1663/331 329/1664/329 330/1665/330
vt 0.93647324 0.19540049
vt 0.79685344 0.42566735
vt 0.43838701 0.01500983
f 330/1666/330 329/1667/329 325/1668/325
vt 0.57159436 0.79345449
vt 0.79685344 0.42566735
vt 1.04383507 0.80353589
f 327/1669/327 329/1670/329 331/1671/331
vt 0.57159436 0.79345449
vt 0.56909376 1.04387550
vt 0.07726462 0.79501234
f 327/1672/327 326/1673/326 320/1674/320
vt 1.04383507 0.80353589
vt 0.56909376 1.04387550
vt 0.57159436 0.79345449
f 331/1675/331 326/1676/326 327/1677/327
vt 1.43838701 0.01500983
vt 0.79685344 0.42566735
vt 1.27540026 0.43092762
f 325/1678/325 329/1679/329 323/1680/323
vt 0.27540026 0.43092762
vt 0.57159436 0.79345449
vt 0.07726462 0.79501234
f 323/1681/323 327/1682/327 320/1683/320
vt 0.79685344 0.42566735
vt 0.57159436 0.79345449
vt 1.27540026 0.43092762
f 329/1684/329 327/1685/327 323/1686/323
vt 0.07726462 0.79501234
vt 0.22369184 0.56918807
vt 0.08628635 0.26909003
f 320/1687/320 322/1688/322 321/1689/321
vt 0.08628635 0.26909003
vt 0.27540026 0.43092762
vt 0.07726462 0.79501234
f 321/1690/321 323/1691/323 320/1692/320
vt 0.43838701 0.01500983
vt 0.27540026 0.43092762
vt 0.08628635 0.26909003
f 325/1693/325 323/1694/323 321/1695/321
vt 1.42572334 0.19555117
vt 0.93647324 0.19540049
vt 1.43838701 0.01500983
f 324/1696/324 330/1697/330 325/1698/325
vt 0.43838701 0.01500983
vt 0.08628635 0.26909003
vt 0.42572334 0.19555117
f 325/1699/325 321/1700/321 324/1701/324
vt 0.42572334 0.19555117
vt 0.08628635 0.26909003
vt 0.22369184 0.56918807
f 324/1702/324 321/1703/321 322/1704/322
vt 1.42572334 0.19555117
vt 1.22369184 0.56918807
vt 0.73791306 0.57316670
f 324/1705/324 322/1706/322 328/1707/328
vt 0.73791306 0.57316670
vt 0.93647324 0.19540049
vt 1.42572334 0.19555117
f 328/1708/328 330/1709/330 324/1710/324
g foliage_spray_023
usemtl foliage
s 1
v -0.63056326 0.14306264 1.30190116
v -0.62308004 0.14330367 1.02174701
v -0.49660816 0.32143446 1.17866367
v -0.45561731 0.00100432 1.11565027
v -0.37119763 0.25822779 0.96639446
v -0.35607872 0.05750320 0.95012280
v -0.27500592 0.25343088 1.34833029
v -0.24847347 0.02257670 1.36609750
v -0.12317209 -0.02740647 1.10798911
v -0.12063979 0.36739302 1.18529287
v -0.02437351 0.16258716 0.99824875
v 0.01363443 0.16381134 1.27683153
vn -0.67841468 -0.16659225 0.71554213
vn -0.80775471 0.00926436 -0.58944592
vn -0.38983255 0.91764541 0.07718478
vn -0.31531733 -0.94898625 -0.00026173
vn -0.05622256 0.64416694 -0.76281582
vn -0.03086246 -0.49088951 -0.87067502
vn -0.00604609 0.49676344 0.86786492
vn 0.02524458 -0.68273073 0.73023384
vn 0.35393471 -0.92627690 -0.12938827
vn 0.29360733 0.95422560 -0.05699327
vn 0.63019652 0.13591690 -0.76444682
vn 0.83305780 -0.04862329 0.55104490
vt 0.90571635 0.21765624
vt 0.77201318 0.57856639
vt 0.95850515 0.75519440
f 342/1711/342 341/1712/341 343/1713/343
vt 0.95850515 0.75519440
vt 0.77201318 0.57856639
vt 0.55761578 0.89315451
f 343/1714/343 341/1715/341 338/1716/338
vt 0.76849610 0.42940525
vt 0.90571635 0.21765624
vt 0.95850515 0.75519440
f 340/1717/340 342/1718/342 343/1719/343
vt 0.44501467 0.12479502
vt 0.90571635 0.21765624
vt 0.76849610 0.42940525
f 337/1720/337 342/1721/342 340/1722/340
vt 0.77201318 0.57856639
vt 0.90571635 0.21765624
vt 0.42401618 0.15619194
f 341/1723/341 342/1724/342 336/1725/336
vt 0.42401618 0.15619194
vt 0.90571635 0.21765624
vt 0.44501467 0.12479502
f 336/1726/336 342/1727/342 337/1728/337
vt 0.59446640 0.92743717
vt 0.55761578 0.89315451
vt 1.06378614 0.80356740
f 339/1729/339 338/1730/338 332/1731/332
vt 0.95850515 0.75519440
vt 0.55761578 0.89315451
vt 0.59446640 0.92743717
f 343/1732/343 338/1733/338 339/1734/339
vt 0.59446640 0.92743717
vt 0.76849610 0.42940525
vt 0.95850515 0.75519440
f 339/1735/339 340/1736/340 343/1737/343
vt 0.44501467 0.12479502
vt 0.76849610 0.42940525
vt 0.30676663 0.44418782
f 337/1738/337 340/1739/340 335/1740/335
vt 1.30676663 0.44418782
vt 0.59446640 0.92743717
vt 1.06378614 0.80356740
f 335/1741/335 339/1742/339 332/1743/332
vt 0.76849610 0.42940525
vt 0.59446640 0.92743717
vt 0.30676663 0.44418782
f 340/1744/340 339/1745/339 335/1746/335
vt 0.77201318 0.57856639
vt 1.42401618 0.15619194
vt 1.24983489 0.56577504
f 341/1747/341 336/1748/336 334/1749/334
vt 0.06378614 0.80356740
vt 0.55761578 0.89315451
vt 0.24983489 0.56577504
f 332/1750/332 338/1751/338 334/1752/334
vt 1.24983489 0.56577504
vt 0.55761578 0.89315451
vt 0.77201318 0.57856639
f 334/1753/334 338/1754/338 341/1755/341
vt 0.07417951 0.26299719
vt 0.42401618 0.15619194
vt 0.44501467 0.12479502
f 333/1756/333 336/1757/336 337/1758/337
vt 0.07417951 0.26299719
vt 0.30676663 0.44418782
vt 0.06378614 0.80356740
f 333/1759/333 335/1760/335 332/1761/332
vt 0.44501467 0.12479502
vt 0.30676663 0.44418782
vt 0.07417951 0.26299719
f 337/1762/337 335/1763/335 333/1764/333
vt 0.06378614 0.80356740
vt 0.24983489 0.56577504
vt 0.07417951 0.26299719
f 332/1765/332 334/1766/334 333/1767/333
vt 0.07417951 0.26299719
vt 0.24983489 0.56577504
vt 0.42401618 0.15619194
f 333/1768/333 334/1769/334 336/1770/336
g foliage_spray_024
usemtl foliage
s 1
v -0.32829205 -0.06319451 0.03437730
v -0.21160082 -0.07932893 0.33751122
v -0.20536456 -0.29700423 0.15231881
v -0.18854988 -0.02496258 0.00000000
v -0.08246951 0.06931525 0.23191927
v -0.05168529 -0.18291587 0.00000000
v -0.01999054 -0.20197423 0.00000000
v -0.00846625 -0.20266673 0.00000000
v -0.00650046 0.03617087 0.00000000
v 0.00610039 -0.19568548 0.00000000
v 0.05454936 0.03305390 0.00000000
v 0.08141880 -0.25774112 0.44126474
v 0.12787919 0.00069141 0.47464554
v 0.13013832 -0.04740059 0.00000000
v 0.19151030 -0.32477583 0.15794709
v 0.27541189 0.05188310 0.23857507
v 0.28960053 -0.14862799 0.06436254
v 0.36222799 -0.15866990 0.33535507
vn -0.89420654 0.34803216 -0.28154622
vn -0.70250621 0.06624545 0.70858773
vn -0.48056289 -0.87621522 0.03614145
vn -0.09459472 0.01950938 -0.99532468
vn -0.23395399 0.96308361 0.13317466
vn -0.28403905 -0.43207500 -0.85593984
vn -0.07830860 -0.79553948 -0.60082002
vn 0.16002672 -0.66392389 -0.73047691
vn -0.20607136 0.74515151 -0.63425847
vn 0.14786331 -0.24167029 -0.95902654
vn 0.17775243 0.85274542 -0.49115102
vn -0.08294636 -0.68721481 0.72170333
vn 0.06003480 0.52712949 0.84766168
vn 0.46162800 0.30171290 -0.83418758
vn 0.26375805 -0.95096901 -0.16152284
vn 0.50935908 0.85853698 -0.05888625
vn 0.74237872 -0.13572404 -0.65608903
vn 0.86623798 -0.26091493 0.42609291
vt 0.54975709 0.93819837
vt 0.70266196 0.42922573
vt 0.93976985 0.74793446
f 355/1771/355 358/1772/358 361/1773/361
vt 0.93976985 0.74793446
vt 0.61428541 0.99816609
vt 0.54975709 0.93819837
f 361/1774/361 356/1775/356 355/1776/355
vt 0.93976985 0.74793446
vt 0.70266196 0.42922573
vt 0.83889838 0.26110356
f 361/1777/361 358/1778/358 360/1779/360
vt 0.81919194 0.57407176
vt 0.61428541 0.99816609
vt 0.93976985 0.74793446
f 359/1780/359 356/1781/356 361/1782/361
vt 0.93976985 0.74793446
vt 0.83889838 0.26110356
vt 0.81919194 0.57407176
f 361/1783/361 360/1784/360 359/1785/359
vt 0.81919194 0.57407176
vt 0.32213444 0.56211479
vt 0.61428541 0.99816609
f 359/1786/359 348/1787/348 356/1788/356
vt 0.51243842 0.14547797
vt 0.32213444 0.56211479
vt 0.81919194 0.57407176
f 354/1789/354 348/1790/348 359/1791/359
vt 0.70266196 0.42922573
vt 0.54975709 0.93819837
vt 1.15144687 0.41911468
f 358/1792/358 355/1793/355 346/1794/346
vt 0.14278540 0.75180792
vt 0.54975709 0.93819837
vt 0.61428541 0.99816609
f 345/1795/345 355/1796/355 356/1797/356
vt 0.14278540 0.75180792
vt 0.32213444 0.56211479
vt -0.01928576 0.20723588
f 345/1798/345 348/1799/348 344/1800/344
vt 0.61428541 0.99816609
vt 0.32213444 0.56211479
vt 0.14278540 0.75180792
f 356/1801/356 348/1802/348 345/1803/345
vt -0.01928576 0.20723588
vt 0.15144687 0.41911468
vt 0.14278540 0.75180792
f 344/1804/344 346/1805/346 345/1806/345
vt 0.14278540 0.75180792
vt 0.15144687 0.41911468
vt 0.54975709 0.93819837
f 345/1807/345 346/1808/346 355/1809/355
vt 0.51243842 0.14547797
vt 0.81919194 0.57407176
vt 0.61742310 0.14547797
f 354/1810/354 359/1811/359 357/1812/357
vt 0.61742310 0.14547797
vt 0.81919194 0.57407176
vt 0.83889838 0.26110356
f 357/1813/357 359/1814/359 360/1815/360
vt 0.36489030 0.14547797
vt 0.15144687 0.41911468
vt -0.01928576 0.20723588
f 349/1816/349 346/1817/346 344/1818/344
vt -0.01928576 0.20723588
vt 0.17480059 0.14547797
vt 0.36489030 0.14547797
f 344/1819/344 347/1820/347 349/1821/349
vt 0.40891078 0.14547797
vt 0.42491674 0.14547797
vt 0.70266196 0.42922573
f 350/1822/350 351/1823/351 358/1824/358
vt 0.70266196 0.42922573
vt 1.15144687 0.41911468
vt 1.40891078 0.14547797
f 358/1825/358 346/1826/346 350/1827/350
vt 0.15144687 0.41911468
vt 0.36489030 0.14547797
vt 0.40891078 0.14547797
f 346/1828/346 349/1829/349 350/1830/350
vt 0.42764701 0.14547797
vt 0.32213444 0.56211479
vt 0.51243842 0.14547797
f 352/1831/352 348/1832/348 354/1833/354
vt -0.01928576 0.20723588
vt 0.32213444 0.56211479
vt 0.42764701 0.14547797
f 344/1834/344 348/1835/348 352/1836/352
vt 0.42764701 0.14547797
vt 0.17480059 0.14547797
vt -0.01928576 0.20723588
f 352/1837/352 347/1838/347 344/1839/344
vt 0.44514819 0.14547797
vt 0.61742310 0.14547797
vt 0.83889838 0.26110356
f 353/1840/353 357/1841/357 360/1842/360
vt 0.70266196 0.42922573
vt 0.42491674 0.14547797
vt 0.44514819 0.14547797
f 358/1843/358 351/1844/351 353/1845/353
vt 0.44514819 0.14547797
vt 0.83889838 0.26110356
vt 0.70266196 0.42922573
f 353/1846/353 360/1847/360 358/1848/358
vt 0.51243842 0.14547797
vt 0.61742310 0.14547797
vt 0.44514819 0.14547797
f 354/1849/354 357/1850/357 353/1851/353
vt 0.42491674 0.14547797
vt 0.40891078 0.14547797
vt 0.44514819 0.14547797
f 351/1852/351 350/1853/350 353/1854/353
vt 0.44514819 0.14547797
vt 0.42764701 0.14547797
vt 0.51243842 0.14547797
f 353/1855/353 352/1856/352 354/1857/354
vt 0.44514819 0.14547797
vt 0.36489030 0.14547797
vt 0.17480059 0.14547797
f 353/1858/353 349/1859/349 347/1860/347
vt 0.44514819 0.14547797
vt 0.40891078 0.14547797
vt 0.36489030 0.14547797
f 353/1861/353 350/1862/350 349/1863/349
vt 0.17480059 0.14547797
vt 0.42764701 0.14547797
vt 0.44514819 0.14547797
f 347/1864/347 352/1865/352 353/1866/353
g foliage_spray_025
usemtl foliage
s 1
v -0.46651655 -0.15541722 0.30317154
v -0.30789700 -0.14159287 0.58580964
v -0.27542485 0.03119022 0.50245419
v -0.27097588 -0.35259346 0.42202185
v -0.16168933 -0.00284288 0.24215717
v -0.12209115 -0.22693699 0.24327765
v -0.05343343 -0.01723561 0.69187943
v -0.02929894 -0.21729230 0.64517145
v 0.04180420 0.04059380 0.49863447
v 0.12192738 -0.29424084 0.42706955
v 0.13681776 -0.10283414 0.34541416
v 0.29812160 -0.08877584 0.63374804
vn -0.88726535 0.01448115 -0.46103199
vn -0.63076460 -0.18462319 0.75369111
vn -0.42389213 0.89283944 0.15216173
vn -0.25821947 -0.95954843 0.11220300
vn -0.01581917 0.70852308 -0.70551031
vn 0.09466347 -0.45902764 -0.88336428
vn -0.08447960 0.49507632 0.86473269
vn 0.02619770 -0.66472087 0.74663233
vn 0.25356088 0.96423716 -0.07715940
vn 0.45654340 -0.88200993 -0.11673304
vn 0.64476689 0.25767018 -0.71964000
vn 0.86709249 0.07139851 0.49300393
vt 0.45247125 0.09831895
vt 0.24568689 0.41942816
vt -0.02589737 0.20591673
f 367/1867/367 365/1868/365 362/1869/362
vt 0.68010368 0.55706070
vt 0.54782919 0.90422015
vt 1.03610007 0.79978865
f 370/1870/370 368/1871/368 373/1872/373
vt -0.02589737 0.20591673
vt 0.24568689 0.41942816
vt 0.19440756 0.71366859
f 362/1873/362 365/1874/365 363/1875/363
vt 1.03610007 0.79978865
vt 0.54782919 0.90422015
vt 0.58134931 0.82031049
f 373/1876/373 368/1877/368 369/1878/369
vt 0.58134931 0.82031049
vt 0.19440756 0.71366859
vt 0.24568689 0.41942816
f 369/1879/369 363/1880/363 365/1881/365
vt 0.54782919 0.90422015
vt 0.19440756 0.71366859
vt 0.58134931 0.82031049
f 368/1882/368 363/1883/363 369/1884/369
vt 1.24568689 0.41942816
vt 1.45247125 0.09831895
vt 0.79138588 0.42849622
f 365/1885/365 367/1886/367 371/1887/371
vt 1.03610007 0.79978865
vt 0.58134931 0.82031049
vt 0.79138588 0.42849622
f 373/1888/373 369/1889/369 371/1890/371
vt 0.79138588 0.42849622
vt 0.58134931 0.82031049
vt 1.24568689 0.41942816
f 371/1891/371 369/1892/369 365/1893/365
vt 0.54782919 0.90422015
vt 0.68010368 0.55706070
vt 0.23950777 0.56392273
f 368/1894/368 370/1895/370 364/1896/364
vt -0.02589737 0.20591673
vt 0.19440756 0.71366859
vt 0.23950777 0.56392273
f 362/1897/362 363/1898/363 364/1899/364
vt 0.23950777 0.56392273
vt 0.19440756 0.71366859
vt 0.54782919 0.90422015
f 364/1900/364 363/1901/363 368/1902/368
vt 0.81206695 0.28180448
vt 0.68010368 0.55706070
vt 1.03610007 0.79978865
f 372/1903/372 370/1904/370 373/1905/373
vt 1.03610007 0.79978865
vt 0.79138588 0.42849622
vt 0.81206695 0.28180448
f 373/1906/373 371/1907/371 372/1908/372
vt 0.81206695 0.28180448
vt 0.79138588 0.42849622
vt 0.45247125 0.09831895
f 372/1909/372 371/1910/371 367/1911/367
vt 0.68010368 0.55706070
vt 0.81206695 0.28180448
vt 0.39747377 0.09630603
f 370/1912/370 372/1913/372 366/1914/366
vt -0.02589737 0.20591673
vt 0.23950777 0.56392273
vt 0.39747377 0.09630603
f 362/1915/362 364/1916/364 366/1917/366
vt 0.39747377 0.09630603
vt 0.23950777 0.56392273
vt 0.68010368 0.55706070
f 366/1918/366 364/1919/364 370/1920/370
vt 0.39747377 0.09630603
vt 0.45247125 0.09831895
vt -0.02589737 0.20591673
f 366/1921/366 367/1922/367 362/1923/362
vt 0.39747377 0.09630603
vt 0.81206695 0.28180448
vt 0.45247125 0.09831895
f 366/1924/366 372/1925/372 367/1926/367
g foliage_spray_026
usemtl foliage
s 1
v -0.39436493 -0.05261226 0.56592317
v -0.26451534 -0.07603121 0.87991346
v -0.23265767 -0.27236784 0.69798333
v -0.11233202 0.05042616 0.76885872
v -0.07794569 -0.21466078 0.51002575
v -0.02736961 -0.00560557 0.53882634
v 0.01439759 -0.22517541 0.91040743
v 0.06643332 -0.03270910 0.96009963
v 0.12454363 -0.33218207 0.69893149
v 0.24065510 -0.16714095 0.60202143
v 0.27215409 0.05934060 0.78495933
v 0.34667595 -0.18626229 0.89194869
vn -0.79003684 0.36356519 -0.49362146
vn -0.65047856 0.05361290 0.75763006
vn -0.48684405 -0.86737551 0.10316292
vn -0.18904944 0.97513715 0.11561940
vn -0.04808210 -0.48358966 -0.87397320
vn 0.11890365 0.67899631 -0.72444871
vn -0.12950680 -0.67147018 0.72962715
vn 0.02642671 0.44745485 0.89391599
vn 0.17221576 -0.98153196 -0.08328711
vn 0.66203149 -0.07967174 -0.74522930
vn 0.48831945 0.86945000 -0.07483854
vn 0.75497816 -0.38814058 0.52854032
vt 1.46903136 0.14363611
vt 1.39878680 0.09189661
vt 0.95931563 0.19231485
f 379/1927/379 378/1928/378 374/1929/374
vt -0.04068437 0.19231485
vt 0.13966229 0.75639006
vt 0.35102802 0.55688317
f 374/1930/374 375/1931/375 377/1932/377
vt 1.35102802 0.55688317
vt 1.46903136 0.14363611
vt 0.95931563 0.19231485
f 377/1933/377 379/1934/379 374/1935/374
vt 0.88503649 0.58580749
vt 1.46903136 0.14363611
vt 1.35102802 0.55688317
f 384/1936/384 379/1937/379 377/1938/377
vt 0.98853909 0.77801104
vt 0.88503649 0.58580749
vt 0.59931320 0.90044238
f 385/1939/385 384/1940/384 381/1941/381
vt 0.88503649 0.58580749
vt 1.35102802 0.55688317
vt 0.59931320 0.90044238
f 384/1942/384 377/1943/377 381/1944/381
vt 0.59931320 0.90044238
vt 0.35102802 0.55688317
vt 0.13966229 0.75639006
f 381/1945/381 377/1946/377 375/1947/375
vt -0.04068437 0.19231485
vt 0.39878680 0.09189661
vt 0.18390905 0.42955741
f 374/1948/374 378/1949/378 376/1950/376
vt 0.18390905 0.42955741
vt 0.13966229 0.75639006
vt -0.04068437 0.19231485
f 376/1951/376 375/1952/375 374/1953/374
vt 0.84128790 0.25716440
vt 0.46903136 0.14363611
vt 0.88503649 0.58580749
f 383/1954/383 379/1955/379 384/1956/384
vt 0.39878680 0.09189661
vt 0.46903136 0.14363611
vt 0.84128790 0.25716440
f 378/1957/378 379/1958/379 383/1959/383
vt 0.84128790 0.25716440
vt 0.88503649 0.58580749
vt 0.98853909 0.77801104
f 383/1960/383 384/1961/384 385/1962/385
vt 0.13966229 0.75639006
vt 0.18390905 0.42955741
vt 0.52704136 0.81117167
f 375/1963/375 376/1964/376 380/1965/380
vt 0.98853909 0.77801104
vt 0.59931320 0.90044238
vt 0.52704136 0.81117167
f 385/1966/385 381/1967/381 380/1968/380
vt 0.52704136 0.81117167
vt 0.59931320 0.90044238
vt 0.13966229 0.75639006
f 380/1969/380 381/1970/381 375/1971/375
vt 0.68002197 0.43126076
vt 0.18390905 0.42955741
vt 0.39878680 0.09189661
f 382/1972/382 376/1973/376 378/1974/378
vt 0.39878680 0.09189661
vt 0.84128790 0.25716440
vt 0.68002197 0.43126076
f 378/1975/378 383/1976/383 382/1977/382
vt 0.68002197 0.43126076
vt 0.84128790 0.25716440
vt 0.98853909 0.77801104
f 382/1978/382 383/1979/383 385/1980/385
vt 0.98853909 0.77801104
vt 0.52704136 0.81117167
vt 0.68002197 0.43126076
f 385/1981/385 380/1982/380 382/1983/382
vt 0.68002197 0.43126076
vt 0.52704136 0.81117167
vt 0.18390905 0.42955741
f 382/1984/382 380/1985/380 376/1986/376
g foliage_spray_027
usemtl foliage
s 1
v -0.42181050 -0.21493471 0.91224811
v -0.32843979 0.02502531 1.10295207
v -0.29613489 -0.18994372 1.18174786
v -0.18794163 -0.35929790 1.02436311
v -0.14567499 -0.04124645 0.86788301
v -0.08324816 -0.27852055 0.79827298
v -0.04385399 -0.03873979 1.26332802
v 0.02290505 -0.24423923 1.25192427
v 0.04137210 0.03113543 1.09009832
v 0.14362207 -0.10249667 0.95543661
v 0.21585838 -0.08813226 1.17470616
v 0.22093951 -0.32054226 1.01625154
vn -0.85655095 -0.17481263 -0.48555228
vn -0.51479234 0.84598033 0.13894651
vn -0.56813423 -0.32964233 0.75402880
vn -0.18478502 -0.97403351 0.13081749
vn -0.06948893 0.67865884 -0.73115899
vn 0.10894157 -0.39522822 -0.91209999
vn -0.04976891 0.45597870 0.88859804
vn 0.11145076 -0.60570277 0.78784699
vn 0.21876254 0.97259342 -0.07877180
vn 0.59983138 0.42121172 -0.68028156
vn 0.81996313 0.29795716 0.48875556
vn 0.59728091 -0.79644459 -0.09450671
vt 1.12857564 0.58143430
vt 0.52383369 0.89088701
vt 0.64220326 0.55663242
f 387/1987/387 392/1988/392 394/1989/394
vt 0.64220326 0.55663242
vt 0.52383369 0.89088701
vt 0.88454532 0.71988708
f 394/1990/394 392/1991/392 396/1992/396
vt 0.88454532 0.71988708
vt 0.61655457 0.86888295
vt 0.89160244 0.41414168
f 396/1993/396 393/1994/393 397/1995/397
vt 0.52383369 0.89088701
vt 0.61655457 0.86888295
vt 0.88454532 0.71988708
f 392/1996/392 393/1997/393 396/1998/396
vt 0.89160244 0.41414168
vt 0.46911956 -0.00645787
vt 0.78421711 0.29679651
f 397/1999/397 391/2000/391 395/2001/395
vt 0.78421711 0.29679651
vt 0.88454532 0.71988708
vt 0.89160244 0.41414168
f 395/2002/395 396/2003/396 397/2004/397
vt 0.64220326 0.55663242
vt 0.88454532 0.71988708
vt 0.78421711 0.29679651
f 394/2005/394 396/2006/396 395/2007/395
vt 0.89160244 0.41414168
vt 0.61655457 0.86888295
vt 1.32371196 0.42979333
f 397/2008/397 393/2009/393 389/2010/389
vt -0.00110591 0.21346233
vt 0.46911956 -0.00645787
vt 0.32371196 0.42979333
f 386/2011/386 391/2012/391 389/2013/389
vt 1.32371196 0.42979333
vt 1.46911956 -0.00645787
vt 0.89160244 0.41414168
f 389/2014/389 391/2015/391 397/2016/397
vt 0.17344355 0.73347437
vt 0.12857564 0.58143430
vt -0.00110591 0.21346233
f 388/2017/388 387/2018/387 386/2019/386
vt -0.00110591 0.21346233
vt 0.32371196 0.42979333
vt 0.17344355 0.73347437
f 386/2020/386 389/2021/389 388/2022/388
vt 0.17344355 0.73347437
vt 0.32371196 0.42979333
vt 0.61655457 0.86888295
f 388/2023/388 389/2024/389 393/2025/393
vt 0.52383369 0.89088701
vt 0.12857564 0.58143430
vt 0.17344355 0.73347437
f 392/2026/392 387/2027/387 388/2028/388
vt 0.17344355 0.73347437
vt 0.61655457 0.86888295
vt 0.52383369 0.89088701
f 388/2029/388 393/2030/393 392/2031/392
vt 0.38241563 0.12785785
vt 0.78421711 0.29679651
vt 0.46911956 -0.00645787
f 390/2032/390 395/2033/395 391/2034/391
vt -0.00110591 0.21346233
vt 0.12857564 0.58143430
vt 0.38241563 0.12785785
f 386/2035/386 387/2036/387 390/2037/390
vt 0.38241563 0.12785785
vt 0.46911956 -0.00645787
vt -0.00110591 0.21346233
f 390/2038/390 391/2039/391 386/2040/386
vt 1.38241563 0.12785785
vt 1.12857564 0.58143430
vt 0.64220326 0.55663242
f 390/2041/390 387/2042/387 394/2043/394
vt 0.64220326 0.55663242
vt 0.78421711 0.29679651
vt 0.38241563 0.12785785
f 394/2044/394 395/2045/395 390/2046/390
g foliage_spray_028
usemtl foliage
s 1
v -0.41209599 0.11888305 0.30281449
v -0.35166710 0.12427779 0.01329253
v -0.33008066 0.11520535 0.00000000
v -0.31373432 0.14709449 0.00000000
v -0.29108340 0.31354705 0.16591361
v -0.23676267 -0.04052952 0.09078685
v -0.19033541 -0.01115886 0.00000000
v -0.18560007 0.26363922 0.00000000
v -0.09448538 0.26915951 0.00000000
v -0.04711557 0.27314144 0.39529611
v -0.01985416 0.03856599 0.33305545
v 0.02327715 -0.00379555 0.00000000
v 0.05956572 0.33402246 0.16364710
v 0.12658804 -0.02680646 0.08686966
v 0.14372780 0.16958776 0.00000000
v 0.14549601 0.16810682 0.00000000
v 0.14681334 0.16877921 0.00060923
v 0.23233788 0.17641435 0.26584317
vn -0.69793002 -0.25277062 0.67007515
vn -0.93837481 -0.15370141 -0.30956194
vn -0.22832420 -0.17803704 -0.95716815
vn -0.12384518 0.13496467 -0.98308032
vn -0.43156395 0.90130093 0.03753926
vn -0.27870566 -0.94795821 0.15394278
vn -0.12921356 -0.68989037 -0.71228866
vn -0.37796382 0.67888544 -0.62949019
vn 0.07342872 0.69116124 -0.71896062
vn -0.00401633 0.52194431 0.85297011
vn 0.08567280 -0.71118903 0.69776094
vn 0.11127184 -0.20699877 -0.97199284
vn 0.29132301 0.95416735 -0.06852427
vn 0.45779370 -0.88820246 0.03900402
vn 0.17717722 0.42386312 -0.88822761
vn 0.00136756 -0.00095006 -0.99999861
vn 0.89678584 0.11493552 -0.42727624
vn 0.89070821 0.04338025 0.45250087
vt 0.82575895 0.27217031
vt 0.70458170 0.56506351
vt 0.94454303 0.74865605
f 414/2047/414 410/2048/410 415/2049/415
vt 1.04949600 0.81507404
vt 1.29301449 0.43417201
vt 0.59427632 0.86940112
f 398/2050/398 403/2051/403 408/2052/408
vt 0.94454303 0.74865605
vt 0.70458170 0.56506351
vt 0.55641324 0.98121481
f 415/2053/415 410/2054/410 407/2055/407
vt 1.04949600 0.81507404
vt 0.59427632 0.86940112
vt 0.55641324 0.98121481
f 398/2056/398 408/2057/408 407/2058/407
vt 0.55641324 0.98121481
vt 0.59427632 0.86940112
vt 0.94454303 0.74865605
f 407/2059/407 408/2060/408 415/2061/415
vt 0.13342500 0.29495553
vt 0.29301449 0.43417201
vt 0.04949600 0.81507404
f 399/2062/399 403/2063/403 398/2064/398
vt 1.04949600 0.81507404
vt 0.55641324 0.98121481
vt 1.21756904 0.56913524
f 398/2065/398 407/2066/407 402/2067/402
vt 0.21756904 0.56913524
vt 0.13342500 0.29495553
vt 0.04949600 0.81507404
f 402/2068/402 399/2069/399 398/2070/398
vt 0.21756904 0.56913524
vt 0.55641324 0.98121481
vt 0.70458170 0.56506351
f 402/2071/402 407/2072/407 410/2073/410
vt 0.49062184 0.27107584
vt 0.21756904 0.56913524
vt 0.70458170 0.56506351
f 406/2074/406 402/2075/402 410/2076/410
vt 0.36407366 0.27107584
vt 0.21756904 0.56913524
vt 0.49062184 0.27107584
f 405/2077/405 402/2078/402 406/2079/406
vt 0.79766826 0.42713488
vt 0.59427632 0.86940112
vt 1.29301449 0.43417201
f 411/2080/411 408/2081/408 403/2082/403
vt 0.94454303 0.74865605
vt 0.59427632 0.86940112
vt 0.79766826 0.42713488
f 415/2083/415 408/2084/408 411/2085/411
vt 0.79766826 0.42713488
vt 0.82575895 0.27217031
vt 0.94454303 0.74865605
f 411/2086/411 414/2087/414 415/2088/415
vt 0.79766826 0.42713488
vt 0.65418091 0.27107584
vt 0.82575895 0.27217031
f 411/2089/411 409/2090/409 414/2091/414
vt 0.29301449 0.43417201
vt 0.13342500 0.29495553
vt 0.35749681 0.27107584
f 403/2092/403 399/2093/399 404/2094/404
vt 1.35749681 0.27107584
vt 0.79766826 0.42713488
vt 1.29301449 0.43417201
f 404/2095/404 411/2096/411 403/2097/403
vt 0.65418091 0.27107584
vt 0.79766826 0.42713488
vt 0.35749681 0.27107584
f 409/2098/409 411/2099/411 404/2100/404
vt 0.70458170 0.56506351
vt 0.82575895 0.27217031
vt 0.82147348 0.27107584
f 410/2101/410 414/2102/414 412/2103/412
vt 0.82147348 0.27107584
vt 0.49062184 0.27107584
vt 0.70458170 0.56506351
f 412/2104/412 406/2105/406 410/2106/410
vt 0.16340618 0.27107584
vt 0.35749681 0.27107584
vt 0.13342500 0.29495553
f 400/2107/400 404/2108/404 399/2109/399
vt 0.82575895 0.27217031
vt 0.65418091 0.27107584
vt 0.82392933 0.27107584
f 414/2110/414 409/2111/409 413/2112/413
vt 0.82392933 0.27107584
vt 0.82147348 0.27107584
vt 0.82575895 0.27217031
f 413/2113/413 412/2114/412 414/2115/414
vt 0.18610942 0.27107584
vt 0.16340618 0.27107584
vt 0.13342500 0.29495553
f 401/2116/401 400/2117/400 399/2118/399
vt 0.18610942 0.27107584
vt 0.21756904 0.56913524
vt 0.36407366 0.27107584
f 401/2119/401 402/2120/402 405/2121/405
vt 0.13342500 0.29495553
vt 0.21756904 0.56913524
vt 0.18610942 0.27107584
f 399/2122/399 402/2123/402 401/2124/401
vt 1.18610942 0.27107584
vt 0.82392933 0.27107584
vt 0.65418091 0.27107584
f 401/2125/401 413/2126/413 409/2127/409
vt 0.36407366 0.27107584
vt 0.49062184 0.27107584
vt 0.18610942 0.27107584
f 405/2128/405 406/2129/406 401/2130/401
vt 0.65418091 0.27107584
vt 0.35749681 0.27107584
vt 0.18610942 0.27107584
f 409/2131/409 404/2132/404 401/2133/401
vt 1.49062184 0.27107584
vt 0.82147348 0.27107584
vt 1.18610942 0.27107584
f 406/2134/406 412/2135/412 401/2136/401
vt 0.35749681 0.27107584
vt 0.16340618 0.27107584
vt 0.18610942 0.27107584
f 404/2137/404 400/2138/400 401/2139/401
vt 0.82147348 0.27107584
vt 0.82392933 0.27107584
vt 1.18610942 0.27107584
f 412/2140/412 413/2141/413 401/2142/401
g foliage_spray_029
usemtl foliage
s 1
v -0.27461653 0.12690522 0.53624613
v -0.26376289 0.12784466 0.26252847
v -0.21158757 0.33470407 0.42392221
v -0.12083056 -0.01450613 0.34915933
v -0.05898745 0.26617058 0.16646512
v -0.03213852 0.01854506 0.09670013
v 0.05062263 0.27061526 0.63604379
v 0.08663903 0.02986744 0.61038679
v 0.19679787 -0.00023969 0.34639007
v 0.20668641 0.39657058 0.42929551
v 0.29671641 0.17635705 0.22742872
v 0.33726219 0.17986649 0.52235073
vn -0.69338626 -0.27555861 0.66579497
vn -0.87649449 -0.07732780 -0.47516084
vn -0.48926068 0.86868921 0.07747932
vn -0.27430270 -0.96001129 0.05600320
vn -0.09865278 0.67532023 -0.73089686
vn 0.00087645 -0.55030659 -0.83496221
vn -0.03699844 0.46084942 0.88670679
vn 0.06873077 -0.72623229 0.68400492
vn 0.42424175 -0.90297695 -0.06820239
vn 0.27417770 0.95936111 -0.06672975
vn 0.69225491 0.17021356 -0.70129201
vn 0.86613547 -0.07085573 0.49476137
vt 0.95234761 0.75293526
vt 0.77099237 0.58576403
vt 0.55423712 0.95718183
f 427/2143/427 425/2144/425 422/2145/422
vt 0.55423712 0.95718183
vt 0.19005629 0.57611104
vt 0.10251607 0.77789798
f 422/2146/422 418/2147/418 416/2148/416
vt 0.77099237 0.58576403
vt 1.19005629 0.57611104
vt 0.55423712 0.95718183
f 425/2149/425 418/2150/418 422/2151/422
vt 0.89603403 0.22311570
vt 0.77099237 0.58576403
vt 0.95234761 0.75293526
f 426/2152/426 425/2153/425 427/2154/427
vt 0.95234761 0.75293526
vt 0.75725829 0.43682660
vt 0.89603403 0.22311570
f 427/2155/427 424/2156/424 426/2157/426
vt 0.89603403 0.22311570
vt 0.75725829 0.43682660
vt 0.43929108 -0.01173475
f 426/2158/426 424/2159/424 421/2160/421
vt 0.10251607 0.77789798
vt 0.19005629 0.57611104
vt 0.11759056 0.28617146
f 416/2161/416 418/2162/418 417/2163/417
vt 1.40200090 0.11359620
vt 1.19005629 0.57611104
vt 0.77099237 0.58576403
f 420/2164/420 418/2165/418 425/2166/425
vt 0.77099237 0.58576403
vt 0.89603403 0.22311570
vt 0.40200090 0.11359620
f 425/2167/425 426/2168/426 420/2169/420
vt 0.40200090 0.11359620
vt 0.89603403 0.22311570
vt 0.43929108 -0.01173475
f 420/2170/420 426/2171/426 421/2172/421
vt 0.43929108 -0.01173475
vt 0.11759056 0.28617146
vt 0.40200090 0.11359620
f 421/2173/421 417/2174/417 420/2175/420
vt 0.40200090 0.11359620
vt 0.11759056 0.28617146
vt 0.19005629 0.57611104
f 420/2176/420 417/2177/417 418/2178/418
vt 0.60425990 0.91108970
vt 0.55423712 0.95718183
vt 1.10251607 0.77789798
f 423/2179/423 422/2180/422 416/2181/416
vt 0.95234761 0.75293526
vt 0.55423712 0.95718183
vt 0.60425990 0.91108970
f 427/2182/427 422/2183/422 423/2184/423
vt 0.60425990 0.91108970
vt 0.75725829 0.43682660
vt 0.95234761 0.75293526
f 423/2185/423 424/2186/424 427/2187/427
vt 0.43929108 -0.01173475
vt 0.75725829 0.43682660
vt 0.31610769 0.44180152
f 421/2188/421 424/2189/424 419/2190/419
vt 0.75725829 0.43682660
vt 0.60425990 0.91108970
vt 0.31610769 0.44180152
f 424/2191/424 423/2192/423 419/2193/419
vt 1.31610769 0.44180152
vt 0.60425990 0.91108970
vt 1.10251607 0.77789798
f 419/2194/419 423/2195/423 416/2196/416
vt 0.10251607 0.77789798
vt 0.11759056 0.28617146
vt 0.31610769 0.44180152
f 416/2197/416 417/2198/417 419/2199/419
vt 0.31610769 0.44180152
vt 0.11759056 0.28617146
vt 0.43929108 -0.01173475
f 419/2200/419 417/2201/417 421/2202/421
g foliage_spray_030
usemtl foliage
s 1
v -0.39411623 0.14087850 0.73481679
v -0.32090478 0.13320894 1.01414018
v -0.24107155 -0.03010243 0.84420747
v -0.23045734 0.32168167 0.91791430
v -0.14215813 -0.00909061 0.60510418
v -0.10147322 0.22121288 0.67910996
v -0.03429293 -0.00225751 1.06415680
v -0.00738053 0.19845420 1.09205257
v 0.08225585 -0.08982587 0.83880795
v 0.15317081 0.27957195 0.91751303
v 0.20381564 0.07823975 0.72981363
v 0.25697524 0.07267081 1.01698152
vn -0.86526883 0.17584859 -0.46945407
vn -0.67958431 -0.10128939 0.72657114
vn -0.44974439 -0.88611453 0.11194206
vn -0.26458047 0.95832361 0.10776376
vn -0.07367629 -0.51376618 -0.85476085
vn 0.06909825 0.69355937 -0.71707798
vn -0.08725381 -0.69039159 0.71815474
vn 0.04377394 0.43813178 0.89784430
vn 0.23045212 -0.97200707 -0.04576118
vn 0.45382979 0.88916248 -0.05855436
vn 0.70362216 0.04068825 -0.70940843
vn 0.80405266 -0.24836182 0.54019972
vt 0.14738463 0.74714055
vt 0.27300607 0.57427329
vt 0.04570205 0.24534348
f 429/2203/429 431/2204/431 428/2205/428
vt 0.04570205 0.24534348
vt 0.27300607 0.57427329
vt 0.45215068 0.14526764
f 428/2206/428 431/2207/431 433/2208/433
vt 0.45215068 0.14526764
vt 0.39564386 0.01231822
vt 0.04570205 0.24534348
f 433/2209/433 432/2210/432 428/2211/428
vt 0.27300607 0.57427329
vt 0.14738463 0.74714055
vt 0.58283497 0.88710809
f 431/2212/431 429/2213/429 435/2214/435
vt 0.39564386 0.01231822
vt 0.45215068 0.14526764
vt 0.87616298 0.23635544
f 432/2215/432 433/2216/433 438/2217/438
vt 0.94999576 0.75224492
vt 0.70732994 0.43216084
vt 0.87616298 0.23635544
f 439/2218/439 436/2219/436 438/2220/438
vt 0.87616298 0.23635544
vt 0.70732994 0.43216084
vt 0.39564386 0.01231822
f 438/2221/438 436/2222/436 432/2223/432
vt 0.54545663 0.83699406
vt 0.70732994 0.43216084
vt 0.94999576 0.75224492
f 434/2224/434 436/2225/436 439/2226/439
vt 0.94999576 0.75224492
vt 0.58283497 0.88710809
vt 0.54545663 0.83699406
f 439/2227/439 435/2228/435 434/2229/434
vt 0.54545663 0.83699406
vt 0.58283497 0.88710809
vt 0.14738463 0.74714055
f 434/2230/434 435/2231/435 429/2232/429
vt 0.39564386 0.01231822
vt 0.70732994 0.43216084
vt 0.25826411 0.44186093
f 432/2233/432 436/2234/436 430/2235/430
vt 0.04570205 0.24534348
vt 0.39564386 0.01231822
vt 0.25826411 0.44186093
f 428/2236/428 432/2237/432 430/2238/430
vt 0.25826411 0.44186093
vt 0.14738463 0.74714055
vt 0.04570205 0.24534348
f 430/2239/430 429/2240/429 428/2241/428
vt 0.25826411 0.44186093
vt 0.54545663 0.83699406
vt 0.14738463 0.74714055
f 430/2242/430 434/2243/434 429/2244/429
vt 0.70732994 0.43216084
vt 0.54545663 0.83699406
vt 0.25826411 0.44186093
f 436/2245/436 434/2246/434 430/2247/430
vt 0.80582294 0.57355242
vt 1.45215068 0.14526764
vt 1.27300607 0.57427329
f 437/2248/437 433/2249/433 431/2250/431
vt 0.80582294 0.57355242
vt 0.87616298 0.23635544
vt 0.45215068 0.14526764
f 437/2251/437 438/2252/438 433/2253/433
vt 0.94999576 0.75224492
vt 0.87616298 0.23635544
vt 0.80582294 0.57355242
f 439/2254/439 438/2255/438 437/2256/437
vt 0.80582294 0.57355242
vt 0.58283497 0.88710809
vt 0.94999576 0.75224492
f 437/2257/437 435/2258/435 439/2259/439
vt 1.27300607 0.57427329
vt 0.58283497 0.88710809
vt 0.80582294 0.57355242
f 431/2260/431 435/2261/435 437/2262/437
g foliage_spray_031
usemtl foliage
s 1
v -0.33462504 0.20681656 0.87651238
v -0.15732152 0.17715867 1.14950677
v -0.14453936 0.00136196 1.00468210
v -0.10557112 0.40000000 1.08253344
v -0.01312798 0.04411380 0.81791065
v 0.03079280 0.28522793 0.80967089
v 0.08323756 0.03407009 1.20638679
v 0.13353320 0.23513533 1.25354895
v 0.18172998 -0.04738191 1.00580269
v 0.28718784 0.10280478 0.92256242
v 0.30049095 0.30295286 1.07693715
v 0.36484452 0.08981500 1.16212575
vn -0.87071494 0.16165221 -0.46446103
vn -0.62981585 -0.07523699 0.77309209
vn -0.47973282 -0.86718487 0.13359203
vn -0.21339002 0.96014173 0.18053411
vn -0.03772206 -0.53219804 -0.84577911
vn 0.15249255 0.61120295 -0.77664469
vn -0.12056720 -0.65831531 0.74302390
vn 0.05730992 0.35586306 0.93277921
vn 0.20318329 -0.97523047 -0.08741904
vn 0.68541487 -0.10531440 -0.72049659
vn 0.56938731 0.81973224 -0.06194469
vn 0.78249849 -0.35544893 0.51122615
vt 0.95054300 0.18830419
vt 1.26867344 0.58583121
vt 1.45806777 0.05933048
f 440/2263/440 443/2264/443 445/2265/445
vt 0.95054300 0.18830419
vt 1.45806777 0.05933048
vt 1.39706669 0.07522948
f 440/2266/440 445/2267/445 444/2268/444
vt 0.83264853 0.57503291
vt 1.45806777 0.05933048
vt 1.26867344 0.58583121
f 450/2269/450 445/2270/445 443/2271/443
vt 0.81417200 0.27715983
vt 0.39706669 0.07522948
vt 0.45806777 0.05933048
f 449/2272/449 444/2273/444 445/2274/445
vt 0.81417200 0.27715983
vt 0.83264853 0.57503291
vt 0.92202849 0.73940820
f 449/2275/449 450/2276/450 451/2277/451
vt 0.45806777 0.05933048
vt 0.83264853 0.57503291
vt 0.81417200 0.27715983
f 445/2278/445 450/2279/450 449/2280/449
vt 0.19679788 0.71505930
vt 0.26867344 0.58583121
vt -0.04945700 0.18830419
f 441/2281/441 443/2282/443 440/2283/440
vt 0.60076277 0.91581342
vt 0.53090771 0.82481190
vt 0.92202849 0.73940820
f 447/2284/447 446/2285/446 451/2286/451
vt 0.92202849 0.73940820
vt 0.83264853 0.57503291
vt 0.60076277 0.91581342
f 451/2287/451 450/2288/450 447/2289/447
vt 0.60076277 0.91581342
vt 0.83264853 0.57503291
vt 1.26867344 0.58583121
f 447/2290/447 450/2291/450 443/2292/443
vt 0.26867344 0.58583121
vt 0.19679788 0.71505930
vt 0.60076277 0.91581342
f 443/2293/443 441/2294/441 447/2295/447
vt 0.60076277 0.91581342
vt 0.19679788 0.71505930
vt 0.53090771 0.82481190
f 447/2296/447 441/2297/441 446/2298/446
vt 0.92202849 0.73940820
vt 0.53090771 0.82481190
vt 0.66770274 0.43777572
f 451/2299/451 446/2300/446 448/2301/448
vt 0.66770274 0.43777572
vt 0.81417200 0.27715983
vt 0.92202849 0.73940820
f 448/2302/448 449/2303/449 451/2304/451
vt 0.39706669 0.07522948
vt 0.81417200 0.27715983
vt 0.66770274 0.43777572
f 444/2305/444 449/2306/449 448/2307/448
vt 0.21455089 0.43561349
vt 0.66770274 0.43777572
vt 0.53090771 0.82481190
f 442/2308/442 448/2309/448 446/2310/446
vt 0.21455089 0.43561349
vt 0.19679788 0.71505930
vt -0.04945700 0.18830419
f 442/2311/442 441/2312/441 440/2313/440
vt 0.53090771 0.82481190
vt 0.19679788 0.71505930
vt 0.21455089 0.43561349
f 446/2314/446 441/2315/441 442/2316/442
vt -0.04945700 0.18830419
vt 0.39706669 0.07522948
vt 0.21455089 0.43561349
f 440/2317/440 444/2318/444 442/2319/442
vt 0.39706669 0.07522948
vt 0.66770274 0.43777572
vt 0.21455089 0.43561349
f 444/2320/444 448/2321/448 442/2322/442
g foliage_spray_032
usemtl foliage
s 1
v -0.03006109 -0.17711806 0.00000000
v -0.02119833 -0.13231539 0.00000000
v 0.01513490 -0.26207138 0.00000000
v 0.03341134 -0.17185981 0.22767008
v 0.05009126 0.03360307 0.14028019
v 0.09236426 -0.37806830 0.05331160
v 0.12402554 0.00384256 0.00000000
v 0.12516523 -0.35467738 0.00000000
v 0.32217975 -0.00852647 0.40468447
v 0.32328605 0.02045424 0.00000000
v 0.33468044 -0.25097769 0.28323070
v 0.44369406 -0.32982016 0.00000000
v 0.45035807 0.06698385 0.14032658
v 0.50821410 -0.34546520 0.05292467
v 0.52487514 -0.07506880 0.00000000
v 0.53060564 -0.23730476 0.00000000
v 0.56404283 -0.12790071 -0.00000000
v 0.61461324 -0.12371131 0.24458675
vn -0.90438854 -0.14172617 -0.40248610
vn -0.23517784 0.20025220 -0.95109960
vn -0.07605235 -0.06648666 -0.99488470
vn -0.64618422 -0.26905544 0.71418143
vn -0.50871321 0.82242052 0.25462786
vn -0.27722204 -0.88229412 0.38040115
vn -0.15873285 0.63515086 -0.75590163
vn -0.02245759 -0.14206022 -0.98960323
vn -0.05280589 0.41724488 0.90725865
vn 0.14423695 0.73268696 -0.66510565
vn 0.04194783 -0.69103911 0.72159915
vn 0.06378681 -0.35034016 -0.93444797
vn 0.28719293 0.95758194 0.02360186
vn 0.45388303 -0.84591730 0.28002522
vn 0.05830054 0.09461261 -0.99380557
vn 0.33690996 -0.20080632 -0.91987418
vn 0.95010387 0.18629382 -0.25019442
vn 0.83053368 -0.06584709 0.55306235
vt 0.07729441 0.32478952
vt 0.24732962 0.42056239
vt 0.16545056 0.73379278
f 452/2323/452 457/2324/457 455/2325/455
vt 0.97267543 0.76418312
vt 0.56651780 1.05179443
vt 0.58387987 0.83360595
f 469/2326/469 460/2327/460 462/2328/462
vt 0.58387987 0.83360595
vt 0.16545056 0.73379278
vt 0.24732962 0.42056239
f 462/2329/462 455/2330/455 457/2331/457
vt 0.56651780 1.05179443
vt 0.16545056 0.73379278
vt 0.58387987 0.83360595
f 460/2332/460 455/2333/455 462/2334/462
vt 0.82489884 0.41986728
vt 0.90243875 0.32478952
vt 0.97267543 0.76418312
f 465/2335/465 468/2336/468 469/2337/469
vt 0.97267543 0.76418312
vt 0.58387987 0.83360595
vt 0.82489884 0.41986728
f 469/2338/469 462/2339/462 465/2340/465
vt 0.82489884 0.41986728
vt 0.58387987 0.83360595
vt 1.24732962 0.42056239
f 465/2341/465 462/2342/462 457/2343/457
vt 0.74454325 0.57688250
vt 0.56651780 1.05179443
vt 0.97267543 0.76418312
f 464/2344/464 460/2345/460 469/2346/469
vt 0.97267543 0.76418312
vt 0.90243875 0.32478952
vt 0.74454325 0.57688250
f 469/2347/469 468/2348/468 464/2349/464
vt 0.14006663 0.32478952
vt 0.24732962 0.42056239
vt 0.07729441 0.32478952
f 454/2350/454 457/2351/457 452/2352/452
vt 0.14006663 0.32478952
vt 0.29288653 0.32478952
vt 0.24732962 0.42056239
f 454/2353/454 459/2354/459 457/2355/457
vt 0.24732962 0.42056239
vt 0.29288653 0.32478952
vt 0.73528767 0.32478952
f 457/2356/457 459/2357/459 463/2358/463
vt 0.73528767 0.32478952
vt 0.82489884 0.41986728
vt 1.24732962 0.42056239
f 463/2359/463 465/2360/465 457/2361/457
vt 0.07729441 0.32478952
vt 0.16545056 0.73379278
vt 0.18861712 0.57679916
f 452/2362/452 455/2363/455 456/2364/456
vt 0.18861712 0.57679916
vt 0.16545056 0.73379278
vt 0.56651780 1.05179443
f 456/2365/456 455/2366/455 460/2367/460
vt 0.56651780 1.05179443
vt 0.74454325 0.57688250
vt 1.18861712 0.57679916
f 460/2368/460 464/2369/464 456/2370/456
vt 1.18861712 0.57679916
vt 0.74454325 0.57688250
vt 1.29130363 0.32478952
f 456/2371/456 464/2372/464 458/2373/458
vt 0.29130363 0.32478952
vt 0.74454325 0.57688250
vt 0.56805433 0.32478952
f 458/2374/458 464/2375/464 461/2376/461
vt 0.90243875 0.32478952
vt 0.82489884 0.41986728
vt 0.85599820 0.32478952
f 468/2377/468 465/2378/465 467/2379/467
vt 0.82489884 0.41986728
vt 0.73528767 0.32478952
vt 0.85599820 0.32478952
f 465/2380/465 463/2381/463 467/2382/467
vt 0.07729441 0.32478952
vt 0.18861712 0.57679916
vt 0.08960380 0.32478952
f 452/2383/452 456/2384/456 453/2385/453
vt 0.08960380 0.32478952
vt 0.18861712 0.57679916
vt 0.29130363 0.32478952
f 453/2386/453 456/2387/456 458/2388/458
vt 0.84803918 0.32478952
vt 0.74454325 0.57688250
vt 0.90243875 0.32478952
f 466/2389/466 464/2390/464 468/2391/468
vt 0.84803918 0.32478952
vt 0.56805433 0.32478952
vt 0.74454325 0.57688250
f 466/2392/466 461/2393/461 464/2394/464
vt 0.84803918 0.32478952
vt 1.14006663 0.32478952
vt 1.07729441 0.32478952
f 466/2395/466 454/2396/454 452/2397/452
vt 0.90243875 0.32478952
vt 0.85599820 0.32478952
vt 0.84803918 0.32478952
f 468/2398/468 467/2399/467 466/2400/466
vt 1.07729441 0.32478952
vt 1.08960380 0.32478952
vt 0.84803918 0.32478952
f 452/2401/452 453/2402/453 466/2403/466
vt 1.29288653 0.32478952
vt 1.14006663 0.32478952
vt 0.84803918 0.32478952
f 459/2404/459 454/2405/454 466/2406/466
vt 0.84803918 0.32478952
vt 0.73528767 0.32478952
vt 1.29288653 0.32478952
f 466/2407/466 463/2408/463 459/2409/459
vt 1.29130363 0.32478952
vt 0.56805433 0.32478952
vt 0.84803918 0.32478952
f 458/2410/458 461/2411/461 466/2412/466
vt 0.84803918 0.32478952
vt 0.85599820 0.32478952
vt 0.73528767 0.32478952
f 466/2413/466 467/2414/467 463/2415/463
vt 0.84803918 0.32478952
vt 1.08960380 0.32478952
vt 1.29130363 0.32478952
f 466/2416/466 453/2417/453 458/2418/458
g foliage_spray_033
usemtl foliage
s 1
v -0.05759689 -0.08205675 0.33863623
v 0.01351919 -0.08854790 0.60509939
v 0.01601654 -0.30500573 0.42889088
v 0.12245464 0.05859422 0.50700930
v 0.18521390 -0.22340067 0.21182953
v 0.22164273 -0.00470629 0.29083851
v 0.28728399 -0.20913299 0.64453158
v 0.32945321 0.00745561 0.74890246
v 0.38300198 -0.27244093 0.44271465
v 0.48561781 0.07584993 0.51755654
v 0.57240158 -0.13956005 0.30283083
v 0.65079680 -0.14671560 0.64505722
vn -0.81712681 0.33194821 -0.47128989
vn -0.69316661 -0.02242420 0.72042848
vn -0.41699677 -0.90132580 0.11715584
vn -0.30294304 0.95108838 0.06046827
vn -0.04422462 -0.48028265 -0.87599815
vn 0.01490444 0.71902315 -0.69482628
vn -0.07164469 -0.71503611 0.69540665
vn -0.02633381 0.45651633 0.88932523
vn 0.24294087 -0.96912450 -0.04215955
vn 0.37717137 0.92100563 -0.09741859
vn 0.66930245 0.01061127 -0.74291428
vn 0.77458874 -0.35197463 0.52547705
vt 0.06491958 0.25657417
vt 0.16716047 0.41871426
vt 0.16369192 0.73526817
f 470/2419/470 472/2420/472 471/2421/471
vt 1.04879971 0.80705134
vt 0.60248917 0.99360656
vt 0.54392081 0.80610704
f 481/2422/481 477/2423/477 476/2424/476
vt 0.54392081 0.80610704
vt 0.16369192 0.73526817
vt 0.16716047 0.41871426
f 476/2425/476 471/2426/471 472/2427/472
vt 0.60248917 0.99360656
vt 0.16369192 0.73526817
vt 0.54392081 0.80610704
f 477/2428/477 471/2429/471 476/2430/476
vt 0.40215680 0.02876929
vt 0.16716047 0.41871426
vt 0.06491958 0.25657417
f 474/2431/474 472/2432/472 470/2433/470
vt 0.67686246 0.44354828
vt 0.93991746 0.19225071
vt 1.04879971 0.80705134
f 478/2434/478 480/2435/480 481/2436/481
vt 1.04879971 0.80705134
vt 0.54392081 0.80610704
vt 0.67686246 0.44354828
f 481/2437/481 476/2438/476 478/2439/478
vt 0.67686246 0.44354828
vt 0.54392081 0.80610704
vt 1.16716047 0.41871426
f 478/2440/478 476/2441/476 472/2442/472
vt 1.16716047 0.41871426
vt 1.40215680 0.02876929
vt 0.67686246 0.44354828
f 472/2443/472 474/2444/474 478/2445/478
vt 0.67686246 0.44354828
vt 1.40215680 0.02876929
vt 0.93991746 0.19225071
f 478/2446/478 474/2447/474 480/2448/480
vt 0.45275240 0.17070684
vt 0.40215680 0.02876929
vt 0.06491958 0.25657417
f 475/2449/475 474/2450/474 470/2451/470
vt 0.93991746 0.19225071
vt 1.40215680 0.02876929
vt 1.45275240 0.17070684
f 480/2452/480 474/2453/474 475/2454/475
vt 0.81938445 0.57799976
vt 0.60248917 0.99360656
vt 1.04879971 0.80705134
f 479/2455/479 477/2456/477 481/2457/481
vt 1.04879971 0.80705134
vt 0.93991746 0.19225071
vt 0.81938445 0.57799976
f 481/2458/481 480/2459/480 479/2460/479
vt 0.93991746 0.19225071
vt 0.45275240 0.17070684
vt 0.81938445 0.57799976
f 480/2461/480 475/2462/475 479/2463/479
vt 0.31499115 0.55905192
vt 0.45275240 0.17070684
vt 0.06491958 0.25657417
f 473/2464/473 475/2465/475 470/2466/470
vt 1.31499115 0.55905192
vt 0.81938445 0.57799976
vt 1.45275240 0.17070684
f 473/2467/473 479/2468/479 475/2469/475
vt 0.60248917 0.99360656
vt 0.81938445 0.57799976
vt 1.31499115 0.55905192
f 477/2470/477 479/2471/479 473/2472/473
vt 0.06491958 0.25657417
vt 0.16369192 0.73526817
vt 0.31499115 0.55905192
f 470/2473/470 471/2474/471 473/2475/473
vt 0.31499115 0.55905192
vt 0.16369192 0.73526817
vt 0.60248917 0.99360656
f 473/2476/473 471/2477/471 477/2478/477
g foliage_spray_034
usemtl foliage
s 1
v -0.08054491 -0.05888376 0.56706697
v 0.02258411 -0.31084719 0.69348700
v 0.03136365 -0.08675284 0.89145286
v 0.19014285 0.06839507 0.77838778
v 0.22929733 -0.23303494 0.53338566
v 0.29205393 -0.04220613 0.55107203
v 0.31329533 -0.26353941 0.92220649
v 0.39126049 -0.05970111 0.98662455
v 0.39962850 -0.34574454 0.70538599
v 0.50740634 -0.20530387 0.62431468
v 0.52766807 -0.02878805 0.77574019
v 0.59554132 -0.22725251 0.87050037
vn -0.72512806 0.40864003 -0.55425863
vn -0.52729103 -0.84689433 0.06880533
vn -0.65092935 0.09422145 0.75326841
vn -0.07997417 0.99391756 0.07571006
vn -0.02318856 -0.45811162 -0.88859216
vn 0.21541165 0.63127317 -0.74504497
vn -0.12643100 -0.68365000 0.71877526
vn 0.14164037 0.44486692 0.88432541
vn 0.17028593 -0.97800684 -0.12043803
vn 0.67763448 -0.12422474 -0.72483082
vn 0.60803578 0.78524074 -0.11700205
vn 0.79185202 -0.42506552 0.43850848
vt 0.96755321 0.19090583
vt 1.34350843 0.57053805
vt 1.48505159 0.16217136
f 482/2479/482 485/2480/485 487/2481/487
vt -0.03244679 0.19090583
vt 0.11078795 0.41801606
vt 0.12298175 0.77365647
f 482/2482/482 483/2483/483 484/2484/484
vt 0.12298175 0.77365647
vt 0.34350843 0.57053805
vt -0.03244679 0.19090583
f 484/2485/484 485/2486/485 482/2487/482
vt 0.12298175 0.77365647
vt 0.62283848 0.94462988
vt 0.34350843 0.57053805
f 484/2488/484 489/2489/489 485/2490/485
vt 0.90656185 0.73601588
vt 0.62283848 0.94462988
vt 0.51455354 0.82890455
f 493/2491/493 489/2492/489 488/2493/488
vt 0.62283848 0.94462988
vt 0.12298175 0.77365647
vt 0.51455354 0.82890455
f 489/2494/489 484/2495/484 488/2496/488
vt 0.51455354 0.82890455
vt 0.12298175 0.77365647
vt 0.11078795 0.41801606
f 488/2497/488 484/2498/484 483/2499/483
vt 0.81229345 0.56578174
vt 0.48505159 0.16217136
vt 0.34350843 0.57053805
f 492/2500/492 487/2501/487 485/2502/485
vt 0.81229345 0.56578174
vt 0.62283848 0.94462988
vt 0.90656185 0.73601588
f 492/2503/492 489/2504/489 493/2505/493
vt 0.34350843 0.57053805
vt 0.62283848 0.94462988
vt 0.81229345 0.56578174
f 485/2506/485 489/2507/489 492/2508/492
vt 0.90656185 0.73601588
vt 0.51455354 0.82890455
vt 0.63446072 0.43939228
f 493/2509/493 488/2510/488 490/2511/490
vt 0.63446072 0.43939228
vt 0.51455354 0.82890455
vt 1.11078795 0.41801606
f 490/2512/490 488/2513/488 483/2514/483
vt 1.39788964 0.13039825
vt 0.63446072 0.43939228
vt 1.11078795 0.41801606
f 486/2515/486 490/2516/490 483/2517/483
vt 0.39788964 0.13039825
vt 0.11078795 0.41801606
vt -0.03244679 0.19090583
f 486/2518/486 483/2519/483 482/2520/482
vt 0.96755321 0.19090583
vt 1.48505159 0.16217136
vt 1.39788964 0.13039825
f 482/2521/482 487/2522/487 486/2523/486
vt 0.78415217 0.29374983
vt 0.39788964 0.13039825
vt 0.48505159 0.16217136
f 491/2524/491 486/2525/486 487/2526/487
vt 0.63446072 0.43939228
vt 0.39788964 0.13039825
vt 0.78415217 0.29374983
f 490/2527/490 486/2528/486 491/2529/491
vt 0.90656185 0.73601588
vt 0.63446072 0.43939228
vt 0.78415217 0.29374983
f 493/2530/493 490/2531/490 491/2532/491
vt 0.78415217 0.29374983
vt 0.81229345 0.56578174
vt 0.90656185 0.73601588
f 491/2533/491 492/2534/492 493/2535/493
vt 0.48505159 0.16217136
vt 0.81229345 0.56578174
vt 0.78415217 0.29374983
f 487/2536/487 492/2537/492 491/2538/491
g foliage_spray_035
usemtl foliage
s 1
v 0.03042229 -0.10586542 1.03577254
v 0.06180509 -0.10631499 1.28052335
v 0.11153259 -0.31288208 1.11117575
v 0.13790473 0.08001308 1.18824274
v 0.26212904 0.01954464 0.93664275
v 0.26763429 -0.21576377 0.93200706
v 0.36851351 -0.22068046 1.33507876
v 0.37821471 0.00971081 1.40000000
v 0.52732662 -0.32747177 1.10948395
v 0.54146367 0.10652003 1.19457002
v 0.55352691 -0.11335909 1.03435790
v 0.60620769 -0.11411376 1.26630894
vn -0.85186410 0.11019719 -0.51203920
vn -0.67878203 -0.11971190 0.72451640
vn -0.40085921 -0.91263158 0.08009676
vn -0.40033212 0.91041322 0.10431662
vn -0.00431584 0.63309451 -0.77406247
vn -0.01110837 -0.41969236 -0.90759844
vn 0.00115822 -0.64588761 0.76343163
vn 0.00767975 0.40451210 0.91450040
vn 0.39128791 -0.91426043 -0.10498396
vn 0.40408310 0.91092536 -0.08325771
vn 0.67779822 0.09232583 -0.72942821
vn 0.84962594 -0.14325405 0.50755693
vt 0.89820343 0.72149881
vt 0.80828119 0.58307530
vt 0.58154651 0.97946181
f 505/2539/505 503/2540/503 501/2541/501
vt 0.42796261 0.07644810
vt 0.21115469 0.42216226
vt 0.09850149 0.27666832
f 499/2542/499 496/2543/496 494/2544/494
vt 1.24778266 0.57086654
vt 0.58154651 0.97946181
vt 0.80828119 0.58307530
f 497/2545/497 501/2546/501 503/2547/503
vt 0.89820343 0.72149881
vt 0.58154651 0.97946181
vt 0.56807262 0.85419332
f 505/2548/505 501/2549/501 500/2550/500
vt 0.82503568 0.27393872
vt 0.80828119 0.58307530
vt 0.89820343 0.72149881
f 504/2551/504 503/2552/503 505/2553/505
vt 1.42031641 0.08539288
vt 1.24778266 0.57086654
vt 0.80828119 0.58307530
f 498/2554/498 497/2555/497 503/2556/503
vt 0.80828119 0.58307530
vt 0.82503568 0.27393872
vt 0.42031641 0.08539288
f 503/2557/503 504/2558/504 498/2559/498
vt 0.42031641 0.08539288
vt 0.82503568 0.27393872
vt 0.42796261 0.07644810
f 498/2560/498 504/2561/504 499/2562/499
vt 0.42031641 0.08539288
vt 0.42796261 0.07644810
vt 0.09850149 0.27666832
f 498/2563/498 499/2564/499 494/2565/494
vt 0.09850149 0.27666832
vt 0.24778266 0.57086654
vt 0.42031641 0.08539288
f 494/2566/494 497/2567/497 498/2568/498
vt 0.58154651 0.97946181
vt 0.24778266 0.57086654
vt 0.14208871 0.74892616
f 501/2569/501 497/2570/497 495/2571/495
vt 0.14208871 0.74892616
vt 0.56807262 0.85419332
vt 0.58154651 0.97946181
f 495/2572/495 500/2573/500 501/2574/501
vt 0.21115469 0.42216226
vt 0.56807262 0.85419332
vt 0.14208871 0.74892616
f 496/2575/496 500/2576/500 495/2577/495
vt 0.09850149 0.27666832
vt 0.21115469 0.42216226
vt 0.14208871 0.74892616
f 494/2578/494 496/2579/496 495/2580/495
vt 0.14208871 0.74892616
vt 0.24778266 0.57086654
vt 0.09850149 0.27666832
f 495/2581/495 497/2582/497 494/2583/494
vt 0.78864639 0.41889784
vt 0.82503568 0.27393872
vt 0.89820343 0.72149881
f 502/2584/502 504/2585/504 505/2586/505
vt 0.89820343 0.72149881
vt 0.56807262 0.85419332
vt 0.78864639 0.41889784
f 505/2587/505 500/2588/500 502/2589/502
vt 0.78864639 0.41889784
vt 0.56807262 0.85419332
vt 1.21115469 0.42216226
f 502/2590/502 500/2591/500 496/2592/496
vt 1.21115469 0.42216226
vt 1.42796261 0.07644810
vt 0.78864639 0.41889784
f 496/2593/496 499/2594/499 502/2595/502
vt 0.42796261 0.07644810
vt 0.82503568 0.27393872
vt 0.78864639 0.41889784
f 499/2596/499 504/2597/504 502/2598/502
g foliage_spray_036
usemtl foliage
s 1
v 0.07923693 0.10834276 0.00493004
v 0.08845383 0.10394184 0.00000000
v 0.10301349 0.11789922 0.00000000
v 0.18227718 0.10849634 0.25672283
v 0.23434730 -0.05580494 0.10683468
v 0.24942907 0.25705983 0.17269103
v 0.28075157 -0.03799843 0.00000000
v 0.32457474 0.22512152 -0.00000000
v 0.39440393 0.22921254 0.00000000
v 0.44962065 0.22284205 0.39372968
v 0.45437836 -0.03124423 0.00000000
v 0.45822131 -0.02234634 0.37678815
v 0.54848033 -0.04394415 0.10923293
v 0.56178698 0.27618630 0.17661933
v 0.67783991 0.07917842 0.00000000
v 0.69007011 0.13120549 0.00000000
v 0.71610071 0.10929198 0.00000000
v 0.79360115 0.10940749 0.31209324
vn -0.94223237 0.00236955 0.33495156
vn -0.31710604 -0.42643579 -0.84711055
vn -0.19654104 0.40546560 -0.89273135
vn -0.72423767 -0.09930402 0.68236245
vn -0.38599243 -0.90109951 0.19755887
vn -0.39121305 0.91013330 0.13641747
vn -0.15197057 -0.84789468 -0.50791689
vn -0.14041667 0.65666597 -0.74099458
vn 0.11897786 0.46302908 -0.87832132
vn -0.06855467 0.56072996 0.82515585
vn 0.05667475 -0.19205913 -0.97974551
vn -0.04195557 -0.72413792 0.68837781
vn 0.30525602 -0.95216362 -0.01425464
vn 0.26969865 0.96235069 -0.03381986
vn 0.55880987 -0.79033401 -0.25120444
vn 0.39149193 0.63425395 -0.66667533
vn 0.70401690 -0.16549588 -0.69063110
vn 0.86784349 -0.10009990 0.48664946
vt 1.05123597 0.80657755
vt 0.72927184 0.56320226
vt 0.57348528 0.95323524
f 523/2599/523 519/2600/519 515/2601/515
vt 1.05123597 0.80657755
vt 0.57348528 0.95323524
vt 0.58543064 0.92280023
f 523/2602/523 515/2603/515 517/2604/517
vt 0.29544142 0.55614517
vt 0.57348528 0.95323524
vt 0.72927184 0.56320226
f 511/2605/511 515/2606/515 519/2607/519
vt 0.90744286 0.24591032
vt 0.72927184 0.56320226
vt 1.05123597 0.80657755
f 521/2608/521 519/2609/519 523/2610/523
vt 1.05123597 0.80657755
vt 0.94359648 0.24591032
vt 0.90744286 0.24591032
f 523/2611/523 522/2612/522 521/2613/521
vt 0.90744286 0.24591032
vt 0.49679538 0.24591032
vt 0.72927184 0.56320226
f 521/2614/521 514/2615/514 519/2616/519
vt 0.20217490 0.70710608
vt 0.58543064 0.92280023
vt 0.57348528 0.95323524
f 509/2617/509 517/2618/517 515/2619/515
vt 0.20217490 0.70710608
vt 0.29544142 0.55614517
vt 0.05906344 0.25476700
f 509/2620/509 511/2621/511 506/2622/506
vt 0.57348528 0.95323524
vt 0.29544142 0.55614517
vt 0.20217490 0.70710608
f 515/2623/515 511/2624/511 509/2625/509
vt 1.05123597 0.80657755
vt 0.58543064 0.92280023
vt 0.71079039 0.44214439
f 523/2626/523 517/2627/517 518/2628/518
vt 0.05906344 0.25476700
vt 0.29544142 0.55614517
vt 0.09208645 0.24591032
f 506/2629/506 511/2630/511 508/2631/508
vt 0.39981040 0.24591032
vt 0.29544142 0.55614517
vt 0.72927184 0.56320226
f 513/2632/513 511/2633/511 519/2634/519
vt 0.72927184 0.56320226
vt 0.49679538 0.24591032
vt 0.39981040 0.24591032
f 519/2635/519 514/2636/514 513/2637/513
vt 0.39981040 0.24591032
vt 0.09208645 0.24591032
vt 0.29544142 0.55614517
f 513/2638/513 508/2639/508 511/2640/511
vt 0.27449451 0.43783599
vt 0.20217490 0.70710608
vt 0.05906344 0.25476700
f 510/2641/510 509/2642/509 506/2643/506
vt 0.58543064 0.92280023
vt 0.20217490 0.70710608
vt 0.27449451 0.43783599
f 517/2644/517 509/2645/509 510/2646/510
vt 0.27449451 0.43783599
vt 0.71079039 0.44214439
vt 0.58543064 0.92280023
f 510/2647/510 518/2648/518 517/2649/517
vt 0.33894488 0.24591032
vt 0.71079039 0.44214439
vt 0.27449451 0.43783599
f 512/2650/512 518/2651/518 510/2652/510
vt 0.89045648 0.24591032
vt 0.94359648 0.24591032
vt 1.05123597 0.80657755
f 520/2653/520 522/2654/522 523/2655/523
vt 1.05123597 0.80657755
vt 0.71079039 0.44214439
vt 0.89045648 0.24591032
f 523/2656/523 518/2657/518 520/2658/520
vt 0.05906344 0.25476700
vt 0.09208645 0.24591032
vt 0.07186469 0.24591032
f 506/2659/506 508/2660/508 507/2661/507
vt 0.07186469 0.24591032
vt 0.27449451 0.43783599
vt 0.05906344 0.25476700
f 507/2662/507 510/2663/510 506/2664/506
vt 0.33894488 0.24591032
vt 0.27449451 0.43783599
vt 0.07186469 0.24591032
f 512/2665/512 510/2666/510 507/2667/507
vt 0.58009321 0.24591032
vt 0.71079039 0.44214439
vt 0.33894488 0.24591032
f 516/2668/516 518/2669/518 512/2670/512
vt 0.58009321 0.24591032
vt 0.89045648 0.24591032
vt 0.71079039 0.44214439
f 516/2671/516 520/2672/520 518/2673/518
vt 0.49679538 0.24591032
vt 0.90744286 0.24591032
vt 0.58009321 0.24591032
f 514/2674/514 521/2675/521 516/2676/516
vt 0.58009321 0.24591032
vt 0.90744286 0.24591032
vt 0.94359648 0.24591032
f 516/2677/516 521/2678/521 522/2679/522
vt 0.58009321 0.24591032
vt 0.39981040 0.24591032
vt 0.49679538 0.24591032
f 516/2680/516 513/2681/513 514/2682/514
vt 0.94359648 0.24591032
vt 0.89045648 0.24591032
vt 0.58009321 0.24591032
f 522/2683/522 520/2684/520 516/2685/516
vt 0.09208645 0.24591032
vt 0.39981040 0.24591032
vt 0.58009321 0.24591032
f 508/2686/508 513/2687/513 516/2688/516
vt 1.33894488 0.24591032
vt 1.07186469 0.24591032
vt 0.58009321 0.24591032
f 512/2689/512 507/2690/507 516/2691/516
vt 0.58009321 0.24591032
vt 1.07186469 0.24591032
vt 1.09208645 0.24591032
f 516/2692/516 507/2693/507 508/2694/508
g foliage_spray_037
usemtl foliage
s 1
v 0.06346319 0.15508453 0.36130672
v 0.06922211 0.15483279 0.65139258
v 0.14525114 -0.05875841 0.44738934
v 0.20973865 0.31780811 0.52714390
v 0.30810108 0.03466341 0.24897711
v 0.31794072 0.26354440 0.27746250
v 0.40588136 0.04110430 0.66888617
v 0.43695134 0.27301647 0.78844497
v 0.51426476 -0.02498088 0.45788099
v 0.54687218 0.30615352 0.52779184
v 0.62025592 0.13074602 0.35473619
v 0.69113940 0.12764756 0.63156710
vn -0.82956325 0.21223236 -0.51650968
vn -0.70461372 -0.09790546 0.70280440
vn -0.36542706 -0.92816398 0.07053144
vn -0.31316538 0.94884001 0.04037426
vn -0.00417405 -0.48755939 -0.87307984
vn 0.02335657 0.70539606 -0.70842845
vn 0.00407754 -0.72694439 0.68668423
vn 0.04031774 0.49053192 0.87049004
vn 0.33657811 -0.93883946 -0.07277125
vn 0.39439597 0.91298550 -0.10444759
vn 0.70616400 0.07355818 -0.70421701
vn 0.86026379 -0.22883094 0.45561235
vt 0.07974208 0.26594608
vt 0.19333646 0.42059121
vt 0.08774058 0.78707762
f 524/2695/524 526/2696/526 525/2697/525
vt 0.95151459 0.75146167
vt 0.59847561 1.03328860
vt 0.55532287 0.81850439
f 535/2698/535 531/2699/531 530/2700/530
vt 0.55532287 0.81850439
vt 0.08774058 0.78707762
vt 0.19333646 0.42059121
f 530/2701/530 525/2702/525 526/2703/526
vt 0.59847561 1.03328860
vt 1.08774058 0.78707762
vt 0.55532287 0.81850439
f 531/2704/531 525/2705/525 530/2706/530
vt 0.41951693 0.06414891
vt 0.19333646 0.42059121
vt 0.07974208 0.26594608
f 528/2707/528 526/2708/526 524/2709/524
vt 0.70585537 0.43943918
vt 0.85306532 0.25414230
vt 0.95151459 0.75146167
f 532/2710/532 534/2711/534 535/2712/535
vt 0.95151459 0.75146167
vt 0.55532287 0.81850439
vt 0.70585537 0.43943918
f 535/2713/535 530/2714/530 532/2715/532
vt 0.70585537 0.43943918
vt 0.55532287 0.81850439
vt 1.19333646 0.42059121
f 532/2716/532 530/2717/530 526/2718/526
vt 1.19333646 0.42059121
vt 1.41951693 0.06414891
vt 0.70585537 0.43943918
f 526/2719/526 528/2720/528 532/2721/532
vt 0.70585537 0.43943918
vt 0.41951693 0.06414891
vt 0.85306532 0.25414230
f 532/2722/532 528/2723/528 534/2724/534
vt 0.43318309 0.11532217
vt 0.41951693 0.06414891
vt 0.07974208 0.26594608
f 529/2725/529 528/2726/528 524/2727/524
vt 0.85306532 0.25414230
vt 0.41951693 0.06414891
vt 0.43318309 0.11532217
f 534/2728/534 528/2729/528 529/2730/529
vt 0.75114346 0.56503218
vt 0.59847561 1.03328860
vt 0.95151459 0.75146167
f 533/2731/533 531/2732/531 535/2733/535
vt 0.95151459 0.75146167
vt 0.85306532 0.25414230
vt 0.75114346 0.56503218
f 535/2734/535 534/2735/534 533/2736/533
vt 0.85306532 0.25414230
vt 0.43318309 0.11532217
vt 0.75114346 0.56503218
f 534/2737/534 529/2738/529 533/2739/533
vt 1.28290244 0.56386817
vt 1.08774058 0.78707762
vt 0.59847561 1.03328860
f 527/2740/527 525/2741/525 531/2742/531
vt 0.59847561 1.03328860
vt 0.75114346 0.56503218
vt 0.28290244 0.56386817
f 531/2743/531 533/2744/533 527/2745/527
vt 0.28290244 0.56386817
vt 0.75114346 0.56503218
vt 0.43318309 0.11532217
f 527/2746/527 533/2747/533 529/2748/529
vt 0.07974208 0.26594608
vt 0.08774058 0.78707762
vt 0.28290244 0.56386817
f 524/2749/524 525/2750/525 527/2751/527
vt 0.28290244 0.56386817
vt 0.43318309 0.11532217
vt 0.07974208 0.26594608
f 527/2752/527 529/2753/529 524/2754/524
g foliage_spray_038
usemtl foliage
s 1
v -0.09588053 0.16384693 0.63199380
v 0.00124288 0.15615145 0.96494218
v 0.10882536 -0.02764691 0.76652575
v 0.12356344 0.35052582 0.84602146
v 0.22755689 0.01126782 0.52343564
v 0.26102099 0.24906954 0.60065399
v 0.34428070 0.00389622 1.02651870
v 0.37071703 0.24863608 1.07163312
v 0.42902190 -0.02571011 0.77224834
v 0.49486741 0.29453445 0.84045306
v 0.51396377 0.11552654 0.68804603
v 0.63733772 0.10575113 0.94868824
vn -0.84347959 0.17742168 -0.50701453
vn -0.68699823 -0.10646793 0.71881709
vn -0.37509463 -0.92362291 0.07889706
vn -0.24504315 0.96702387 0.06941678
vn 0.03251879 -0.52669052 -0.84943488
vn 0.11250085 0.69154964 -0.71351430
vn -0.03293680 -0.73946288 0.67239111
vn 0.06921694 0.50506448 0.86030162
vn 0.30738352 -0.94508368 -0.11105047
vn 0.45905132 0.87956930 -0.12501894
vn 0.71463212 0.03892099 -0.69841685
vn 0.89149738 -0.23261464 0.38874523
vt 0.08418270 0.79046364
vt 0.25407238 0.57682572
vt -0.05071091 0.19233071
f 537/2755/537 539/2756/539 536/2757/536
vt -0.05071091 0.19233071
vt 0.25407238 0.57682572
vt 0.44498564 0.13602956
f 536/2758/536 539/2759/539 541/2760/541
vt 0.44498564 0.13602956
vt 0.39850772 -0.00269115
vt -0.05071091 0.19233071
f 541/2761/541 540/2762/540 536/2763/536
vt 1.25407238 0.57682572
vt 1.08418270 0.79046364
vt 0.59734124 0.98213107
f 539/2764/539 537/2765/537 543/2766/543
vt 0.96764776 0.76126385
vt 0.59734124 0.98213107
vt 0.56062412 0.90108421
f 547/2767/547 543/2768/543 542/2769/542
vt 0.56062412 0.90108421
vt 0.59734124 0.98213107
vt 1.08418270 0.79046364
f 542/2770/542 543/2771/543 537/2772/537
vt 0.39850772 -0.00269115
vt 0.44498564 0.13602956
vt 0.79629505 0.29302704
f 540/2773/540 541/2774/541 546/2775/546
vt 0.96764776 0.76126385
vt 0.56062412 0.90108421
vt 0.67832024 0.44429426
f 547/2776/547 542/2777/542 544/2778/544
vt 0.67832024 0.44429426
vt 0.79629505 0.29302704
vt 0.96764776 0.76126385
f 544/2779/544 546/2780/546 547/2781/547
vt 0.39850772 -0.00269115
vt 0.79629505 0.29302704
vt 0.67832024 0.44429426
f 540/2782/540 546/2783/546 544/2784/544
vt -0.05071091 0.19233071
vt 0.39850772 -0.00269115
vt 0.23360282 0.43401378
f 536/2785/536 540/2786/540 538/2787/538
vt 0.23360282 0.43401378
vt 0.08418270 0.79046364
vt -0.05071091 0.19233071
f 538/2788/538 537/2789/537 536/2790/536
vt 0.23360282 0.43401378
vt 0.56062412 0.90108421
vt 0.08418270 0.79046364
f 538/2791/538 542/2792/542 537/2793/537
vt 0.39850772 -0.00269115
vt 0.67832024 0.44429426
vt 0.23360282 0.43401378
f 540/2794/540 544/2795/544 538/2796/538
vt 0.23360282 0.43401378
vt 0.67832024 0.44429426
vt 0.56062412 0.90108421
f 538/2797/538 544/2798/544 542/2799/542
vt 0.96764776 0.76126385
vt 0.79629505 0.29302704
vt 0.76977233 0.56682224
f 547/2800/547 546/2801/546 545/2802/545
vt 0.76977233 0.56682224
vt 0.79629505 0.29302704
vt 0.44498564 0.13602956
f 545/2803/545 546/2804/546 541/2805/541
vt 0.76977233 0.56682224
vt 1.44498564 0.13602956
vt 1.25407238 0.57682572
f 545/2806/545 541/2807/541 539/2808/539
vt 0.76977233 0.56682224
vt 0.59734124 0.98213107
vt 0.96764776 0.76126385
f 545/2809/545 543/2810/543 547/2811/547
vt 1.25407238 0.57682572
vt 0.59734124 0.98213107
vt 0.76977233 0.56682224
f 539/2812/539 543/2813/543 545/2814/545
g foliage_spray_039
usemtl foliage
s 1
v -0.06857752 0.17420083 1.01552981
v 0.07610958 -0.03938298 1.12820687
v 0.07709141 0.15311133 1.27878903
v 0.18103829 0.29534312 1.19577370
v 0.21070761 -0.00284232 0.88796024
v 0.27716339 0.21655022 1.01342186
v 0.32730859 0.00871335 1.34331936
v 0.36388258 0.20863165 1.36248729
v 0.45778666 -0.10980317 1.12527915
v 0.49539345 0.26024192 1.19778383
v 0.53270149 0.08714953 1.04731237
v 0.66378548 0.06817160 1.31311516
vn -0.79523784 0.39240192 -0.46218775
vn -0.50134629 -0.84941958 0.16473698
vn -0.63454508 0.04167444 0.77176148
vn -0.19115229 0.97602470 0.10409896
vn -0.02903535 -0.38449848 -0.92266888
vn 0.12689179 0.70680321 -0.69593656
vn -0.12669391 -0.61581844 0.77763507
vn 0.02638542 0.48762293 0.87265554
vn 0.23038906 -0.97029075 -0.07386982
vn 0.44828001 0.88686022 -0.11191059
vn 0.66111349 0.11300649 -0.74172670
vn 0.82178587 -0.19047870 0.53701569
vt 0.53756055 0.84329628
vt 0.71878008 0.42257775
vt 1.00488956 0.78501589
f 554/2815/554 556/2816/556 559/2817/559
vt 0.71878008 0.42257775
vt 0.53756055 0.84329628
vt 1.18867304 0.42822692
f 556/2818/556 554/2819/554 549/2820/549
vt -0.01228127 0.21081141
vt 0.37561474 -0.03533990
vt 0.18867304 0.42822692
f 548/2821/548 552/2822/552 549/2823/549
vt 1.18867304 0.42822692
vt 1.37561474 -0.03533990
vt 0.71878008 0.42257775
f 549/2824/549 552/2825/552 556/2826/556
vt 0.46791443 0.20674402
vt 0.37561474 -0.03533990
vt -0.01228127 0.21081141
f 553/2827/553 552/2828/552 548/2829/548
vt 0.82282846 0.27213730
vt 0.77101174 0.56247884
vt 1.00488956 0.78501589
f 558/2830/558 557/2831/557 559/2832/559
vt 1.00488956 0.78501589
vt 0.71878008 0.42257775
vt 0.82282846 0.27213730
f 559/2833/559 556/2834/556 558/2835/558
vt 0.71878008 0.42257775
vt 0.37561474 -0.03533990
vt 0.82282846 0.27213730
f 556/2836/556 552/2837/552 558/2838/558
vt 0.37561474 -0.03533990
vt 0.46791443 0.20674402
vt 0.82282846 0.27213730
f 552/2839/552 553/2840/553 558/2841/558
vt 0.82282846 0.27213730
vt 0.46791443 0.20674402
vt 0.77101174 0.56247884
f 558/2842/558 553/2843/553 557/2844/557
vt 0.58835776 0.88028167
vt 0.53756055 0.84329628
vt 1.00488956 0.78501589
f 555/2845/555 554/2846/554 559/2847/559
vt 1.00488956 0.78501589
vt 0.77101174 0.56247884
vt 0.58835776 0.88028167
f 559/2848/559 557/2849/557 555/2850/555
vt 0.53756055 0.84329628
vt 0.58835776 0.88028167
vt 0.19003668 0.71878207
f 554/2851/554 555/2852/555 550/2853/550
vt -0.01228127 0.21081141
vt 0.18867304 0.42822692
vt 0.19003668 0.71878207
f 548/2854/548 549/2855/549 550/2856/550
vt 0.19003668 0.71878207
vt 0.18867304 0.42822692
vt 0.53756055 0.84329628
f 550/2857/550 549/2858/549 554/2859/554
vt 0.33440735 0.55860019
vt 0.58835776 0.88028167
vt 0.77101174 0.56247884
f 551/2860/551 555/2861/555 557/2862/557
vt 0.33440735 0.55860019
vt 0.46791443 0.20674402
vt -0.01228127 0.21081141
f 551/2863/551 553/2864/553 548/2865/548
vt 0.77101174 0.56247884
vt 0.46791443 0.20674402
vt 0.33440735 0.55860019
f 557/2866/557 553/2867/553 551/2868/551
vt -0.01228127 0.21081141
vt 0.19003668 0.71878207
vt 0.33440735 0.55860019
f 548/2869/548 550/2870/550 551/2871/551
vt 0.33440735 0.55860019
vt 0.19003668 0.71878207
vt 0.58835776 0.88028167
f 551/2872/551 550/2873/550 555/2874/555
g foliage_spray_040
usemtl foliage
s 1
v 0.30638966 -0.08954132 0.00000000
v 0.32505994 -0.05650174 0.00000000
v 0.32715037 -0.14478464 -0.00000000
v 0.34873474 -0.09861411 0.24300714
v 0.38896377 -0.28003265 0.06857019
v 0.44097667 -0.26388011 0.00000000
v 0.45044941 0.11305491 0.15139299
v 0.52093355 0.04311197 0.00000000
v 0.61454431 -0.25756381 0.28091687
v 0.66028412 -0.33655139 -0.00000000
v 0.69500904 -0.04151345 0.38532002
v 0.71145599 -0.00418969 0.00000000
v 0.73323001 -0.39047053 0.06109323
v 0.80894873 -0.28010233 0.00000000
v 0.85999214 -0.16178755 0.00000000
v 0.86150947 -0.20848044 0.00000000
v 0.86543462 0.00895249 0.14829661
v 0.87850163 -0.21212115 0.22767460
vn -0.86159331 0.32922832 -0.38634916
vn -0.14624569 0.23652726 -0.96055560
vn -0.63026641 -0.28865956 -0.72072180
vn -0.70129337 -0.05897925 0.71042879
vn -0.51791452 -0.81911270 0.24661496
vn -0.15521052 -0.26962894 -0.95037357
vn -0.22995009 0.93746259 0.26131751
vn 0.03294985 0.53104319 -0.84670387
vn -0.14705275 -0.68799109 0.71066430
vn -0.12296371 -0.64703240 -0.75248189
vn 0.10146234 0.36013841 0.92736493
vn 0.24438588 0.40439885 -0.88132690
vn 0.17885585 -0.95579125 0.23339597
vn 0.02696685 -0.04237037 -0.99873797
vn 0.45525390 0.33438828 -0.82518384
vn 0.95091779 -0.29303762 -0.09941985
vn 0.60848036 0.79185132 0.05218369
vn 0.73989018 -0.40869437 0.53435142
vt 1.29298991 0.58550309
vt 0.63265606 1.00574679
vt 0.86935825 0.57994053
f 566/2875/566 570/2876/570 576/2877/576
vt 0.86935825 0.57994053
vt 1.39088454 0.31352960
vt 1.29298991 0.58550309
f 576/2878/576 567/2879/567 566/2880/566
vt 0.86935825 0.57994053
vt 0.63265606 1.00574679
vt 0.88750687 0.72254099
f 576/2881/576 570/2882/570 577/2883/577
vt 0.15171952 0.75008548
vt 0.29298991 0.58550309
vt 0.09290692 0.31352960
f 563/2884/563 566/2885/566 560/2886/560
vt 0.15171952 0.75008548
vt 0.63265606 1.00574679
vt 0.29298991 0.58550309
f 563/2887/563 570/2888/570 566/2889/566
vt 0.88750687 0.72254099
vt 0.63265606 1.00574679
vt 0.52089949 0.81818931
f 577/2890/577 570/2891/570 568/2892/568
vt 0.63265606 1.00574679
vt 0.15171952 0.75008548
vt 0.52089949 0.81818931
f 570/2893/570 563/2894/563 568/2895/568
vt 0.52089949 0.81818931
vt 0.15171952 0.75008548
vt 0.20759318 0.43671413
f 568/2896/568 563/2897/563 564/2898/564
vt 0.12174123 0.31352960
vt 0.15171952 0.75008548
vt 0.09290692 0.31352960
f 562/2899/562 563/2900/563 560/2901/560
vt 0.20759318 0.43671413
vt 0.15171952 0.75008548
vt 0.12174123 0.31352960
f 564/2902/564 563/2903/563 562/2904/562
vt 0.88750687 0.72254099
vt 0.52089949 0.81818931
vt 0.68574074 0.42328197
f 577/2905/577 568/2906/568 572/2907/572
vt 0.68574074 0.42328197
vt 0.52089949 0.81818931
vt 0.20759318 0.43671413
f 572/2908/572 568/2909/568 564/2910/564
vt 0.09290692 0.31352960
vt 0.29298991 0.58550309
vt 0.11883786 0.31352960
f 560/2911/560 566/2912/566 561/2913/561
vt 0.29298991 0.58550309
vt 0.39088454 0.31352960
vt 0.11883786 0.31352960
f 566/2914/566 567/2915/567 561/2916/561
vt 0.65549904 0.31352960
vt 0.86935825 0.57994053
vt 0.86179925 0.31352960
f 571/2917/571 576/2918/576 574/2919/574
vt 0.39088454 0.31352960
vt 0.86935825 0.57994053
vt 0.65549904 0.31352960
f 567/2920/567 576/2921/576 571/2922/571
vt 0.88750687 0.72254099
vt 0.68574074 0.42328197
vt 0.86390665 0.31352960
f 577/2923/577 572/2924/572 575/2925/575
vt 0.86390665 0.31352960
vt 0.86935825 0.57994053
vt 0.88750687 0.72254099
f 575/2926/575 576/2927/576 577/2928/577
vt 0.86179925 0.31352960
vt 0.86935825 0.57994053
vt 0.86390665 0.31352960
f 574/2929/574 576/2930/576 575/2931/575
vt 0.20759318 0.43671413
vt 0.12174123 0.31352960
vt 0.27983332 0.31352960
f 564/2932/564 562/2933/562 565/2934/565
vt 0.58442700 0.31352960
vt 0.68574074 0.42328197
vt 0.20759318 0.43671413
f 569/2935/569 572/2936/572 564/2937/564
vt 0.20759318 0.43671413
vt 0.27983332 0.31352960
vt 0.58442700 0.31352960
f 564/2938/564 565/2939/565 569/2940/569
vt 0.79090562 0.31352960
vt 0.86390665 0.31352960
vt 0.68574074 0.42328197
f 573/2941/573 575/2942/575 572/2943/572
vt 0.68574074 0.42328197
vt 0.58442700 0.31352960
vt 0.79090562 0.31352960
f 572/2944/572 569/2945/569 573/2946/573
vt 1.09290692 0.31352960
vt 1.11883786 0.31352960
vt 0.79090562 0.31352960
f 560/2947/560 561/2948/561 573/2949/573
vt 0.79090562 0.31352960
vt 1.12174123 0.31352960
vt 1.09290692 0.31352960
f 573/2950/573 562/2951/562 560/2952/560
vt 0.79090562 0.31352960
vt 0.65549904 0.31352960
vt 0.86179925 0.31352960
f 573/2953/573 571/2954/571 574/2955/574
vt 0.79090562 0.31352960
vt 1.11883786 0.31352960
vt 1.39088454 0.31352960
f 573/2956/573 561/2957/561 567/2958/567
vt 0.39088454 0.31352960
vt 0.65549904 0.31352960
vt 0.79090562 0.31352960
f 567/2959/567 571/2960/571 573/2961/573
vt 0.86179925 0.31352960
vt 0.86390665 0.31352960
vt 0.79090562 0.31352960
f 574/2962/574 575/2963/575 573/2964/573
vt 0.79090562 0.31352960
vt 1.27983332 0.31352960
vt 1.12174123 0.31352960
f 573/2965/573 565/2966/565 562/2967/562
vt 0.79090562 0.31352960
vt 0.58442700 0.31352960
vt 1.27983332 0.31352960
f 573/2968/573 569/2969/569 565/2970/565
g foliage_spray_041
usemtl foliage
s 1
v 0.40912656 -0.13476917 0.42934386
v 0.47319520 -0.13650749 0.66828623
v 0.52782605 -0.29724742 0.51733138
v 0.54941495 0.01106746 0.58232356
v 0.63366282 -0.25543890 0.29728590
v 0.63737141 -0.01407661 0.32344253
v 0.73101063 -0.23597521 0.71656291
v 0.75082777 -0.02665430 0.81060672
v 0.83697058 -0.29950927 0.51862026
v 0.87512382 0.03118218 0.58841499
v 0.90881276 -0.14832673 0.43396402
v 0.97000000 -0.15057680 0.67999049
vn -0.91052127 0.11726925 -0.39648323
vn -0.70522120 -0.14029417 0.69496806
vn -0.37833077 -0.91769217 0.12127205
vn -0.37760390 0.91926170 0.11123496
vn -0.00581200 -0.54569359 -0.83796464
vn 0.01133642 0.71101710 -0.70308333
vn -0.02944906 -0.72328516 0.68992125
vn -0.01935728 0.45951353 0.88795980
vn 0.34760982 -0.93616636 -0.05253528
vn 0.39743082 0.91460961 -0.07441775
vn 0.74078787 0.05742565 -0.66927994
vn 0.86121775 -0.22328719 0.45655976
vt 0.88675550 0.73201736
vt 0.75498302 0.56750440
vt 0.58234963 0.96666594
f 589/2971/589 587/2972/587 585/2973/585
vt 0.10776461 0.28173734
vt 0.41962053 0.04449872
vt 0.27262501 0.43980458
f 578/2974/578 582/2975/582 580/2976/580
vt 0.42477135 0.09148841
vt 0.41962053 0.04449872
vt 0.10776461 0.28173734
f 583/2977/583 582/2978/582 578/2979/578
vt 0.80177322 0.29003732
vt 0.75498302 0.56750440
vt 0.88675550 0.73201736
f 588/2980/588 587/2981/587 589/2982/589
vt 0.80177322 0.29003732
vt 0.42477135 0.09148841
vt 0.75498302 0.56750440
f 588/2983/588 583/2984/583 587/2985/587
vt 0.41962053 0.04449872
vt 0.42477135 0.09148841
vt 0.80177322 0.29003732
f 582/2986/582 583/2987/583 588/2988/588
vt 0.70199241 0.44212001
vt 0.27262501 0.43980458
vt 0.41962053 0.04449872
f 586/2989/586 580/2990/580 582/2991/582
vt 0.70199241 0.44212001
vt 0.80177322 0.29003732
vt 0.88675550 0.73201736
f 586/2992/586 588/2993/588 589/2994/589
vt 0.41962053 0.04449872
vt 0.80177322 0.29003732
vt 0.70199241 0.44212001
f 582/2995/582 588/2996/588 586/2997/586
vt 0.10776461 0.28173734
vt 0.27262501 0.43980458
vt 0.19674884 0.71099097
f 578/2998/578 580/2999/580 579/3000/579
vt 0.30260960 0.55656130
vt 0.58234963 0.96666594
vt 0.75498302 0.56750440
f 581/3001/581 585/3002/585 587/3003/587
vt 0.75498302 0.56750440
vt 0.42477135 0.09148841
vt 0.30260960 0.55656130
f 587/3004/587 583/3005/583 581/3006/581
vt 0.30260960 0.55656130
vt 0.19674884 0.71099097
vt 0.58234963 0.96666594
f 581/3007/581 579/3008/579 585/3009/585
vt 0.30260960 0.55656130
vt 0.42477135 0.09148841
vt 0.10776461 0.28173734
f 581/3010/581 583/3011/583 578/3012/578
vt 0.10776461 0.28173734
vt 0.19674884 0.71099097
vt 0.30260960 0.55656130
f 578/3013/578 579/3014/579 581/3015/581
vt 0.27262501 0.43980458
vt 0.70199241 0.44212001
vt 0.55482581 0.79771874
f 580/3016/580 586/3017/586 584/3018/584
vt 0.58234963 0.96666594
vt 0.19674884 0.71099097
vt 0.55482581 0.79771874
f 585/3019/585 579/3020/579 584/3021/584
vt 0.55482581 0.79771874
vt 0.19674884 0.71099097
vt 0.27262501 0.43980458
f 584/3022/584 579/3023/579 580/3024/580
vt 0.88675550 0.73201736
vt 0.58234963 0.96666594
vt 0.55482581 0.79771874
f 589/3025/589 585/3026/585 584/3027/584
vt 0.55482581 0.79771874
vt 0.70199241 0.44212001
vt 0.88675550 0.73201736
f 584/3028/584 586/3029/586 589/3030/589
g foliage_spray_042
usemtl foliage
s 1
v 0.27989361 -0.12733296 0.67719266
v 0.32165299 -0.13137060 0.99296400
v 0.43604997 -0.31401520 0.79167894
v 0.49541185 0.00896916 0.86041655
v 0.54875840 -0.28461634 0.53881408
v 0.59340053 -0.05268777 0.64061583
v 0.66654025 -0.28647344 1.04442025
v 0.70405115 -0.03991962 1.11000516
v 0.75732873 -0.32851312 0.79514296
v 0.82639616 -0.00147831 0.86492376
v 0.87981942 -0.18533875 0.69086376
v 0.92327082 -0.18953999 0.95569208
vn -0.82337891 0.28390237 -0.49137218
vn -0.71897325 -0.03367132 0.69422166
vn -0.40884599 -0.90944241 0.07589112
vn -0.23751973 0.97078785 0.03399013
vn -0.02497312 -0.50988219 -0.85988168
vn 0.07358871 0.73112736 -0.67826063
vn -0.03266750 -0.74247339 0.66907854
vn 0.07995708 0.53761397 0.83939150
vn 0.28027605 -0.95763991 -0.06611456
vn 0.43736006 0.89275462 -0.10819137
vn 0.72429453 0.04533008 -0.68799900
vn 0.86528892 -0.26345749 0.42645661
vt 0.07554485 0.79714777
vt 0.31687659 0.55902978
vt 0.01754570 0.22987294
f 591/3031/591 593/3032/593 590/3033/590
vt 0.01754570 0.22987294
vt 0.31687659 0.55902978
vt 0.45297199 0.16416363
f 590/3034/590 593/3035/593 595/3036/595
vt 0.45297199 0.16416363
vt 0.39096903 -0.01872052
vt 0.01754570 0.22987294
f 595/3037/595 594/3038/594 590/3039/590
vt 1.31687659 0.55902978
vt 1.07554485 0.79714777
vt 0.60665340 1.00740911
f 593/3040/593 591/3041/591 597/3042/597
vt 0.91112516 0.73018975
vt 0.60665340 1.00740911
vt 0.55455493 0.88958756
f 601/3043/601 597/3044/597 596/3045/596
vt 0.55455493 0.88958756
vt 0.60665340 1.00740911
vt 1.07554485 0.79714777
f 596/3046/596 597/3047/597 591/3048/591
vt 0.39096903 -0.01872052
vt 0.45297199 0.16416363
vt 0.85077600 0.25443270
f 594/3049/594 595/3050/595 600/3051/600
vt 0.77657703 0.56712686
vt 0.45297199 0.16416363
vt 0.31687659 0.55902978
f 599/3052/599 595/3053/595 593/3054/593
vt 0.31687659 0.55902978
vt 0.60665340 1.00740911
vt 0.77657703 0.56712686
f 593/3055/593 597/3056/597 599/3057/599
vt 0.77657703 0.56712686
vt 0.85077600 0.25443270
vt 0.45297199 0.16416363
f 599/3058/599 600/3059/600 595/3060/595
vt 0.77657703 0.56712686
vt 0.60665340 1.00740911
vt 0.91112516 0.73018975
f 599/3061/599 597/3062/597 601/3063/601
vt 0.91112516 0.73018975
vt 0.85077600 0.25443270
vt 0.77657703 0.56712686
f 601/3064/601 600/3065/600 599/3066/599
vt 0.23442954 0.43554450
vt 0.55455493 0.88958756
vt 0.07554485 0.79714777
f 592/3067/592 596/3068/596 591/3069/591
vt 0.01754570 0.22987294
vt 0.39096903 -0.01872052
vt 0.23442954 0.43554450
f 590/3070/590 594/3071/594 592/3072/592
vt 0.23442954 0.43554450
vt 0.07554485 0.79714777
vt 0.01754570 0.22987294
f 592/3073/592 591/3074/591 590/3075/590
vt 0.39096903 -0.01872052
vt 0.85077600 0.25443270
vt 0.68065004 0.44176751
f 594/3076/594 600/3077/600 598/3078/598
vt 0.68065004 0.44176751
vt 0.23442954 0.43554450
vt 0.39096903 -0.01872052
f 598/3079/598 592/3080/592 594/3081/594
vt 0.55455493 0.88958756
vt 0.23442954 0.43554450
vt 0.68065004 0.44176751
f 596/3082/596 592/3083/592 598/3084/598
vt 0.91112516 0.73018975
vt 0.55455493 0.88958756
vt 0.68065004 0.44176751
f 601/3085/601 596/3086/596 598/3087/598
vt 0.68065004 0.44176751
vt 0.85077600 0.25443270
vt 0.91112516 0.73018975
f 598/3088/598 600/3089/600 601/3090/601
g foliage_spray_043
usemtl foliage
s 1
v 0.42532120 -0.14628497 0.86164116
v 0.51853089 -0.13671003 1.09807530
v 0.57064477 -0.33272356 0.94842777
v 0.57086307 0.01738408 1.01652520
v 0.66888440 -0.00780355 0.79960683
v 0.69766888 -0.24564302 0.72708290
v 0.76845826 -0.01255036 1.18908913
v 0.79367475 -0.20107925 1.14107775
v 0.89421841 0.09081628 1.02434781
v 0.97000000 -0.29905886 0.94696065
v 0.97000000 -0.08650467 0.85158484
v 0.97000000 -0.08478134 1.10314386
vn -0.89397186 0.06822748 -0.44289877
vn -0.62344545 -0.17875745 0.76115803
vn -0.28099719 -0.94599061 0.16168592
vn -0.48402934 0.86388131 0.13937248
vn -0.10303983 0.70183484 -0.70484796
vn 0.03023341 -0.41890109 -0.90752841
vn -0.07724581 0.41932871 0.90454216
vn 0.05907379 -0.61068961 0.78966352
vn 0.25712376 0.96562455 -0.03816553
vn 0.52625610 -0.85005436 -0.02149669
vn 0.69022670 0.27684536 -0.66853852
vn 0.83503839 0.03392581 0.54914472
vt 0.06629986 0.25696247
vt 0.44456054 -0.00267382
vt 0.26813815 0.42442118
f 602/3091/602 607/3092/607 604/3093/604
vt 1.26813815 0.42442118
vt 1.44456054 -0.00267382
vt 0.82279820 0.42159032
f 604/3094/604 607/3095/607 611/3096/611
vt 0.26844135 0.55581828
vt 0.54287912 0.88878825
vt 0.71754599 0.57091235
f 605/3097/605 608/3098/608 610/3099/610
vt 0.71754599 0.57091235
vt 0.54287912 0.88878825
vt 0.82279820 0.72295294
f 610/3100/610 608/3101/608 613/3102/613
vt 0.40458209 0.13726440
vt 0.44456054 -0.00267382
vt 0.06629986 0.25696247
f 606/3103/606 607/3104/607 602/3105/602
vt 0.06629986 0.25696247
vt 0.26844135 0.55581828
vt 0.40458209 0.13726440
f 602/3106/602 605/3107/605 606/3108/606
vt 0.40458209 0.13726440
vt 0.26844135 0.55581828
vt 0.71754599 0.57091235
f 606/3109/606 605/3110/605 610/3111/610
vt 0.82279820 0.42159032
vt 0.44456054 -0.00267382
vt 0.82279820 0.23755834
f 611/3112/611 607/3113/607 612/3114/612
vt 0.82279820 0.23755834
vt 0.82279820 0.72295294
vt 0.82279820 0.42159032
f 612/3115/612 613/3116/613 611/3117/611
vt 0.71754599 0.57091235
vt 0.82279820 0.72295294
vt 0.82279820 0.23755834
f 610/3118/610 613/3119/613 612/3120/612
vt 0.82279820 0.23755834
vt 0.40458209 0.13726440
vt 0.71754599 0.57091235
f 612/3121/612 606/3122/606 610/3123/610
vt 0.44456054 -0.00267382
vt 0.40458209 0.13726440
vt 0.82279820 0.23755834
f 607/3124/607 606/3125/606 612/3126/612
vt 0.06629986 0.25696247
vt 0.26813815 0.42442118
vt 0.19575777 0.71317291
f 602/3127/602 604/3128/604 603/3129/603
vt 0.19575777 0.71317291
vt 0.26844135 0.55581828
vt 0.06629986 0.25696247
f 603/3130/603 605/3131/605 602/3132/602
vt 0.54287912 0.88878825
vt 0.26844135 0.55581828
vt 0.19575777 0.71317291
f 608/3133/608 605/3134/605 603/3135/603
vt 0.57790202 0.79614811
vt 1.26813815 0.42442118
vt 0.82279820 0.42159032
f 609/3136/609 604/3137/604 611/3138/611
vt 0.82279820 0.42159032
vt 0.82279820 0.72295294
vt 0.57790202 0.79614811
f 611/3139/611 613/3140/613 609/3141/609
vt 0.57790202 0.79614811
vt 0.82279820 0.72295294
vt 0.54287912 0.88878825
f 609/3142/609 613/3143/613 608/3144/608
vt 0.54287912 0.88878825
vt 0.19575777 0.71317291
vt 0.57790202 0.79614811
f 608/3145/608 603/3146/603 609/3147/609
vt 0.57790202 0.79614811
vt 0.19575777 0.71317291
vt 0.26813815 0.42442118
f 609/3148/609 603/3149/603 604/3150/604
g foliage_spray_044
usemtl foliage
s 1
v 0.30564943 0.24680730 0.06685963
v 0.43165391 0.00931927 0.19665231
v 0.45610532 0.13314587 0.00000000
v 0.46722192 0.20601081 0.36140110
v 0.54827446 0.03214616 0.00000000
v 0.56252936 0.39874831 0.28175871
v 0.62802711 0.01544872 0.00000000
v 0.66922439 0.27810383 0.00000000
v 0.67390636 0.29085082 0.00295994
v 0.69885376 0.01778995 0.46069577
v 0.74308924 0.05526567 -0.00000000
v 0.76681391 0.23563272 0.46112518
v 0.79595191 -0.06767744 0.19967146
v 0.88194185 0.25871093 0.26979539
v 0.94628440 0.08504917 0.35471264
v 0.97000000 0.07863054 0.07797780
vn -0.87858983 0.39606344 -0.26685889
vn -0.59107598 -0.78479464 0.18635065
vn -0.18844968 0.10268956 -0.97669933
vn -0.66113791 0.09412016 0.74433733
vn -0.36590780 -0.71161277 -0.59976557
vn -0.09130815 0.98371586 0.15480933
vn 0.05736612 -0.48339138 -0.87352270
vn 0.00258636 0.00953060 -0.99995124
vn 0.23315612 0.77201980 -0.59128982
vn -0.14902087 -0.64287727 0.75133321
vn 0.27620226 -0.38833724 -0.87915101
vn 0.15616291 0.46866103 0.86946534
vn 0.14623468 -0.98879054 -0.03014427
vn 0.61834360 0.78576489 -0.01499129
vn 0.80710493 -0.30691277 0.50436710
vn 0.84760972 0.01354761 -0.53044720
vt 0.97073386 0.19239915
vt 1.32751153 0.57845963
vt 1.48220181 0.07760505
f 614/3151/614 619/3152/619 622/3153/622
vt 0.19514009 0.72153507
vt 0.32751153 0.57845963
vt -0.02926614 0.19239915
f 617/3154/617 619/3155/619 614/3156/614
vt 0.32751153 0.57845963
vt 0.19514009 0.72153507
vt 0.61124007 0.90068674
f 619/3157/619 617/3158/617 625/3159/625
vt 0.61124007 0.90068674
vt 0.19514009 0.72153507
vt 0.51685098 0.89991531
f 625/3160/625 617/3161/617 623/3162/623
vt 0.86050465 0.70951943
vt 0.65170952 0.43099207
vt 0.89344298 0.21237263
f 628/3163/628 626/3164/626 629/3165/629
vt 0.86050465 0.70951943
vt 0.51685098 0.89991531
vt 0.65170952 0.43099207
f 628/3166/628 623/3167/623 626/3168/626
vt 0.86050465 0.70951943
vt 0.61124007 0.90068674
vt 0.51685098 0.89991531
f 628/3169/628 625/3170/625 623/3171/623
vt 0.65170952 0.43099207
vt 0.30771306 0.07228759
vt 0.41848064 0.07228759
f 626/3172/626 618/3173/618 620/3174/620
vt 0.97073386 0.19239915
vt 1.48220181 0.07760505
vt 1.17970037 0.07228759
f 614/3175/614 622/3176/622 616/3177/616
vt 0.17970037 0.07228759
vt 0.30771306 0.07228759
vt -0.02926614 0.19239915
f 616/3178/616 618/3179/618 614/3180/614
vt 0.65170952 0.43099207
vt 0.51685098 0.89991531
vt 1.14574008 0.42556825
f 626/3181/626 623/3182/623 615/3183/615
vt 1.14574008 0.42556825
vt 1.30771306 0.07228759
vt 0.65170952 0.43099207
f 615/3184/615 618/3185/618 626/3186/626
vt -0.02926614 0.19239915
vt 0.30771306 0.07228759
vt 0.14574008 0.42556825
f 614/3187/614 618/3188/618 615/3189/615
vt 0.14574008 0.42556825
vt 0.19514009 0.72153507
vt -0.02926614 0.19239915
f 615/3190/615 617/3191/617 614/3192/614
vt 0.51685098 0.89991531
vt 0.19514009 0.72153507
vt 0.14574008 0.42556825
f 623/3193/623 617/3194/617 615/3195/615
vt 0.32751153 0.57845963
vt 0.61124007 0.90068674
vt 0.77113999 0.55696785
f 619/3196/619 625/3197/625 627/3198/627
vt 0.89344298 0.21237263
vt 0.48220181 0.07760505
vt 0.77113999 0.55696785
f 629/3199/629 622/3200/622 627/3201/627
vt 0.77113999 0.55696785
vt 0.48220181 0.07760505
vt 0.32751153 0.57845963
f 627/3202/627 622/3203/622 619/3204/619
vt 0.77113999 0.55696785
vt 0.86050465 0.70951943
vt 0.89344298 0.21237263
f 627/3205/627 628/3206/628 629/3207/629
vt 0.61124007 0.90068674
vt 0.86050465 0.70951943
vt 0.77113999 0.55696785
f 625/3208/625 628/3209/628 627/3210/627
vt 0.89344298 0.21237263
vt 0.65170952 0.43099207
vt 0.57828915 0.07228759
f 629/3211/629 626/3212/626 624/3213/624
vt 0.65170952 0.43099207
vt 0.41848064 0.07228759
vt 0.57828915 0.07228759
f 626/3214/626 620/3215/620 624/3216/624
vt 0.57828915 0.07228759
vt 0.48220181 0.07760505
vt 0.89344298 0.21237263
f 624/3217/624 622/3218/622 629/3219/629
vt 0.47569908 0.07228759
vt 0.17970037 0.07228759
vt 0.48220181 0.07760505
f 621/3220/621 616/3221/616 622/3222/622
vt 0.48220181 0.07760505
vt 0.57828915 0.07228759
vt 0.47569908 0.07228759
f 622/3223/622 624/3224/624 621/3225/621
vt 0.30771306 0.07228759
vt 0.17970037 0.07228759
vt 0.47569908 0.07228759
f 618/3226/618 616/3227/616 621/3228/621
vt 0.47569908 0.07228759
vt 0.41848064 0.07228759
vt 0.30771306 0.07228759
f 621/3229/621 620/3230/620 618/3231/618
vt 0.47569908 0.07228759
vt 0.57828915 0.07228759
vt 0.41848064 0.07228759
f 621/3232/621 624/3233/624 620/3234/620
g foliage_spray_045
usemtl foliage
s 1
v 0.34932001 0.22681369 0.24319317
v 0.45448356 0.20187120 0.53936167
v 0.47110284 0.01043481 0.36296889
v 0.60561805 0.32712872 0.43354367
v 0.62549160 0.05886855 0.18278788
v 0.68842691 0.26556846 0.19539996
v 0.71624038 0.01690745 0.61283148
v 0.80047621 0.25129644 0.68091275
v 0.80334719 -0.04985912 0.36671572
v 0.89809441 0.25570840 0.43312837
v 0.97000000 0.05238451 0.57200057
v 0.97000000 0.07840695 0.24836203
vn -0.78037549 0.39238200 -0.48687828
vn -0.69994567 0.11268993 0.70524962
vn -0.54796453 -0.83417326 0.06236857
vn -0.10405112 0.99179938 0.07421155
vn -0.10603730 -0.50930425 -0.85402885
vn 0.17156648 0.69575331 -0.69748998
vn -0.21482261 -0.69579852 0.68535806
vn 0.11217306 0.54433670 0.83133312
vn 0.11207375 -0.98776719 -0.10842255
vn 0.60145585 0.79682623 -0.05760922
vn 0.81654331 -0.37063351 0.44259216
vn 0.74247265 -0.11586491 -0.65978003
vt 0.15605878 0.74869280
vt 0.36596779 0.55859357
vt 0.00999830 0.21663394
f 631/3235/631 633/3236/633 630/3237/630
vt 0.00999830 0.21663394
vt 0.36596779 0.55859357
vt 0.48098011 0.13077471
f 630/3238/630 633/3239/633 635/3240/635
vt 0.48098011 0.13077471
vt 0.39356995 0.10811744
vt 0.00999830 0.21663394
f 635/3241/635 634/3242/634 630/3243/630
vt 0.36596779 0.55859357
vt 0.15605878 0.74869280
vt 0.63660413 1.00298556
f 633/3244/633 631/3245/631 637/3246/637
vt 0.00999830 0.21663394
vt 0.39356995 0.10811744
vt 0.17914112 0.43180784
f 630/3247/630 634/3248/634 632/3249/632
vt 0.17914112 0.43180784
vt 0.15605878 0.74869280
vt 0.00999830 0.21663394
f 632/3250/632 631/3251/631 630/3252/630
vt 0.39356995 0.10811744
vt 0.48098011 0.13077471
vt 0.87205384 0.22591967
f 634/3253/634 635/3254/635 641/3255/641
vt 0.77218496 0.55784749
vt 0.48098011 0.13077471
vt 0.36596779 0.55859357
f 639/3256/639 635/3257/635 633/3258/633
vt 0.36596779 0.55859357
vt 0.63660413 1.00298556
vt 0.77218496 0.55784749
f 633/3259/633 637/3260/637 639/3261/639
vt 0.77218496 0.55784749
vt 0.87205384 0.22591967
vt 0.48098011 0.13077471
f 639/3262/639 641/3263/641 635/3264/635
vt 0.77218496 0.55784749
vt 0.63660413 1.00298556
vt 0.87205384 0.80732772
f 639/3265/639 637/3266/637 640/3267/640
vt 0.87205384 0.80732772
vt 0.87205384 0.22591967
vt 0.77218496 0.55784749
f 640/3268/640 641/3269/641 639/3270/639
vt 0.15605878 0.74869280
vt 0.17914112 0.43180784
vt 0.51960993 0.88067936
f 631/3271/631 632/3272/632 636/3273/636
vt 0.87205384 0.80732772
vt 0.63660413 1.00298556
vt 0.51960993 0.88067936
f 640/3274/640 637/3275/637 636/3276/636
vt 0.51960993 0.88067936
vt 0.63660413 1.00298556
vt 0.15605878 0.74869280
f 636/3277/636 637/3278/637 631/3279/631
vt 0.64059161 0.43853892
vt 0.17914112 0.43180784
vt 0.39356995 0.10811744
f 638/3280/638 632/3281/632 634/3282/634
vt 0.39356995 0.10811744
vt 0.87205384 0.22591967
vt 0.64059161 0.43853892
f 634/3283/634 641/3284/641 638/3285/638
vt 0.64059161 0.43853892
vt 0.51960993 0.88067936
vt 0.17914112 0.43180784
f 638/3286/638 636/3287/636 632/3288/632
vt 0.64059161 0.43853892
vt 0.87205384 0.22591967
vt 0.87205384 0.80732772
f 638/3289/638 641/3290/641 640/3291/640
vt 0.87205384 0.80732772
vt 0.51960993 0.88067936
vt 0.64059161 0.43853892
f 640/3292/640 636/3293/636 638/3294/638
g foliage_spray_046
usemtl foliage
s 1
v 0.35933704 0.14538879 0.68151461
v 0.47212049 0.13745631 0.98838110
v 0.57197928 -0.02278733 0.81277989
v 0.58378320 0.30445011 0.88159625
v 0.66359690 -0.00797255 0.55377922
v 0.69287099 0.24650405 0.62234017
v 0.77870437 0.00362236 1.04551692
v 0.80612038 0.23472550 1.11134822
v 0.93464618 0.28637516 0.88298122
v 0.93893821 -0.12315136 0.79714115
v 0.97000000 0.09793550 0.97265068
v 0.97000000 0.09902844 0.69359658
vn -0.88982744 0.15291708 -0.42991103
vn -0.69129910 -0.12191477 0.71220948
vn -0.43241632 -0.89297016 0.12498172
vn -0.28085529 0.95452765 0.09998639
vn -0.06503950 -0.51941133 -0.85204562
vn 0.06149022 0.72644848 -0.68446443
vn -0.07040110 -0.69810644 0.71252444
vn 0.05278420 0.48748633 0.87153365
vn 0.48161705 0.87409151 -0.06331702
vn 0.31576028 -0.94820456 -0.03469225
vn 0.88258164 -0.12544162 0.45311593
vn 0.76559356 0.12547271 -0.63096997
vt 0.43729715 0.10014166
vt 0.39663869 -0.02302628
vt -0.02594444 0.20644697
f 647/3295/647 646/3296/646 642/3297/642
vt 0.82219856 0.72946520
vt 0.77905718 0.41416697
vt 0.82219856 0.22815191
f 652/3298/652 651/3299/651 653/3300/653
vt 0.77905718 0.41416697
vt 0.39663869 -0.02302628
vt 0.82219856 0.22815191
f 651/3301/651 646/3302/646 653/3303/653
vt 0.39663869 -0.02302628
vt 0.43729715 0.10014166
vt 0.82219856 0.22815191
f 646/3304/646 647/3305/647 653/3306/653
vt 0.26939200 0.44226155
vt 0.13069923 0.75772447
vt -0.02594444 0.20644697
f 644/3307/644 643/3308/643 642/3309/642
vt -0.02594444 0.20644697
vt 0.39663869 -0.02302628
vt 0.26939200 0.44226155
f 642/3310/642 646/3311/646 644/3312/644
vt 1.26939200 0.44226155
vt 1.39663869 -0.02302628
vt 0.77905718 0.41416697
f 644/3313/644 646/3314/646 651/3315/651
vt 0.55651018 0.86036746
vt 0.77905718 0.41416697
vt 0.82219856 0.72946520
f 648/3316/648 651/3317/651 652/3318/652
vt 0.55651018 0.86036746
vt 1.26939200 0.44226155
vt 0.77905718 0.41416697
f 648/3319/648 644/3320/644 651/3321/651
vt 0.13069923 0.75772447
vt 0.26939200 0.44226155
vt 0.55651018 0.86036746
f 643/3322/643 644/3323/644 648/3324/648
vt 0.82219856 0.72946520
vt 0.82219856 0.22815191
vt 0.77309602 0.56837638
f 652/3325/652 653/3326/653 650/3327/650
vt 0.77309602 0.56837638
vt 0.82219856 0.22815191
vt 0.43729715 0.10014166
f 650/3328/650 653/3329/653 647/3330/647
vt 0.13069923 0.75772447
vt 0.55651018 0.86036746
vt 0.59458797 0.97863164
f 643/3331/643 648/3332/648 649/3333/649
vt 0.59458797 0.97863164
vt 0.55651018 0.86036746
vt 0.82219856 0.72946520
f 649/3334/649 648/3335/648 652/3336/652
vt 0.82219856 0.72946520
vt 0.77309602 0.56837638
vt 0.59458797 0.97863164
f 652/3337/652 650/3338/650 649/3339/649
vt -0.02594444 0.20644697
vt 0.13069923 0.75772447
vt 0.28578633 0.56588832
f 642/3340/642 643/3341/643 645/3342/645
vt 0.13069923 0.75772447
vt 0.59458797 0.97863164
vt 0.28578633 0.56588832
f 643/3343/643 649/3344/649 645/3345/645
vt 0.28578633 0.56588832
vt 0.43729715 0.10014166
vt -0.02594444 0.20644697
f 645/3346/645 647/3347/647 642/3348/642
vt 0.28578633 0.56588832
vt 0.77309602 0.56837638
vt 0.43729715 0.10014166
f 645/3349/645 650/3350/650 647/3351/647
vt 0.28578633 0.56588832
vt 0.59458797 0.97863164
vt 0.77309602 0.56837638
f 645/3352/645 649/3353/649 650/3354/650
g foliage_spray_047
usemtl foliage
s 1
v 0.34988098 0.08200667 0.93920852
v 0.38560827 0.08493796 1.20252050
v 0.44328486 0.28766351 1.10282168
v 0.49169660 -0.10205761 1.02603299
v 0.60658556 0.19633088 0.90925894
v 0.62620567 0.00488541 0.85948151
v 0.69587794 0.21270240 1.27408603
v 0.71924434 0.01108444 1.23238039
v 0.79468140 0.27383698 1.09450151
v 0.85462876 -0.05334399 1.02972649
v 0.93215837 0.12978028 0.92762194
v 0.93654674 0.13014033 1.17520443
vn -0.80124089 0.03103289 -0.59753660
vn -0.62199293 -0.22567071 0.74979832
vn -0.40467596 0.91285454 0.05416604
vn -0.25527079 -0.96433560 0.06995479
vn -0.04640065 0.66296057 -0.74721500
vn 0.03066953 -0.41044592 -0.91136904
vn 0.01675074 0.45303437 0.89133567
vn 0.08737886 -0.64896985 0.75577978
vn 0.28262408 0.95547312 -0.08482185
vn 0.45476176 -0.88742955 -0.07523646
vn 0.63184496 0.25926686 -0.73044688
vn 0.82996427 0.02585765 0.55721691
vt 0.11805562 0.76688867
vt 0.19816200 0.57451526
vt 0.06843438 0.25881622
f 655/3355/655 656/3356/656 654/3357/654
vt 0.06843438 0.25881622
vt 0.26540052 0.42634798
vt 0.11805562 0.76688867
f 654/3358/654 657/3359/657 655/3360/655
vt 0.06843438 0.25881622
vt 0.19816200 0.57451526
vt 0.42496852 0.20102712
f 654/3361/654 656/3362/656 658/3363/658
vt 0.88324793 0.71418107
vt 0.87715298 0.23645938
vt 0.68621275 0.55846111
f 665/3364/665 664/3365/664 662/3366/662
vt 0.68621275 0.55846111
vt 0.42496852 0.20102712
vt 0.19816200 0.57451526
f 662/3367/662 658/3368/658 656/3369/656
vt 0.87715298 0.23645938
vt 0.42496852 0.20102712
vt 0.68621275 0.55846111
f 664/3370/664 658/3371/658 662/3372/662
vt 0.45221867 0.10497931
vt 0.26540052 0.42634798
vt 0.06843438 0.25881622
f 659/3373/659 657/3374/657 654/3375/654
vt 0.06843438 0.25881622
vt 0.42496852 0.20102712
vt 0.45221867 0.10497931
f 654/3376/654 658/3377/658 659/3378/659
vt 0.45221867 0.10497931
vt 0.42496852 0.20102712
vt 0.87715298 0.23645938
f 659/3379/659 658/3380/658 664/3381/664
vt 0.76947296 0.43347475
vt 0.87715298 0.23645938
vt 0.88324793 0.71418107
f 663/3382/663 664/3383/664 665/3384/665
vt 1.26540052 0.42634798
vt 1.45221867 0.10497931
vt 0.76947296 0.43347475
f 657/3385/657 659/3386/659 663/3387/663
vt 0.76947296 0.43347475
vt 0.45221867 0.10497931
vt 0.87715298 0.23645938
f 663/3388/663 659/3389/659 664/3390/664
vt 0.19816200 0.57451526
vt 0.11805562 0.76688867
vt 0.54898571 0.90497762
f 656/3391/656 655/3392/655 660/3393/660
vt 0.88324793 0.71418107
vt 0.68621275 0.55846111
vt 0.54898571 0.90497762
f 665/3394/665 662/3395/662 660/3396/660
vt 0.54898571 0.90497762
vt 0.68621275 0.55846111
vt 0.19816200 0.57451526
f 660/3397/660 662/3398/662 656/3399/656
vt 0.58143905 0.82450470
vt 0.11805562 0.76688867
vt 0.26540052 0.42634798
f 661/3400/661 655/3401/655 657/3402/657
vt 1.26540052 0.42634798
vt 0.76947296 0.43347475
vt 0.58143905 0.82450470
f 657/3403/657 663/3404/663 661/3405/661
vt 0.58143905 0.82450470
vt 0.54898571 0.90497762
vt 0.11805562 0.76688867
f 661/3406/661 660/3407/660 655/3408/655
vt 0.58143905 0.82450470
vt 0.76947296 0.43347475
vt 0.88324793 0.71418107
f 661/3409/661 663/3410/663 665/3411/665
vt 0.88324793 0.71418107
vt 0.54898571 0.90497762
vt 0.58143905 0.82450470
f 665/3412/665 660/3413/660 661/3414/661
g foliage_spray_048
usemtl foliage
s 1
v 0.72798454 0.02701662 0.29188911
v 0.73079678 -0.19516986 0.12685733
v 0.79693994 -0.18073652 0.35937835
v 0.87630240 -0.35926460 0.20664009
v 0.92927100 -0.05512157 0.07872819
v 0.98460590 -0.24831072 0.01408566
v 1.00000000 -0.34418504 0.20421425
v 1.00000000 -0.30068180 0.36062116
v 1.00000000 -0.25140292 0.02346367
v 1.00000000 -0.23890342 0.01896015
v 1.00000000 -0.22880121 0.44428136
v 1.00000000 -0.06032380 0.08359703
v 1.00000000 -0.02070837 0.50348162
v 1.00000000 -0.01419644 0.16161301
v 1.00000000 -0.00456180 0.50233856
v 1.00000000 0.03917215 0.28227737
vn -0.66440142 0.74529312 0.05575761
vn -0.84700595 -0.17613757 -0.50155407
vn -0.69588586 -0.34779454 0.62831667
vn -0.47169426 -0.87916630 0.06761029
vn -0.33234638 0.54093410 -0.77261645
vn -0.35897070 -0.22734094 -0.90523816
vn 0.93806761 -0.34280993 -0.05010503
vn 0.93655795 -0.31591747 0.15183991
vn 0.90027682 -0.38633914 -0.20060837
vn 0.97694534 0.06408737 -0.20364334
vn 0.50735150 -0.50320024 0.69955985
vn 0.50427057 0.43640467 -0.74515915
vn 0.12308186 -0.07867741 0.98927282
vn 0.95635568 0.26606682 -0.12079844
vn 0.26191537 0.93156191 0.25217603
vn 0.13661916 0.99022784 -0.02800051
vt 0.21797214 0.70274655
vt 0.50000000 0.96162424
vt 0.12220075 0.58150393
f 668/3415/668 678/3416/678 666/3417/666
vt 0.50000000 0.95957077
vt 0.50000000 0.56423668
vt 0.12220075 0.58150393
f 680/3418/680 681/3419/681 666/3420/666
vt 0.12220075 0.58150393
vt 0.50000000 0.96162424
vt 0.50000000 0.95957077
f 666/3421/666 678/3422/678 680/3423/680
vt 0.50000000 0.96162424
vt 0.21797214 0.70274655
vt 0.50000000 0.85527255
f 678/3424/678 668/3425/668 676/3426/676
vt 0.12610663 0.28502871
vt 0.21797214 0.70274655
vt 0.12220075 0.58150393
f 667/3427/667 668/3428/668 666/3429/666
vt 0.12220075 0.58150393
vt 0.40176528 0.19856599
vt 0.12610663 0.28502871
f 666/3430/666 670/3431/670 667/3432/667
vt 0.12610663 0.28502871
vt 0.40176528 0.19856599
vt 0.47861931 0.08243739
f 667/3433/667 670/3434/670 671/3435/671
vt 0.47861931 0.08243739
vt 0.50000000 0.09119428
vt 0.50000000 0.09928474
f 671/3436/671 675/3437/675 674/3438/674
vt 0.47861931 0.08243739
vt 0.40176528 0.19856599
vt 0.50000000 0.20731273
f 671/3439/671 670/3440/670 677/3441/677
vt 0.50000000 0.20731273
vt 0.50000000 0.09119428
vt 0.47861931 0.08243739
f 677/3442/677 675/3443/675 671/3444/671
vt 0.21797214 0.70274655
vt 0.12610663 0.28502871
vt 0.32819778 0.42835632
f 668/3445/668 667/3446/667 669/3447/669
vt 0.50000000 0.42399837
vt 0.50000000 0.70497922
vt 0.32819778 0.42835632
f 672/3448/672 673/3449/673 669/3450/669
vt 0.32819778 0.42835632
vt 0.12610663 0.28502871
vt 0.47861931 0.08243739
f 669/3451/669 667/3452/667 671/3453/671
vt 0.32819778 0.42835632
vt 0.50000000 0.70497922
vt 0.50000000 0.85527255
f 669/3454/669 673/3455/673 676/3456/676
vt 0.32819778 0.42835632
vt 0.50000000 0.85527255
vt 0.21797214 0.70274655
f 669/3457/669 676/3458/676 668/3459/668
vt 0.32819778 0.42835632
vt 0.50000000 0.09928474
vt 0.50000000 0.42399837
f 669/3460/669 674/3461/674 672/3462/672
vt 0.47861931 0.08243739
vt 0.50000000 0.09928474
vt 0.32819778 0.42835632
f 671/3463/671 674/3464/674 669/3465/669
vt 0.50000000 0.34746636
vt 0.50000000 0.20731273
vt 0.40176528 0.19856599
f 679/3466/679 677/3467/677 670/3468/670
vt 0.12220075 0.58150393
vt 0.50000000 0.56423668
vt 0.50000000 0.34746636
f 666/3469/666 681/3470/681 679/3471/679
vt 0.50000000 0.34746636
vt 0.40176528 0.19856599
vt 0.12220075 0.58150393
f 679/3472/679 670/3473/670 666/3474/666
vt 0.50000000 0.34746636
vt 0.50000000 0.70497922
vt 0.50000000 0.42399837
f 679/3475/679 673/3476/673 672/3477/672
vt 0.50000000 0.56423668
vt 0.50000000 0.95957077
vt 0.50000000 0.34746636
f 681/3478/681 680/3479/680 679/3480/679
vt 0.50000000 0.34746636
vt 0.50000000 0.95957077
vt 0.50000000 0.96162424
f 679/3481/679 680/3482/680 678/3483/678
vt 0.50000000 0.42399837
vt 0.50000000 0.09928474
vt 0.50000000 0.34746636
f 672/3484/672 674/3485/674 679/3486/679
vt 0.50000000 0.96162424
vt 0.50000000 0.85527255
vt 0.50000000 0.34746636
f 678/3487/678 676/3488/676 679/3489/679
vt 0.50000000 0.34746636
vt 0.50000000 0.09928474
vt 0.50000000 0.09119428
f 679/3490/679 674/3491/674 675/3492/675
vt 0.50000000 0.09119428
vt 0.50000000 0.20731273
vt 0.50000000 0.34746636
f 675/3493/675 677/3494/677 679/3495/679
vt 0.50000000 0.85527255
vt 0.50000000 0.70497922
vt 0.50000000 0.34746636
f 676/3496/676 673/3497/673 679/3498/679
g foliage_spray_049
usemtl foliage
s 1
v 0.68775542 -0.18672950 0.66208541
v 0.72334719 -0.18226566 0.37202335
v 0.75929749 0.03248364 0.53608500
v 0.86174358 -0.33970399 0.45593553
v 0.93259738 -0.04955699 0.30355004
v 0.97387279 -0.24443564 0.28741401
v 1.00000000 -0.31485658 0.45749831
v 1.00000000 -0.27234274 0.60365422
v 1.00000000 -0.24924670 0.30919758
v 1.00000000 -0.23381938 0.29039189
v 1.00000000 -0.23175914 0.67057734
v 1.00000000 -0.06026806 0.30748086
v 1.00000000 -0.02159030 0.78725911
v 1.00000000 -0.01638462 0.37526903
v 1.00000000 0.00405194 0.76539101
v 1.00000000 0.04683362 0.53278805
vn -0.70631245 -0.33117557 0.62565602
vn -0.80272938 -0.09989749 -0.58791669
vn -0.58657353 0.80968810 -0.01834849
vn -0.34830070 -0.93621064 -0.04686430
vn -0.29929469 0.60660382 -0.73651510
vn -0.24472170 -0.51402851 -0.82212285
vn 0.45507598 -0.88292843 -0.11551296
vn 0.18937837 -0.86415626 0.46622934
vn 0.99980995 -0.01754149 -0.00850663
vn 0.27462757 0.06556600 -0.95931267
vn 0.62161982 -0.46276702 0.63200909
vn 0.75611619 0.23797554 -0.60963592
vn 0.69769174 -0.26725196 0.66468234
vn 0.93823558 0.31248797 -0.14854380
vn 0.28373163 0.79762008 0.53225799
vn 0.64340546 0.75886705 -0.10074828
vt 0.50000000 0.82023250
vt 0.50000000 1.02984821
vt 0.06632697 0.80497698
f 692/3499/692 694/3500/694 682/3501/682
vt 0.06632697 0.80497698
vt 0.50000000 1.02984821
vt 0.50000000 0.99056274
f 682/3502/682 694/3503/694 696/3504/696
vt 0.06632697 0.80497698
vt 0.11575998 0.28388819
vt 0.30797719 0.43463419
f 682/3505/682 683/3506/683 685/3507/685
vt 0.16569096 0.57862058
vt 0.11575998 0.28388819
vt 0.06632697 0.80497698
f 684/3508/684 683/3509/683 682/3510/682
vt 0.16569096 0.57862058
vt 0.50000000 0.99056274
vt 0.50000000 0.57269771
f 684/3511/684 696/3512/696 697/3513/697
vt 0.06632697 0.80497698
vt 0.50000000 0.99056274
vt 0.16569096 0.57862058
f 682/3514/682 696/3515/696 684/3516/684
vt 0.50000000 0.70000690
vt 0.30797719 0.43463419
vt 0.50000000 0.43744169
f 689/3517/689 685/3518/685 688/3519/688
vt 0.50000000 0.70000690
vt 0.50000000 0.82023250
vt 0.06632697 0.80497698
f 689/3520/689 692/3521/692 682/3522/682
vt 0.06632697 0.80497698
vt 0.30797719 0.43463419
vt 0.50000000 0.70000690
f 682/3523/682 685/3524/685 689/3525/689
vt 0.50000000 0.43744169
vt 0.30797719 0.43463419
vt 0.46371221 0.13188976
f 688/3526/688 685/3527/685 687/3528/687
vt 0.46371221 0.13188976
vt 0.30797719 0.43463419
vt 0.11575998 0.28388819
f 687/3529/687 685/3530/685 683/3531/683
vt 0.40638524 0.16087769
vt 0.16569096 0.57862058
vt 0.50000000 0.57269771
f 686/3532/686 684/3533/684 697/3534/697
vt 0.11575998 0.28388819
vt 0.16569096 0.57862058
vt 0.40638524 0.16087769
f 683/3535/683 684/3536/684 686/3537/686
vt 0.40638524 0.16087769
vt 0.46371221 0.13188976
vt 0.11575998 0.28388819
f 686/3538/686 687/3539/687 683/3540/683
vt 0.50000000 0.13723943
vt 0.40638524 0.16087769
vt 0.50000000 0.16793932
f 691/3541/691 686/3542/686 693/3543/693
vt 0.46371221 0.13188976
vt 0.40638524 0.16087769
vt 0.50000000 0.13723943
f 687/3544/687 686/3545/686 691/3546/691
vt 0.50000000 0.28971896
vt 0.40638524 0.16087769
vt 0.50000000 0.57269771
f 695/3547/695 686/3548/686 697/3549/697
vt 0.50000000 0.16793932
vt 0.40638524 0.16087769
vt 0.50000000 0.28971896
f 693/3550/693 686/3551/686 695/3552/695
vt 0.50000000 0.43744169
vt 0.46371221 0.13188976
vt 0.50000000 0.17102336
f 688/3553/688 687/3554/687 690/3555/690
vt 0.46371221 0.13188976
vt 0.50000000 0.13723943
vt 0.50000000 0.17102336
f 687/3556/687 691/3557/691 690/3558/690
vt 0.50000000 0.17102336
vt 0.50000000 0.70000690
vt 0.50000000 0.43744169
f 690/3559/690 689/3560/689 688/3561/688
vt 0.50000000 0.57269771
vt 0.50000000 0.99056274
vt 0.50000000 0.17102336
f 697/3562/697 696/3563/696 690/3564/690
vt 0.50000000 1.02984821
vt 0.50000000 0.82023250
vt 0.50000000 0.17102336
f 694/3565/694 692/3566/692 690/3567/690
vt 0.50000000 0.17102336
vt 0.50000000 0.99056274
vt 0.50000000 1.02984821
f 690/3568/690 696/3569/696 694/3570/694
vt 0.50000000 0.17102336
vt 0.50000000 0.28971896
vt 0.50000000 0.57269771
f 690/3571/690 695/3572/695 697/3573/697
vt 0.50000000 0.82023250
vt 0.50000000 0.70000690
vt 0.50000000 0.17102336
f 692/3574/692 689/3575/689 690/3576/690
vt 0.50000000 0.17102336
vt 0.50000000 0.13723943
vt 0.50000000 0.16793932
f 690/3577/690 691/3578/691 693/3579/693
vt 0.50000000 0.16793932
vt 0.50000000 0.28971896
vt 0.50000000 0.17102336
f 693/3580/693 695/3581/695 690/3582/690
g foliage_spray_050
usemtl foliage
s 1
v 0.61509899 -0.11362406 0.57754200
v 0.73549313 -0.11401010 0.88524911
v 0.77542918 -0.33994904 0.69550806
v 0.79472182 0.09415042 0.78690271
v 0.94030736 0.01457976 0.51129379
v 0.94155613 -0.23872790 0.46836892
v 1.00000000 -0.30644781 0.70271194
v 1.00000000 -0.25008128 0.53128750
v 1.00000000 -0.24599057 0.89485344
v 1.00000000 -0.21863454 0.48698816
v 1.00000000 -0.20696605 0.93107044
v 1.00000000 -0.02650477 0.96104430
v 1.00000000 -0.00711712 0.52310235
v 1.00000000 0.01006971 0.93867701
v 1.00000000 0.02790584 0.57776698
v 1.00000000 0.08076463 0.78422345
vn -0.87155011 0.12107677 -0.47512189
vn -0.68150663 -0.10158876 0.72472646
vn -0.43661510 -0.89303727 0.10886551
vn -0.45036732 0.88792984 0.09354072
vn -0.27292034 0.61598838 -0.73896739
vn -0.25799242 -0.33335768 -0.90681452
vn 0.85433524 -0.51968943 0.00584735
vn 0.74024438 -0.63576535 -0.21872511
vn 0.86337284 -0.46257792 0.20151676
vn 0.89657762 -0.01491183 -0.44263552
vn 0.35326440 -0.48420148 0.80047061
vn 0.76304481 -0.02263891 0.64594900
vn 0.52818788 0.22064912 -0.81995825
vn 0.09900071 0.67731730 0.72899941
vn 0.96659948 0.24721136 -0.06761643
vn 0.34915116 0.93592420 0.04625326
vt 0.13262934 0.75546919
vt 0.21489142 0.57879250
vt -0.03458473 0.20268154
f 699/3583/699 701/3584/701 698/3585/698
vt -0.03458473 0.20268154
vt 0.21489142 0.57879250
vt 0.41709356 0.08366838
f 698/3586/698 701/3587/701 702/3588/702
vt 0.41709356 0.08366838
vt 0.41882796 0.00655499
vt -0.03458473 0.20268154
f 702/3589/702 703/3590/703 698/3591/698
vt 0.18809608 0.41460443
vt 0.13262934 0.75546919
vt -0.03458473 0.20268154
f 700/3592/700 699/3593/699 698/3594/698
vt -0.03458473 0.20268154
vt 0.41882796 0.00655499
vt 0.18809608 0.41460443
f 698/3595/698 703/3596/703 700/3597/700
vt 0.41882796 0.00655499
vt 0.41709356 0.08366838
vt 0.50000000 0.10488214
f 703/3598/703 702/3599/702 710/3600/710
vt 0.21489142 0.57879250
vt 0.13262934 0.75546919
vt 0.50000000 0.85145099
f 701/3601/701 699/3602/699 711/3603/711
vt 0.13262934 0.75546919
vt 0.50000000 0.89163323
vt 0.50000000 0.85145099
f 699/3604/699 709/3605/709 711/3606/711
vt 0.13262934 0.75546919
vt 0.18809608 0.41460443
vt 0.50000000 0.83778600
f 699/3607/699 700/3608/700 708/3609/708
vt 0.50000000 0.83778600
vt 0.50000000 0.89163323
vt 0.13262934 0.75546919
f 708/3610/708 709/3611/709 699/3612/699
vt 0.41882796 0.00655499
vt 0.50000000 0.10488214
vt 0.50000000 0.04000396
f 703/3613/703 710/3614/710 707/3615/707
vt 0.21489142 0.57879250
vt 0.50000000 0.85145099
vt 0.50000000 0.57397927
f 701/3616/701 711/3617/711 713/3618/713
vt 0.50000000 0.77272311
vt 0.18809608 0.41460443
vt 0.50000000 0.42754601
f 706/3619/706 700/3620/700 704/3621/704
vt 0.50000000 0.77272311
vt 0.50000000 0.83778600
vt 0.18809608 0.41460443
f 706/3622/706 708/3623/708 700/3624/700
vt 0.41882796 0.00655499
vt 0.50000000 0.04000396
vt 0.50000000 0.11958656
f 703/3625/703 707/3626/707 705/3627/705
vt 0.50000000 0.42754601
vt 0.18809608 0.41460443
vt 0.50000000 0.11958656
f 704/3628/704 700/3629/700 705/3630/705
vt 0.50000000 0.11958656
vt 0.18809608 0.41460443
vt 0.41882796 0.00655499
f 705/3631/705 700/3632/700 703/3633/703
vt 0.50000000 0.20308571
vt 0.41709356 0.08366838
vt 0.21489142 0.57879250
f 712/3634/712 702/3635/702 701/3636/701
vt 0.21489142 0.57879250
vt 0.50000000 0.57397927
vt 0.50000000 0.20308571
f 701/3637/701 713/3638/713 712/3639/712
vt 0.50000000 0.20308571
vt 0.50000000 0.10488214
vt 0.41709356 0.08366838
f 712/3640/712 710/3641/710 702/3642/702
vt 0.50000000 0.42754601
vt 0.50000000 0.11958656
vt 0.50000000 0.20308571
f 704/3643/704 705/3644/705 712/3645/712
vt 0.50000000 0.20308571
vt 0.50000000 0.85145099
vt 0.50000000 0.89163323
f 712/3646/712 711/3647/711 709/3648/709
vt 0.50000000 0.20308571
vt 0.50000000 0.77272311
vt 0.50000000 0.42754601
f 712/3649/712 706/3650/706 704/3651/704
vt 0.50000000 0.89163323
vt 0.50000000 0.83778600
vt 0.50000000 0.20308571
f 709/3652/709 708/3653/708 712/3654/712
vt 0.50000000 0.20308571
vt 0.50000000 0.04000396
vt 0.50000000 0.10488214
f 712/3655/712 707/3656/707 710/3657/710
vt 0.50000000 0.20308571
vt 0.50000000 0.57397927
vt 0.50000000 0.85145099
f 712/3658/712 713/3659/713 711/3660/711
vt 0.50000000 0.83778600
vt 0.50000000 0.77272311
vt 0.50000000 0.20308571
f 708/3661/708 706/3662/706 712/3663/712
vt 0.50000000 0.20308571
vt 0.50000000 0.11958656
vt 0.50000000 0.04000396
f 712/3664/712 705/3665/705 707/3666/707
g foliage_spray_051
usemtl foliage
s 1
v 0.65814732 -0.12683549 0.85964733
v 0.75137921 -0.12939762 1.12108837
v 0.79481479 0.08557400 1.03891826
v 0.81803206 -0.30816663 0.96191519
v 0.94992567 -0.23389529 0.79252042
v 0.95892680 -0.03876756 0.83583970
v 1.00000000 -0.31358664 0.96183306
v 1.00000000 -0.26843447 1.14492276
v 1.00000000 -0.25328423 0.83125326
v 1.00000000 -0.23551752 1.18343892
v 1.00000000 -0.21699812 0.80971754
v 1.00000000 -0.05497518 0.84364875
v 1.00000000 -0.03693672 1.22628983
v 1.00000000 -0.02503206 0.87179812
v 1.00000000 0.00971316 1.20269731
v 1.00000000 0.05925144 1.03486660
vn -0.81612767 0.08707416 -0.57127377
vn -0.69783938 -0.16571650 0.69682009
vn -0.48089800 0.87646581 0.02334081
vn -0.48360926 -0.87394352 0.04842322
vn -0.20629317 -0.45204273 -0.86781363
vn -0.09454396 0.62548865 -0.77448395
vn 0.77382204 -0.62829098 -0.08031123
vn 0.38978858 -0.78490974 0.48164465
vn 0.97480136 -0.18831845 -0.11957623
vn 0.73537221 -0.22470974 0.63932249
vn 0.64409649 0.09770100 -0.75867926
vn 0.58966176 0.24851664 -0.76846502
vn 0.71831488 -0.05446827 0.69358268
vn 0.99919813 0.03437275 -0.02053304
vn 0.07429720 0.67885208 0.73050652
vn 0.36282266 0.91768716 -0.16189500
vt 0.15469335 0.74025493
vt 0.21502054 0.58170396
vt 0.02520461 0.23579252
f 715/3667/715 716/3668/716 714/3669/714
vt 0.02520461 0.23579252
vt 0.21502054 0.58170396
vt 0.44295390 0.18985461
f 714/3670/714 716/3671/716 719/3672/719
vt 0.44295390 0.18985461
vt 0.43045232 0.10626809
vt 0.02520461 0.23579252
f 719/3673/719 718/3674/718 714/3675/714
vt 0.24726675 0.43312303
vt 0.15469335 0.74025493
vt 0.02520461 0.23579252
f 717/3676/717 715/3677/715 714/3678/714
vt 0.02520461 0.23579252
vt 0.43045232 0.10626809
vt 0.24726675 0.43312303
f 714/3679/714 718/3680/718 717/3681/717
vt 0.24726675 0.43312303
vt 0.43045232 0.10626809
vt 0.50000000 0.43296455
f 717/3682/717 718/3683/718 720/3684/720
vt 0.43045232 0.10626809
vt 0.44295390 0.18985461
vt 0.50000000 0.13945071
f 718/3685/718 719/3686/719 724/3687/724
vt 0.21502054 0.58170396
vt 0.15469335 0.74025493
vt 0.50000000 0.89772310
f 716/3688/716 715/3689/715 728/3690/728
vt 0.15469335 0.74025493
vt 0.50000000 0.94324593
vt 0.50000000 0.89772310
f 715/3691/715 726/3692/726 728/3693/728
vt 0.50000000 0.86056315
vt 0.50000000 0.94324593
vt 0.15469335 0.74025493
f 723/3694/723 726/3695/726 715/3696/715
vt 0.50000000 0.43296455
vt 0.43045232 0.10626809
vt 0.50000000 0.18100488
f 720/3697/720 718/3698/718 722/3699/722
vt 0.43045232 0.10626809
vt 0.50000000 0.13945071
vt 0.50000000 0.18100488
f 718/3700/718 724/3701/724 722/3702/722
vt 0.50000000 0.57388610
vt 0.44295390 0.18985461
vt 0.21502054 0.58170396
f 729/3703/729 719/3704/719 716/3705/716
vt 0.21502054 0.58170396
vt 0.50000000 0.89772310
vt 0.50000000 0.57388610
f 716/3706/716 728/3707/728 729/3708/729
vt 0.50000000 0.78624446
vt 0.24726675 0.43312303
vt 0.50000000 0.43296455
f 721/3709/721 717/3710/717 720/3711/720
vt 0.15469335 0.74025493
vt 0.24726675 0.43312303
vt 0.50000000 0.78624446
f 715/3712/715 717/3713/717 721/3714/721
vt 0.50000000 0.78624446
vt 0.50000000 0.86056315
vt 0.15469335 0.74025493
f 721/3715/721 723/3716/723 715/3717/715
vt 0.50000000 0.20492253
vt 0.50000000 0.13945071
vt 0.44295390 0.18985461
f 725/3718/725 724/3719/724 719/3720/719
vt 0.44295390 0.18985461
vt 0.50000000 0.57388610
vt 0.50000000 0.25923803
f 719/3721/719 729/3722/729 727/3723/727
vt 0.50000000 0.25923803
vt 0.50000000 0.20492253
vt 0.44295390 0.18985461
f 727/3724/727 725/3725/725 719/3726/719
vt 0.50000000 0.25923803
vt 0.50000000 0.78624446
vt 0.50000000 0.43296455
f 727/3727/727 721/3728/721 720/3729/720
vt 0.50000000 0.25923803
vt 0.50000000 0.89772310
vt 0.50000000 0.94324593
f 727/3730/727 728/3731/728 726/3732/726
vt 0.50000000 0.43296455
vt 0.50000000 0.18100488
vt 0.50000000 0.25923803
f 720/3733/720 722/3734/722 727/3735/727
vt 0.50000000 0.94324593
vt 0.50000000 0.86056315
vt 0.50000000 0.25923803
f 726/3736/726 723/3737/723 727/3738/727
vt 0.50000000 0.25923803
vt 0.50000000 0.18100488
vt 0.50000000 0.13945071
f 727/3739/727 722/3740/722 724/3741/724
vt 0.50000000 0.25923803
vt 0.50000000 0.57388610
vt 0.50000000 0.89772310
f 727/3742/727 729/3743/729 728/3744/728
vt 0.50000000 0.86056315
vt 0.50000000 0.78624446
vt 0.50000000 0.25923803
f 723/3745/723 721/3746/721 727/3747/727
vt 0.50000000 0.13945071
vt 0.50000000 0.20492253
vt 0.50000000 0.25923803
f 724/3748/724 725/3749/725 727/3750/727
g foliage_spray_052
usemtl foliage
s 1
v 0.66326379 0.10606782 0.06349044
v 0.70278287 0.10963462 0.36985605
v 0.78414861 0.06070880 0.00000000
v 0.82662665 0.27741022 0.24190238
v 0.86263923 -0.03760176 0.17529530
v 0.87811607 0.22785406 0.00000000
v 0.92060557 0.25630015 0.00000000
v 0.92366737 -0.01494622 0.00000000
v 0.93767605 0.25798064 0.00000000
v 0.96449165 0.24190190 0.00000000
v 1.00000000 -0.04342363 0.17148229
v 1.00000000 -0.01848959 0.00000000
v 1.00000000 0.00119525 0.33986074
v 1.00000000 0.03856761 0.41485852
v 1.00000000 0.19184729 0.00000000
v 1.00000000 0.22972473 0.01312465
v 1.00000000 0.24111432 0.45830390
v 1.00000000 0.26203290 0.42779217
v 1.00000000 0.27371454 0.07647399
v 1.00000000 0.29451618 0.24220755
vn -0.96778139 0.09339465 -0.23383032
vn -0.73341393 -0.20885078 0.64690444
vn -0.36322213 -0.42617580 -0.82851909
vn -0.48006010 0.87540870 0.05658546
vn -0.38089933 -0.92172469 0.07307053
vn -0.51444951 0.66692071 -0.53903476
vn -0.43477261 0.85954159 -0.26862805
vn -0.17234790 -0.46972589 -0.86582550
vn -0.00158590 0.34206105 -0.93967639
vn 0.32817604 0.30927251 -0.89255308
vn 0.89541999 -0.44447752 0.02574428
vn 0.63128777 -0.53068495 -0.56555215
vn 0.47354734 -0.80513829 0.35707879
vn 0.78210617 -0.27585015 0.55876348
vn 0.21891768 0.02985276 -0.97528655
vn 0.99968390 0.01860692 -0.01690797
vn 0.77379400 -0.03660064 0.63237904
vn -0.09431927 0.89201600 0.44205353
vn 0.05588468 0.98504730 -0.16296844
vn 0.30369148 0.95224416 0.03166295
vt 0.50000000 0.94763614
vt 0.08719843 0.78874193
vt 0.50000000 0.86958767
f 746/3751/746 731/3752/731 743/3753/743
vt 0.30922115 0.43921871
vt 0.08719843 0.78874193
vt 0.03231082 0.23836425
f 734/3754/734 731/3755/731 730/3756/730
vt 0.30922115 0.43921871
vt 0.50000000 0.12430535
vt 0.50000000 0.43236873
f 734/3757/734 741/3758/741 740/3759/740
vt 0.03231082 0.23836425
vt 0.08719843 0.78874193
vt 0.25920368 0.55887656
f 730/3760/730 731/3761/731 733/3762/733
vt 0.50000000 0.26168885
vt 0.25920368 0.55887656
vt 0.50000000 0.55942479
f 748/3763/748 733/3764/733 749/3765/749
vt 0.03231082 0.23836425
vt 0.25920368 0.55887656
vt 0.33071676 0.12430535
f 730/3766/730 733/3767/733 735/3768/735
vt 0.33071676 0.12430535
vt 0.25920368 0.55887656
vt 0.38972996 0.12430535
f 735/3769/735 733/3770/733 736/3771/736
vt 0.50000000 0.12430535
vt 0.30922115 0.43921871
vt 0.39398246 0.12430535
f 741/3772/741 734/3773/734 737/3774/737
vt 0.50000000 0.73485615
vt 0.30922115 0.43921871
vt 0.50000000 0.43236873
f 742/3775/742 734/3776/734 740/3777/740
vt 0.50000000 0.73485615
vt 0.50000000 0.86958767
vt 0.08719843 0.78874193
f 742/3778/742 743/3779/743 731/3780/731
vt 0.08719843 0.78874193
vt 0.30922115 0.43921871
vt 0.50000000 0.73485615
f 731/3781/731 734/3782/734 742/3783/742
vt 0.50000000 0.55942479
vt 0.25920368 0.55887656
vt 0.50000000 0.89282263
f 749/3784/749 733/3785/733 747/3786/747
vt 0.50000000 0.89282263
vt 0.08719843 0.78874193
vt 0.50000000 0.94763614
f 747/3787/747 731/3788/731 746/3789/746
vt 0.50000000 0.89282263
vt 0.25920368 0.55887656
vt 0.08719843 0.78874193
f 747/3790/747 733/3791/733 731/3792/731
vt 0.03231082 0.23836425
vt 0.33071676 0.12430535
vt 0.20020641 0.12430535
f 730/3793/730 735/3794/735 732/3795/732
vt 0.20020641 0.12430535
vt 0.30922115 0.43921871
vt 0.03231082 0.23836425
f 732/3796/732 734/3797/734 730/3798/730
vt 0.20020641 0.12430535
vt 0.39398246 0.12430535
vt 0.30922115 0.43921871
f 732/3799/732 737/3800/737 734/3801/734
vt 0.45068285 0.12430535
vt 0.50000000 0.14788344
vt 0.50000000 0.12430535
f 739/3802/739 745/3803/745 744/3804/744
vt 0.50000000 0.26168885
vt 0.50000000 0.14788344
vt 0.41343896 0.12430535
f 748/3805/748 745/3806/745 738/3807/738
vt 0.50000000 0.14788344
vt 0.45068285 0.12430535
vt 0.41343896 0.12430535
f 745/3808/745 739/3809/739 738/3810/738
vt 0.38972996 0.12430535
vt 0.25920368 0.55887656
vt 0.41343896 0.12430535
f 736/3811/736 733/3812/733 738/3813/738
vt 0.25920368 0.55887656
vt 0.50000000 0.26168885
vt 0.41343896 0.12430535
f 733/3814/733 748/3815/748 738/3816/738
vt 0.50000000 0.14788344
vt 0.50000000 0.73485615
vt 0.50000000 0.43236873
f 745/3817/745 742/3818/742 740/3819/740
vt 0.50000000 0.43236873
vt 0.50000000 0.12430535
vt 0.50000000 0.14788344
f 740/3820/740 741/3821/741 745/3822/745
vt 0.50000000 0.14788344
vt 0.50000000 0.26168885
vt 0.50000000 0.55942479
f 745/3823/745 748/3824/748 749/3825/749
vt 0.50000000 0.14788344
vt 0.50000000 0.12430535
vt 0.50000000 0.12430535
f 745/3826/745 741/3827/741 744/3828/744
vt 0.50000000 0.94763614
vt 0.50000000 0.86958767
vt 0.50000000 0.14788344
f 746/3829/746 743/3830/743 745/3831/745
vt 0.50000000 0.55942479
vt 0.50000000 0.89282263
vt 0.50000000 0.14788344
f 749/3832/749 747/3833/747 745/3834/745
vt 0.50000000 0.86958767
vt 0.50000000 0.73485615
vt 0.50000000 0.14788344
f 743/3835/743 742/3836/742 745/3837/745
vt 0.50000000 0.14788344
vt 0.50000000 0.89282263
vt 0.50000000 0.94763614
f 745/3838/745 747/3839/747 746/3840/746
vt 0.50000000 0.12430535
vt 0.50000000 0.12430535
vt 0.41343896 0.12430535
f 744/3841/744 741/3842/741 738/3843/738
vt 0.41343896 0.12430535
vt 0.20020641 0.12430535
vt 0.33071676 0.12430535
f 738/3844/738 732/3845/732 735/3846/735
vt 0.41343896 0.12430535
vt 0.33071676 0.12430535
vt 0.38972996 0.12430535
f 738/3847/738 735/3848/735 736/3849/736
vt 0.50000000 0.12430535
vt 0.39398246 0.12430535
vt 0.41343896 0.12430535
f 741/3850/741 737/3851/737 738/3852/738
vt 0.39398246 0.12430535
vt 0.20020641 0.12430535
vt 0.41343896 0.12430535
f 737/3853/737 732/3854/732 738/3855/738
vt 0.41343896 0.12430535
vt 0.45068285 0.12430535
vt 0.50000000 0.12430535
f 738/3856/738 739/3857/739 744/3858/744
g foliage_spray_053
usemtl foliage
s 1
v 0.65038013 0.17412086 0.36124621
v 0.77719885 0.16798672 0.63181447
v 0.80139809 -0.02123077 0.47231037
v 0.81457916 0.36838210 0.55432369
v 0.94291120 0.05315925 0.27573376
v 0.95934875 0.26199937 0.32776857
v 1.00000000 -0.01261661 0.47613949
v 1.00000000 0.02125424 0.68112907
v 1.00000000 0.03622464 0.33351651
v 1.00000000 0.05612345 0.71430393
v 1.00000000 0.06906429 0.29162247
v 1.00000000 0.24655974 0.33286356
v 1.00000000 0.26007077 0.76879813
v 1.00000000 0.27625564 0.36358727
v 1.00000000 0.31230838 0.74041972
v 1.00000000 0.36105595 0.55466888
vn -0.85803218 0.14814807 -0.49176512
vn -0.73789712 -0.10388599 0.66686996
vn -0.51178913 -0.85250776 0.10631281
vn -0.50482616 0.86201496 0.04561538
vn -0.21126903 -0.46162629 -0.86154893
vn -0.15473910 0.68361137 -0.71325402
vn 0.75603302 -0.65069778 -0.07075645
vn 0.84664523 -0.51128752 0.14757004
vn 0.97276062 -0.21197146 -0.09383427
vn 0.35441012 -0.48857775 0.79729872
vn 0.84045845 -0.00168216 -0.54187339
vn 0.39191906 0.24852938 -0.88579490
vn 0.78012638 -0.06344780 0.62239634
vn 0.99926088 0.03415830 -0.01763256
vn 0.05094438 0.71856901 0.69358723
vn 0.31617806 0.93748490 -0.14544240
vt 0.01441684 0.22948111
vt 0.24247105 0.57633968
vt 0.44353994 0.16933942
f 750/3859/750 753/3860/753 755/3861/755
vt 0.44353994 0.16933942
vt 0.42071000 0.07586026
vt 0.01441684 0.22948111
f 755/3862/755 754/3863/754 750/3864/750
vt 0.01441684 0.22948111
vt 0.42071000 0.07586026
vt 0.22416402 0.42900494
f 750/3865/750 754/3866/754 752/3867/752
vt 0.22416402 0.42900494
vt 0.42071000 0.07586026
vt 0.50000000 0.43588385
f 752/3868/752 754/3869/754 756/3870/756
vt 0.19055396 0.71554981
vt 0.24247105 0.57633968
vt 0.01441684 0.22948111
f 751/3871/751 753/3872/753 750/3873/750
vt 0.01441684 0.22948111
vt 0.22416402 0.42900494
vt 0.19055396 0.71554981
f 750/3874/750 752/3875/752 751/3876/751
vt 0.19055396 0.71554981
vt 0.22416402 0.42900494
vt 0.50000000 0.86373993
f 751/3877/751 752/3878/752 759/3879/759
vt 0.24247105 0.57633968
vt 0.19055396 0.71554981
vt 0.50000000 0.91065625
f 753/3880/753 751/3881/751 764/3882/764
vt 0.50000000 0.80414218
vt 0.22416402 0.42900494
vt 0.50000000 0.43588385
f 757/3883/757 752/3884/752 756/3885/756
vt 0.50000000 0.86373993
vt 0.22416402 0.42900494
vt 0.50000000 0.80414218
f 759/3886/759 752/3887/752 757/3888/757
vt 0.50000000 0.57695980
vt 0.44353994 0.16933942
vt 0.24247105 0.57633968
f 765/3889/765 755/3890/755 753/3891/753
vt 0.24247105 0.57633968
vt 0.50000000 0.91065625
vt 0.50000000 0.57695980
f 753/3892/753 764/3893/764 765/3894/765
vt 0.50000000 0.96163732
vt 0.19055396 0.71554981
vt 0.50000000 0.86373993
f 762/3895/762 751/3896/751 759/3897/759
vt 0.50000000 0.96163732
vt 0.50000000 0.91065625
vt 0.19055396 0.71554981
f 762/3898/762 764/3899/764 751/3900/751
vt 0.50000000 0.43588385
vt 0.42071000 0.07586026
vt 0.50000000 0.17966545
f 756/3901/756 754/3902/754 758/3903/758
vt 0.42071000 0.07586026
vt 0.50000000 0.10440390
vt 0.50000000 0.17966545
f 754/3904/754 760/3905/760 758/3906/758
vt 0.42071000 0.07586026
vt 0.44353994 0.16933942
vt 0.50000000 0.17849244
f 754/3907/754 755/3908/755 761/3909/761
vt 0.50000000 0.17849244
vt 0.50000000 0.10440390
vt 0.42071000 0.07586026
f 761/3910/761 760/3911/760 754/3912/754
vt 0.44353994 0.16933942
vt 0.50000000 0.57695980
vt 0.50000000 0.23368677
f 755/3913/755 765/3914/765 763/3915/763
vt 0.50000000 0.23368677
vt 0.50000000 0.17849244
vt 0.44353994 0.16933942
f 763/3916/763 761/3917/761 755/3918/755
vt 0.50000000 0.23368677
vt 0.50000000 0.57695980
vt 0.50000000 0.91065625
f 763/3919/763 765/3920/765 764/3921/764
vt 0.50000000 0.23368677
vt 0.50000000 0.96163732
vt 0.50000000 0.86373993
f 763/3922/763 762/3923/762 759/3924/759
vt 0.50000000 0.23368677
vt 0.50000000 0.80414218
vt 0.50000000 0.43588385
f 763/3925/763 757/3926/757 756/3927/756
vt 0.50000000 0.86373993
vt 0.50000000 0.80414218
vt 0.50000000 0.23368677
f 759/3928/759 757/3929/757 763/3930/763
vt 0.50000000 0.43588385
vt 0.50000000 0.17966545
vt 0.50000000 0.23368677
f 756/3931/756 758/3932/758 763/3933/763
vt 0.50000000 0.91065625
vt 0.50000000 0.96163732
vt 0.50000000 0.23368677
f 764/3934/764 762/3935/762 763/3936/763
vt 0.50000000 0.23368677
vt 0.50000000 0.17966545
vt 0.50000000 0.10440390
f 763/3937/763 758/3938/758 760/3939/760
vt 0.50000000 0.10440390
vt 0.50000000 0.17849244
vt 0.50000000 0.23368677
f 760/3940/760 761/3941/761 763/3942/763
g foliage_spray_054
usemtl foliage
s 1
v 0.67526199 0.15518568 0.70983869
v 0.70293971 0.15244504 1.01128626
v 0.81292699 -0.02592678 0.81544444
v 0.82011528 0.35622409 0.89547669
v 0.92659274 0.00813111 0.58185410
v 0.95462081 0.26974200 0.59722857
v 1.00000000 -0.04812223 0.81467695
v 1.00000000 -0.01653409 0.65978939
v 1.00000000 0.00245423 1.01184177
v 1.00000000 0.02334091 1.04517674
v 1.00000000 0.02351450 0.59928300
v 1.00000000 0.23328736 1.12873567
v 1.00000000 0.24770513 0.60692720
v 1.00000000 0.27815494 0.64282385
v 1.00000000 0.28856349 1.07659595
v 1.00000000 0.34337444 0.89651403
vn -0.87307322 0.11963344 -0.47268488
vn -0.75874684 -0.16920178 0.62902623
vn -0.49642203 -0.86649417 0.05246914
vn -0.48266880 0.87199485 0.08158313
vn -0.40087831 -0.40971338 -0.81940926
vn -0.31484644 0.67793812 -0.66428279
vn 0.85832602 -0.51236001 0.02763469
vn 0.68426731 -0.70938842 -0.16895657
vn 0.39947607 -0.82107104 0.40775141
vn 0.79211290 -0.27575228 0.54453452
vn 0.83804769 -0.10702831 -0.53499627
vn 0.49442282 0.22283732 0.84017237
vn 0.45530728 0.07651100 -0.88704078
vn 0.99905342 0.04130442 -0.01364553
vn 0.70490790 0.64092691 0.30383804
vn 0.31641397 0.94624469 -0.06710583
vt 0.08741626 0.78893077
vt 0.25016010 0.58088196
vt 0.04897498 0.24738823
f 767/3943/767 769/3944/769 766/3945/766
vt 0.04897498 0.24738823
vt 0.25016010 0.58088196
vt 0.43697334 0.04508713
f 766/3946/766 769/3947/769 771/3948/771
vt 0.43697334 0.04508713
vt 0.39804548 0.01746730
vt 0.04897498 0.24738823
f 771/3949/771 770/3950/770 766/3951/766
vt 0.24017637 0.43710615
vt 0.08741626 0.78893077
vt 0.04897498 0.24738823
f 768/3952/768 767/3953/767 766/3954/766
vt 0.04897498 0.24738823
vt 0.39804548 0.01746730
vt 0.24017637 0.43710615
f 766/3955/766 770/3956/770 768/3957/768
vt 0.25016010 0.58088196
vt 0.08741626 0.78893077
vt 0.50000000 0.99992552
f 769/3958/769 767/3959/767 777/3960/777
vt 0.50000000 0.84981412
vt 0.50000000 0.99992552
vt 0.08741626 0.78893077
f 775/3961/775 777/3962/777 767/3963/767
vt 0.50000000 0.58274551
vt 0.43697334 0.04508713
vt 0.25016010 0.58088196
f 781/3964/781 771/3965/771 769/3966/769
vt 0.39804548 0.01746730
vt 0.50000000 0.04877786
vt 0.50000000 0.15747599
f 770/3967/770 776/3968/776 773/3969/773
vt 0.50000000 0.43572738
vt 0.24017637 0.43710615
vt 0.50000000 0.15747599
f 772/3970/772 768/3971/768 773/3972/773
vt 0.50000000 0.15747599
vt 0.24017637 0.43710615
vt 0.39804548 0.01746730
f 773/3973/773 768/3974/768 770/3975/770
vt 0.39804548 0.01746730
vt 0.43697334 0.04508713
vt 0.50000000 0.06251046
f 770/3976/770 771/3977/771 778/3978/778
vt 0.50000000 0.06251046
vt 0.50000000 0.04877786
vt 0.39804548 0.01746730
f 778/3979/778 776/3980/776 770/3981/770
vt 0.50000000 0.78992874
vt 0.24017637 0.43710615
vt 0.50000000 0.43572738
f 774/3982/774 768/3983/768 772/3984/772
vt 0.08741626 0.78893077
vt 0.24017637 0.43710615
vt 0.50000000 0.78992874
f 767/3985/767 768/3986/768 774/3987/774
vt 0.50000000 0.78992874
vt 0.50000000 0.84981412
vt 0.08741626 0.78893077
f 774/3988/774 775/3989/775 767/3990/767
vt 0.25016010 0.58088196
vt 0.50000000 0.99992552
vt 0.50000000 0.90625791
f 769/3991/769 777/3992/777 780/3993/780
vt 0.50000000 0.90625791
vt 0.50000000 0.58274551
vt 0.25016010 0.58088196
f 780/3994/780 781/3995/781 769/3996/769
vt 0.43697334 0.04508713
vt 0.50000000 0.58274551
vt 0.50000000 0.12699784
f 771/3997/771 781/3998/781 779/3999/779
vt 0.50000000 0.12699784
vt 0.50000000 0.06251046
vt 0.43697334 0.04508713
f 779/4000/779 778/4001/778 771/4002/771
vt 0.50000000 0.04877786
vt 0.50000000 0.06251046
vt 0.50000000 0.12699784
f 776/4003/776 778/4004/778 779/4005/779
vt 0.50000000 0.12699784
vt 0.50000000 0.78992874
vt 0.50000000 0.43572738
f 779/4006/779 774/4007/774 772/4008/772
vt 0.50000000 0.99992552
vt 0.50000000 0.84981412
vt 0.50000000 0.12699784
f 777/4009/777 775/4010/775 779/4011/779
vt 0.50000000 0.43572738
vt 0.50000000 0.15747599
vt 0.50000000 0.12699784
f 772/4012/772 773/4013/773 779/4014/779
vt 0.50000000 0.12699784
vt 0.50000000 0.15747599
vt 0.50000000 0.04877786
f 779/4015/779 773/4016/773 776/4017/776
vt 0.50000000 0.12699784
vt 0.50000000 0.90625791
vt 0.50000000 0.99992552
f 779/4018/779 780/4019/780 777/4020/777
vt 0.50000000 0.84981412
vt 0.50000000 0.78992874
vt 0.50000000 0.12699784
f 775/4021/775 774/4022/774 779/4023/779
vt 0.50000000 0.58274551
vt 0.50000000 0.90625791
vt 0.50000000 0.12699784
f 781/4024/781 780/4025/780 779/4026/779
g foliage_spray_055
usemtl foliage
s 1
v 0.68621908 0.16960325 0.95332213
v 0.73831102 0.15896579 1.21753184
v 0.77550396 -0.03390882 1.04739347
v 0.88235154 0.30895963 1.11681123
v 0.91583969 0.00549165 0.84797623
v 0.97798672 0.24585914 0.86242126
v 1.00000000 -0.10855529 1.04191082
v 1.00000000 -0.05299669 0.91538815
v 1.00000000 -0.01382274 1.25066264
v 1.00000000 -0.00089240 1.26409465
v 1.00000000 0.01819322 0.87549707
v 1.00000000 0.18311054 1.26669473
v 1.00000000 0.23020382 0.87010258
v 1.00000000 0.23445368 1.21870280
v 1.00000000 0.24364329 0.88824465
v 1.00000000 0.27675795 1.11525471
vn -0.81584382 0.31932411 -0.48211096
vn -0.70331542 0.05344693 0.70886589
vn -0.62618947 -0.77490259 0.08609719
vn -0.30223634 0.94526145 0.12302027
vn -0.36644111 -0.32227722 -0.87284495
vn -0.31794822 0.61274249 -0.72350230
vn 0.79493039 -0.60260126 0.07040880
vn 0.41326058 -0.80890354 -0.41819943
vn 0.81793538 -0.51772939 0.25087446
vn 0.27144936 -0.44577419 0.85299509
vn 0.67677221 -0.11624507 -0.72695699
vn 0.55857167 0.32564872 0.76285687
vn 0.44954986 -0.00783394 -0.89322089
vn 0.83102077 0.47309407 0.29255168
vn 0.99042251 0.13648910 -0.02083197
vn 0.52012004 0.85376311 0.02374204
vt 0.13654308 0.76023904
vt 0.33659936 0.56589403
vt 0.06419317 0.25043436
f 783/4027/783 785/4028/785 782/4029/782
vt 0.06419317 0.25043436
vt 0.33659936 0.56589403
vt 0.46942600 0.07503699
f 782/4030/782 785/4031/785 787/4032/787
vt 0.46942600 0.07503699
vt 0.38311068 0.04716466
vt 0.06419317 0.25043436
f 787/4033/787 786/4034/786 782/4035/782
vt 0.18819994 0.43194930
vt 0.13654308 0.76023904
vt 0.06419317 0.25043436
f 784/4036/784 783/4037/783 782/4038/782
vt 0.06419317 0.25043436
vt 0.38311068 0.04716466
vt 0.18819994 0.43194930
f 782/4039/782 786/4040/786 784/4041/784
vt 0.33659936 0.56589403
vt 0.13654308 0.76023904
vt 0.50000000 0.85510108
f 785/4042/785 783/4043/783 793/4044/793
vt 0.50000000 0.85008410
vt 0.50000000 0.85510108
vt 0.13654308 0.76023904
f 791/4045/791 793/4046/793 783/4047/783
vt 0.13654308 0.76023904
vt 0.18819994 0.43194930
vt 0.50000000 0.85008410
f 783/4048/783 784/4049/784 791/4050/791
vt 0.38311068 0.04716466
vt 0.50000000 0.10026736
vt 0.50000000 0.17723903
f 786/4051/786 792/4052/792 789/4053/789
vt 0.50000000 0.42137028
vt 0.18819994 0.43194930
vt 0.50000000 0.17723903
f 788/4054/788 784/4055/784 789/4056/789
vt 0.50000000 0.17723903
vt 0.18819994 0.43194930
vt 0.38311068 0.04716466
f 789/4057/789 784/4058/784 786/4059/786
vt 0.38311068 0.04716466
vt 0.46942600 0.07503699
vt 0.50000000 0.08985845
f 786/4060/786 787/4061/787 794/4062/794
vt 0.50000000 0.08985845
vt 0.50000000 0.10026736
vt 0.38311068 0.04716466
f 794/4063/794 792/4064/792 786/4065/786
vt 0.50000000 0.82416642
vt 0.18819994 0.43194930
vt 0.50000000 0.42137028
f 790/4066/790 784/4067/784 788/4068/788
vt 0.50000000 0.82416642
vt 0.50000000 0.85008410
vt 0.18819994 0.43194930
f 790/4069/790 791/4070/791 784/4071/784
vt 0.33659936 0.56589403
vt 0.50000000 0.85510108
vt 0.50000000 0.76249846
f 785/4072/785 793/4073/793 795/4074/795
vt 0.50000000 0.76249846
vt 0.50000000 0.56289065
vt 0.33659936 0.56589403
f 795/4075/795 797/4076/797 785/4077/785
vt 0.50000000 0.12486440
vt 0.50000000 0.08985845
vt 0.46942600 0.07503699
f 796/4078/796 794/4079/794 787/4080/787
vt 0.50000000 0.12486440
vt 0.46942600 0.07503699
vt 0.33659936 0.56589403
f 796/4081/796 787/4082/787 785/4083/785
vt 0.33659936 0.56589403
vt 0.50000000 0.56289065
vt 0.50000000 0.12486440
f 785/4084/785 797/4085/797 796/4086/796
vt 0.50000000 0.10026736
vt 0.50000000 0.08985845
vt 0.50000000 0.12486440
f 792/4087/792 794/4088/794 796/4089/796
vt 0.50000000 0.12486440
vt 0.50000000 0.82416642
vt 0.50000000 0.42137028
f 796/4090/796 790/4091/790 788/4092/788
vt 0.50000000 0.85510108
vt 0.50000000 0.85008410
vt 0.50000000 0.12486440
f 793/4093/793 791/4094/791 796/4095/796
vt 0.50000000 0.42137028
vt 0.50000000 0.17723903
vt 0.50000000 0.12486440
f 788/4096/788 789/4097/789 796/4098/796
vt 0.50000000 0.12486440
vt 0.50000000 0.17723903
vt 0.50000000 0.10026736
f 796/4099/796 789/4100/789 792/4101/792
vt 0.50000000 0.12486440
vt 0.50000000 0.76249846
vt 0.50000000 0.85510108
f 796/4102/796 795/4103/795 793/4104/793
vt 0.50000000 0.85008410
vt 0.50000000 0.82416642
vt 0.50000000 0.12486440
f 791/4105/791 790/4106/790 796/4107/796
vt 0.50000000 0.56289065
vt 0.50000000 0.76249846
vt 0.50000000 0.12486440
f 797/4108/797 795/4109/795 796/4110/796
g stem_00
usemtl wood
s 1
v -0.67497666 0.00057712 0.01543260
v -0.66248833 -0.01744609 0.01491431
v -0.63751167 -0.01744609 0.01387773
v -0.62502334 0.00057712 0.01335944
v -0.63751167 0.01860033 0.01387773
v -0.66248833 0.01860033 0.01491431
v -0.62198880 0.00057712 0.90264819
v -0.61599440 -0.00807402 0.90239941
v -0.60400560 -0.00807402 0.90190185
v -0.59801120 0.00057712 0.90165307
v -0.60400560 0.00922826 0.90190185
v -0.61599440 0.00922826 0.90239941
vn -0.99896097 -0.00000000 0.04557385
vn -0.43402834 -0.90073523 -0.01718859
vn 0.43279393 -0.90129237 -0.01901266
vn 0.99826542 0.00000000 -0.05887401
vn 0.43097350 0.90065612 -0.05550126
vn -0.43324889 0.90124327 0.00748132
vn -0.99780834 -0.00000000 0.06617033
vn -0.43097350 -0.90065612 0.05550126
vn 0.43347413 -0.90116528 -0.00115008
vn 0.99972036 0.00000000 -0.02364756
vn 0.43366156 0.90106442 0.00453510
vn -0.43191896 0.90111156 0.03799950
vt 1.00000000 0.00000000
vt 0.83333333 0.00000000
vt 1.16666667 0.00000000
f 798/4111/798 803/4112/803 799/4113/799
vt 0.83333333 0.00000000
vt 0.66666667 0.00000000
vt 1.16666667 0.00000000
f 803/4114/803 802/4115/802 799/4116/799
vt 0.16666667 0.00000000
vt 0.50000000 0.00000000
vt 0.33333333 0.00000000
f 799/4117/799 801/4118/801 800/4119/800
vt 0.16666667 0.00000000
vt 0.66666667 0.00000000
vt 0.50000000 0.00000000
f 799/4120/799 802/4121/802 801/4122/801
vt 0.33333333 0.00000000
vt 0.50000000 0.00000000
vt 0.33333333 1.00000000
f 800/4123/800 801/4124/801 806/4125/806
vt 0.33333333 1.00000000
vt 0.50000000 0.00000000
vt 0.50000000 1.00000000
f 806/4126/806 801/4127/801 807/4128/807
vt 0.33333333 1.00000000
vt 0.16666667 0.00000000
vt 0.33333333 0.00000000
f 806/4129/806 799/4130/799 800/4131/800
vt 0.16666667 1.00000000
vt 0.16666667 0.00000000
vt 0.33333333 1.00000000
f 805/4132/805 799/4133/799 806/4134/806
vt 0.00000000 0.00000000
vt 0.16666667 0.00000000
vt 0.00000000 1.00000000
f 798/4135/798 799/4136/799 804/4137/804
vt 0.00000000 1.00000000
vt 0.16666667 0.00000000
vt 0.16666667 1.00000000
f 804/4138/804 799/4139/799 805/4140/805
vt 1.00000000 1.00000000
vt 0.83333333 0.00000000
vt 1.00000000 0.00000000
f 804/4141/804 803/4142/803 798/4143/798
vt 1.00000000 1.00000000
vt 0.83333333 1.00000000
vt 0.83333333 0.00000000
f 804/4144/804 809/4145/809 803/4146/803
vt 0.66666667 1.00000000
vt 0.33333333 1.00000000
vt 0.50000000 1.00000000
f 808/4147/808 806/4148/806 807/4149/807
vt 0.16666667 1.00000000
vt 0.33333333 1.00000000
vt 0.66666667 1.00000000
f 805/4150/805 806/4151/806 808/4152/808
vt 0.66666667 1.00000000
vt 1.00000000 1.00000000
vt 1.16666667 1.00000000
f 808/4153/808 804/4154/804 805/4155/805
vt 0.83333333 1.00000000
vt 1.00000000 1.00000000
vt 0.66666667 1.00000000
f 809/4156/809 804/4157/804 808/4158/808
vt 0.50000000 0.00000000
vt 0.66666667 0.00000000
vt 0.66666667 1.00000000
f 801/4159/801 802/4160/802 808/4161/808
vt 0.50000000 1.00000000
vt 0.50000000 0.00000000
vt 0.66666667 1.00000000
f 807/4162/807 801/4163/801 808/4164/808
vt 0.66666667 1.00000000
vt 0.66666667 0.00000000
vt 0.83333333 0.00000000
f 808/4165/808 802/4166/802 803/4167/803
vt 0.83333333 0.00000000
vt 0.83333333 1.00000000
vt 0.66666667 1.00000000
f 803/4168/803 809/4169/809 808/4170/808
g stem_01
usemtl wood
s 1
v -0.02497666 0.00057712 0.01543260
v -0.01248833 -0.01744609 0.01491431
v 0.01248833 -0.01744609 0.01387773
v 0.02497666 0.00057712 0.01335944
v 0.01248833 0.01860033 0.01387773
v -0.01248833 0.01860033 0.01491431
v 0.02801120 0.00057712 0.90264819
v 0.03400560 -0.00807402 0.90239941
v 0.04599440 -0.00807402 0.90190185
v 0.05198880 0.00057712 0.90165307
v 0.04599440 0.00922826 0.90190185
v 0.03400560 0.00922826 0.90239941
vn -0.98995565 0.13302954 0.04786385
vn -0.43402834 -0.90073523 -0.01718859
vn 0.43279393 -0.90129237 -0.01901266
vn 0.99826542 -0.00000000 -0.05887401
vn 0.43097350 0.90065612 -0.05550126
vn -0.34245261 0.93953452 -0.00104718
vn -0.94048917 -0.33344487 0.06553355
vn -0.43097350 -0.90065612 0.05550126
vn 0.43347413 -0.90116528 -0.00115008
vn 0.99972036 -0.00000000 -0.02364756
vn 0.43366156 0.90106442 0.00453510
vn -0.65693064 0.75259193 0.04524949
vt 1.00000000 0.00000000
vt 0.83333333 0.00000000
vt 1.16666667 0.00000000
f 810/4171/810 815/4172/815 811/4173/811
vt 0.16666667 0.00000000
vt 0.50000000 0.00000000
vt 0.33333333 0.00000000
f 811/4174/811 813/4175/813 812/4176/812
vt 0.83333333 0.00000000
vt 0.66666667 0.00000000
vt 1.16666667 0.00000000
f 815/4177/815 814/4178/814 811/4179/811
vt 0.66666667 0.00000000
vt 0.50000000 0.00000000
vt 0.16666667 0.00000000
f 814/4180/814 813/4181/813 811/4182/811
vt 0.33333333 0.00000000
vt 0.50000000 0.00000000
vt 0.33333333 1.00000000
f 812/4183/812 813/4184/813 818/4185/818
vt 0.33333333 1.00000000
vt 0.50000000 0.00000000
vt 0.50000000 1.00000000
f 818/4186/818 813/4187/813 819/4188/819
vt 0.33333333 1.00000000
vt 0.16666667 0.00000000
vt 0.33333333 0.00000000
f 818/4189/818 811/4190/811 812/4191/812
vt 0.16666667 1.00000000
vt 0.16666667 0.00000000
vt 0.33333333 1.00000000
f 817/4192/817 811/4193/811 818/4194/818
vt 0.00000000 0.00000000
vt 0.16666667 0.00000000
vt 0.00000000 1.00000000
f 810/4195/810 811/4196/811 816/4197/816
vt 0.00000000 1.00000000
vt 0.16666667 0.00000000
vt 0.16666667 1.00000000
f 816/4198/816 811/4199/811 817/4200/817
vt 0.83333333 1.00000000
vt 0.83333333 0.00000000
vt 1.00000000 0.00000000
f 821/4201/821 815/4202/815 810/4203/810
vt 1.00000000 0.00000000
vt 1.00000000 1.00000000
vt 0.83333333 1.00000000
f 810/4204/810 816/4205/816 821/4206/821
vt 0.66666667 1.00000000
vt 0.33333333 1.00000000
vt 0.50000000 1.00000000
f 820/4207/820 818/4208/818 819/4209/819
vt 0.16666667 1.00000000
vt 0.33333333 1.00000000
vt 0.66666667 1.00000000
f 817/4210/817 818/4211/818 820/4212/820
vt 0.66666667 1.00000000
vt 1.00000000 1.00000000
vt 1.16666667 1.00000000
f 820/4213/820 816/4214/816 817/4215/817
vt 0.66666667 1.00000000
vt 0.83333333 1.00000000
vt 1.00000000 1.00000000
f 820/4216/820 821/4217/821 816/4218/816
vt 0.66666667 1.00000000
vt 0.50000000 0.00000000
vt 0.66666667 0.00000000
f 820/4219/820 813/4220/813 814/4221/814
vt 0.50000000 1.00000000
vt 0.50000000 0.00000000
vt 0.66666667 1.00000000
f 819/4222/819 813/4223/813 820/4224/820
vt 0.66666667 1.00000000
vt 0.66666667 0.00000000
vt 0.83333333 0.00000000
f 820/4225/820 814/4226/814 815/4227/815
vt 0.83333333 0.00000000
vt 0.83333333 1.00000000
vt 0.66666667 1.00000000
f 815/4228/815 821/4229/821 820/4230/820
g stem_02
usemtl wood
s 1
v 0.62502334 0.00057712 0.01543260
v 0.63751167 -0.01744609 0.01491431
v 0.66248833 -0.01744609 0.01387773
v 0.67497666 0.00057712 0.01335944
v 0.66248833 0.01860033 0.01387773
v 0.63751167 0.01860033 0.01491431
v 0.67801120 0.00057712 0.90264819
v 0.68400560 -0.00807402 0.90239941
v 0.69599440 -0.00807402 0.90190185
v 0.70198880 0.00057712 0.90165307
v 0.69599440 0.00922826 0.90190185
v 0.68400560 0.00922826 0.90239941
vn -0.98995565 0.13302954 0.04786385
vn -0.43402834 -0.90073523 -0.01718859
vn 0.43279393 -0.90129237 -0.01901266
vn 0.99826542 0.00000000 -0.05887401
vn 0.43097350 0.90065612 -0.05550126
vn -0.34245261 0.93953452 -0.00104718
vn -0.94048917 -0.33344487 0.06553355
vn -0.43097350 -0.90065612 0.05550126
vn 0.43347413 -0.90116528 -0.00115008
vn 0.99972036 0.00000000 -0.02364756
vn 0.43366156 0.90106442 0.00453510
vn -0.65693064 0.75259193 0.04524949
vt 1.00000000 0.00000000
vt 0.83333333 0.00000000
vt 1.16666667 0.00000000
f 822/4231/822 827/4232/827 823/4233/823
vt 0.83333333 0.00000000
vt 0.66666667 0.00000000
vt 1.16666667 0.00000000
f 827/4234/827 826/4235/826 823/4236/823
vt 0.16666667 0.00000000
vt 0.50000000 0.00000000
vt 0.33333333 0.00000000
f 823/4237/823 825/4238/825 824/4239/824
vt 0.16666667 0.00000000
vt 0.66666667 0.00000000
vt 0.50000000 0.00000000
f 823/4240/823 826/4241/826 825/4242/825
vt 0.33333333 0.00000000
vt 0.50000000 0.00000000
vt 0.33333333 1.00000000
f 824/4243/824 825/4244/825 830/4245/830
vt 0.33333333 1.00000000
vt 0.50000000 0.00000000
vt 0.50000000 1.00000000
f 830/4246/830 825/4247/825 831/4248/831
vt 0.33333333 1.00000000
vt 0.16666667 0.00000000
vt 0.33333333 0.00000000
f 830/4249/830 823/4250/823 824/4251/824
vt 0.16666667 1.00000000
vt 0.16666667 0.00000000
vt 0.33333333 1.00000000
f 829/4252/829 823/4253/823 830/4254/830
vt 0.00000000 0.00000000
vt 0.16666667 0.00000000
vt 0.00000000 1.00000000
f 822/4255/822 823/4256/823 828/4257/828
vt 0.00000000 1.00000000
vt 0.16666667 0.00000000
vt 0.16666667 1.00000000
f 828/4258/828 823/4259/823 829/4260/829
vt 0.83333333 1.00000000
vt 0.83333333 0.00000000
vt 1.00000000 0.00000000
f 833/4261/833 827/4262/827 822/4263/822
vt 1.00000000 0.00000000
vt 1.00000000 1.00000000
vt 0.83333333 1.00000000
f 822/4264/822 828/4265/828 833/4266/833
vt 0.66666667 1.00000000
vt 0.33333333 1.00000000
vt 0.50000000 1.00000000
f 832/4267/832 830/4268/830 831/4269/831
vt 0.16666667 1.00000000
vt 0.33333333 1.00000000
vt 0.66666667 1.00000000
f 829/4270/829 830/4271/830 832/4272/832
vt 0.66666667 1.00000000
vt 1.00000000 1.00000000
vt 1.16666667 1.00000000
f 832/4273/832 828/4274/828 829/4275/829
vt 0.66666667 1.00000000
vt 0.83333333 1.00000000
vt 1.00000000 1.00000000
f 832/4276/832 833/4277/833 828/4278/828
vt 0.50000000 0.00000000
vt 0.66666667 0.00000000
vt 0.66666667 1.00000000
f 825/4279/825 826/4280/826 832/4281/832
vt 0.50000000 1.00000000
vt 0.50000000 0.00000000
vt 0.66666667 1.00000000
f 831/4282/831 825/4283/825 832/4284/832
vt 0.66666667 1.00000000
vt 0.66666667 0.00000000
vt 0.83333333 0.00000000
f 832/4285/832 826/4286/826 827/4287/827
vt 0.83333333 0.00000000
vt 0.83333333 1.00000000
vt 0.66666667 1.00000000
f 827/4288/827 833/4289/833 832/4290/832
