# https://github.com/mikedh/trimesh
mtllib material.mtl
usemtl material_0
v -1.47457516 -1.76094890 5.48720852
v -2.65476038 -1.72200985 5.25316495
v -3.00954003 -1.39094708 6.35220850
v -1.82976482 -1.42968793 6.58543909
v -2.30974574 -2.34179011 6.12914942
v -2.17477977 -0.80990782 5.70945461
v -1.52248013 -1.85369136 5.81009303
v -0.58171729 -1.97533290 6.45040796
v -0.81573752 -3.02802087 6.84007104
v -1.75492489 -2.90545495 6.19973292
v -1.52248013 -1.85369136 5.81009303
v -1.53394741 -2.13901500 6.91801537
v -0.81573752 -3.02802087 6.84007104
v -0.80269461 -2.74177270 5.73212551
v -1.77342754 -1.92478466 6.32965052
v -2.79904413 -1.84030437 6.57358423
v -2.67594537 -1.23954770 7.43238365
v -1.65157375 -1.32417371 7.18752159
v -2.17795634 -2.15789592 7.27599754
v -2.27266154 -1.00658231 6.48510828
v -1.94614543 -1.98638957 6.68562036
v -1.39791119 -2.32597575 7.44412986
v -2.10282512 -2.89747400 7.85634299
v -2.65095392 -2.55856577 7.09732140
v -1.94614543 -1.98638957 6.68562036
v -2.22150218 -1.93171062 7.64033957
v -1.82736324 -2.95283105 6.90111169
v -1.72497036 -2.59079065 6.84364831
v -2.57889276 -2.63177576 7.15749291
v -2.39136118 -3.08192376 7.92519797
v -1.53918911 -3.04309136 7.60929771
v -1.72497036 -2.59079065 6.84364831
v -2.14095851 -3.36082054 7.09542198
v -2.39136118 -3.08192376 7.92519797
v -1.97712367 -2.31404673 7.67136863
v -1.41922574 -1.79208629 5.46773464
v -1.99648128 -2.82280633 5.23649502
v -1.29740048 -3.53326744 5.90895717
v -0.71964171 -2.50361673 6.13584071
v -0.88407255 -2.78895868 5.05785428
v -1.29740048 -3.53326744 5.90895717
v -1.83205044 -2.53746409 6.31448145
v -1.08104436 -1.87433773 5.72465114
v -0.72646879 -0.80856100 5.80711818
v 0.21139619 -1.02276785 6.38982874
v -0.14297909 -2.08756709 6.30572046
v -1.08104436 -1.87433773 5.72465114
v -0.81275229 -1.37167157 6.69476770
v -0.05669560 -1.52445645 5.41807095
v -0.79260130 -1.89270885 6.21754298
v -0.16406589 -2.67920618 6.17588953
v -0.15492530 -2.87958123 7.16060570
v -0.78417395 -2.09397578 7.20180748
v -0.79260130 -1.89270885 6.21754298
v 0.04493830 -1.97524211 6.76793664
v -0.15492530 -2.87958123 7.16060570
v -0.99317800 -2.79794000 6.60976037
v -0.52938868 -2.02397578 6.48160120
v -0.37243278 -1.45327633 7.19756371
v 0.45526240 -1.80202358 7.43861167
v 0.29727578 -2.37166590 6.72346643
v -0.31683719 -2.31093119 7.33790550
v 0.24168020 -1.51401104 6.58312463
v -3.24001915 -2.06229564 4.40513762
v -3.35518059 -0.87034925 4.28585509
v -4.48626668 -0.79339651 4.68443815
v -4.36998647 -1.98456783 4.80519041
v -3.24001915 -2.06229564 4.40513762
v -4.13232138 -1.52819226 3.80232025
v -3.59284568 -1.32672467 5.28872525
v -3.46622124 -2.18102382 4.45387358
v -3.03550500 -3.21693505 4.69114530
v -4.02777701 -3.78655173 4.66910276
v -4.45712362 -2.75082941 4.43398955
v -3.83794242 -2.85388879 5.30472744
v -4.02777701 -3.78655173 4.66910276
v -3.65468650 -3.11387536 3.82040710
v -3.80725761 -2.35385066 4.50798338
v -4.41063100 -1.49137646 4.40714964
v -5.31794849 -1.93494457 4.71397795
v -4.71455312 -2.79637933 4.81285581
v -4.70285298 -2.31747508 3.94653412
v -5.31794849 -1.93494457 4.71397795
v -4.42233114 -1.97028087 5.27347073
v -3.95524222 -2.43985300 4.63970335
v -4.12977469 -3.00385095 5.44103176
v -4.73509999 -3.65976951 4.99864377
v -4.55990163 -3.09667413 4.19569457
v -4.86475880 -2.67226404 4.96976377
v -4.73509999 -3.65976951 4.99864377
v -3.82491752 -3.42826103 4.66696257
v -4.29474844 -2.80216089 4.81028806
v -5.12541920 -2.43994181 4.72568510
v -5.57181445 -3.07990624 5.19369656
v -4.74155965 -3.44105705 5.27769131
v -4.29474844 -2.80216089 4.81028806
v -5.01653309 -3.25297478 4.49273283
v -5.57181445 -3.07990624 5.19369656
v -4.85044606 -2.62802393 5.51064358
v -3.23722741 -2.08619853 4.41833769
v -4.17283407 -1.36884366 4.17581603
v -4.89086964 -1.76574657 5.05396604
v -3.95496756 -2.48142267 5.29640713
v -3.23722741 -2.08619853 4.41833769
v -4.36077047 -2.47809076 4.24482573
v -3.76703117 -1.37217557 5.22739773
v -3.29429436 -2.22661647 4.59376677
v -2.32961955 -2.48943567 5.15660672
v -2.60890802 -3.57001732 5.40918545
v -3.57169426 -3.30555931 4.84745451
v -3.29429436 -2.22661647 4.59376677
v -3.26575859 -2.66411432 5.65190639
v -2.60890802 -3.57001732 5.40918545
v -2.63555475 -3.13088067 4.35215453
v -3.43080620 -2.40371104 4.86696165
v -4.46894002 -2.22022059 4.79238889
v -4.71731770 -2.48766733 5.78235927
v -3.67906639 -2.66995752 5.85720546
v -4.17597494 -3.10692681 5.12090482
v -4.71731770 -2.48766733 5.78235927
v -3.97203147 -1.78325115 5.52868984
v -3.48283867 -2.53264719 5.01465940
v -3.00146020 -2.69666925 5.87133266
v -3.27368706 -3.64782524 5.98308497
v -3.75472068 -3.48455955 5.12546536
v -3.48283867 -2.53264719 5.01465940
v -3.91273246 -2.89789148 5.83475917
v -2.84344842 -3.28333733 5.16203824
v -3.45015495 -2.43630991 5.45255154
v -4.24446280 -2.18389689 5.81859340
v -4.11812033 -2.57136805 6.63180017
v -3.32456383 -2.82297265 6.26542566
v -3.45015495 -2.43630991 5.45255154
v -4.03841818 -3.01111505 5.83862392
v -3.53060844 -1.99575450 6.24539576
v -0.14887290 0.99920957 6.41700281
v 1.02319486 0.81082808 6.22034205
v 1.39919690 1.91216838 6.52297815
v 0.22810569 2.09881999 6.72027429
v 0.53655860 1.69302166 5.71494106
v 0.71474211 1.21662641 7.22567589
v -0.16567510 1.40936825 6.52884546
v -0.79567816 1.78116772 7.38547569
v -1.35432294 2.56994440 6.80850121
v -0.72564719 2.19616084 5.95446376
v -0.16567510 1.40936825 6.52884546
v -0.23283010 2.48724253 6.84038842
v -1.28849515 1.49008587 6.49955103
v 0.10353150 1.64678738 7.21547081
v 1.10618261 1.73464840 7.20667747
v 1.20053487 2.13412272 8.12596701
v 0.19887060 2.04603816 8.13369345
v 0.59553420 2.50147501 7.40912193
v 1.20053487 2.13412272 8.12596701
v 0.70951895 1.27921170 7.93124899
v 0.28068460 1.75641964 7.75755332
v -0.32459701 2.00699245 8.41762715
v 0.21658380 2.63990595 8.82994099
v 0.82033598 2.38782206 8.17102133
v 0.47301478 1.76146862 8.66640828
v 0.02272410 2.63334558 7.92224020
v -0.16064569 0.99781225 6.44448389
v 1.01748991 1.17960157 6.28249903
v 1.12486867 2.11269389 7.03247948
v -0.05325480 1.93170269 7.19292320
v 0.32413100 2.05648906 6.13816248
v 0.64010420 1.05481519 7.33725975
v -0.27765260 1.23165464 6.60432214
v -1.19933416 0.73347876 7.06803551
v -1.82304394 1.68667843 7.19092796
v -0.90102964 2.18291285 6.72960046
v -0.75614615 1.55935055 7.59120994
v -1.82304394 1.68667843 7.19092796
v -1.34421765 1.35704099 6.20642603
v -0.43753299 1.64616940 6.81018151
v 0.46749148 2.19214381 6.79661340
v 0.13168600 3.00904443 7.37468284
v -0.77338911 2.46449442 7.38486412
v -0.35788619 2.65562586 6.50689783
v 0.13168600 3.00904443 7.37468284
v 0.05198850 2.00101238 7.67457969
v -0.58625388 1.86620144 7.03203881
v -1.29639859 1.65086102 7.69681479
v -1.73139980 2.54667673 7.70346152
v -1.02220358 2.76184137 7.03724633
v -0.58625388 1.86620144 7.03203881
v -0.75822569 2.39744517 7.85564536
v -1.73139980 2.54667673 7.70346152
v -1.56037655 2.01525722 6.87841576
v -0.63268069 1.57547009 7.59458701
v -0.14307110 2.26265818 7.93688864
v -0.66685988 2.41809641 8.66410054
v -1.15545919 1.73185284 8.32108663
v -0.63268069 1.57547009 7.59458701
v -0.97654081 2.39046214 7.80984519
v -0.32198928 1.60404873 8.44813008
v -0.16677110 -0.26809469 6.24000574
v -1.20059880 -0.81122175 5.95250636
v -1.76257519 -0.61624770 6.99726708
v -0.72970236 -0.07129710 7.28359276
v -0.68022658 -1.13009031 6.90015954
v -1.76257519 -0.61624770 6.99726708
v -1.25007466 0.24757139 6.33593897
v -0.16311729 -0.41326301 6.44784876
v 0.94258116 -0.31997720 6.73201806
v 1.00933866 -1.28678479 7.34322532
v -0.09498530 -1.37889706 7.05840233
v 0.22932540 -0.46607699 7.52075889
v 0.61827048 -1.23279744 6.26966150
v -0.18013040 -0.55392729 6.77271935
v -0.76730696 -1.41242581 6.96420983
v -1.25837644 -1.04077421 7.82175314
v -0.67210638 -0.18380960 7.62861777
v -0.20936639 -1.05601804 7.70019553
v -1.23004720 -0.54021739 6.89263207
v -0.16967990 -0.64296309 6.97933556
v 0.33269031 -0.37386768 7.79818625
v 0.54420508 -1.29377912 8.11600607
v 0.04242470 -1.56121182 7.29773643
v -0.16967990 -0.64296309 6.97933556
v -0.37418830 -0.97651296 7.89506918
v 0.74930319 -0.95856657 7.20085350
v 0.06464800 -0.77490469 7.39304466
v -0.53206198 -1.38509045 7.70870261
v -0.17727399 -1.46392972 8.54272420
v 0.41974448 -0.85537436 8.22615499
v 0.06464800 -0.77490469 7.39304466
v 0.29845029 -1.56746807 7.77299216
v -0.41076789 -0.67299681 8.16186544
v -0.11679050 -0.24643060 6.24074305
v 1.01312460 -0.45073020 5.87817165
v 1.45714230 -0.75032171 6.95493493
v 0.32887389 -0.54466479 7.31483482
v 0.85334188 0.26604179 6.73328515
v 0.48865661 -1.26143697 6.45972131
v -0.08907260 -0.09994059 6.50909998
v -0.86523611 -0.17896240 7.31920311
v -0.98001219 0.92418440 7.50681480
v -0.20437410 1.00391401 6.69551599
v -0.08907260 -0.09994059 6.50909998
v 0.00548910 0.38118869 7.52051963
v -1.07509939 0.44376288 6.49419946
v -0.07483320 0.00035120 6.91707604
v 0.91459226 0.07093430 7.09148705
v 0.85132895 0.22404180 8.08416769
v -0.13668880 0.15485619 7.90837241
v 0.36031390 0.77103689 7.39546104
v 0.85132895 0.22404180 8.08416769
v 0.41758960 -0.54524638 7.60439841
v 0.01900630 0.10352939 7.14766441
v -0.59134188 0.08477600 7.84920248
v -0.20929000 0.76876326 8.34767293
v 0.39959849 0.78724707 7.64600608
v 0.25573949 0.02524000 8.04224875
v -0.44748298 0.84678305 7.45295921
v -3.49973533 0.48494201 5.25581936
v -3.86111747 1.46119732 4.65053892
v -4.43706350 1.99082042 5.56401821
v -4.07527457 1.01550085 6.16596400
v -3.49973533 0.48494201 5.25581936
v -4.64011617 0.86216925 5.20265958
v -4.43706350 1.99082042 5.56401821
v -3.29627587 1.61452893 5.61384304
v -3.82081901 0.42059039 5.32354519
v -3.66736289 -0.70170172 5.49897427
v -4.77533253 -0.98417921 5.55789455
v -4.92721821 0.13730090 5.38398831
v -4.28771414 -0.16505329 6.19133509
v -4.30686666 -0.39934768 4.69162779
v -4.20521719 0.47156051 5.53180691
v -4.93268818 1.08874570 5.07604733
v -5.32278797 1.50234723 5.96611537
v -4.59545797 0.88596456 6.41960779
v -4.20521719 0.47156051 5.53180691
v -5.22956470 0.46595118 5.78597011
v -4.29858114 1.50875912 5.70968471
v -4.36624990 0.53781588 5.83658778
v -4.52350179 -0.00393390 6.65933130
v -5.50274646 -0.13317930 6.53182581
v -5.34444324 0.40790038 5.71015346
v -5.05134297 0.75494627 6.52617883
v -4.81660207 -0.35097980 5.84330653
v -5.10870899 0.26593969 5.71587490
v -5.68514208 0.96307516 5.61412990
v -6.38274339 0.59493777 6.06750270
v -5.80681384 -0.10173950 6.16699305
v -5.94978502 0.18768850 5.37772915
v -5.54217151 0.67364729 6.40339319
v -3.49175041 0.47347178 5.27944302
v -4.42426595 1.16874990 4.97098478
v -4.56375783 1.70559612 6.03701869
v -3.63114921 1.01088216 6.34468958
v -3.49175041 0.47347178 5.27944302
v -4.53100942 0.51398257 5.88224574
v -3.52440605 1.66564938 5.43342861
v -3.62497032 0.36388248 5.55575405
v -2.85178949 -0.43617599 5.82973048
v -3.54149498 -1.07784864 6.47978967
v -4.31426687 -0.27843149 6.20477564
v -3.38282646 0.04593180 6.62833093
v -3.78322990 -0.76053915 5.40617520
v -3.84406852 0.19019060 5.94738978
v -4.79837392 0.64282828 5.90415919
v -4.99697804 0.61943930 6.94069604
v -4.04311453 0.16776239 6.98299828
v -4.71660603 -0.22517629 6.37307398
v -4.99697804 0.61943930 6.94069604
v -4.12488242 1.03576711 6.51408350
v -3.92908347 0.04735530 6.17355311
v -3.31240471 -0.36719211 6.83768700
v -3.97116355 -1.00019079 7.23472862
v -4.58700551 -0.58651568 6.56976648
v -3.92908347 0.04735530 6.17355311
v -4.12177603 -0.01940590 7.14786156
v -3.97116355 -1.00019079 7.23472862
v -3.77763419 -0.93430181 6.25959192
v -3.66028495 0.07320210 6.72778894
v -4.28833700 -0.44012919 7.14169457
v -4.24937307 -0.02893960 7.95154928
v -3.62256034 0.48438739 7.53704612
v -3.52516136 -0.36244918 7.51408530
v -4.24937307 -0.02893960 7.95154928
v -4.38573599 0.40670730 7.16465538
v -2.87693872 1.18938054 5.44127834
v -2.47716532 2.09040614 4.75349394
v -2.28411631 2.87725000 5.64352199
v -2.68284937 1.97600749 6.33008204
v -2.87693872 1.18938054 5.44127834
v -3.32578423 2.30346125 5.46410183
v -2.28411631 2.87725000 5.64352199
v -1.83423046 1.76295254 5.61947353
v -3.05759820 1.41806348 5.60119533
v -3.89109519 0.77940855 6.00644923
v -4.64978597 1.60236614 6.11985865
v -3.81653464 2.24020274 5.71414394
v -3.61236686 1.63639050 6.55449365
v -4.64978597 1.60236614 6.11985865
v -4.09526266 1.38322079 5.16609952
v -3.12247124 1.71158871 5.99046290
v -2.87389581 2.67867975 5.85629665
v -2.74286188 2.90501245 6.82805138
v -2.99132867 1.93920207 6.96034325
v -3.57548607 2.48050028 6.45484888
v -2.74286188 2.90501245 6.82805138
v -2.28973857 2.13738170 6.36179163
v -3.10104851 1.79039013 6.28376612
v -3.46517235 1.56140820 7.10677330
v -3.83598960 2.39121226 7.30040367
v -3.47255211 2.61980860 6.47712976
v -3.10104851 1.79039013 6.28376612
v -2.94573236 2.25937052 7.06950096
v -3.99199240 1.92184658 6.51440149
v -2.89492852 1.17697065 5.45654141
v -3.35745567 2.18908397 4.99623960
v -3.36346764 2.82200036 6.01831691
v -2.90161187 1.81056072 6.47608728
v -3.86462729 1.73594265 5.89510036
v -2.39444041 2.26370188 5.57722561
v -3.07960473 1.17228658 5.56104214
v -3.08513268 0.22373979 6.20357142
v -4.20715017 0.00660280 6.11711146
v -4.19965933 0.95412550 5.47641933
v -3.07960473 1.17228658 5.56104214
v -3.77036521 1.00959661 6.45867273
v -4.20715017 0.00660280 6.11711146
v -3.51442650 0.16826870 5.22131863
v -3.30976189 1.24089406 5.73257533
v -3.81036979 2.11968745 5.42949368
v -4.11497580 2.43132807 6.39182398
v -3.61356926 1.55325970 6.69457360
v -4.30567160 1.47243008 5.99139491
v -4.11497580 2.43132807 6.39182398
v -3.11826745 2.20051722 6.13267237
v -3.45038902 1.25137075 5.89011073
v -3.66516380 0.41631671 6.39038843
v -4.58421468 0.67957129 6.67285974
v -4.36798269 1.51341793 6.17381312
v -3.76941123 1.23198804 6.83317223
v -4.58421468 0.67957129 6.67285974
v -4.26373526 0.69774649 5.73102870
v -3.44906731 1.22881681 6.35606287
v -4.07336050 1.86898159 6.52816858
v -4.06220816 1.79000255 7.43503074
v -3.43974358 1.15105954 7.26125084
v -4.19171103 1.09382490 6.86323693
v -4.06220816 1.79000255 7.43503074
v -3.32139305 1.92621624 6.92618249
v 1.73492199 -1.33580609 5.44028530
v 0.58223757 -1.60345654 5.21627896
v 0.11939680 -1.06678655 6.18791163
v 1.27051480 -0.80060675 6.40906153
v 1.73492199 -1.33580609 5.44028530
v 1.00446455 -1.88019420 6.22407435
v 0.84828772 -0.52386920 5.40126553
v 1.67630200 -1.52864193 5.71871669
v 2.75502100 -1.70686062 6.06463771
v 2.56518610 -2.70001062 6.60029138
v 1.48779797 -2.52083780 6.25429529
v 1.67630200 -1.52864193 5.71871669
v 1.97725108 -1.73931209 6.80369958
v 2.56518610 -2.70001062 6.60029138
v 2.26556788 -2.48838633 5.51523342
v 1.60640698 -1.83868435 6.08762721
v 0.58852969 -2.10472255 5.99506190
v 0.40599231 -2.26818782 7.02284935
v 1.42308194 -2.00209239 7.11443138
v 1.18925214 -2.72474146 6.47952905
v 0.40599231 -2.26818782 7.02284935
v 0.82235930 -1.38207349 6.62996484
v 1.57503262 -2.00486156 6.31703699
v 2.29409541 -2.05603328 7.00708703
v 2.08812282 -2.97691278 7.32553367
v 1.37048962 -2.92428277 6.63616174
v 1.57503262 -2.00486156 6.31703699
v 1.41804242 -2.24193293 7.27207298
v 2.24654277 -2.73838312 6.37117578
v 1.37965207 -2.20500697 6.79395898
v 0.53501731 -2.50237513 6.95624901
v 0.65022696 -2.67933130 7.84181418
v 1.49345013 -2.38253214 7.67828513
v 1.37965207 -2.20500697 6.79395898
v 1.18661397 -3.00412286 7.18167381
v 0.65022696 -2.67933130 7.84181418
v 0.84185339 -1.88078426 7.45285972
v 1.80499828 -1.34939664 5.42291348
v 2.10735683 -2.33431101 4.80402372
v 2.45012491 -2.99863488 5.74705837
v 2.14665477 -2.01431560 6.36513880
v 2.87036523 -1.89689601 5.50900356
v 2.45012491 -2.99863488 5.74705837
v 1.38364621 -2.45173075 5.66015834
v 2.12606669 -1.34007275 5.60622341
v 2.18445811 -0.54479430 6.40180628
v 3.22228905 -0.18460910 6.15506800
v 3.16174737 -0.97902578 5.36196560
v 2.95839715 -1.26002996 6.35803064
v 3.22228905 -0.18460910 6.15506800
v 2.38780833 -0.26379020 5.40574124
v 2.43107264 -1.26680600 6.09874049
v 2.91367150 -2.15042247 6.11043299
v 3.37548424 -2.02403850 6.99573632
v 2.89436425 -1.14082761 6.98214562
v 3.42301750 -1.36618314 6.23414149
v 2.38501872 -1.92506694 6.85843652
v 2.65047235 -1.17073034 6.43975611
v 2.55956263 -0.47854739 7.05292687
v 3.40900871 -0.54376940 7.42272117
v 3.50015465 -1.23513806 6.80884911
v 2.65047235 -1.17073034 6.43975611
v 2.81719079 -1.25603047 7.34874046
v 3.24252648 -0.45765479 6.51303552
v 0.81202406 -1.51090023 5.60364589
v 0.13460840 -0.57739619 5.25870694
v 0.09686350 -0.02444900 6.32493189
v 0.77448851 -0.95716039 6.66844323
v -0.20355829 -1.17533445 6.15236475
v 0.09686350 -0.02444900 6.32493189
v 1.11265516 -0.35922210 5.77478542
v 0.66663817 -1.58225842 5.76782619
v 1.19534948 -2.52101313 6.15589686
v 0.26250440 -3.04534997 6.56496667
v -0.26508989 -2.10737758 6.17602930
v 0.57022860 -1.97578884 6.83717919
v 0.36003089 -2.65260187 5.49474697
v 0.42194610 -1.70456158 5.98655726
v -0.18871349 -0.84207129 5.98859462
v -0.81383375 -1.13115117 6.78915185
v -0.20332769 -1.99259899 6.78613488
v 0.42194610 -1.70456158 5.98655726
v -0.63150149 -1.72581219 5.93437709
v 0.23946029 -1.10885801 6.84035241
v 0.29726079 -1.77415142 6.17761744
v 0.66208289 -2.48872294 6.76972619
v -0.21529550 -2.83873865 7.08819420
v -0.57783518 -2.12399425 6.49757349
v 0.05665920 -1.88048320 7.13817101
v -0.21529550 -2.83873865 7.08819420
v 0.02758860 -2.73223413 6.12912867
v 0.10150070 -1.82626690 6.53640894
v -0.69567572 -1.40721661 6.66671167
v -0.83025518 -1.68977642 7.52040672
v -0.03270340 -2.10801143 7.39034568
v -0.65340506 -2.24465068 6.82183495
v -0.07497400 -1.27057729 7.23522301
v 0.81000120 -1.54290921 5.60579983
v -0.20773139 -2.16378352 5.43649990
v -0.83368872 -1.66014874 6.33090845
v 0.18314420 -1.04059438 6.49795374
v 0.24902660 -2.16541057 6.46697534
v -0.27361389 -1.03896719 5.46747768
v 0.81371290 -1.64662914 5.79139613
v 1.62992199 -1.42914578 6.56688684
v 1.94950908 -2.51594797 6.73672143
v 1.13503965 -2.73046350 5.96186976
v 0.87000936 -2.14352794 6.82062341
v 1.94950908 -2.51594797 6.73672143
v 1.89495250 -2.01608135 5.70813381
v 0.77613005 -1.72250530 6.10774623
v -0.16613309 -2.18616282 6.21686732
v -0.33123809 -1.90359767 7.22177025
v 0.60991168 -1.43968350 7.11158592
v 0.77613005 -1.72250530 6.10774623
v 0.53694228 -2.39947276 6.88032983
v -0.09316390 -1.22637334 6.44812341
v 0.78909506 -1.79073726 6.29249720
v 1.37521008 -1.49113339 7.04030724
v 1.45384656 -2.37682322 7.49242149
v 0.86926985 -2.67479212 6.74455957
v 0.58769110 -1.94503292 7.25486351
v 1.45384656 -2.37682322 7.49242149
v 1.65678875 -2.22089289 6.53000330
v 0.79345915 -1.82730800 6.63930200
v 0.07114960 -2.25426509 6.99156579
v 0.27487810 -2.11146098 7.86624167
v 0.99640241 -1.68377758 7.51381431
v 0.79345915 -1.82730800 6.63930200
v 0.84535421 -2.48511606 7.26444054
v 0.22219760 -1.45292660 7.24093956
v 2.15203700 0.76056807 5.29248440
v 2.16555736 -0.33688148 4.79811735
v 2.52017603 -0.93329588 5.77884425
v 2.50607172 0.16387300 6.27267420
v 3.09722710 0.01779870 5.32414395
v 1.57440167 -0.19080720 5.74664699
v 2.54826670 0.75613211 5.49245510
v 2.66747614 1.87436016 5.54589016
v 3.69022605 1.87958843 6.01381251
v 3.57083610 0.76186735 5.95967860
v 2.80966363 1.31919019 6.43134424
v 3.42864861 1.31703717 5.07422482
v 2.87137841 0.63032980 5.98245082
v 2.97075006 -0.36998828 6.04464808
v 3.59855003 -0.38027850 6.83086511
v 3.50066246 0.61901480 6.76617578
v 3.75621909 0.14935650 5.98907863
v 3.59855003 -0.38027850 6.83086511
v 2.71519373 0.09966990 6.82174523
v 3.08960229 0.54963168 6.37166651
v 3.36191490 1.25728185 6.90881066
v 4.05679038 0.81225287 7.33616234
v 3.78427543 0.10564959 6.79893762
v 3.08960229 0.54963168 6.37166651
v 3.18333947 0.49659930 7.29329918
v 3.96285086 0.86633215 6.41444910
v 2.13678843 0.80724676 5.31351651
v 3.26217430 1.15820424 5.07144589
v 3.55533531 1.48568493 6.19026881
v 2.43098704 1.13373571 6.43142847
v 2.58477594 1.88433727 5.60471279
v 3.10838494 0.40760268 5.89816127
v 2.06872661 0.88391890 5.60675014
v 1.25317426 0.10821120 5.82731899
v 0.71194769 0.70518225 6.63951257
v 1.52735394 1.47925152 6.41846704
v 1.83351375 0.47717521 6.65149255
v 0.71194769 0.70518225 6.63951257
v 0.94701444 1.11028737 5.59429348
v 2.10400630 1.07733526 6.02532313
v 2.79080804 1.86811870 6.15929347
v 3.09305596 1.60898052 7.13853600
v 2.40671656 0.81945555 7.00355492
v 2.10400630 1.07733526 6.02532313
v 2.08681621 1.74258160 6.84386254
v 3.11070824 0.94499288 6.31898584
v 2.08112651 1.17368596 6.27026941
v 1.28392072 0.85285185 6.77562951
v 1.27892751 1.57324627 7.46276451
v 2.07547282 1.89453807 6.95680626
v 2.07177562 1.00860334 7.25235863
v 1.28761777 1.73878673 6.48007715
v 2.00809413 1.29295728 6.73101037
v 2.45296564 2.01937801 7.05144616
v 2.38163676 1.81175884 7.93365744
v 1.93770107 1.08487081 7.61313193
v 1.67569988 1.85653728 7.36206932
v 2.38163676 1.81175884 7.93365744
v 2.71496668 1.24771169 7.30250877
v 1.59295544 -0.94389356 5.90069789
v 0.49837230 -0.87203001 5.40324917
v -0.03025710 -1.69646923 6.10081324
v 1.06359418 -1.76773174 6.59457849
v 0.97992338 -1.88848308 5.47702297
v 0.58204287 -0.75127852 6.52080469
v 1.59581051 -1.17717824 5.97293727
v 2.59601190 -1.26330457 6.52451624
v 2.78958490 -2.36727152 6.28594446
v 1.79067119 -2.27961802 5.73526576
v 1.82579967 -1.97188396 6.76300927
v 2.56088343 -1.57103833 5.49677212
v 1.47412121 -1.40882230 6.21649988
v 0.42100669 -1.39130719 6.12343653
v 0.21742479 -2.12558864 6.85451562
v 1.26927968 -2.14279201 6.94544762
v 0.87887648 -2.26540629 6.04403163
v 0.81140997 -1.26869290 7.02485253
v 1.43673627 -1.54813305 6.37522425
v 1.87686351 -1.76449398 7.24164390
v 1.88179988 -2.75526575 7.13018334
v 1.44304928 -2.53863749 6.26338160
v 1.43673627 -1.54813305 6.37522425
v 1.06807401 -2.18727107 7.04324059
v 2.25183909 -2.11586040 6.46178491
v 1.33901029 -1.74739147 6.67806848
v 0.80742529 -2.48486338 6.64355005
v 0.58678088 -2.50132792 7.52705283
v 1.11727147 -1.76468700 7.55986533
v 1.44070965 -2.47409159 7.21449669
v 0.48398707 -1.77545879 6.98891808
v 1.59744290 -0.93016050 5.92684779
v 0.51586768 -1.38774976 5.66682949
v 0.09719620 -1.41851376 6.79403283
v 1.17883474 -0.96315420 7.05290856
v 1.59744290 -0.93016050 5.92684779
v 1.13898580 -1.91218517 6.44606104
v 0.09719620 -1.41851376 6.79403283
v 0.55571669 -0.43871879 6.27367701
v 1.65647839 -1.04334478 6.16032801
v 2.25979960 -0.43770968 6.89114831
v 2.98531274 -1.25035008 7.17491539
v 2.38200358 -1.85552532 6.44417505
v 1.65647839 -1.04334478 6.16032801
v 1.86570781 -1.35957837 7.21873009
v 2.98531274 -1.25035008 7.17491539
v 2.77609521 -0.93365644 6.11659327
v 1.71570171 -1.25735860 6.49788538
v 0.91226560 -1.85153377 6.62074243
v 1.10531934 -2.12258372 7.56967857
v 1.90810710 -1.52758603 7.44711631
v 1.76250271 -2.21144633 6.81394738
v 1.05787008 -1.16767354 7.25391136
v 1.74981518 -1.28485501 6.79971276
v 2.42529047 -0.94617414 7.34167381
v 2.38832804 -1.60712826 7.99265768
v 1.71369366 -1.94544261 7.45034568
v 1.74981518 -1.28485501 6.79971276
v 1.65379391 -1.11582700 7.70823813
v 2.48519022 -1.77578991 7.08378136
v -0.28753888 0.97161482 5.77220973
v 0.49645068 1.83143657 5.46513271
v 0.43930110 2.45285044 6.49255151
v -0.34246448 1.59210385 6.79928552
v -0.51992598 2.14850322 5.83521144
v 0.67391226 1.27503728 6.42920679
v -0.39409919 1.08244611 6.02990870
v -1.20908315 0.28437480 6.14464808
v -1.81590618 0.82363318 6.95233422
v -1.00008680 1.61853161 6.83799340
v -0.69259505 0.60787028 7.02826622
v -1.51657483 1.29503613 5.95437465
v -0.33621398 1.28719403 6.46155847
v 0.50084128 1.93102397 6.48276025
v 0.58542689 1.99536632 7.53355735
v -0.25058860 1.35101209 7.51180747
v -0.30279619 2.19498729 6.99704552
v 0.55304900 1.08704900 6.99752282
v -0.37454188 1.43312680 6.74561242
v -1.31826886 1.33801984 7.05264794
v -1.22628934 1.87014354 7.88962302
v -0.28337138 1.96508800 7.58204673
v -0.63818160 1.10371534 7.64832175
v -0.96345884 2.19939235 6.98637230
v -0.32273628 1.65058209 7.24708397
v 0.20440109 2.34746165 7.50137779
v 0.12400520 2.22259242 8.39959066
v -0.40219840 1.52707608 8.14425924
v -0.32273628 1.65058209 7.24708397
v -0.58119769 2.29909251 7.82946372
v 0.12400520 2.22259242 8.39959066
v 0.38340030 1.57544537 7.81617270
v -0.30708860 0.95123998 5.77937892
v -1.23547780 1.68607128 5.57073940
v -1.15082815 2.32000453 6.58921533
v -0.22171550 1.58621655 6.79684594
v -1.21680089 1.12026754 6.54543359
v -1.15082815 2.32000453 6.58921533
v -0.24039239 2.15202037 5.82215236
v -0.46364489 0.88425276 6.02532923
v 0.03969930 0.27692640 6.85589623
v -0.75347929 -0.54510730 6.92661889
v -1.25608419 0.06143630 6.09504725
v -0.46364489 0.88425276 6.02532923
v -0.98190031 0.57455569 6.99711327
v -0.23448459 -0.23619289 5.95383021
v -0.68967032 0.82935202 6.37946680
v -1.13745694 1.78433941 6.44643274
v -1.61476055 1.63590664 7.37635582
v -1.16707364 0.68173796 7.30863426
v -1.72044109 0.99075506 6.54817895
v -0.58408969 1.47532239 7.20688805
v -0.75045950 0.74166472 6.63409082
v -0.28445850 0.34227210 7.41956932
v -1.05055158 -0.20688470 7.74558066
v -1.51408612 0.19289671 6.96110070
v -0.75045950 0.74166472 6.63409082
v -1.10055517 0.77222418 7.56576377
v -1.05055158 -0.20688470 7.74558066
v -0.69798956 -0.23705530 6.81490624
v -0.87559446 0.62690638 7.08737999
v -1.72146526 0.85885626 7.33206199
v -1.59992535 0.78616568 8.22975912
v -0.75425795 0.55454978 7.98490133
v -1.40380002 0.12751819 7.63435142
v -1.59992535 0.78616568 8.22975912
v -1.07192335 1.28588773 7.68261191
v 1.37035855 1.46604596 5.77426357
v 2.23981547 0.64387175 5.65715847
v 1.94020976 -0.02260560 6.61118432
v 1.06947340 0.79905760 6.72825158
v 2.13331981 1.16358381 6.65167810
v 1.17596914 0.27934560 5.73373195
v 1.45567639 1.47944943 6.07096766
v 1.05183591 2.42383646 6.53280603
v 1.95467204 2.66682672 7.15686730
v 2.35870478 1.72314053 6.69417321
v 1.42249737 1.67601345 7.17765587
v 1.95467204 2.66682672 7.15686730
v 1.98804317 2.47096369 6.04932399
v 1.62109539 1.54592221 6.49216089
v 2.21439219 0.74995482 6.65919214
v 2.26096049 0.84174292 7.66033225
v 1.66791927 1.63673519 7.49257407
v 1.62109539 1.54592221 6.49216089
v 2.47914499 1.58277554 7.01427514
v 1.40316632 0.80391432 7.13749108
v 1.65955914 1.52417538 6.82702660
v 1.37897610 2.22770793 7.36752525
v 1.95208431 2.05648433 8.07832418
v 2.22988169 1.35387357 7.53808433
v 1.37886548 1.42621854 7.70807334
v 2.22999247 2.15536296 7.19753563
v 1.38827664 1.49150601 5.76117092
v 2.38523737 1.15065740 5.18051114
v 3.07974908 1.01651838 6.15429469
v 2.08319255 1.35644269 6.73210473
v 2.46036356 2.01568980 5.89925014
v 2.00806636 0.49141028 6.01336573
v 1.50360089 1.64566815 5.86052028
v 0.62496138 2.34341685 6.09248866
v 1.24838895 3.26653405 6.35756800
v 2.12580272 2.56883112 6.12482264
v 1.50360089 1.64566815 5.86052028
v 1.39294949 2.23503382 6.83453820
v 1.24838895 3.26653405 6.35756800
v 1.35781430 2.67721430 5.38277249
v 1.67530224 1.73230663 6.09665797
v 2.66477014 1.42851300 5.88801417
v 3.03281793 1.50642102 6.87527123
v 2.04352916 1.80947735 7.08339012
v 2.53228708 2.28527110 6.36593958
v 3.03281793 1.50642102 6.87527123
v 2.17601237 0.95271925 6.60546472
v 1.74614544 1.79573803 6.25458948
v 1.21724385 2.39473032 6.85004357
v 1.98034114 2.95264947 7.16668663
v 2.50782145 2.35314555 6.57224756
v 1.95736705 1.95670635 7.21418358
v 1.76769817 2.79116937 6.20810816
v 1.87153041 1.87662868 6.53217737
v 1.49266980 2.54898844 7.01554772
v 2.22636378 2.75267938 7.51282676
v 2.60339167 2.07956660 7.03079247
v 1.87153041 1.87662868 6.53217737
v 1.87423565 1.91664867 7.44180992
v 2.22636378 2.75267938 7.51282676
v 2.22182582 2.71190637 6.60452966
v -2.43595240 -0.82957701 2.09372639
v -3.30888695 -0.12533960 1.65627980
v -4.19835135 -0.92867681 1.73964696
v -3.32543663 -1.63189068 2.17690693
v -2.43595240 -0.82957701 2.09372639
v -3.15564660 -1.13512571 1.17945631
v -4.19835135 -0.92867681 1.73964696
v -3.47867699 -0.62210459 2.65373019
v -2.49866434 -1.12787595 1.89070073
v -2.11117473 -2.12292491 2.24300174
v -1.67570293 -2.45490885 1.25844259
v -2.06293697 -1.46034772 0.90749251
v -2.73781915 -2.10810481 1.39473470
v -1.67570293 -2.45490885 1.25844259
v -1.43629223 -1.47516766 1.75575948
v -2.75573755 -1.56956936 2.05258396
v -3.42426476 -1.86467159 1.35862570
v -4.04696219 -2.34309809 1.98693638
v -3.37871391 -2.04739146 2.67925997
v -2.75573755 -1.56956936 2.05258396
v -3.05789788 -2.52059824 1.92897953
v -4.04696219 -2.34309809 1.98693638
v -3.74508109 -1.39146466 2.10890629
v -2.91499292 -1.80710979 2.39899677
v -2.75460077 -2.36044672 3.12695802
v -3.06448571 -3.14695580 2.74125338
v -3.22424218 -2.59385401 2.01265339
v -3.55472770 -2.35857783 2.78322634
v -2.42411509 -2.59572290 2.35638492
v -2.44713709 -0.86953901 2.09045963
v -3.55110862 -0.42776698 1.90304188
v -4.15759787 -1.34315045 2.39252857
v -3.05439202 -1.78503521 2.57543948
v -3.32810387 -1.46746731 1.52913915
v -3.27739678 -0.74533491 2.94934206
v -2.45139445 -1.12592290 2.18783466
v -1.74102306 -1.41009946 3.04128267
v -1.35183957 -2.38285319 2.57575747
v -2.06082042 -2.09644786 1.72559377
v -2.45139445 -1.12592290 2.18783466
v -2.46149241 -2.13827159 2.72053286
v -1.35183957 -2.38285319 2.57575747
v -1.34035092 -1.36827573 2.04634358
v -2.41011195 -1.48797238 2.33532459
v -2.96187524 -2.27293894 1.89312748
v -3.40255089 -2.63565088 2.78030459
v -2.85187036 -1.84954372 3.22302736
v -2.41011195 -1.48797238 2.33532459
v -2.36418116 -2.49354273 2.65081790
v -3.40255089 -2.63565088 2.78030459
v -3.44956474 -1.62893994 2.46533710
v -2.29050761 -1.66988751 2.43601260
v -1.37033429 -1.73745510 2.81567568
v -1.36268689 -2.72556848 2.93590914
v -2.28198329 -2.65726282 2.55617541
v -2.07141750 -2.12609187 3.29493440
v -1.36268689 -2.72556848 2.93590914
v -1.58090008 -2.26862620 2.07691685
v -2.26217631 -1.61465771 2.96639711
v -2.81811822 -2.32595057 3.07989473
v -2.55859476 -2.53327860 3.92728943
v -2.00327403 -1.82281002 3.81281403
v -2.26217631 -1.61465771 2.96639711
v -1.98566966 -2.44038996 3.22507997
v -2.55859476 -2.53327860 3.92728943
v -2.83572259 -1.70837078 3.66762879
v -2.92191369 0.31395999 2.35862766
v -2.20913890 1.28347577 2.36667850
v -3.06304894 2.09329143 2.12345798
v -3.77545341 1.12403615 2.11715687
v -2.92191369 0.31395999 2.35862766
v -2.85863397 1.11193220 1.46155965
v -3.12595818 1.29557981 3.02227541
v -3.18733971 0.41908618 2.36140231
v -3.77758109 -0.50989341 2.60237460
v -4.79243001 -0.09247110 2.35666583
v -4.20193503 0.83569029 2.11838261
v -4.06642752 0.39246059 3.06582399
v -4.79243001 -0.09247110 2.35666583
v -3.91308860 -0.06666350 1.65493337
v -3.47394127 0.66793425 2.56127292
v -3.16887383 1.62721737 2.51782809
v -3.99389823 2.03470683 2.92388826
v -4.29842215 1.07622007 2.96510775
v -3.47394127 0.66793425 2.56127292
v -4.00334433 1.41179730 2.13439411
v -3.46395195 1.29164014 3.34854188
v -3.58855339 0.76797156 2.77543429
v -3.99564505 0.69670912 3.60659028
v -4.81656728 1.05549657 3.36193696
v -4.41033834 1.12600179 2.52934619
v -3.58855339 0.76797156 2.77543429
v -4.00043112 1.47415509 3.21427247
v -4.81656728 1.05549657 3.36193696
v -4.40555257 0.34855560 2.92166384
v -2.99234490 0.30492978 2.38186130
v -3.60444725 1.27987790 2.03226490
v -4.52432088 1.15469884 2.79680971
v -3.91171347 0.18110359 3.14550600
v -4.14551474 0.29119260 2.04836018
v -3.37064598 1.16978887 3.12941072
v -3.13027001 0.17498949 2.46236041
v -2.83731775 -0.51817118 3.32637513
v -3.28300713 -1.47776944 2.89184084
v -3.57498893 -0.78497847 2.02674534
v -3.13027001 0.17498949 2.46236041
v -3.86592185 -0.50046458 3.02002321
v -2.54638498 -0.80268515 2.33309711
v -3.36895256 0.10775050 2.60064212
v -4.13598379 0.79006758 2.34532932
v -4.78094044 0.56139739 3.14890993
v -4.01485312 -0.12072980 3.40163117
v -4.38559683 -0.15773579 2.48447299
v -3.76524009 0.82707380 3.26248750
v -3.47338798 0.04227770 2.72745242
v -3.26982140 -0.60938387 3.45399354
v -4.12409293 -1.11747060 3.40330933
v -4.32749624 -0.46638118 2.67594149
v -4.06855460 -0.12829610 3.50714142
v -4.12409293 -1.11747060 3.40330933
v -3.52876274 -0.94746908 2.62279361
v -3.52598930 -0.03025170 3.13795747
v -4.24148092 0.47180838 3.39234071
v -4.47407491 -0.02737400 4.11579894
v -3.75831748 -0.52847949 3.86166992
v -4.35967123 -0.36512679 3.27957399
v -3.64012687 0.30845578 3.97443664
v -2.49462778 -1.02591215 2.08393665
v -3.29703209 -0.15858320 1.85657902
v -4.08186270 -0.45872989 2.71657595
v -3.27918053 -1.32462140 2.94334414
v -3.66278221 -1.22429288 1.88821568
v -2.91343072 -0.25891179 2.91170717
v -2.57605432 -1.16210874 2.23633106
v -1.88864559 -1.48167843 3.06776674
v -2.12708949 -2.58019587 3.02721346
v -2.81323205 -2.26098429 2.19441608
v -2.90158868 -1.77023083 3.12383211
v -2.12708949 -2.58019587 3.02721346
v -1.80028911 -1.97243190 2.13835087
v -2.68223993 -1.34635587 2.51516192
v -3.60921714 -0.98924131 2.68144930
v -3.83025413 -1.58595837 3.46097779
v -2.90516137 -1.94356319 3.29227845
v -2.68223993 -1.34635587 2.51516192
v -3.50833519 -1.92015010 2.56743228
v -3.83025413 -1.58595837 3.46097779
v -3.00604333 -1.01265424 3.40629548
v -2.74032556 -1.32993619 2.77332583
v -2.21214000 -1.52795803 3.51095399
v -2.79401941 -2.13700816 3.90488373
v -3.32095604 -1.93914852 3.16720094
v -2.74032556 -1.32993619 2.77332583
v -3.03349145 -1.27521131 3.65187622
v -2.79401941 -2.13700816 3.90488373
v -2.49960474 -2.19189525 3.02627870
v 0.68087485 -1.85532482 2.95853762
v 0.42140738 -2.89526574 2.41096332
v 0.96596327 -3.61571006 3.20553590
v 1.22544347 -2.57621759 3.74990204
v 1.49981152 -2.68420679 2.66198092
v 0.96596327 -3.61571006 3.20553590
v 0.14703930 -2.78727655 3.49888428
v 0.93805204 -1.89725704 3.00585207
v 1.52246518 -1.38284253 3.84764953
v 2.38797099 -1.00355550 3.20188295
v 1.80301098 -1.51747433 2.36186664
v 0.93805204 -1.89725704 3.00585207
v 2.04176952 -2.09477916 3.23473817
v 1.28370664 -0.80553770 2.97477785
v 1.26394254 -2.05671825 3.07335848
v 1.33434079 -2.99955865 2.60194064
v 2.00336604 -3.43690636 3.29344850
v 1.93305629 -2.49443186 3.76227905
v 2.17469203 -2.51626139 2.80252138
v 2.00336604 -3.43690636 3.29344850
v 1.09270521 -2.97772912 3.56169861
v 1.41453976 -2.13852672 3.25576448
v 1.89812236 -1.85109203 4.07929046
v 2.81983819 -1.91582317 3.70381073
v 2.33510813 -2.20218608 2.88335268
v 2.15228053 -2.65573267 3.67903809
v 2.81983819 -1.91582317 3.70381073
v 2.08094981 -1.39754529 3.28360536
v 1.98576824 -2.09235911 3.15732271
v 2.36235880 -2.86504846 2.85868715
v 3.12584313 -2.81230035 3.34957643
v 2.74855005 -2.04042110 3.64934326
v 2.82217492 -2.14879741 2.80674013
v 2.28873393 -2.75667230 3.70129029
v 0.75128561 -1.85948177 2.96051271
v 0.59287200 -3.04522546 2.82777498
v 1.60779217 -3.38821281 3.37357453
v 1.76519756 -2.20348491 3.50464112
v 1.56358227 -2.59892145 2.46854602
v 0.79448721 -2.64978876 3.86386993
v 0.97898824 -1.80470409 3.15455171
v 0.76796271 -0.74786650 3.48096894
v 1.79528545 -0.52209677 3.88023407
v 2.00542918 -1.57761547 3.55247651
v 0.97898824 -1.80470409 3.15455171
v 1.18068021 -1.41207226 4.18875060
v 1.79528545 -0.52209677 3.88023407
v 1.59271191 -0.91340971 2.84469485
v 1.34401105 -1.70538570 3.43927644
v 2.16043239 -2.26398112 3.25626497
v 2.49234110 -2.30804301 4.20612639
v 1.67584210 -1.75076656 4.38821929
v 2.27417018 -1.45215985 3.72293244
v 1.56210446 -2.56258753 3.92155151
v 1.49456692 -1.60300106 3.74553650
v 1.55003292 -0.72713797 4.05225982
v 2.23470729 -0.86613546 4.66417295
v 2.17738215 -1.74166195 4.35867705
v 1.44801694 -1.35954877 4.64218138
v 2.23470729 -0.86613546 4.66417295
v 2.27939829 -1.10925100 3.76875519
v -0.21875999 -2.07656795 3.15039186
v -1.07737798 -1.24194135 3.03146456
v -2.01658229 -1.98706584 3.11770509
v -1.15788656 -2.82098901 3.23431520
v -1.10929998 -2.13343242 2.34245380
v -2.01658229 -1.98706584 3.11770509
v -1.12596456 -1.92949810 3.92332580
v -0.29640050 -2.25448207 3.15542116
v 0.16125320 -3.00216363 3.89204284
v 0.17946430 -3.90138175 3.18127016
v -0.27764179 -3.15350945 2.44675830
v -0.75372145 -3.27433281 3.40119080
v 0.17946430 -3.90138175 3.18127016
v 0.63733290 -2.88133996 2.93761049
v -0.50649890 -2.40249949 3.29251527
v -1.44599698 -2.19820628 2.85223208
v -2.03900233 -2.54245981 3.65576721
v -1.10022275 -2.74665155 4.09305694
v -1.28103803 -3.11344933 3.19152223
v -2.03900233 -2.54245981 3.65576721
v -1.26518178 -1.83140865 3.75376679
v -0.59789370 -2.48898066 3.40465730
v -0.50097289 -3.00333245 4.25205016
v -0.89572454 -3.85604728 3.92199951
v -0.99192304 -3.34221337 3.07365358
v -0.59789370 -2.48898066 3.40465730
v -1.34502820 -2.96932824 3.85372955
v -0.89572454 -3.85604728 3.92199951
v -0.14786750 -3.37621758 3.47197388
v -0.75787108 -2.82064844 3.47910096
v -1.66334194 -2.73407068 3.43947053
v -1.86545116 -3.48922081 3.90492126
v -0.96096937 -3.57524833 3.94284423
v -0.75787108 -2.82064844 3.47910096
v -1.31942349 -3.46871605 3.17648439
v -1.30488782 -2.84060266 4.20583068
v -0.22505910 -2.12589885 3.18750368
v -1.35859418 -2.30540263 2.82391604
v -1.79958843 -2.64489008 3.88946502
v -0.66690611 -2.46536906 4.25115172
v -0.83883955 -3.14454583 3.36816255
v -1.18666074 -1.62622555 3.70690491
v -0.19356630 -2.29473368 3.31332215
v 0.85136869 -2.10804362 3.69047943
v 1.07440969 -3.16753472 3.99778381
v 0.03047490 -3.35158074 3.62214478
v 0.17078649 -2.58889582 4.33704680
v 1.07440969 -3.16753472 3.99778381
v 0.71105719 -2.87072870 2.97557741
v -0.16701870 -2.61237238 3.48599213
v -0.65057990 -3.45445885 3.21647065
v -0.90987791 -3.74626182 4.14354339
v -0.42737029 -2.90457421 4.41118437
v -0.16701870 -2.61237238 3.48599213
v 0.03069340 -3.52260795 3.86530823
v -1.10864370 -2.83642511 3.76234650
v -0.11665499 -2.83042871 3.64355103
v 0.72688818 -3.02864953 3.98051269
v 0.50928847 -3.85368308 4.34769591
v -0.33358741 -3.65403221 4.01221862
v -0.11665499 -2.83042871 3.64355103
v 0.05017280 -3.06603600 4.52733702
v 0.50928847 -3.85368308 4.34769591
v 0.34312808 -3.61664573 3.46539399
v 0.94580938 2.14105250 1.67088490
v 2.02335124 1.67703167 1.40282369
v 2.68333246 2.57890772 1.84565098
v 1.60610516 3.04251855 2.11160709
v 1.79565395 2.72226434 1.04764281
v 2.68333246 2.57890772 1.84565098
v 1.83380245 1.99728587 2.46678790
v 0.97374075 2.38500285 1.73619328
v 0.20576570 2.76771600 2.49545550
v 0.03766020 3.79420524 2.01421131
v 0.80482939 3.41044395 1.25755186
v 1.06656599 3.37783257 2.29804294
v -0.05597090 2.80032739 1.45496450
v 1.17259031 2.70592401 1.87275547
v 2.11829478 2.86039972 1.42661397
v 2.56813196 3.34788841 2.24753421
v 1.62285595 3.19280144 2.69312380
v 1.17259031 2.70592401 1.87275547
v 1.65292858 3.64425621 1.81262211
v 2.56813196 3.34788841 2.24753421
v 2.08822230 2.40894511 2.30711597
v 1.22794278 2.85611993 1.96943196
v 0.53681189 3.39365654 2.44639636
v 1.02438924 4.26170279 2.42563327
v 1.71454418 3.72417533 1.94820530
v 1.22794278 2.85611993 1.96943196
v 1.41091656 3.41291618 2.77474825
v 1.02438924 4.26170279 2.42563327
v 0.84043951 3.70491569 1.61985326
v 1.44654233 3.27436272 2.21102512
v 2.31286051 3.51032554 2.05906483
v 2.37440806 4.13159964 2.72019991
v 1.50901043 3.89499778 2.87155733
v 1.72735958 4.12986899 2.08142750
v 2.09451152 3.27545433 2.84919436
v 0.93753965 2.19750880 1.65080831
v 2.09299480 2.34093546 1.34763281
v 2.02762019 3.51054832 1.07730849
v 0.87331327 3.36672112 1.38174963
v 1.30717908 2.66970850 0.60945068
v 1.65912914 3.03794762 2.11993198
v 0.76522650 2.41311503 1.53104863
v -0.25085739 1.93639171 1.62309560
v -0.82133955 2.72411829 1.05763609
v 0.19413650 3.19989861 0.96700850
v 0.76522650 2.41311503 1.53104863
v -0.14642359 2.93982965 1.93077351
v 0.08970259 2.19646083 0.65933051
v 0.53628608 2.74109705 1.65979772
v 0.71532835 3.49863334 1.02279936
v 0.51440841 4.24755331 1.66549031
v 0.33642719 3.49003563 2.30182117
v -0.11356660 3.48499382 1.47281637
v 0.51440841 4.24755331 1.66549031
v 1.16532216 3.50367515 1.85180409
v 0.26214340 2.77891565 1.71752309
v -0.56064250 2.54416437 2.08027302
v -1.02438955 3.30033928 1.80486210
v -0.20191190 3.53436729 1.44189504
v -0.23016950 3.32308830 2.28624164
v -0.53238509 2.75544336 1.23592634
v 1.52450207 1.76829357 1.95858708
v 2.18080638 1.03720151 1.26286985
v 2.96729974 0.70197638 2.10874149
v 2.31086344 1.43249402 2.80165224
v 1.52450207 1.76829357 1.95858708
v 2.71775995 1.84620540 1.83532445
v 1.77390957 0.62348990 2.22919773
v 1.67441021 1.88860424 1.97009922
v 1.61171780 2.75529687 2.71521670
v 2.08211223 3.55239525 2.04065281
v 2.14383082 2.68595545 1.29520620
v 2.56518518 2.54009974 2.27161701
v 2.08211223 3.55239525 2.04065281
v 1.19036336 2.90115319 1.73880605
v 1.92720470 1.98867626 1.95251133
v 2.63208277 1.55005169 1.29727682
v 3.46397728 1.61669354 1.94426152
v 2.75885797 2.05437648 2.59711612
v 2.84683618 2.43426768 1.68720311
v 2.54410471 1.17016080 2.20718998
v 2.06768001 2.05596980 2.03902393
v 2.11250346 2.85305139 2.63580538
v 2.90397332 3.28002556 2.20488819
v 2.85805261 2.48342173 1.61012517
v 2.88491876 2.33835337 2.53233920
v 2.08563731 2.99811974 1.71359151
v 2.34871455 2.35030802 2.02703114
v 3.10911584 2.23241206 1.54221380
v 3.67210166 2.66010919 2.11487904
v 2.91190850 2.77705225 2.59993197
v 2.34871455 2.35030802 2.02703114
v 2.90683831 3.02473596 1.78398289
v 3.67210166 2.66010919 2.11487904
v 3.11418603 1.98472850 2.35816318
v 1.55597515 1.78891033 1.97475621
v 2.73503900 1.61346523 1.81508443
v 2.92757287 0.99681410 2.83064394
v 1.75005993 1.17290700 2.98843294
v 2.39496195 2.07484386 2.78564516
v 2.09013698 0.71152838 2.01787190
v 1.56731488 1.85876629 2.14589390
v 0.53157149 2.31015696 2.33849323
v 0.84897306 3.03009881 3.17124940
v 1.88188747 2.57693384 2.97869600
v 1.56731488 1.85876629 2.14589390
v 1.06810064 1.90516399 3.17533723
v 1.34535825 2.98192681 2.14185200
v 1.68091732 1.90245662 2.38373019
v 2.72396417 1.90401119 2.55894198
v 2.69660272 1.39514691 3.48424134
v 1.65601009 1.39448010 3.30717347
v 2.13235667 2.26138957 3.26765931
v 2.69660272 1.39514691 3.48424134
v 2.24761744 1.03710180 2.59845614
v 1.71290432 1.96622432 2.52416385
v 1.00190115 2.44513239 3.03480776
v 1.60379101 2.88099725 3.69740601
v 2.31320887 2.40188837 3.18677003
v 1.71290432 1.96622432 2.52416385
v 1.59391567 1.90261135 3.51170899
v 1.72119427 2.94440942 2.70986880
v 1.73102947 2.01482417 2.81412325
v 2.58051783 1.97922740 3.13757326
v 2.36233714 1.99908168 4.02087524
v 1.51361981 2.03437511 3.69701874
v 1.73102947 2.01482417 2.81412325
v 2.07419200 2.60911219 3.40964845
v 2.01994548 1.40449002 3.42494355
v 0.97768369 2.36776560 1.63616887
v 1.99076015 1.85670406 1.23309309
v 2.70755396 2.80720270 1.40019216
v 1.69467175 3.31637413 1.80117589
v 1.67856060 2.84027093 0.77961906
v 2.00687145 2.33280695 2.25464985
v 1.00261037 2.55144510 1.60502034
v 0.14676030 3.07597741 2.11392475
v 0.09036670 3.95445029 1.41157720
v 0.94510748 3.42945518 0.90453841
v 1.02995229 3.62489921 1.93752598
v 0.06191560 2.88053338 1.08093718
v 1.11840467 2.77885583 1.72669530
v 1.92230083 3.10859093 1.22015318
v 2.33030924 3.63965660 1.97211216
v 1.52713482 3.30897423 2.47841693
v 1.38068478 3.74638908 1.65562306
v 2.06875102 2.67117609 2.04294682
v 1.13288274 2.95536340 1.81493794
v 0.81587088 3.45817100 2.53007586
v 1.01317594 4.29389425 2.17365284
v 1.32916089 3.79032889 1.46100072
v 1.62981640 3.60331077 2.25660694
v 0.51521529 3.64518882 1.73446965
v 2.01008022 -0.96957189 2.23851123
v 0.95205351 -1.52177411 2.08590122
v 1.39099606 -2.56380365 1.67601598
v 2.44716166 -2.01034557 1.82711140
v 2.01008022 -0.96957189 2.23851123
v 1.66179775 -1.48684750 1.21094168
v 1.73741726 -2.04527232 2.70207095
v 2.16589274 -1.06973531 2.12354786
v 3.15032433 -0.60060858 2.47374118
v 3.75911918 -0.83846472 1.53401967
v 2.77435388 -1.30635220 1.18341009
v 3.17015099 -1.61774166 2.13134083
v 2.75452722 -0.28921909 1.52581060
v 2.31824595 -1.37475034 2.16680225
v 1.82292385 -2.06121715 1.53314382
v 2.17877665 -2.94046411 1.99592732
v 2.67281427 -2.25380320 2.62886050
v 2.31824595 -1.37475034 2.16680225
v 2.80075921 -2.16012462 1.65169423
v 2.17877665 -2.94046411 1.99592732
v 1.69497890 -2.15489573 2.51031009
v 2.46344218 -1.55217114 2.23380542
v 3.35718285 -1.39295575 2.64452090
v 3.82485038 -2.16164271 2.21574787
v 2.93171197 -2.31951090 1.80490163
v 2.46344218 -1.55217114 2.23380542
v 2.97738091 -2.24142970 2.73445162
v 3.31151390 -1.47103680 1.71497105
v 2.60597742 -1.78747890 2.45256854
v 2.20503123 -2.60444147 2.42986270
v 2.92476770 -3.08708123 2.70644442
v 3.32457054 -2.27046244 2.72882845
v 2.93827233 -2.50562937 2.00590656
v 2.59132929 -2.36927500 3.15278474
v 2.05808757 -1.00849378 2.23159320
v 1.53093975 -1.91686199 1.64433858
v 2.03200206 -2.80802759 2.27888614
v 2.55820292 -1.89972560 2.86313296
v 2.05808757 -1.00849378 2.23159320
v 2.65393732 -1.92932292 1.74042622
v 1.43520535 -1.88726467 2.76704531
v 2.32736460 -1.06621274 2.19747364
v 2.95205163 -0.31569139 2.75712527
v 3.83228324 -0.32215881 2.05731434
v 3.20715691 -1.07192090 1.49698293
v 3.38900169 -1.24621427 2.52119739
v 2.77020715 -0.14139809 1.73291112
v 2.69724725 -1.04973325 2.24430606
v 3.26111321 -1.57223248 1.59282399
v 3.86275474 -2.00399791 2.27411853
v 3.29841698 -1.48214779 2.92324892
v 3.70157707 -1.01262159 2.21136722
v 3.86275474 -2.00399791 2.27411853
v 2.85795312 -2.04175883 2.30470569
v 2.89734521 -0.96778501 2.45321643
v 3.33927452 -0.64131201 3.20379335
v 4.14979208 -0.46229079 2.78566744
v 3.70683097 -0.78781515 2.03753605
v 2.89734521 -0.96778501 2.45321643
v 3.71713432 -1.28369672 2.75332491
v 3.32897087 -0.14543009 2.48800448
v 1.53148114 -1.37004910 2.77185305
v 0.48686438 -1.01894094 2.29163791
v -0.09592860 -0.83838171 3.32873017
v 0.94877798 -1.18811147 3.80789673
v 1.53148114 -1.37004910 2.77185305
v 0.46899630 -1.86066997 3.04109377
v 0.96664617 -0.34638240 3.05844057
v 1.46912442 -1.47612530 2.88191164
v 2.13914287 -1.91779766 3.69844971
v 1.76239773 -2.99745141 3.61604157
v 1.09467481 -2.55511942 2.79995669
v 1.08164159 -2.08876109 3.76666840
v 2.15217601 -2.38415614 2.73173800
v 1.34223752 -1.52576260 3.09687776
v 0.36963981 -1.12135900 3.01446626
v 0.13128930 -1.15190030 4.04236450
v 1.10412855 -1.55508602 4.12460387
v 0.47618689 -1.98299205 3.49010804
v 0.13128930 -1.15190030 4.04236450
v 0.99758169 -0.69345282 3.64896210
v 1.30110547 -1.60973934 3.22380800
v 1.91703426 -2.12390071 3.81641449
v 1.22224805 -2.69074701 4.24870757
v 0.60707919 -2.17669963 3.65603913
v 1.18578168 -1.69640820 4.20981627
v 1.22224805 -2.69074701 4.24870757
v 1.33833157 -2.60419214 3.26263734
v 1.18903791 -1.65059902 3.47165620
v 0.34713638 -1.93136074 3.67372345
v 0.35290099 -1.67791943 4.54644774
v 1.19476087 -1.39650937 4.34436431
v 1.18903791 -1.65059902 3.47165620
v 0.98900304 -2.20422175 4.16433501
v 0.55289420 -1.12364850 3.85375244
v 1.53687817 -1.42160824 2.80518313
v 0.41143580 -1.75486690 2.53907718
v 0.35677920 -2.69145776 3.29107057
v 1.48206738 -2.35941935 3.55361512
v 1.53687817 -1.42160824 2.80518313
v 1.22301931 -2.53406885 2.47060824
v 0.35677920 -2.69145776 3.29107057
v 0.67048392 -1.58021756 3.62208374
v 1.63061367 -1.57620785 2.89486696
v 2.57967432 -1.08544881 3.24843568
v 3.16941765 -2.03054057 3.40838532
v 2.22080973 -2.52019663 3.05443941
v 1.63061367 -1.57620785 2.89486696
v 2.15412410 -1.83634823 3.85466736
v 3.16941765 -2.03054057 3.40838532
v 2.64636011 -1.76929714 2.44820789
v 1.68235302 -1.71846371 3.11490266
v 0.89987875 -2.34318858 3.22395570
v 1.29053464 -2.89776666 3.96674987
v 2.07164180 -2.27264231 3.85762085
v 1.75354763 -2.72203851 3.09170442
v 1.21797277 -1.89379253 3.98987182
v 1.74809811 -1.80097698 3.28635682
v 2.39279307 -1.52515240 3.89809143
v 2.57869562 -2.36392008 4.24961974
v 1.93426570 -2.63829370 3.63850373
v 1.72585491 -2.00066295 4.19379668
v 2.60120386 -2.16278315 3.34279847
v -1.98239024 -1.05039831 3.21795991
v -2.68607141 -0.33332000 2.55772021
v -3.49997459 -0.10174690 3.41351899
v -2.79604333 -0.81811995 4.07228210
v -3.16505669 -1.20894124 3.08152467
v -3.49997459 -0.10174690 3.41351899
v -2.31705851 0.05750140 3.54847718
v -2.14776545 -1.18133619 3.26918275
v -1.66234066 -2.09677806 3.75855286
v -2.50076563 -2.83947778 3.52483277
v -2.98551171 -1.92428462 3.03478029
v -2.14776545 -1.18133619 3.26918275
v -2.66110224 -1.83755306 4.05430358
v -2.50076563 -2.83947778 3.52483277
v -1.98675014 -2.18350978 2.73902956
v -2.45861765 -1.27593946 3.31949037
v -3.17979607 -0.66623221 2.84536928
v -3.95299948 -0.81283239 3.54854676
v -3.23146080 -1.42154797 4.02300598
v -2.45861765 -1.27593946 3.31949037
v -3.43260948 -1.59670330 3.06966463
v -2.97864770 -0.49107699 3.79871063
v -2.60099665 -1.35912900 3.37389253
v -2.58925287 -2.15589518 3.97481689
v -3.44009453 -2.56093927 3.65097351
v -3.45023613 -1.76465954 3.05278993
v -3.35477226 -1.62091152 3.97065094
v -2.68471643 -2.29964335 3.05695589
v -2.81755548 -1.38160229 3.64832001
v -3.62306266 -0.99739462 3.47112458
v -4.06424094 -1.33046964 4.19440215
v -3.25910912 -1.71344295 4.37062682
v -3.60057975 -1.84009136 3.59958588
v -3.28159203 -0.87074606 4.24216552
v -2.00574840 -1.09737531 3.20122499
v -3.19806145 -0.95309332 3.11728670
v -3.44495293 -2.04680064 2.68303652
v -2.25397731 -2.18855662 2.76606326
v -2.64190485 -1.29528470 2.19853443
v -2.81013360 -1.84636516 3.68481568
v -1.93781017 -1.29751157 3.09449831
v -1.13616071 -1.95592632 3.52826172
v -0.57551657 -2.13779094 2.56902346
v -1.37625607 -1.47821469 2.13575855
v -1.93781017 -1.29751157 3.09449831
v -1.67845608 -2.31725596 2.69891482
v -0.83396055 -1.11688505 2.96510530
v -1.91072628 -1.64968548 3.18978212
v -2.27945460 -2.28965754 2.50645343
v -2.56719995 -3.00531396 3.15471651
v -2.19931239 -2.36488078 3.83591034
v -1.91072628 -1.64968548 3.18978212
v -1.64014080 -2.61544214 3.11875276
v -2.83862604 -2.03909618 3.22361085
v -1.75027401 -1.81533169 3.30977082
v -1.11489995 -2.10705150 3.92137451
v -0.89594496 -2.89882013 3.48540192
v -1.53111844 -2.60666864 2.87549593
v -1.76257381 -2.65093378 3.71384430
v -0.89594496 -2.89882013 3.48540192
v -0.88344435 -2.06278621 3.08302644
v -2.63880121 -0.40180068 3.39941468
v -1.50069134 -0.05750790 3.21729677
v -1.65983227 1.10768026 3.46527650
v -2.79779016 0.76329779 3.64722290
v -2.63880121 -0.40180068 3.39941468
v -2.31498652 0.49269698 2.66529208
v -1.98349513 0.21309289 4.19922759
v -2.74573206 -0.28100320 3.39876954
v -3.63584983 -0.34009399 4.11748992
v -4.42528341 0.06321640 3.39458711
v -3.53528801 0.12169920 2.67491702
v -3.44090416 0.59743819 3.63249482
v -4.42528341 0.06321640 3.39458711
v -3.73023399 -0.81583319 3.15991212
v -2.84052423 -0.07157840 3.33434205
v -2.30546290 0.55337039 2.67046145
v -2.53388727 1.46793332 3.14463411
v -3.06784661 0.84275724 3.80845306
v -3.25803063 0.76261641 2.84025515
v -2.53388727 1.46793332 3.14463411
v -2.11527904 0.63351119 3.63865937
v -2.93012139 0.04764850 3.34833985
v -3.71078910 0.28277349 3.92083862
v -4.22349630 0.78102041 3.22766511
v -3.44355644 0.54443709 2.65410647
v -2.93012139 0.04764850 3.34833985
v -3.27569756 0.97318228 3.46666199
v -3.87864798 -0.14597180 3.10828310
v -3.01203149 0.28321220 3.46880769
v -2.92197778 1.02472761 2.94882082
v -3.16422875 1.63187588 3.58275818
v -3.25298455 0.89068289 4.10067107
v -3.66325767 0.90616697 3.35328736
v -3.16422875 1.63187588 3.58275818
v -2.51170450 1.00924337 3.69620453
v -2.70456354 -0.38847659 3.40149079
v -3.22438988 0.58794299 2.92946047
v -4.06585898 0.72830305 3.77689087
v -3.54500572 -0.24690149 4.24903014
v -2.70456354 -0.38847659 3.40149079
v -3.87979484 -0.29593059 3.17384431
v -4.06585898 0.72830305 3.77689087
v -2.88960077 0.63697199 4.00464630
v -2.82583459 -0.47050441 3.53003998
v -2.39364481 -1.50698452 3.61153138
v -3.19179680 -1.93442470 4.27907134
v -3.62318931 -0.89842848 4.19702209
v -2.61889154 -0.99356588 4.50490965
v -3.39794273 -1.41184735 3.30364350
v -2.99275384 -0.50496379 3.77638001
v -3.88436454 -0.03978850 3.73438263
v -4.03783438 0.01645970 4.72813780
v -3.14730157 -0.44805938 4.76859251
v -3.82322501 -0.83568655 4.23695250
v -3.20844079 0.34783878 4.26602263
v -3.05353600 -0.54479270 3.96339141
v -2.80947687 -1.25997724 4.50438841
v -3.57222923 -1.26437825 5.03476010
v -3.81590537 -0.55026309 4.49323027
v -3.05353600 -0.54479270 3.96339141
v -3.04207818 -0.51520240 4.89112516
v -3.58330436 -1.29503797 4.10649322
v -2.07565684 -1.19765874 3.19680757
v -3.11128167 -0.59157088 3.10575624
v -3.84231345 -1.52182064 3.31965242
v -2.80698663 -2.12635036 3.41051698
v -2.98479272 -1.51900616 2.47776324
v -3.84231345 -1.52182064 3.31965242
v -2.93347558 -1.19891507 4.03851013
v -2.08948665 -1.31902020 3.20433809
v -1.50493100 -1.92361003 3.98332397
v -1.11988996 -2.73142603 3.27057344
v -1.70347179 -2.12614665 2.49203509
v -2.22263987 -2.44236933 3.37671540
v -0.98576315 -1.60738735 3.09864381
v -2.12064601 -1.47740078 3.23294099
v -3.16207726 -1.47264569 3.05419252
v -3.35225701 -2.45706141 3.38625825
v -2.31132517 -2.46161631 3.56228333
v -2.62657862 -2.20572612 2.65943514
v -2.84682367 -1.72853603 3.95704101
v -2.12508555 -1.58087475 3.29252473
v -1.36322110 -1.98728008 3.79158539
v -1.58509548 -2.93784143 3.59627900
v -2.34651957 -2.53120005 3.09749178
v -2.12508555 -1.58087475 3.29252473
v -2.22574046 -2.28527644 3.99034088
v -1.48400036 -2.23320353 2.89873629
v -2.13052775 -1.75047726 3.39189423
v -2.66598596 -2.40219340 3.05113924
v -2.75142145 -2.88616693 3.81586304
v -2.21637645 -2.23393000 4.15740783
v -2.13052775 -1.75047726 3.39189423
v -1.95355068 -2.63979852 3.45502686
v -2.92881189 -1.99632472 3.75352051
v -1.94515575 1.09114065 2.68088076
v -1.14234945 1.96324611 2.47162570
v -1.92074672 2.78117181 2.06084339
v -2.72278711 1.90931285 2.27080066
v -1.94515575 1.09114065 2.68088076
v -1.82901424 1.66329464 1.62958547
v -2.03612224 2.20926432 3.11284059
v -2.12280986 1.14681699 2.49101108
v -3.17080224 0.80967642 2.72110812
v -3.44534508 0.49591109 1.67537740
v -2.39720530 0.83188429 1.44597112
v -3.03475610 1.50904965 1.94340092
v -2.53325174 0.13251110 2.22367847
v -2.27898280 1.47007474 2.45232806
v -1.83341015 2.05577220 1.76329091
v -2.37148417 2.88622644 1.94649159
v -2.81485376 2.29983973 2.63319705
v -2.77394342 1.98641414 1.74445668
v -1.87432018 2.36919779 2.65203128
v -2.26770732 1.70231197 2.49152453
v -3.17764184 1.82818203 2.63508395
v -3.25927361 2.61486078 2.14696369
v -2.35054713 2.48833429 2.00513905
v -2.26770732 1.70231197 2.49152453
v -2.63852899 2.48460764 2.82697298
v -3.25927361 2.61486078 2.14696369
v -2.88965997 1.83190868 1.81325001
v -1.98833888 1.10048391 2.67730960
v -2.26005992 2.07991466 2.03567707
v -2.57336939 2.77902002 2.96279665
v -2.30017268 1.80009716 3.60447144
v -3.03326135 1.68724407 2.75573306
v -2.57336939 2.77902002 2.96279665
v -1.52697125 2.19276790 2.88441561
v -2.15882548 1.08290510 2.73513522
v -2.24580165 0.05702100 3.23629823
v -3.37487694 -0.07143900 3.09305513
v -3.28729393 0.95372190 2.59162448
v -2.88905847 0.84358511 3.58231629
v -3.37487694 -0.07143900 3.09305513
v -2.64403681 0.16715789 2.24560657
v -2.39439570 1.05477201 2.78944399
v -2.87835901 1.89532299 2.37133777
v -3.62800651 1.99045772 3.11007845
v -3.14409966 1.15039991 3.52653016
v -2.39439570 1.05477201 2.78944399
v -3.42759392 1.09843969 2.57946597
v -2.59486505 1.94728313 3.31840211
v -2.51641459 0.95746694 2.85029940
v -2.69587030 0.31325820 3.59068848
v -3.56189415 -0.03280440 3.23958802
v -3.38125237 0.61111228 2.50164081
v -3.36090996 0.93350355 3.37793702
v -2.71621271 -0.00913310 2.71439181
v -2.65285242 0.87238737 3.10242525
v -3.45327751 1.29177060 2.99012606
v -3.83177665 1.01356229 3.76969605
v -3.03257928 0.59468550 3.87971985
v -3.45933189 0.45511058 3.15477327
v -3.02652490 1.43134564 3.71507233
v -1.41376004 1.64972241 2.92751101
v -0.31565309 1.86990581 2.48950961
v -0.21640260 2.99400750 2.90561403
v -1.31327954 2.77274072 3.34429231
v -1.13987905 2.59860590 2.24423740
v -0.48905349 2.04404048 3.58956482
v -1.48791745 1.81720363 2.95489992
v -2.22714824 2.07500819 3.76517578
v -2.94503381 2.64749018 3.11447969
v -2.20664225 2.38770472 2.30684787
v -1.84222805 2.86079217 3.17624483
v -2.94503381 2.64749018 3.11447969
v -2.59156214 1.60192059 2.89577913
v -1.45045834 2.04759700 3.08914430
v -0.71102331 2.64240747 2.75271426
v -0.68536055 3.26249047 3.54584412
v -1.42364163 2.66775964 3.88013122
v -1.45045834 2.04759700 3.08914430
v -1.51845776 3.04870110 3.02242372
v -0.68536055 3.26249047 3.54584412
v -0.61620707 2.26146617 3.61042176
v -1.47425213 2.21391825 3.17286592
v -2.31998423 2.54941797 3.36380311
v -2.04300883 3.37798302 3.67897156
v -1.19799390 3.04128442 3.48998475
v -1.72244396 2.56571558 3.99707916
v -2.04300883 3.37798302 3.67897156
v -1.79553402 3.02498712 2.85670870
v -1.44545025 1.68068539 2.95882906
v -0.93326795 2.71527856 2.62153018
v -0.77983221 3.16744774 3.72546875
v -1.29254361 2.13370921 4.06157226
v -1.44545025 1.68068539 2.95882906
v -1.83190502 2.76592340 3.30005647
v -0.39390670 2.08306438 3.38304627
v -1.51866330 1.70692211 3.04976442
v -1.86456112 0.73220465 3.54179505
v -2.88354608 1.11127515 3.89929382
v -2.53806437 2.08589580 3.40652772
v -1.51866330 1.70692211 3.04976442
v -1.88908153 1.62990688 4.12977538
v -2.51354380 1.18819356 2.81854738
v -1.63298229 1.79984569 3.14808015
v -1.67678097 2.83357507 2.93365969
v -1.79928264 3.16397118 3.93013641
v -1.75596813 2.13148204 4.14229278
v -1.63298229 1.79984569 3.14808015
v -2.41129801 2.43799570 3.46657685
v -1.79928264 3.16397118 3.93013641
v -1.02145101 2.52706156 3.60937531
v -1.70030407 1.81958065 3.24276124
v -2.08452708 1.14209058 3.86496734
v -2.88049035 1.67244793 4.14316528
v -2.49670786 2.34861872 3.52016663
v -1.70030407 1.81958065 3.24276124
v -1.94345333 2.00615215 4.19014525
v -2.63778131 1.48455700 3.19498842
v -1.76880306 1.86213436 3.43328767
v -1.61286053 2.70701074 3.73502442
v -2.18232066 2.67654810 4.44362425
v -2.33746348 1.83282726 4.14128295
v -1.76880306 1.86213436 3.43328767
v -2.42111796 2.47751017 3.58943879
v -1.52920590 2.06232799 4.28686889
v 1.74938351 0.93244230 3.41751405
v 2.63571710 0.59433379 2.67758700
v 3.50121940 0.52810939 3.51145386
v 2.61479914 0.86513235 4.24833617
v 1.74938351 0.93244230 3.41751405
v 2.80758844 1.49475003 3.33349977
v 3.50121940 0.52810939 3.51145386
v 2.44292826 -0.03528390 3.59242310
v 1.85835384 1.09096410 3.49194215
v 1.16026601 1.79166347 4.03034637
v 1.77279735 2.72442560 3.89508362
v 2.47043589 2.02382167 3.35619630
v 1.85835384 1.09096410 3.49194215
v 2.16995479 1.76825603 4.33438750
v 1.77279735 2.72442560 3.89508362
v 1.46074704 2.04722911 3.05215517
v 2.07235683 1.27710561 3.66534577
v 3.01141473 1.43053601 3.33506806
v 3.45210167 1.46755841 4.23975676
v 2.51406397 1.31457623 4.56743651
v 2.66229028 2.03159572 3.97272644
v 3.45210167 1.46755841 4.23975676
v 2.86318811 0.71351660 3.92977844
v 2.19308024 1.37971417 3.84434173
v 1.85058300 2.03916682 4.40374754
v 2.65461756 2.47542734 4.56619230
v 2.99537347 1.81552562 4.00858184
v 2.52075480 1.56510739 4.69442900
v 2.65461756 2.47542734 4.56619230
v 2.32520167 2.28958506 3.71790039
v 1.75029980 0.98197004 3.42017701
v 2.59998316 1.43262341 2.69916934
v 2.85437738 2.40293070 3.36426148
v 2.00624629 1.95105129 4.08471343
v 1.75029980 0.98197004 3.42017701
v 1.74757351 2.10655803 2.99870302
v 2.85865625 1.27711675 3.78517944
v 1.65975536 1.11164899 3.39921632
v 0.75227171 1.30057980 4.07476287
v 0.03847670 1.64912823 3.25102906
v 0.94524000 1.45854352 2.57736697
v 1.65975536 1.11164899 3.39921632
v 1.07697774 2.09579661 3.43103333
v 0.62053389 0.66332709 3.22109681
v 1.63194897 1.32401349 3.40120057
v 2.56105371 1.77898235 3.18280824
v 2.25395900 2.77652551 3.34273957
v 1.32611722 2.32091502 3.55862641
v 1.76107250 2.10133098 2.69688601
v 2.12609874 1.99856639 4.04454894
v 1.55778073 1.44848508 3.46445496
v 0.61627829 1.45683499 3.79172272
v 0.42208320 2.40958109 3.57259736
v 1.36324689 2.40056101 3.24774690
v 1.20024556 2.10781901 4.11951415
v 0.77927969 1.74957714 2.91995546
v 1.45307843 1.64314099 3.59194397
v 1.51651272 2.44035746 3.15579530
v 1.42113888 2.97248864 3.88666870
v 1.35773511 2.17555568 4.32154052
v 0.83958090 2.31119303 3.65801575
v 2.03466701 2.30471995 3.81931976
v 1.81911571 0.43032279 3.58768433
v 2.00015315 -0.73001341 3.32315980
v 1.45905865 -1.18621236 4.29367369
v 1.27806310 -0.02609830 4.55770964
v 2.33149455 -0.35941070 4.33478148
v 0.94672178 -0.39670108 3.54608826
v 1.93571712 0.38600738 3.73268891
v 2.21431407 1.26415608 4.37791716
v 3.26712365 0.93786016 4.60495878
v 2.98885674 0.06023540 3.95889648
v 1.93571712 0.38600738 3.73268891
v 2.35735621 0.29560710 4.77023313
v 2.84581445 1.02878431 3.56658021
v 2.11209621 0.30581949 3.90117676
v 1.89229717 -0.66728056 4.04082488
v 2.55221750 -0.83489637 4.78150083
v 2.77310754 0.13640919 4.63898252
v 2.79388147 -0.43523440 3.88894195
v 1.87152309 -0.09563700 4.79086515
v 2.18402491 0.23908639 4.05708770
v 2.48357889 0.77166601 4.75907346
v 3.17343194 0.21433820 5.03439603
v 2.87339288 -0.31607690 4.33295470
v 2.18402491 0.23908639 4.05708770
v 2.29274836 -0.06071520 4.92961271
v 3.06422326 0.51630439 4.16241546
v 1.86030925 0.44435409 3.60298432
v 2.77922510 -0.07544640 3.02642305
v 3.52133690 -0.14532970 3.96973236
v 2.60168421 0.37221099 4.54599730
v 1.86030925 0.44435409 3.60298432
v 2.98429986 0.86767401 3.60864289
v 3.52133690 -0.14532970 3.96973236
v 2.39660944 -0.57090937 3.96377777
v 1.91711391 0.54169539 3.65860504
v 1.08088247 1.32338559 3.72127503
v 1.71871090 2.17250239 4.14900390
v 2.55248835 1.39008404 4.08775787
v 1.65174511 1.12655401 4.60872313
v 1.71871090 2.17250239 4.14900390
v 1.98162563 1.58691571 3.20030977
v 2.00243846 0.60440898 3.81476044
v 3.03973412 0.51148368 3.63941590
v 3.34010643 0.50392379 4.65181425
v 2.30292613 0.59580538 4.82685087
v 2.73077234 1.25100125 4.22049712
v 3.34010643 0.50392379 4.65181425
v 2.61188745 -0.14371230 4.24576964
v 2.02218562 0.66116019 3.91087585
v 1.56739865 0.92387464 4.75676237
v 2.02681911 1.80154278 4.87249937
v 2.48067011 1.53854092 4.02696014
v 2.50111216 0.93514715 4.73952146
v 1.54695660 1.52726834 4.04420135
v 2.07918132 0.72506056 4.07883636
v 2.95251397 0.57729678 4.28988768
v 2.94005273 0.98689489 5.10127927
v 2.06728236 1.13486181 4.88970243
v 2.07918132 0.72506056 4.07883636
v 2.66210413 1.37808575 4.32918944
v 2.35769236 0.33407260 4.85040067
v 1.77356853 1.08077856 3.46116639
v 2.86378228 0.95121298 2.97048647
v 3.42784569 1.76489941 3.65246796
v 2.33784983 1.89385509 4.14345031
v 2.42697001 1.98893154 3.02383852
v 2.77466211 0.85613661 4.09009826
v 1.78073986 1.19476011 3.50869355
v 1.20421155 1.55727047 4.40458464
v 0.80251196 2.49754557 3.93748169
v 1.37834973 2.13490062 3.04042207
v 1.78073986 1.19476011 3.50869355
v 1.89271740 2.21938578 3.95734558
v 0.68984396 1.47278531 3.48766144
v 1.85905407 1.31995191 3.64242829
v 2.86265771 1.24268170 3.68282501
v 3.01259759 1.97312328 4.35839965
v 2.01045390 2.05129756 4.31482634
v 2.49188318 2.09153392 3.50465638
v 3.01259759 1.97312328 4.35839965
v 2.38122843 1.20244504 4.49299498
v 1.88537654 1.41826459 3.73324799
v 1.44129010 1.70333492 4.49989500
v 1.78623287 2.56520655 4.51386656
v 2.22867518 2.27930552 3.74823029
v 2.30651713 1.79713848 4.46921202
v 1.78623287 2.56520655 4.51386656
v 1.36344815 2.18550166 3.77891357
v 0.06582640 -0.33873920 0.00059480
v 0.17948640 -0.27222179 0.12526929
v 0.05624720 -0.29341369 0.12426620
v -0.00143410 -0.32486308 0.00058270
v 0.13880880 -0.33934299 0.00059520
v 0.20593469 -0.31116779 0.00057020
v 0.26782709 -0.18099960 0.12617360
v 0.25533800 -0.25760219 0.00052280
v 0.28043750 -0.18917820 0.00046240
v 0.28214269 -0.05734810 0.12658539
v 0.28532199 -0.11966250 0.00040100
v 0.28700759 -0.05840760 0.00034690
v 0.27263309 0.05341320 0.12678179
v 0.29404659 -0.00129800 0.00029640
v 0.30629339 0.05952120 0.00024270
v 0.24851900 0.16536729 0.12686840
v 0.30085849 0.12306650 0.00018660
v 0.27739240 0.18358160 0.00013320
v 0.16917390 0.25250589 0.12646810
v 0.23637430 0.23429649 0.00008850
v 0.18201650 0.26982080 0.00005720
v 0.05684050 0.28453430 0.12567879
v 0.12045049 0.28720050 0.00004190
v 0.05737630 0.28193960 0.00004670
v -0.05679440 0.28710210 0.12480770
v 0.00138910 0.31468370 0.00001790
v -0.06512080 0.33510860 0.00000000
v -0.17848909 0.26824340 0.12382220
v -0.13587360 0.33216739 0.00000270
v -0.19935430 0.30122459 0.00003010
v -0.26136379 0.17570289 0.12295680
v -0.24468610 0.24685590 0.00007820
v -0.26742530 0.18040039 0.00013700
v -0.27353938 0.05552410 0.12257010
v -0.27046979 0.11343360 0.00019610
v -0.28238939 0.05746780 0.00024560
v -0.28786229 -0.05572560 0.12218839
v -0.31468379 0.00138910 0.00029510
v -0.34771690 -0.06757090 0.00035610
v -0.26883670 -0.17731460 0.12203909
v -0.33189018 -0.13576020 0.00041630
v -0.27015529 -0.17879190 0.00045420
v -0.15805339 -0.23298999 0.12275879
v -0.21148090 -0.20962179 0.00048130
v -0.15851880 -0.23498779 0.00050360
v -0.05480600 -0.26519180 0.12347749
v -0.10908350 -0.26009750 0.00052570
v -0.05865050 -0.28820150 0.00055040
v 0.05624720 -0.29341369 0.12426620
v -0.00143410 -0.32486308 0.00058270
v 0.09914469 -0.25335620 0.25805500
v 0.20078239 -0.20806810 0.26043759
v 0.26295480 -0.11363550 0.26278509
v 0.26253000 -0.00306610 0.26425240
v 0.23691190 0.09622410 0.26512839
v 0.19113430 0.19018379 0.26558060
v 0.10455260 0.25309869 0.26490469
v -0.00090470 0.26562179 0.26322640
v -0.10357529 0.24749910 0.26118809
v -0.20450559 0.20392030 0.25884060
v -0.26296430 0.10932210 0.25655590
v -0.26158960 0.00127660 0.25513890
v -0.25137559 -0.10133910 0.25394890
v -0.20768270 -0.20219430 0.25336829
v -0.10467530 -0.24072080 0.25465689
v -0.00509240 -0.25450359 0.25621569
v 0.09914469 -0.25335620 0.25805500
v 0.12883879 -0.21316780 0.41599850
v 0.20900089 -0.15233490 0.41945431
v 0.24814189 -0.05800910 0.42243000
v 0.23345939 0.04093310 0.42399177
v 0.19404790 0.12716190 0.42460808
v 0.13388400 0.20206409 0.42441799
v 0.04481720 0.24279560 0.42273788
v -0.05233310 0.23765380 0.41991699
v -0.14182840 0.20292940 0.41672058
v -0.22173519 0.14335580 0.41329708
v -0.25832260 0.04940930 0.41040028
v -0.24332759 -0.04768590 0.40888409
v -0.21397569 -0.13822429 0.40790039
v -0.15431750 -0.21810480 0.40797710
v -0.05729070 -0.24002859 0.41025490
v 0.03602220 -0.23652439 0.41293568
v 0.12883879 -0.21316780 0.41599850
v 0.14921710 -0.16989099 0.59593868
v 0.20811550 -0.09998930 0.59682960
v 0.22688610 -0.00935300 0.59743129
v 0.19993219 0.07743380 0.59757568
v 0.14993570 0.14917539 0.59742858
v 0.08121320 0.20455890 0.59702568
v -0.00604150 0.22507310 0.59628250
v -0.09287679 0.20481290 0.59535388
v -0.16747690 0.15754200 0.59441730
v -0.22636789 0.08853110 0.59353057
v -0.24345079 -0.00150860 0.59294788
v -0.21652830 -0.08699700 0.59280929
v -0.17280830 -0.16300449 0.59287609
v -0.10377209 -0.22184289 0.59326610
v -0.01358560 -0.22850330 0.59410179
v 0.07085470 -0.20986610 0.59499988
v 0.14921710 -0.16989099 0.59593868
v 0.16717100 -0.12316930 0.78604827
v 0.20659759 -0.04865240 0.78056075
v 0.20768560 0.03657990 0.77574904
v 0.16982669 0.11156870 0.77280746
v 0.11162030 0.16886240 0.77153472
v 0.03827350 0.20606609 0.77189147
v -0.04490240 0.20900049 0.77449546
v -0.12085920 0.17603210 0.77887092
v -0.18050050 0.11952100 0.78402228
v -0.22004499 0.04563360 0.78947837
v -0.22002410 -0.03894700 0.79421668
v -0.18236690 -0.11302430 0.79711387
v -0.12800130 -0.17418590 0.79873130
v -0.05395550 -0.21378379 0.79848540
v 0.02937490 -0.20654430 0.79530616
v 0.10386540 -0.17504840 0.79106216
v 0.16717100 -0.12316930 0.78604827
v 0.21512210 -0.07140540 0.93902709
v 0.23669399 0.00107180 0.91840636
v 0.22582849 0.07903040 0.91105895
v 0.18475160 0.14495340 0.91872969
v 0.12758810 0.19254589 0.93624411
v 0.05999850 0.21874229 0.96161246
v -0.01059710 0.21313009 0.99321776
v -0.07048880 0.17605419 1.02503745
v -0.11294249 0.11813989 1.05249335
v -0.13465830 0.04609670 1.07310950
v -0.12314609 -0.03132110 1.08009161
v -0.08229740 -0.09661780 1.07242331
v -0.02720110 -0.14721619 1.05627470
v 0.04109760 -0.17504490 1.03085028
v 0.11069979 -0.16226459 0.99856696
v 0.16980190 -0.12633340 0.96726851
v 0.21512210 -0.07140540 0.93902709
v 0.30012180 0.00920620 1.16400824
v 0.30616210 0.08035740 1.14864584
v 0.28192520 0.14959639 1.14344519
v 0.23229850 0.20249969 1.14954168
v 0.16995119 0.23489219 1.16362074
v 0.10161350 0.24430049 1.18397017
v 0.03653090 0.22431869 1.20880369
v -0.01319610 0.17809970 1.23361021
v -0.04239900 0.11580600 1.25480169
v -0.04860290 0.04493730 1.27016378
v -0.02397830 -0.02381880 1.27514799
v 0.02539750 -0.07631780 1.26905661
v 0.08668410 -0.11115220 1.25578085
v 0.15575740 -0.12159640 1.23538855
v 0.21912820 -0.09672990 1.21018889
v 0.26844949 -0.05144120 1.18568884
v 0.30012180 0.00920620 1.16400824
v 0.36968089 0.09645900 1.42309316
v 0.36178458 0.16355240 1.41160986
v 0.32707401 0.22300479 1.40892599
v 0.27220779 0.26319888 1.41559988
v 0.20860319 0.28150930 1.42907766
v 0.14366490 0.27647800 1.44765371
v 0.08714610 0.24518659 1.46928380
v 0.04917760 0.19280050 1.49018087
v 0.03342240 0.12914920 1.50735936
v 0.04116490 0.06223130 1.51884878
v 0.07608190 0.00317710 1.52139592
v 0.13071640 -0.03676830 1.51473424
v 0.19390960 -0.05696010 1.50174947
v 0.25950710 -0.05255220 1.48312169
v 0.31415300 -0.01806230 1.46134878
v 0.35196368 0.03360690 1.44063985
v 0.36968089 0.09645900 1.42309316
v 0.42423450 0.17619140 1.68085713
v 0.36104839 0.28576900 1.68212666
v 0.24175830 0.31654510 1.70889989
v 0.13751670 0.25607200 1.74438954
v 0.10993870 0.13554880 1.76824757
v 0.17308189 0.02636630 1.76693455
v 0.29217019 -0.00560940 1.74037984
v 0.39526649 0.05641660 1.70497319
v 0.42423450 0.17619140 1.68085713
v 0.48473319 0.22620119 1.97607548
v 0.40640628 0.32048167 1.99220875
v 0.28631700 0.32785640 2.01921391
v 0.19508810 0.24835130 2.04113743
v 0.18707120 0.12547410 2.04498188
v 0.26531930 0.03148160 2.02886173
v 0.38540248 0.02318330 2.00187321
v 0.47560038 0.10367510 1.98016621
v 0.48473319 0.22620119 1.97607548
v 0.53925250 0.24523599 2.24900730
v 0.44880320 0.32093719 2.27831073
v 0.33190337 0.30563619 2.30683765
v 0.25672029 0.21143379 2.31821582
v 0.26830280 0.09145510 2.30535327
v 0.35866229 0.01594810 2.27608875
v 0.47566569 0.03058970 2.24748096
v 0.54999858 0.12535050 2.23636554
v 0.53925250 0.24523599 2.24900730
v 0.58596610 0.24345529 2.50628024
v 0.48560168 0.29806430 2.53797687
v 0.37584701 0.26141769 2.56311343
v 0.32038657 0.15706959 2.56733157
v 0.35265720 0.04488680 2.54778720
v 0.45293559 -0.00960270 2.51612491
v 0.56284430 0.02661050 2.49090472
v 0.61765250 0.13122160 2.48688342
v 0.58596610 0.24345529 2.50628024
v 0.61580950 0.23923149 2.75328036
v 0.50823569 0.27229869 2.77395357
v 0.40864078 0.21771039 2.78699496
v 0.37472179 0.10866510 2.78496157
v 0.42710639 0.00837340 2.76886813
v 0.53461077 -0.02463000 2.74821139
v 0.63435709 0.02970800 2.73512637
v 0.66782912 0.13883790 2.73724184
v 0.61580950 0.23923149 2.75328036
v 0.61515349 0.24014720 2.97817903
v 0.50681750 0.25153049 2.98627565
v 0.42247680 0.18240289 2.99139498
v 0.41101081 0.07390090 2.99058596
v 0.47966437 -0.01072100 2.98427950
v 0.58795169 -0.02207480 2.97618685
v 0.67241171 0.04692330 2.97105715
v 0.68360281 0.15542420 2.97188600
v 0.61515349 0.24014720 2.97817903
v 0.58169650 0.24611049 3.17966218
v 0.48027949 0.23684570 3.17133485
v 0.41493289 0.15833880 3.17053743
v 0.42361499 0.05684350 3.17769227
v 0.50152968 -0.00828420 3.18863954
v 0.60291987 0.00099030 3.19696382
v 0.66833762 0.07944500 3.19777070
v 0.65951987 0.18091289 3.19060579
v 0.58169650 0.24611049 3.17966218
v 0.53380828 0.25088109 3.36223847
v 0.44511569 0.22451679 3.35087312
v 0.40047008 0.14271459 3.34898133
v 0.42588790 0.05346720 3.35764741
v 0.50659278 0.00903950 3.37181214
v 0.59527480 0.03540540 3.38317597
v 0.63995028 0.11719370 3.38507264
v 0.61448477 0.20642110 3.37640077
v 0.53380828 0.25088109 3.36223847
v 0.48958037 0.24075210 3.53893433
v 0.41917060 0.20410789 3.53265748
v 0.39512820 0.12821450 3.53143494
v 0.43150538 0.05753910 3.53598023
v 0.50701697 0.03348400 3.54363251
v 0.57742449 0.07012820 3.54990937
v 0.60147368 0.14601989 3.55113251
v 0.56508750 0.21668909 3.54658661
v 0.48958037 0.24075210 3.53893433
v 0.47417289 0.20743089 3.70985230
v 0.43078948 0.17101040 3.71215637
v 0.42579799 0.11454030 3.71186188
v 0.46212180 0.07110010 3.70914154
v 0.51848319 0.06613650 3.70558899
v 0.56186660 0.10255700 3.70328491
v 0.56685820 0.15902710 3.70357941
v 0.53053439 0.20246719 3.70629975
v 0.47417289 0.20743089 3.70985230
v 0.49610888 0.13674659 3.72623688
v 0.49610888 0.13674659 3.72623688
v 0.49610888 0.13674659 3.72623688
v 0.49610888 0.13674659 3.72623688
v 0.49610888 0.13674659 3.72623688
v 0.49610888 0.13674659 3.72623688
v 0.49610888 0.13674659 3.72623688
v 0.49610888 0.13674659 3.72623688
v 0.08546039 -0.06382700 1.11297316
v 0.10616040 0.01158050 1.11833296
v 0.09510150 0.08917780 1.10804060
v 0.05455790 0.15150710 1.08430708
v -0.00161940 0.19366849 1.05420744
v -0.06787670 0.21315029 1.02061301
v -0.13689860 0.20020380 0.98771170
v -0.19527669 0.15659090 0.96194251
v -0.23648250 0.09373480 0.94577445
v -0.25732570 0.01875070 0.94031798
v -0.24563720 -0.05823390 0.95087935
v -0.20532030 -0.11995430 0.97446364
v -0.15114839 -0.16536399 1.00378851
v -0.08418840 -0.18642089 1.03782538
v -0.01617790 -0.16633890 1.06978300
v 0.04143410 -0.12396320 1.09525610
v 0.08546039 -0.06382700 1.11297316
v -0.03864700 -0.00440240 1.35318426
v -0.03192110 0.06827190 1.35032339
v -0.05339480 0.13645130 1.33303289
v -0.09874480 0.18591960 1.30483709
v -0.15624879 0.21351129 1.27217741
v -0.21968360 0.21728580 1.23849585
v -0.28054660 0.19152639 1.20876608
v -0.32753070 0.14045220 1.18856100
v -0.35566928 0.07480650 1.17954596
v -0.36254291 0.00240490 1.18230520
v -0.34070110 -0.06525210 1.19974310
v -0.29557819 -0.11433140 1.22778524
v -0.23909900 -0.14448929 1.26013235
v -0.17499590 -0.14925239 1.29425192
v -0.11564970 -0.11868320 1.32276113
v -0.06905740 -0.06858680 1.34284628
v -0.03864700 -0.00440240 1.35318426
v -0.18699279 0.05806480 1.63246511
v -0.19266840 0.12567340 1.62284215
v -0.22346090 0.18360340 1.60180516
v -0.27346879 0.22052579 1.57340886
v -0.33214309 0.23458860 1.54304387
v -0.39263648 0.22483909 1.51418477
v -0.44595469 0.18900829 1.49149740
v -0.48255149 0.13306810 1.47908849
v -0.49877761 0.06726790 1.47772405
v -0.49324057 -0.00017340 1.48726171
v -0.46224620 -0.05768400 1.50835592
v -0.41244769 -0.09437030 1.53662526
v -0.35420238 -0.11037420 1.56697438
v -0.29311170 -0.10121090 1.59618734
v -0.24145530 -0.06226390 1.61774053
v -0.20502300 -0.00706350 1.63014287
v -0.18699279 0.05806480 1.63246511
v -0.32219009 0.11336290 1.90735539
v -0.38444320 0.21977029 1.87901158
v -0.50005629 0.24311969 1.83448613
v -0.60013449 0.17544160 1.80003560
v -0.62547419 0.05215650 1.79625477
v -0.56326697 -0.05385520 1.82456303
v -0.44783580 -0.07842710 1.86907704
v -0.34888129 -0.00925710 1.90303593
v -0.32219009 0.11336290 1.90735539
v -0.43856120 0.14107020 2.23017017
v -0.52198569 0.23019039 2.21062229
v -0.64086356 0.22996059 2.17786442
v -0.72557181 0.14486890 2.15124958
v -0.72538939 0.02175990 2.14655567
v -0.64206145 -0.06707800 2.16608768
v -0.52312888 -0.06777000 2.19882526
v -0.43950210 0.01824110 2.22517765
v -0.43856120 0.14107020 2.23017017
v -0.51735907 0.14853289 2.54168673
v -0.61684138 0.21755889 2.53123996
v -0.73378722 0.19417350 2.50909762
v -0.80032911 0.09517640 2.48841418
v -0.77625471 -0.02341840 2.48132937
v -0.67688345 -0.09225730 2.49177493
v -0.55976500 -0.06952090 2.51388553
v -0.49414248 0.02997250 2.53445895
v -0.51735907 0.14853289 2.54168673
v -0.58372458 0.14174840 2.84191622
v -0.69194006 0.18891269 2.83074679
v -0.80007208 0.14441049 2.81209322
v -0.84562010 0.03634700 2.79693178
v -0.80080099 -0.07316170 2.79420016
v -0.69268591 -0.12021310 2.80536501
v -0.58435088 -0.07613170 2.82401247
v -0.53949637 0.03214650 2.83909518
v -0.58372458 0.14174840 2.84191622
v -0.65897429 0.13890420 3.12530977
v -0.76811079 0.16401479 3.10182283
v -0.86139616 0.10221090 3.07843050
v -0.88493208 -0.00913170 3.06871492
v -0.82412268 -0.10539980 3.07852449
v -0.71506049 -0.13045180 3.10199739
v -0.62160300 -0.06888670 3.12541872
v -0.59851557 0.04250750 3.13503572
v -0.65897429 0.13890420 3.12530977
v -0.75734900 0.14593919 3.37268769
v -0.86091818 0.14912349 3.33811708
v -0.93663671 0.07386580 3.31528779
v -0.94068975 -0.03514800 3.31737428
v -0.87018240 -0.11432310 3.34333558
v -0.76666136 -0.11748160 3.37788911
v -0.69082137 -0.04234400 3.40076264
v -0.68702925 0.06664800 3.39859010
v -0.75734900 0.14593919 3.37268769
v -0.88057180 0.16435609 3.57832856
v -0.97044225 0.14673680 3.53301362
v -1.02690420 0.06356540 3.51488343
v -1.01717329 -0.03620140 3.53437073
v -0.94669050 -0.09419520 3.58020813
v -0.85684416 -0.07656840 3.62550934
v -0.80031790 0.00655730 3.64368012
v -0.81016867 0.10628569 3.62413483
v -0.88057180 0.16435609 3.57832856
v -1.01295766 0.18468010 3.75638855
v -1.08902639 0.15076950 3.71450501
v -1.12653188 0.06600070 3.70470764
v -1.10362211 -0.01990900 3.73265289
v -1.03361974 -0.05663960 3.78203186
v -0.95756017 -0.02272840 3.82390991
v -0.92002889 0.06202940 3.83372497
v -0.94297949 0.14791509 3.80575806
v -1.01295766 0.18468010 3.75638855
v -1.14064290 0.19373750 3.92837616
v -1.20145658 0.15145179 3.89916382
v -1.22105611 0.07428730 3.89825073
v -1.18798810 0.00745300 3.92615448
v -1.12160215 -0.00989700 3.96654174
v -1.06079046 0.03238840 3.99575286
v -1.04118497 0.10955180 3.99666961
v -1.07426084 0.17637939 3.96876220
v -1.14064290 0.19373750 3.92837616
v -1.24039945 0.17652731 4.11669860
v -1.27894811 0.13704759 4.10368926
v -1.28036160 0.08039240 4.10512634
v -1.24381330 0.03974960 4.12016723
v -1.19071164 0.03892740 4.14000182
v -1.15216314 0.07840710 4.15301116
v -1.15074918 0.13506230 4.15157409
v -1.18729787 0.17570489 4.13653320
v -1.24039945 0.17652731 4.11669860
v -1.22336324 0.10918910 4.14507751
v -1.22336324 0.10918910 4.14507751
v -1.22336324 0.10918910 4.14507751
v -1.22336324 0.10918910 4.14507751
v -1.22336324 0.10918910 4.14507751
v -1.22336324 0.10918910 4.14507751
v -1.22336324 0.10918910 4.14507751
v -1.22336324 0.10918910 4.14507751
v -0.95153974 0.08977959 3.88402801
v -0.94424894 0.08803850 3.86398895
v -1.00851064 0.15932259 3.89126678
v -1.00124830 0.15790320 3.87077057
v -1.08408628 0.17611190 3.83942871
v -1.09250127 0.17583530 3.86370972
v -1.15431081 0.12964500 3.81749908
v -1.14423749 0.13199810 3.78832306
v -1.14646619 0.05140320 3.74739044
v -1.15773214 0.04780920 3.77970490
v -1.10076154 -0.02173400 3.77246704
v -1.08946691 -0.01846150 3.74060883
v -1.00662885 -0.03667020 3.77195068
v -1.01677137 -0.03824690 3.80002472
v -0.95496168 0.00794360 3.84623443
v -0.94647772 0.00744360 3.82305633
v -0.94424894 0.08803850 3.86398895
v -0.95153974 0.08977959 3.88402801
v -0.98973676 0.06872990 3.97363891
v -1.04672796 0.13778470 3.98167572
v -1.13289281 0.15160980 3.96081726
v -1.19775655 0.10210670 3.92328186
v -1.20332334 0.01827350 3.89105804
v -1.14633260 -0.05078150 3.88302246
v -1.06016820 -0.06460680 3.90388122
v -0.99530401 -0.01510350 3.94141571
v -0.98973676 0.06872990 3.97363891
v -1.06556005 -0.04886240 4.17440185
v -1.11892484 0.02259640 4.17649413
v -1.19946988 0.04216420 4.14350738
v -1.26001317 -0.00162160 4.09476470
v -1.26508916 -0.08311200 4.05881866
v -1.21172437 -0.15457080 4.05672637
v -1.13117940 -0.17413860 4.08971313
v -1.07063604 -0.13035280 4.13845580
v -1.06556005 -0.04886240 4.17440185
v -1.24643239 -0.23492759 4.28827361
v -1.29667966 -0.16270870 4.29268340
v -1.35193723 -0.12181410 4.23760100
v -1.37983548 -0.13619930 4.15529327
v -1.36403226 -0.19743759 4.09397491
v -1.31378476 -0.26965639 4.08956512
v -1.25852750 -0.31055099 4.14464751
v -1.23062909 -0.29616590 4.22695525
v -1.24643239 -0.23492759 4.28827361
v -1.50312985 -0.36745158 4.38503722
v -1.55780239 -0.30022079 4.38718108
v -1.60032833 -0.25387559 4.32753752
v -1.60579647 -0.25556459 4.24104522
v -1.57100384 -0.30429818 4.17837035
v -1.51633130 -0.37152888 4.17622649
v -1.47380551 -0.41787410 4.23587005
v -1.46833722 -0.41618518 4.32236235
v -1.50312985 -0.36745158 4.38503722
v -1.73494869 -0.49824958 4.50307707
v -1.78726940 -0.43207950 4.50656035
v -1.84259960 -0.39685859 4.45339873
v -1.86852764 -0.41321891 4.37473387
v -1.84986507 -0.47157679 4.31664641
v -1.79754436 -0.53774680 4.31316314
v -1.74221401 -0.57296759 4.36632476
v -1.71628612 -0.55660739 4.44498961
v -1.73494869 -0.49824958 4.50307707
v -1.99013713 -0.80154356 4.59715452
v -2.08976009 -0.71000182 4.54879973
v -2.09183192 -0.77885786 4.42271513
v -1.99220882 -0.87039961 4.47106993
v -1.99013713 -0.80154356 4.59715452
v -2.20050975 -1.14888379 4.65313719
v -2.27330012 -1.11214795 4.63308744
v -2.27299617 -1.15190801 4.55913450
v -2.20020579 -1.18864347 4.57918455
v -2.20050975 -1.14888379 4.65313719
v -2.47262842 -1.45816754 4.81429533
v -2.52973780 -1.42375897 4.79630308
v -2.51664606 -1.43682187 4.72976621
v -2.45953638 -1.47123013 4.74775846
v -2.47262842 -1.45816754 4.81429533
v -2.79175226 -1.69599133 4.83689634
v -2.82140191 -1.65155956 4.82411100
v -2.79973321 -1.65162243 4.77364134
v -2.77008356 -1.69605419 4.78642667
v -2.79175226 -1.69599133 4.83689634
v -3.03180993 -1.89554195 4.63336638
v -3.04892663 -1.85414989 4.62693754
v -3.03019860 -1.85279949 4.58576689
v -3.01308190 -1.89419155 4.59219542
v -3.03180993 -1.89554195 4.63336638
v -3.16712426 -2.05931758 4.40471434
v -3.18760613 -2.03024913 4.39576689
v -3.17296563 -2.03028163 4.36214842
v -3.15248376 -2.05934993 4.37109618
v -3.16712426 -2.05931758 4.40471434
v -3.39510277 -2.23448832 4.45976530
v -3.39510277 -2.23448832 4.45976530
v -1.06380216 0.17763820 3.76428619
v -1.05347875 0.17561529 3.73010712
v -1.13641248 0.11964550 3.76867584
v -1.12681196 0.11851050 3.73893097
v -1.13833967 0.02917320 3.76347717
v -1.14702260 0.02936580 3.78588989
v -1.08941701 -0.04031650 3.80584259
v -1.08130910 -0.04006420 3.78936707
v -0.98912801 -0.04864320 3.80143402
v -0.99734014 -0.04858240 3.81684631
v -0.92472998 0.00941030 3.81245666
v -0.91579481 0.00846150 3.79261017
v -0.90426710 0.09779890 3.76806397
v -0.91412031 0.09969030 3.79524506
v -0.97172575 0.16937259 3.77529175
v -0.96129766 0.16703621 3.74217407
v -1.05347875 0.17561529 3.73010712
v -1.06380216 0.17763820 3.76428619
v -1.09096830 0.19809879 3.88850433
v -1.16216787 0.13861800 3.88509094
v -1.17085225 0.04663140 3.88945007
v -1.11193357 -0.02397690 3.89902710
v -1.01992590 -0.03184540 3.90821228
v -0.94872640 0.02763540 3.91162628
v -0.94004255 0.11962240 3.90726928
v -0.99896131 0.19023059 3.89769165
v -1.09096830 0.19809879 3.88850433
v -1.05947858 0.14716429 4.16118560
v -1.13099790 0.09264660 4.14124633
v -1.14052259 0.00665050 4.10964446
v -1.08247327 -0.06044890 4.08489196
v -0.99085447 -0.06934550 4.08148803
v -0.91933531 -0.01482790 4.10142699
v -0.90981054 0.07116830 4.13302886
v -0.96785978 0.13826760 4.15778167
v -1.05947858 0.14716429 4.16118560
v -0.96540388 0.01681760 4.34341246
v -1.03461340 -0.04132940 4.33332091
v -1.04578191 -0.12141060 4.29166564
v -0.99236684 -0.17651540 4.24284789
v -0.90565824 -0.17436411 4.21546416
v -0.83644880 -0.11621710 4.22555572
v -0.82528029 -0.03613600 4.26721068
v -0.87869520 0.01896880 4.31602874
v -0.96540388 0.01681760 4.34341246
v -0.95030538 -0.03198510 4.58604460
v -1.01139501 -0.09557920 4.60135161
v -1.01306081 -0.18477619 4.59417051
v -0.95432699 -0.24732559 4.56870756
v -0.86959921 -0.24658700 4.53987883
v -0.80850966 -0.18299289 4.52457182
v -0.80684378 -0.09379599 4.53175291
v -0.86557745 -0.03124650 4.55721586
v -0.95030538 -0.03198510 4.58604460
v -0.96776289 0.01163960 4.85201597
v -1.02757841 -0.04810370 4.87328123
v -1.02503500 -0.13001110 4.90301420
v -0.96162245 -0.18610260 4.92379819
v -0.87448698 -0.18352029 4.92345792
v -0.81467146 -0.12377700 4.90219266
v -0.81721495 -0.04186950 4.87245969
v -0.88062735 0.01422190 4.85167570
v -0.96776289 0.01163960 4.85201597
v -0.91236006 0.19419879 5.10543790
v -0.96123380 0.07727100 5.18255337
v -0.82117430 0.03557530 5.20809720
v -0.77230047 0.15250320 5.13098111
v -0.91236006 0.19419879 5.10543790
v -0.74673842 0.36557349 5.39347866
v -0.79542059 0.26376899 5.44451565
v -0.68985602 0.20260570 5.42320706
v -0.64117362 0.30441018 5.37216946
v -0.74673842 0.36557349 5.39347866
v -0.60411299 0.22797500 5.76326930
v -0.64505766 0.17017070 5.75510402
v -0.60575278 0.15024810 5.69904445
v -0.56480807 0.20805250 5.70720912
v -0.60411299 0.22797500 5.76326930
v -0.51405577 0.05229720 5.98702235
v -0.55348670 0.01397380 5.97313990
v -0.52436328 0.00099740 5.92623988
v -0.48493239 0.03932080 5.94012172
v -0.51405577 0.05229720 5.98702235
v -0.34697749 -0.12971470 6.09164942
v -0.37682689 -0.16474090 6.08357630
v -0.34623328 -0.18398870 6.05396998
v -0.31638419 -0.14896240 6.06204310
v -0.34697749 -0.12971470 6.09164942
v -0.15597590 -0.22516069 6.18416895
v -0.17344900 -0.25854679 6.18784144
v -0.14562270 -0.27525430 6.16834803
v -0.12814959 -0.24186819 6.16467555
v -0.15597590 -0.22516069 6.18416895
v -0.10915560 -0.24682249 6.41141077
v -0.10915560 -0.24682249 6.41141077
v -1.11205655 -0.01985860 3.81880157
v -1.09701436 -0.03496160 3.78344574
v -1.03805761 -0.02861910 3.86957763
v -1.02595731 -0.04194120 3.83958374
v -0.96438345 0.01600250 3.87275757
v -0.97149267 0.02548070 3.89321502
v -0.95135275 0.11074859 3.87586395
v -0.94836225 0.10492699 3.86353454
v -0.98727834 0.17274139 3.81731720
v -0.98943601 0.17723640 3.82768951
v -1.06343618 0.18599769 3.77691620
v -1.05833547 0.17972099 3.76117920
v -1.11990919 0.12177729 3.72800537
v -1.13000348 0.13189950 3.75328278
v -1.15014219 0.04663070 3.77063171
v -1.13593061 0.03285290 3.73722839
v -1.09701436 -0.03496160 3.78344574
v -1.11205655 -0.01985860 3.81880157
v -1.17574094 0.02012040 3.93275024
v -1.09658094 0.00818140 3.97407104
v -1.02116964 0.05566220 3.98087524
v -0.99367986 0.13474800 3.94917297
v -1.03021566 0.19911180 3.89753692
v -1.10937696 0.21105180 3.85621918
v -1.18479078 0.16357259 3.84941955
v -1.21227925 0.08448600 3.88111877
v -1.17574094 0.02012040 3.93275024
v -1.25096288 0.16181699 4.10717712
v -1.16984411 0.14405840 4.14085601
v -1.08880041 0.18168880 4.13408935
v -1.05530630 0.25266490 4.09084075
v -1.08898214 0.31540979 4.03644470
v -1.17010099 0.33316840 4.00276580
v -1.25114461 0.29553800 4.00953247
v -1.28463849 0.22456190 4.05278106
v -1.25096288 0.16181699 4.10717712
v -1.33070767 0.25365720 4.22190368
v -1.26160626 0.25395849 4.27716918
v -1.19832456 0.31222499 4.29790191
v -1.17793226 0.39432490 4.27195678
v -1.21237500 0.45216529 4.21453216
v -1.28147641 0.45186408 4.15926665
v -1.34475797 0.39359759 4.13853393
v -1.36515027 0.31149770 4.16447906
v -1.33070767 0.25365720 4.22190368
v -1.47319256 0.25794429 4.36842711
v -1.42989163 0.25792089 4.44396544
v -1.40406522 0.31922250 4.50014525
v -1.41084195 0.40593928 4.50405669
v -1.44625241 0.46727389 4.45340880
v -1.48955319 0.46729728 4.37787047
v -1.51537960 0.40599570 4.32169066
v -1.50860287 0.31927890 4.31777922
v -1.47319256 0.25794429 4.36842711
v -1.70683651 0.20541870 4.56027952
v -1.66010494 0.20662750 4.63103727
v -1.64279385 0.26457700 4.69048612
v -1.66504406 0.34532108 4.70380186
v -1.71382168 0.40156108 4.66318388
v -1.76055340 0.40035220 4.59242613
v -1.77786434 0.34240279 4.53297728
v -1.75561413 0.26165870 4.51966154
v -1.70683651 0.20541870 4.56027952
v -2.02889262 0.16548740 4.71136442
v -1.94920345 0.21888210 4.81919096
v -1.97696529 0.35288230 4.77335294
v -2.05665431 0.29948770 4.66552610
v -2.02889262 0.16548740 4.71136442
v -2.31896754 0.32797618 4.85598966
v -2.22975520 0.35720039 4.93151304
v -2.20061580 0.45045478 4.86100645
v -2.28982813 0.42123050 4.78548307
v -2.31896754 0.32797618 4.85598966
v -2.48956843 0.62759200 5.10347928
v -2.40298243 0.63937518 5.15021512
v -2.36522852 0.68252928 5.06939115
v -2.45181452 0.67074606 5.02265470
v -2.48956843 0.62759200 5.10347928
v -2.57466547 0.80541868 5.24964017
v -2.52904352 0.81596785 5.27881375
v -2.51276301 0.85199011 5.24032803
v -2.55838526 0.84144087 5.21115445
v -2.57466547 0.80541868 5.24964017
v -2.70627832 0.98957731 5.35744046
v -2.67338373 1.00356336 5.38551663
v -2.67071924 1.04285497 5.36282254
v -2.70361383 1.02886900 5.33474575
v -2.70627832 0.98957731 5.35744046
v -2.86596917 1.11632490 5.41201748
v -2.84310846 1.12975614 5.43758267
v -2.83956476 1.16081090 5.41809841
v -2.86242547 1.14737951 5.39253323
v -2.86596917 1.11632490 5.41201748
v -2.97410577 1.23150464 5.54604336
v -2.97410577 1.23150464 5.54604336
v 0.60993338 0.13648659 3.51617829
v 0.61603259 0.14595319 3.48811768
v 0.56661349 0.20353870 3.54391968
v 0.57276889 0.21393249 3.51452820
v 0.49077288 0.23531219 3.51769318
v 0.48496058 0.22556209 3.54583314
v 0.41280570 0.18965560 3.52079743
v 0.41807670 0.19756820 3.49575867
v 0.39726489 0.12281060 3.46157349
v 0.39241649 0.11685310 3.48347779
v 0.43573661 0.04980130 3.45573518
v 0.44052859 0.05483130 3.43516297
v 0.52252459 0.03345170 3.43199799
v 0.51738948 0.02777780 3.45382203
v 0.58954409 0.06368390 3.47885895
v 0.59522078 0.07119560 3.45393250
v 0.61603259 0.14595319 3.48811768
v 0.60993338 0.13648659 3.51617829
v 0.59406657 0.09643130 3.62163727
v 0.55058600 0.16198629 3.65177155
v 0.46949347 0.18508829 3.65144989
v 0.39829200 0.15220460 3.62086090
v 0.37869060 0.08259820 3.57792206
v 0.42217139 0.01704360 3.54778687
v 0.50326388 -0.00605860 3.54810883
v 0.57446520 0.02682480 3.57869874
v 0.59406657 0.09643130 3.62163727
v 0.59223570 -0.01218220 3.76182861
v 0.54794528 0.04219880 3.80735657
v 0.46708720 0.05102820 3.82674011
v 0.39702708 0.00913400 3.80862488
v 0.37880519 -0.05894280 3.76362244
v 0.42309558 -0.11332370 3.71809479
v 0.50395358 -0.12215319 3.69871094
v 0.57401370 -0.08025900 3.71682617
v 0.59223570 -0.01218220 3.76182861
v 0.69393645 -0.10584780 3.83564819
v 0.65367789 -0.06010390 3.89155090
v 0.58660140 -0.07101220 3.93866943
v 0.53199939 -0.13218270 3.94940185
v 0.52185710 -0.20778259 3.91746154
v 0.56211569 -0.25352649 3.86155853
v 0.62919238 -0.24261819 3.81444031
v 0.68379431 -0.18144769 3.80370758
v 0.69393645 -0.10584780 3.83564819
v 0.83340689 -0.18675279 4.01257690
v 0.80361158 -0.14774800 4.07750549
v 0.74823538 -0.16500249 4.13460784
v 0.69971686 -0.22840909 4.15043365
v 0.68647772 -0.30082509 4.11571258
v 0.71627295 -0.33982990 4.05078369
v 0.77164915 -0.32257541 3.99368164
v 0.82016760 -0.25916879 3.97785583
v 0.83340689 -0.18675279 4.01257690
v 0.99015615 -0.31773889 4.29575408
v 0.95214575 -0.27342319 4.34938475
v 0.88290022 -0.27879299 4.38760954
v 0.82298262 -0.33070270 4.38803679
v 0.80749189 -0.39874438 4.35041655
v 0.84550230 -0.44305999 4.29678588
v 0.91474790 -0.43769019 4.25856109
v 0.97466551 -0.38578059 4.25813384
v 0.99015615 -0.31773889 4.29575408
v 1.03387319 -0.57958548 4.55788023
v 0.92602316 -0.51705790 4.60899992
v 0.84547346 -0.59411788 4.53331602
v 0.95332350 -0.65664519 4.48219633
v 1.03387319 -0.57958548 4.55788023
v 0.96927931 -0.82278502 4.77933683
v 0.88219015 -0.75745146 4.80352567
v 0.81497305 -0.82607031 4.74685636
v 0.90206205 -0.89140386 4.72266752
v 0.96927931 -0.82278502 4.77933683
v 0.86992681 -1.00525091 5.08581571
v 0.79788061 -0.95323019 5.10581143
v 0.74746535 -1.00013570 5.04618924
v 0.81951155 -1.05215620 5.02619351
v 0.86992681 -1.00525091 5.08581571
v 0.83502562 -1.13025785 5.31144558
v 0.79253271 -1.11253797 5.33658169
v 0.76310652 -1.14842557 5.31213528
v 0.80559935 -1.16614560 5.28699917
v 0.83502562 -1.13025785 5.31144558
v 0.87546125 -1.30783688 5.47588162
v 0.84020391 -1.29245023 5.49544033
v 0.81634901 -1.32300626 5.47647610
v 0.85160627 -1.33839291 5.45691799
v 0.87546125 -1.30783688 5.47588162
v 0.86988905 -1.51130703 5.56082302
v 0.84153791 -1.49496914 5.57228054
v 0.82230879 -1.51201382 5.54900539
v 0.85065985 -1.52835202 5.53754726
v 0.86988905 -1.51130703 5.56082302
v 0.76382261 -1.61818539 5.71347805
v 0.76382261 -1.61818539 5.71347805
v 0.55231318 0.23398710 3.52964173
v 0.55109828 0.23129940 3.51169007
v 0.47728389 0.23704549 3.56144715
v 0.47416087 0.23467090 3.54013550
v 0.41370460 0.18012830 3.55062409
v 0.42050639 0.18210809 3.57882203
v 0.41523971 0.10135669 3.57158722
v 0.40514369 0.09962200 3.53701142
v 0.45349311 0.04031130 3.50727173
v 0.46457000 0.04209410 3.54398377
v 0.53960070 0.03903560 3.51218323
v 0.53043040 0.03693980 3.47882630
v 0.59088679 0.09148229 3.46833771
v 0.59637889 0.09397290 3.49481080
v 0.60164420 0.17472450 3.50204102
v 0.59944769 0.17198869 3.48195039
v 0.55109828 0.23129940 3.51169007
v 0.55231318 0.23398710 3.52964173
v 0.57405509 0.22925989 3.61592102
v 0.50207858 0.23183900 3.65374512
v 0.45122310 0.17627060 3.68343354
v 0.45127860 0.09510600 3.68759461
v 0.50221358 0.03589010 3.66379395
v 0.57419158 0.03331090 3.62597535
v 0.62504790 0.08887920 3.59628937
v 0.62499098 0.17004390 3.59212311
v 0.57405509 0.22925989 3.61592102
v 0.67900389 0.27238220 3.73623230
v 0.61496798 0.27779090 3.78542603
v 0.58054110 0.22907070 3.84011627
v 0.59588988 0.15476129 3.86826599
v 0.65202345 0.09839200 3.85338562
v 0.71605940 0.09298330 3.80419189
v 0.75048636 0.14170350 3.74950165
v 0.73513747 0.21601289 3.72135193
v 0.67900389 0.27238220 3.73623230
v 0.82771971 0.36528838 3.83484375
v 0.76683951 0.37233237 3.88629699
v 0.73656805 0.32678710 3.94471527
v 0.75463820 0.25533250 3.97587860
v 0.81046461 0.19982549 3.96153137
v 0.87134481 0.19278150 3.91007843
v 0.90161619 0.23832679 3.85165985
v 0.88354605 0.30978149 3.82049683
v 0.82771971 0.36528838 3.83484375
v 0.98085050 0.42146068 4.09906432
v 0.91430540 0.42557811 4.14089050
v 0.86679281 0.37303920 4.17519561
v 0.86614469 0.29462070 4.18188384
v 0.91274092 0.23625909 4.15703796
v 0.97928594 0.23214170 4.11521178
v 1.02679868 0.28468049 4.08090698
v 1.02744665 0.36309898 4.07421844
v 0.98085050 0.42146068 4.09906432
v 1.09968877 0.34899669 4.44662688
v 1.02945066 0.35527209 4.47625426
v 0.96767172 0.31025470 4.47896208
v 0.95054075 0.24031499 4.45316435
v 0.98809339 0.18642259 4.41397276
v 1.05833158 0.18014709 4.38434538
v 1.12011068 0.22516450 4.38163725
v 1.13724149 0.29510429 4.40743529
v 1.09968877 0.34899669 4.44662688
v 1.13592038 0.04097590 4.70507444
v 1.00454298 0.03838830 4.69334959
v 1.01543554 -0.04149290 4.58892485
v 1.14681295 -0.03890530 4.60064970
v 1.13592038 0.04097590 4.70507444
v 1.16402784 -0.26358159 4.88030973
v 1.08892301 -0.28026990 4.88813566
v 1.09720670 -0.34016139 4.83991880
v 1.17231168 -0.32347308 4.83209318
v 1.16402784 -0.26358159 4.88030973
v 1.28390439 -0.40558429 5.21620511
v 1.22831250 -0.42695128 5.23612393
v 1.23985623 -0.48235740 5.20890835
v 1.29544827 -0.46099048 5.18898953
v 1.28390439 -0.40558429 5.21620511
v 1.40329800 -0.47442870 5.52969631
v 1.36005765 -0.49323798 5.54979885
v 1.37030453 -0.53897589 5.52904568
v 1.41354520 -0.52016658 5.50894253
v 1.40329800 -0.47442870 5.52969631
v 1.56198376 -0.61299849 5.78541652
v 1.52292004 -0.62530219 5.79536220
v 1.52740689 -0.65932532 5.77089626
v 1.56647076 -0.64702162 5.76095058
v 1.56198376 -0.61299849 5.78541652
v 1.63132534 -0.87494955 5.88204066
v 1.59767025 -0.87687025 5.88213771
v 1.59865017 -0.89546286 5.85403529
v 1.63230526 -0.89354216 5.85393825
v 1.63132534 -0.87494955 5.88204066
v 1.60432675 -1.07782545 6.04601161
v 1.60432675 -1.07782545 6.04601161
v 0.39230758 0.11328310 3.55846894
v 0.39778358 0.11390600 3.54144806
v 0.43351439 0.06377480 3.60347229
v 0.43998569 0.06312070 3.58472107
v 0.51633700 0.05567710 3.60336945
v 0.50702430 0.06048530 3.62838959
v 0.56977648 0.10534070 3.61862244
v 0.58211199 0.09593550 3.58646973
v 0.59878058 0.16031309 3.54392121
v 0.58501090 0.17206649 3.57989533
v 0.54380278 0.22157630 3.53489625
v 0.55657859 0.21109840 3.50064820
v 0.48022719 0.21854200 3.48199982
v 0.47029200 0.22486719 3.50998231
v 0.40754088 0.18001030 3.51974549
v 0.41445220 0.17828359 3.49889954
v 0.39778358 0.11390600 3.54144806
v 0.39230758 0.11328310 3.55846894
v 0.37294360 0.14272010 3.63472962
v 0.41252879 0.09529250 3.68289276
v 0.48127787 0.09883139 3.71915100
v 0.53891940 0.15126279 3.72226227
v 0.55168677 0.22187429 3.69040741
v 0.51210040 0.26930349 3.64224854
v 0.44335010 0.26576599 3.60599396
v 0.38570991 0.21333309 3.60287873
v 0.37294360 0.14272010 3.63472962
v 0.27200080 0.21335050 3.77802521
v 0.31626859 0.16336090 3.81796081
v 0.38478488 0.16765760 3.85457367
v 0.43741370 0.22372360 3.86641632
v 0.44332580 0.29871620 3.84655182
v 0.39905799 0.34870570 3.80661652
v 0.33054168 0.34440910 3.77000336
v 0.27791290 0.28834310 3.75816071
v 0.27200080 0.21335050 3.77802521
v 0.21832689 0.33401839 3.99711975
v 0.26523219 0.28230129 4.02937927
v 0.34122909 0.27691758 4.03991119
v 0.40179969 0.32102100 4.02254669
v 0.41146251 0.38877639 3.98745697
v 0.36455718 0.44049357 3.95519745
v 0.28856029 0.44587729 3.94466552
v 0.22798969 0.40177390 3.96203033
v 0.21832689 0.33401839 3.99711975
v 0.27954439 0.46346488 4.26247161
v 0.32328639 0.40397849 4.27865416
v 0.39252650 0.38144988 4.25835296
v 0.44670489 0.40907599 4.21346007
v 0.45408450 0.47067401 4.17027312
v 0.41034259 0.53016047 4.15409057
v 0.34110240 0.55268908 4.17439178
v 0.28692409 0.52506301 4.21928496
v 0.27954439 0.46346488 4.26247161
v 0.41039409 0.59344630 4.53946318
v 0.44938769 0.53224768 4.54939177
v 0.51380420 0.50735289 4.52499724
v 0.56590930 0.53334479 4.48056914
v 0.57518050 0.59499770 4.44213347
v 0.53618689 0.65619620 4.43220519
v 0.47177028 0.68109106 4.45660002
v 0.41966529 0.65509917 4.50102751
v 0.41039409 0.59344630 4.53946318
v 0.53706259 0.76652136 4.77345609
v 0.63064669 0.68409521 4.75988004
v 0.68037901 0.75544859 4.66948240
v 0.58679499 0.83787481 4.68305845
v 0.53706259 0.76652136 4.77345609
v 0.69485068 0.94908384 4.99884732
v 0.75465956 0.90870909 5.00319547
v 0.79264547 0.96159734 4.97179410
v 0.73283652 1.00197195 4.96744596
v 0.69485068 0.94908384 4.99884732
v 0.74481215 1.08349317 5.32631497
v 0.79385519 1.05233076 5.33316494
v 0.82431929 1.09433141 5.30612576
v 0.77527632 1.12549367 5.29927578
v 0.74481215 1.08349317 5.32631497
v 0.86211935 1.22773214 5.62404079
v 0.89740827 1.19556134 5.61963161
v 0.91544645 1.22039800 5.58278774
v 0.88015776 1.25256879 5.58719753
v 0.86211935 1.22773214 5.62404079
v 1.09832914 1.37176801 5.74229152
v 1.11825780 1.34008893 5.73128932
v 1.12885885 1.35818219 5.69839504
v 1.10893018 1.38986111 5.70939723
v 1.09832914 1.37176801 5.74229152
v 1.32404858 1.47367840 5.73413845
v 1.34022153 1.44852795 5.72558986
v 1.34723340 1.46222394 5.69856288
v 1.33106046 1.48737423 5.70711208
v 1.32404858 1.47367840 5.73413845
v 1.46616269 1.55452343 5.90085109
v 1.46616269 1.55452343 5.90085109
v -1.76686092 -0.68155417 4.62407652
v -1.90870891 -0.67939192 4.64682096
v -1.92176631 -0.80443480 4.57727568
v -1.77991848 -0.80659712 4.55453093
v -1.76686092 -0.68155417 4.62407652
v -1.61607968 -0.88783247 4.79994688
v -1.69033443 -0.90165380 4.83662321
v -1.69596691 -0.97564535 4.79733610
v -1.62171215 -0.96182401 4.76065977
v -1.61607968 -0.88783247 4.79994688
v -1.52268307 -1.06500021 5.10261533
v -1.58406521 -1.07572080 5.13238797
v -1.59828762 -1.12441778 5.08553250
v -1.53690533 -1.11369695 5.05575925
v -1.52268307 -1.06500021 5.10261533
v -1.53712399 -1.26000051 5.33145596
v -1.59049328 -1.25441609 5.34317227
v -1.60337948 -1.28313077 5.29815945
v -1.55001019 -1.28871518 5.28644314
v -1.53712399 -1.26000051 5.33145596
v -1.51235135 -1.53097821 5.43323757
v -1.55590542 -1.52053112 5.43968044
v -1.56707272 -1.54440258 5.40289700
v -1.52351864 -1.55484967 5.39645413
v -1.51235135 -1.53097821 5.43323757
v -1.42980252 -1.73784527 5.43826687
v -1.46481427 -1.73908153 5.44909206
v -1.47286953 -1.76067562 5.42057278
v -1.43785779 -1.75943966 5.40974758
v -1.42980252 -1.73784527 5.43826687
v -1.39871472 -1.84890758 5.63012539
v -1.39871472 -1.84890758 5.63012539
v -0.62733489 0.52551940 5.77698146
v -0.65054671 0.47606589 5.82280788
v -0.59484118 0.43469588 5.80637904
v -0.57162940 0.48414927 5.76055263
v -0.62733489 0.52551940 5.77698146
v -0.52552779 0.61492858 6.08883143
v -0.54879531 0.57207827 6.11779139
v -0.50546878 0.53858779 6.10304774
v -0.48220118 0.58143798 6.07408839
v -0.52552779 0.61492858 6.08883143
v -0.33121150 0.74729437 6.32738550
v -0.34709769 0.71513586 6.35732569
v -0.30511440 0.69463400 6.35758081
v -0.28922830 0.72679251 6.32764063
v -0.33121150 0.74729437 6.32738550
v -0.18376979 0.95307157 6.38514673
v -0.19179119 0.93756651 6.41874292
v -0.15575070 0.92651007 6.42224512
v -0.14772930 0.94201505 6.38864893
v -0.18376979 0.95307157 6.38514673
v -0.18634059 1.16499570 6.54964746
v -0.18634059 1.16499570 6.54964746
v -2.63236170 0.52095809 5.08922879
v -2.58698084 0.56109610 5.16764859
v -2.56483393 0.64127875 5.11379300
v -2.61021479 0.60114089 5.03537259
v -2.63236170 0.52095809 5.08922879
v -2.88624292 0.61528597 5.24534329
v -2.86986383 0.63889128 5.29244229
v -2.87320977 0.68858031 5.26870205
v -2.88958886 0.66497496 5.22160367
v -2.88624292 0.61528597 5.24534329
v -3.21511162 0.58699107 5.29504788
v -3.21206048 0.60549918 5.33644986
v -3.23310753 0.64283286 5.32131131
v -3.23615837 0.62432478 5.27990933
v -3.21511162 0.58699107 5.29504788
v -3.42880028 0.44796901 5.22299832
v -3.43297966 0.45995540 5.25757351
v -3.44988457 0.49018710 5.24504971
v -3.44570518 0.47820079 5.21047452
v -3.42880028 0.44796901 5.22299832
v -3.68968528 0.41082931 5.33818875
v -3.68968528 0.41082931 5.33818875
v 1.02336454 -0.98438841 5.07953336
v 0.96305181 -0.96350324 5.14451627
v 0.91591024 -1.03896200 5.12501492
v 0.97622305 -1.05984701 5.06003202
v 1.02336454 -0.98438841 5.07953336
v 1.20654126 -1.09886419 5.32309170
v 1.18750791 -1.09596448 5.37188504
v 1.17239240 -1.14610898 5.36896878
v 1.19142575 -1.14900876 5.32017544
v 1.20654126 -1.09886419 5.32309170
v 1.49980664 -1.18796590 5.38211636
v 1.48520154 -1.18605237 5.42267971
v 1.47637600 -1.22827870 5.42149441
v 1.49098111 -1.23019231 5.38093045
v 1.49980664 -1.18796590 5.38211636
v 1.77322948 -1.29988797 5.37683621
v 1.75827923 -1.29712277 5.40799465
v 1.74328381 -1.32806424 5.40354580
v 1.75823391 -1.33082944 5.37238735
v 1.77322948 -1.29988797 5.37683621
v 1.89153484 -1.44464535 5.60373745
v 1.89153484 -1.44464535 5.60373745
v 1.21304044 0.26752729 4.63774076
v 1.10406858 0.22279279 4.69713896
v 1.13623365 0.09942300 4.66323515
v 1.24520536 0.14415749 4.60383696
v 1.21304044 0.26752729 4.63774076
v 1.41123318 0.26993348 4.81114591
v 1.36272000 0.24589490 4.86636472
v 1.39544247 0.17584720 4.86461942
v 1.44395550 0.19988580 4.80940031
v 1.41123318 0.26993348 4.81114591
v 1.57336422 0.39692451 4.98698331
v 1.54769528 0.38661319 5.04336209
v 1.58661984 0.33813369 5.05221768
v 1.61228878 0.34844508 4.99583890
v 1.57336422 0.39692451 4.98698331
v 1.71600338 0.55810748 5.15803860
v 1.70015484 0.55467311 5.20666653
v 1.73510570 0.51822638 5.21548367
v 1.75095425 0.52166068 5.16685574
v 1.71600338 0.55810748 5.15803860
v 1.90010952 0.71874441 5.20890958
v 1.88317226 0.71231322 5.24696255
v 1.90728298 0.67810126 5.25191250
v 1.92422023 0.68453246 5.21385892
v 1.90010952 0.71874441 5.20890958
v 2.11649623 0.80764280 5.24594754
v 2.09601192 0.79865385 5.27116543
v 2.10762416 0.76706000 5.26933621
v 2.12810817 0.77604895 5.24411770
v 2.11649623 0.80764280 5.24594754
v 2.22816035 0.82209997 5.44451870
v 2.22816035 0.82209997 5.44451870
v 0.45281718 0.70033789 4.69215391
v 0.55185210 0.65401175 4.75365446
v 0.60835478 0.76580565 4.74687803
v 0.50931979 0.81213186 4.68537718
v 0.45281718 0.70033789 4.69215391
v 0.26159030 0.75478125 4.88562162
v 0.30801839 0.73073462 4.93554502
v 0.32325710 0.79889441 4.95420408
v 0.27682899 0.82294111 4.90428068
v 0.26159030 0.75478125 4.88562162
v 0.04892050 0.75782088 5.11622952
v 0.08181989 0.73834250 5.16051663
v 0.09352660 0.79351332 5.17608548
v 0.06062720 0.81299154 5.13179715
v 0.04892050 0.75782088 5.11622952
v -0.09396180 0.79199270 5.35406643
v -0.05945520 0.77449911 5.38240322
v -0.03829670 0.81752691 5.38320095
v -0.07280340 0.83502035 5.35486416
v -0.09396180 0.79199270 5.35406643
v -0.21353269 0.85332159 5.55408230
v -0.18075199 0.83676855 5.56724209
v -0.16233289 0.87104444 5.56447414
v -0.19511369 0.88759756 5.55131435
v -0.21353269 0.85332159 5.55408230
v -0.29809560 0.93065084 5.72318508
v -0.27244270 0.91780882 5.73519374
v -0.25761249 0.94502317 5.73261623
v -0.28326549 0.95786505 5.72060756
v -0.29809560 0.93065084 5.72318508
v -0.34316669 0.96342855 5.89800197
v -0.34316669 0.96342855 5.89800197
v -1.45069867 -1.79619167 5.52021816
v -1.43622143 -1.76968593 5.42982083
v -1.44247464 -1.77671566 5.52987026
v -1.42726407 -1.74906765 5.44270779
v -1.44757733 -1.73628307 5.45247219
v -1.46079541 -1.76413936 5.53593899
v -1.48034222 -1.77584255 5.53003689
v -1.46908902 -1.74899990 5.44561977
v -1.46207058 -1.76964413 5.43162075
v -1.47410199 -1.79565166 5.52032009
v -1.45069867 -1.79619167 5.52021816
v -1.43622143 -1.76968593 5.42982083
v -1.47575192 -1.84854854 5.68821010
v -1.46844510 -1.83042354 5.69243251
v -1.48376507 -1.81775966 5.69206569
v -1.50053982 -1.82805813 5.68761562
v -1.49558743 -1.84708629 5.68523159
v -1.47575192 -1.84854854 5.68821010
v -1.63938152 -1.83932567 6.01551051
v -1.63301586 -1.82196300 6.01962367
v -1.64727215 -1.80974727 6.01708583
v -1.66244869 -1.81956035 6.01140406
v -1.65757198 -1.83784084 6.01043055
v -1.63938152 -1.83932567 6.01551051
v -1.84329982 -2.01446849 6.54008264
v -1.84032131 -2.00556850 6.54282922
v -1.84755718 -1.99925594 6.54097986
v -1.85500774 -2.00425472 6.53709070
v -1.85237651 -2.01365657 6.53653589
v -1.84329982 -2.01446849 6.54008264
v -2.12932353 -1.93478679 6.94949547
v -2.12600688 -1.92990413 6.94937462
v -2.12866557 -1.92597942 6.94585595
v -2.13362529 -1.92843639 6.94380211
v -2.13403209 -1.93387981 6.94605187
v -2.12932353 -1.93478679 6.94949547
v -2.29539393 -1.92543239 7.38592552
v -2.29539393 -1.92543239 7.38592552
v -2.29539393 -1.92543239 7.38592552
v -1.38728375 -1.77453518 5.49587856
v -1.45867184 -1.74330151 5.45684353
v -1.39504697 -1.79519329 5.49127712
v -1.46541180 -1.76690777 5.45172756
v -1.44648968 -1.77788555 5.43946804
v -1.38142346 -1.80381206 5.47722134
v -1.36523694 -1.78848247 5.47313931
v -1.42805508 -1.76106396 5.43700710
v -1.43558407 -1.73968975 5.44774563
v -1.36886288 -1.77038631 5.48466824
v -1.38728375 -1.77453518 5.49587856
v -1.45867184 -1.74330151 5.45684353
v -1.25704869 -1.83229015 5.57284939
v -1.26670301 -1.84857555 5.56871609
v -1.26224034 -1.85313701 5.55114040
v -1.24982419 -1.83967205 5.54441433
v -1.24661985 -1.82678600 5.55782925
v -1.25704869 -1.83229015 5.57284939
v -1.01214025 -1.90104564 5.81882106
v -1.01026830 -1.91766811 5.82618983
v -0.99503561 -1.92516582 5.81941859
v -0.98749319 -1.91317729 5.80786464
v -0.99806425 -1.89827007 5.80749538
v -1.01214025 -1.90104564 5.81882106
v -0.84982481 -1.83667293 6.18612086
v -0.84950392 -1.85017513 6.18844080
v -0.84131941 -1.85589153 6.17905299
v -0.83658178 -1.84592235 6.17093104
v -0.84183851 -1.83404445 6.17529932
v -0.84982481 -1.83667293 6.18612086
v -0.60192889 -2.01476863 6.35420496
v -0.60548148 -2.01929225 6.35403711
v -0.60327757 -2.02314891 6.35037928
v -0.59836318 -2.02100887 6.34828638
v -0.59752959 -2.01582958 6.35065088
v -0.60192889 -2.01476863 6.35420496
v -0.44263808 -2.03610408 6.64156335
v -0.44263808 -2.03610408 6.64156335
v -0.44263808 -2.03610408 6.64156335
v -3.26242882 -2.09560298 4.39824187
v -3.20152611 -2.08026973 4.37620848
v -3.25445214 -2.10369624 4.41629241
v -3.19252770 -2.08935069 4.39590972
v -3.19707055 -2.07446437 4.41349761
v -3.25711663 -2.08943416 4.43170714
v -3.26674157 -2.07252666 4.42318480
v -3.20887658 -2.05618327 4.40466643
v -3.21163048 -2.05977122 4.38162047
v -3.27002343 -2.07633906 4.40250151
v -3.26242882 -2.09560298 4.39824187
v -3.20152611 -2.08026973 4.37620848
v -3.37804955 -2.12681819 4.43842070
v -3.37158196 -2.13352626 4.45414854
v -3.37088310 -2.11996043 4.46625090
v -3.37691979 -2.10486812 4.45800353
v -3.38134789 -2.10910594 4.44080260
v -3.37804955 -2.12681819 4.43842070
v -3.63397850 -2.27420039 4.42243926
v -3.63409446 -2.28238093 4.43755888
v -3.64535942 -2.27442118 4.44781920
v -3.65220542 -2.26132106 4.43904112
v -3.64517143 -2.26118464 4.42335539
v -3.63397850 -2.27420039 4.42243926
v -3.91226950 -2.43634501 4.55259062
v -3.90216880 -2.43585810 4.55998930
v -3.90060325 -2.42397044 4.56362730
v -3.90973624 -2.41711024 4.55847655
v -3.91694632 -2.42475809 4.55165556
v -3.91226950 -2.43634501 4.55259062
v -4.05066245 -2.44415613 4.78485685
v -4.04653647 -2.44385905 4.78838621
v -4.04621298 -2.43873118 4.79016538
v -4.05013907 -2.43585886 4.78773588
v -4.05288901 -2.43921168 4.78445493
v -4.05066245 -2.44415613 4.78485685
v -4.17110495 -2.46704325 5.02628324
v -4.17110495 -2.46704325 5.02628324
v -4.17110495 -2.46704325 5.02628324
v -3.23124138 -2.10225856 4.45103362
v -3.20998681 -2.06984752 4.41423949
v -3.24556603 -2.10081294 4.43723143
v -3.22430260 -2.06584361 4.39715483
v -3.21776818 -2.07838267 4.37946501
v -3.24073876 -2.11412044 4.42318877
v -3.22342980 -2.12378825 4.42831023
v -3.19941430 -2.09013591 4.38561644
v -3.19460503 -2.08486095 4.40710845
v -3.21756005 -2.11645762 4.44552000
v -3.23124138 -2.10225856 4.45103362
v -3.20998681 -2.06984752 4.41423949
v -3.27350945 -2.16545802 4.51964690
v -3.28837426 -2.16842280 4.51140135
v -3.28647393 -2.18356990 4.50339720
v -3.27043389 -2.18996394 4.50669401
v -3.26242150 -2.17877086 4.51673674
v -3.27350945 -2.16545802 4.51964690
v -3.35139183 -2.26889872 4.76475401
v -3.36600395 -2.27301203 4.75809355
v -3.36402916 -2.28722071 4.74978697
v -3.34819664 -2.29188883 4.75131315
v -3.34038628 -2.28056529 4.76056333
v -3.35139183 -2.26889872 4.76475401
v -3.46338951 -2.48869135 4.94665647
v -3.47350731 -2.49020777 4.94022855
v -3.47242638 -2.50046015 4.93392759
v -3.46164055 -2.50528010 4.93646116
v -3.45605553 -2.49800654 4.94432798
v -3.46338951 -2.48869135 4.94665647
v -3.53208610 -2.58096704 5.14834744
v -3.53702171 -2.58255335 5.14756375
v -3.53695732 -2.58774378 5.14682584
v -3.53198204 -2.58936548 5.14715298
v -3.52897148 -2.58517694 5.14809354
v -3.53208610 -2.58096704 5.14834744
v -3.59083763 -2.67540369 5.35731961
v -3.59083763 -2.67540369 5.35731961
v -3.59083763 -2.67540369 5.35731961
v -0.17580200 1.04617551 6.40240686
v -0.17550619 0.96400884 6.39289148
v -0.19169019 1.04101156 6.41972864
v -0.19309049 0.95607366 6.41142908
v -0.17969259 0.94273771 6.43036218
v -0.17943969 1.03342825 6.43770105
v -0.15598030 1.03390371 6.43148706
v -0.15382780 0.94243101 6.42352625
v -0.15124050 0.95557737 6.40036829
v -0.15373220 1.04178121 6.40967432
v -0.17580200 1.04617551 6.40240686
v -0.17550619 0.96400884 6.39289148
v -0.17523269 1.20032170 6.42313501
v -0.18871650 1.19998090 6.43883203
v -0.17809799 1.20246625 6.45565637
v -0.15805159 1.20434117 6.45035730
v -0.15628080 1.20301488 6.43025720
v -0.17523269 1.20032170 6.42313501
v -0.13582329 1.52596905 6.57495447
v -0.15069009 1.51517956 6.58167810
v -0.14341429 1.49819302 6.58809289
v -0.12405090 1.49848416 6.58533472
v -0.11935940 1.51565075 6.57721460
v -0.13582329 1.52596905 6.57495447
v 0.05678540 1.62001354 7.11575096
v 0.04981720 1.61473828 7.12080712
v 0.05409390 1.60616101 7.12398338
v 0.06370530 1.60613507 7.12089012
v 0.06536870 1.61469647 7.11580223
v 0.05678540 1.62001354 7.11575096
v 0.23277149 1.78754314 7.55820640
v 0.22790630 1.78404018 7.55931052
v 0.22951539 1.77823452 7.55838157
v 0.23537490 1.77814907 7.55670310
v 0.23738729 1.78390224 7.55659446
v 0.23277149 1.78754314 7.55820640
v 0.34537238 1.72136761 8.00312765
v 0.34537238 1.72136761 8.00312765
v 0.34537238 1.72136761 8.00312765
v -0.18461000 1.00810369 6.48461816
v -0.16649709 0.94755995 6.43437586
v -0.16966999 1.02180555 6.47267481
v -0.15001629 0.96253546 6.42116419
v -0.16277750 0.97265501 6.40103479
v -0.18146570 1.03167120 6.45492517
v -0.20369569 1.02406644 6.45589807
v -0.18714519 0.96393369 6.40180628
v -0.18944400 0.94842405 6.42241236
v -0.20563900 1.00950086 6.47424951
v -0.18461000 1.00810369 6.48461816
v -0.16649709 0.94755995 6.43437586
v -0.21900920 1.12243474 6.57966577
v -0.20627069 1.13438230 6.56956750
v -0.21678060 1.14416929 6.55543664
v -0.23601459 1.13827024 6.55680200
v -0.23739200 1.12483747 6.57177637
v -0.21900920 1.12243474 6.57966577
v -0.33986289 1.42824612 6.65064721
v -0.32469951 1.43251080 6.64014673
v -0.33020778 1.43354199 6.62206445
v -0.34877570 1.42991437 6.62138940
v -0.35474288 1.42664136 6.63905420
v -0.33986289 1.42824612 6.65064721
v -0.51738707 1.77690319 6.93196190
v -0.51240260 1.78462032 6.92863244
v -0.51849829 1.79007427 6.92328637
v -0.52725020 1.78572811 6.92331200
v -0.52656340 1.77758785 6.92867394
v -0.51738707 1.77690319 6.93196190
v -0.68482130 2.02051860 7.22370750
v -0.68126402 2.02446910 7.22114952
v -0.68403448 2.02661250 7.21640282
v -0.68930411 2.02398662 7.21602684
v -0.68979025 2.02022060 7.22054161
v -0.68482130 2.02051860 7.22370750
v -0.79861937 2.20380626 7.54587730
v -0.79861937 2.20380626 7.54587730
v -0.79861937 2.20380626 7.54587730
v -0.13290769 -0.28279079 6.26412928
v -0.12637550 -0.24114379 6.20659571
v -0.15007490 -0.27082519 6.27019983
v -0.14631469 -0.22956380 6.21410425
v -0.16419649 -0.24584169 6.21592432
v -0.16686470 -0.28307239 6.26838831
v -0.16007440 -0.30260909 6.26120142
v -0.15530890 -0.26748199 6.20954066
v -0.13193420 -0.26457849 6.20377528
v -0.13908749 -0.30243209 6.25856592
v -0.13290769 -0.28279079 6.26412928
v -0.12637550 -0.24114379 6.20659571
v -0.14209670 -0.35830249 6.37447229
v -0.15529959 -0.34549300 6.37806726
v -0.17042980 -0.35099788 6.36960535
v -0.16657810 -0.36721160 6.36078211
v -0.14906689 -0.37172309 6.36378626
v -0.14209670 -0.35830249 6.37447229
v -0.21610879 -0.48984969 6.58133020
v -0.23000839 -0.48389090 6.59047998
v -0.24401809 -0.49377608 6.58618677
v -0.23877700 -0.50584418 6.57438379
v -0.22152809 -0.50341750 6.57138208
v -0.21610879 -0.48984969 6.58133020
v -0.11508030 -0.59262087 6.90425500
v -0.12595070 -0.58613928 6.90818322
v -0.13632980 -0.59126418 6.90173180
v -0.13187400 -0.60091307 6.89381676
v -0.11874110 -0.60175158 6.89537621
v -0.11508030 -0.59262087 6.90425500
v -0.26947460 -0.72789419 7.12273277
v -0.27251119 -0.72327147 7.12212303
v -0.27665889 -0.72439291 7.11858727
v -0.27618579 -0.72970862 7.11701195
v -0.27174569 -0.73187262 7.11957421
v -0.26947460 -0.72789419 7.12273277
v -0.32604598 -0.83178724 7.37788841
v -0.32604598 -0.83178724 7.37788841
v -0.32604598 -0.83178724 7.37788841
v -0.13675000 -0.22799959 6.26486963
v -0.16134250 -0.25789009 6.22045618
v -0.11841730 -0.23851839 6.26428858
v -0.14074390 -0.26894470 6.22096094
v -0.12402509 -0.25329109 6.21624781
v -0.10444090 -0.22580799 6.25677210
v -0.11413540 -0.20743330 6.25270899
v -0.13429100 -0.23256200 6.21283045
v -0.15735440 -0.23540430 6.21543116
v -0.13410450 -0.20878910 6.25771143
v -0.13675000 -0.22799959 6.26486963
v -0.16134250 -0.25789009 6.22045618
v -0.09251429 -0.17300489 6.35195642
v -0.07758780 -0.18300911 6.34944849
v -0.06812080 -0.17526729 6.33670496
v -0.07719610 -0.16047779 6.33133814
v -0.09227310 -0.15908100 6.34076197
v -0.09251429 -0.17300489 6.35195642
v -0.08964670 -0.08361470 6.59544641
v -0.07533460 -0.08866259 6.60336084
v -0.06574740 -0.07479320 6.60630823
v -0.07413440 -0.06117370 6.60021509
v -0.08890500 -0.06662570 6.59350244
v -0.08964670 -0.08361470 6.59544641
v -0.11857569 -0.02565870 6.88572472
v -0.10764620 -0.03102600 6.88300927
v -0.10070570 -0.02271740 6.87680993
v -0.10734580 -0.01221510 6.87569360
v -0.11839010 -0.01403290 6.88120324
v -0.11857569 -0.02565870 6.88572472
v 0.00771350 0.08437540 7.04950768
v 0.01276800 0.08258540 7.04876183
v 0.01558620 0.08650490 7.04631188
v 0.01227350 0.09071720 7.04554345
v 0.00740780 0.08940110 7.04751854
v 0.00771350 0.08437540 7.04950768
v 0.03379520 0.12180130 7.27079429
v 0.03379520 0.12180130 7.27079429
v 0.03379520 0.12180130 7.27079429
v -3.54350120 0.45657809 5.25097378
v -3.46020378 0.46027678 5.21954007
v -3.53711754 0.44160621 5.26813199
v -3.45334099 0.44377547 5.23846219
v -3.44614342 0.45781810 5.25916104
v -3.53095146 0.45436438 5.28705410
v -3.53352379 0.47722117 5.28159146
v -3.44855766 0.48299830 5.25303128
v -3.45724754 0.48451777 5.22854397
v -3.54127983 0.47858939 5.25929287
v -3.54350120 0.45657809 5.25097378
v -3.46020378 0.46027678 5.21954007
v -3.70035392 0.44971648 5.30921353
v -3.69458518 0.43691749 5.32384610
v -3.69002372 0.44784648 5.34029812
v -3.69297355 0.46740008 5.33583462
v -3.69935783 0.46855578 5.31662320
v -3.70035392 0.44971648 5.30921353
v -4.04148367 0.39365871 5.26535245
v -4.03813590 0.38344768 5.28105740
v -4.04300833 0.39403171 5.29610318
v -4.04936759 0.41078399 5.28969632
v -4.04842520 0.41055350 5.27069180
v -4.04148367 0.39365871 5.26535245
v -4.32063101 0.49933070 5.69944118
v -4.31332357 0.49319068 5.70176174
v -4.30483755 0.49800448 5.70062404
v -4.30690023 0.50711959 5.69760036
v -4.31666098 0.50793917 5.69686916
v -4.32063101 0.49933070 5.69944118
v -4.46482900 0.62138030 6.08005396
v -4.46060964 0.61837039 6.08293604
v -4.45650960 0.62224940 6.08475489
v -4.45819479 0.62765669 6.08299708
v -4.46333639 0.62711958 6.08009181
v -4.46482900 0.62138030 6.08005396
v -4.53109701 0.72499136 6.50227197
v -4.53109701 0.72499136 6.50227197
v -4.53109701 0.72499136 6.50227197
v -3.49334343 0.45269679 5.32622342
v -3.45384361 0.46952411 5.26247586
v -3.50800499 0.46505267 5.31444668
v -3.46813438 0.48371409 5.24734585
v -3.47217857 0.47080359 5.22609830
v -3.51485252 0.45226840 5.29871426
v -3.50442100 0.43201240 5.30076382
v -3.46038689 0.44863448 5.22809659
v -3.44905540 0.44784369 5.25057889
v -3.49112724 0.43227729 5.31776516
v -3.49334343 0.45269679 5.32622342
v -3.45384361 0.46952411 5.26247586
v -3.57028862 0.41967608 5.44345486
v -3.58607750 0.42917838 5.43738796
v -3.59797081 0.41612628 5.43117031
v -3.58953056 0.39855830 5.43339016
v -3.57242118 0.40075240 5.44098232
v -3.57028862 0.41967608 5.44345486
v -3.69389701 0.31593240 5.78925197
v -3.70743247 0.32638400 5.78241664
v -3.71714408 0.31611379 5.77061061
v -3.70961082 0.29931480 5.77015041
v -3.69524345 0.29920270 5.78167079
v -3.69389701 0.31593240 5.78925197
v -3.91464286 0.09774440 6.06386195
v -3.92735801 0.10239760 6.06281459
v -3.93502280 0.09251139 6.05752894
v -3.92704490 0.08174800 6.05530970
v -3.91444938 0.08498220 6.05922389
v -3.91464286 0.09774440 6.06386195
v -3.95168936 -0.00990040 6.37799097
v -3.95725272 -0.00849320 6.37789453
v -3.96025748 -0.01322330 6.37665613
v -3.95655143 -0.01755410 6.37598658
v -3.95125602 -0.01550040 6.37681116
v -3.95168936 -0.00990040 6.37799097
v -4.02406149 -0.11578230 6.68868737
v -4.02406149 -0.11578230 6.68868737
v -4.02406149 -0.11578230 6.68868737
v -2.92061212 1.19760068 5.43245510
v -2.88408654 1.15391111 5.41952725
v -2.92237481 1.18489995 5.44910610
v -2.88423181 1.13789937 5.43685146
v -2.86494623 1.14123388 5.45002224
v -2.90637750 1.18965345 5.46193997
v -2.89472528 1.20528989 5.45321926
v -2.85288171 1.15930639 5.44083767
v -2.86471093 1.16714124 5.42199124
v -2.90352319 1.21020185 5.43499783
v -2.92061212 1.19760068 5.43245510
v -2.88408654 1.15391111 5.41952725
v -2.99021996 1.28056058 5.45962917
v -2.99500176 1.27339894 5.47557766
v -2.98433312 1.28093839 5.48816311
v -2.97295587 1.29275769 5.47999355
v -2.97659417 1.29252469 5.46235806
v -2.99021996 1.28056058 5.45962917
v -3.08213372 1.50934491 5.67363063
v -3.08304589 1.49459240 5.68255886
v -3.06712640 1.48798169 5.68358242
v -3.05637536 1.49864850 5.67528713
v -3.06565026 1.51185177 5.66913601
v -3.08213372 1.50934491 5.67363063
v -3.13568047 1.68763287 5.92982570
v -3.13720757 1.67844570 5.93829188
v -3.12797906 1.67941876 5.94679469
v -3.12074853 1.68920757 5.94358424
v -3.12550805 1.69428402 5.93309657
v -3.13568047 1.68763287 5.92982570
v -3.13986504 1.78838619 6.17720301
v -3.14002312 1.78301861 6.17820094
v -3.13523339 1.78087780 6.17668238
v -3.13211480 1.78492214 6.17474635
v -3.13497735 1.78956264 6.17506800
v -3.13986504 1.78838619 6.17720301
v -3.05214745 1.79850567 6.41581140
v -3.05214745 1.79850567 6.41581140
v -3.05214745 1.79850567 6.41581140
v -2.90649347 1.15950139 5.48476650
v -2.86046747 1.15280240 5.45166226
v -2.91044213 1.17692075 5.47438198
v -2.86494043 1.17177511 5.43993679
v -2.88177484 1.16721021 5.42533535
v -2.92437829 1.17277280 5.46001309
v -2.92904321 1.15278989 5.46151699
v -2.88770654 1.14541616 5.42803616
v -2.87453759 1.13651166 5.44430691
v -2.91799005 1.14458761 5.47681545
v -2.90649347 1.15950139 5.48476650
v -2.86046747 1.15280240 5.45166226
v -2.99351037 1.17349904 5.54970547
v -2.99677087 1.18872411 5.54126736
v -3.00604180 1.18507879 5.52679653
v -3.00851129 1.16760114 5.52629238
v -3.00076714 1.16044454 5.54045132
v -2.99351037 1.17349904 5.54970547
v -3.21443963 1.20602170 5.59202480
v -3.21536766 1.22049314 5.58384121
v -3.22070610 1.21733335 5.56838894
v -3.22307763 1.20090894 5.56702236
v -3.21920495 1.19391790 5.58162990
v -3.21443963 1.20602170 5.59202480
v -3.36604454 1.24222669 5.84183437
v -3.36881706 1.25248456 5.83597011
v -3.37856590 1.25034085 5.82906703
v -3.38181908 1.23875814 5.83066493
v -3.37408043 1.23374333 5.83855495
v -3.36604454 1.24222669 5.84183437
v -3.58164054 1.28782468 5.99249781
v -3.58226341 1.29218564 5.98961085
v -3.58407432 1.29075818 5.98487574
v -3.58457023 1.28551511 5.98483607
v -3.58306633 1.28370221 5.98954676
v -3.58164054 1.28782468 5.99249781
v -3.74180412 1.31683530 6.15108912
v -3.74180412 1.31683530 6.15108912
v -3.74180412 1.31683530 6.15108912
v 1.75104427 -1.37555432 5.46420132
v 1.77914821 -1.32939069 5.38841824
v 1.75618313 -1.35783292 5.47616299
v 1.78326626 -1.31019116 5.40306973
v 1.76294262 -1.30614514 5.41613980
v 1.73849850 -1.35086255 5.48419399
v 1.72242916 -1.36427731 5.47719753
v 1.74626385 -1.32284390 5.40956570
v 1.75627956 -1.33721051 5.39243313
v 1.73018444 -1.37953488 5.46483791
v 1.75104427 -1.37555432 5.46420132
v 1.77914821 -1.32939069 5.38841824
v 1.70395962 -1.46287106 5.60457302
v 1.71070599 -1.44695111 5.61224819
v 1.69736324 -1.43472088 5.61136623
v 1.68236996 -1.44308377 5.60314785
v 1.68644833 -1.46047848 5.59894436
v 1.70395962 -1.46287106 5.60457302
v 1.61491223 -1.65800228 5.91356349
v 1.61732327 -1.65048382 5.92958095
v 1.60148556 -1.64458233 5.93534694
v 1.58928646 -1.64845348 5.92289332
v 1.59758465 -1.65674755 5.90943019
v 1.61491223 -1.65800228 5.91356349
v 1.63610653 -1.97744762 6.19554530
v 1.63742916 -1.96814922 6.20508631
v 1.62660687 -1.96027538 6.20471888
v 1.61859570 -1.96470775 6.19495020
v 1.62446682 -1.97532085 6.18928065
v 1.63610653 -1.97744762 6.19554530
v 1.45621991 -2.06706584 6.52982446
v 1.45943661 -2.06016734 6.53238550
v 1.45385464 -2.05443095 6.53172815
v 1.44718777 -2.05778423 6.52876001
v 1.44864956 -2.06559306 6.52758325
v 1.45621991 -2.06706584 6.52982446
v 1.36374081 -2.23977122 6.85648766
v 1.36374081 -2.23977122 6.85648766
v 1.36374081 -2.23977122 6.85648766
v 1.83156093 -1.32719815 5.44731594
v 1.75650646 -1.31716504 5.42149807
v 1.82991008 -1.34722440 5.44004299
v 1.75626949 -1.33942105 5.41332424
v 1.77450680 -1.34193311 5.39838162
v 1.84287029 -1.34886700 5.42435330
v 1.85253597 -1.32985669 5.42193142
v 1.78601497 -1.32122968 5.39732022
v 1.77489025 -1.30592221 5.41160732
v 1.84554241 -1.31646405 5.43612148
v 1.83156093 -1.32719815 5.44731594
v 1.75650646 -1.31716504 5.42149807
v 1.96966609 -1.34699094 5.49956142
v 1.96560924 -1.36380063 5.49341396
v 1.96941387 -1.36398846 5.47602627
v 1.97582729 -1.34729535 5.47142910
v 1.97597881 -1.33678967 5.48597317
v 1.96966609 -1.34699094 5.49956142
v 2.18557292 -1.34914349 5.67638881
v 2.19272380 -1.36357343 5.68266017
v 2.20867534 -1.36489789 5.67614223
v 2.21138285 -1.35128644 5.66584255
v 2.19710475 -1.34154965 5.66599514
v 2.18557292 -1.34914349 5.67638881
v 2.36882777 -1.26062444 6.04935389
v 2.37317316 -1.27281438 6.04999415
v 2.38084589 -1.27487279 6.03975795
v 2.38124247 -1.26395490 6.03279139
v 2.37381480 -1.25514897 6.03872218
v 2.36882777 -1.26062444 6.04935389
v 2.61857233 -1.22269971 6.30204371
v 2.61988428 -1.23031407 6.30288782
v 2.62716089 -1.23176847 6.30057520
v 2.63034632 -1.22505284 6.29830286
v 2.62503839 -1.21944806 6.29920984
v 2.61857233 -1.22269971 6.30204371
v 2.68414850 -1.11095884 6.61086206
v 2.68414850 -1.11095884 6.61086206
v 2.68414850 -1.11095884 6.61086206
v 0.79280249 -1.54348660 5.61652553
v 0.83113874 -1.54159878 5.56617031
v 0.80809378 -1.54165905 5.62953457
v 0.84771315 -1.53985028 5.58084499
v 0.84574759 -1.52026013 5.59111477
v 0.80779677 -1.52329846 5.63673916
v 0.79232115 -1.51377865 5.62818569
v 0.82795851 -1.50990124 5.58278713
v 0.81892965 -1.52308926 5.56737087
v 0.78305525 -1.52625576 5.61569118
v 0.79280249 -1.54348660 5.61652553
v 0.83113874 -1.54159878 5.56617031
v 0.71987776 -1.55027722 5.71131679
v 0.73345885 -1.54832669 5.72182277
v 0.73623656 -1.53163952 5.72378261
v 0.72437155 -1.52327740 5.71449001
v 0.71426230 -1.53479596 5.70678432
v 0.71987776 -1.55027722 5.71131679
v 0.55340499 -1.65112087 5.83067714
v 0.55946509 -1.65223446 5.84571864
v 0.55173457 -1.64141140 5.85506251
v 0.54089659 -1.63360912 5.84579616
v 0.54192889 -1.63960980 5.83072536
v 0.55340499 -1.65112087 5.83067714
v 0.34131240 -1.77208401 6.08312525
v 0.35218169 -1.76891872 6.08661830
v 0.35315810 -1.75717892 6.08535914
v 0.34289218 -1.75308864 6.08108790
v 0.33557109 -1.76230053 6.07970790
v 0.34131240 -1.77208401 6.08312525
v 0.20126249 -1.77806667 6.34395472
v 0.20663150 -1.77609463 6.34856165
v 0.20563650 -1.76903255 6.35031641
v 0.19965250 -1.76663982 6.34679407
v 0.19694910 -1.77222332 6.34286219
v 0.20126249 -1.77806667 6.34395472
v 0.07824420 -1.84039684 6.58140588
v 0.07824420 -1.84039684 6.58140588
v 0.07824420 -1.84039684 6.58140588
v 0.82572485 -1.54888287 5.63456691
v 0.83482496 -1.51606579 5.59358791
v 0.80858595 -1.55401348 5.62696560
v 0.81599325 -1.52144116 5.58492946
v 0.81897711 -1.53892193 5.57292934
v 0.81131109 -1.57005047 5.61632168
v 0.83013395 -1.57483151 5.61734401
v 0.83965277 -1.54435040 5.57417080
v 0.84944731 -1.53022458 5.58693874
v 0.83904242 -1.56174893 5.62862026
v 0.82572485 -1.54888287 5.63456691
v 0.83482496 -1.51606579 5.59358791
v 0.80815275 -1.61124233 5.71391628
v 0.79339201 -1.61610867 5.70792446
v 0.79573485 -1.63015087 5.69927639
v 0.81194365 -1.63396343 5.69992153
v 0.81961836 -1.62227734 5.70897060
v 0.80815275 -1.61124233 5.71391628
v 0.80145430 -1.64031918 5.95824305
v 0.78713186 -1.64657437 5.95842799
v 0.78865477 -1.66212978 5.95843165
v 0.80391852 -1.66548855 5.95824977
v 0.81182898 -1.65200878 5.95813319
v 0.80145430 -1.64031918 5.95824305
v 0.78125448 -1.76515621 6.21334437
v 0.77079626 -1.76850765 6.20951075
v 0.77227865 -1.77782345 6.20270472
v 0.78365317 -1.78022945 6.20233179
v 0.78920050 -1.77240063 6.20890772
v 0.78125448 -1.76515621 6.21334437
v 0.78410742 -1.81230053 6.44358301
v 0.77770552 -1.81525875 6.44474451
v 0.77867819 -1.82224331 6.44590723
v 0.78568106 -1.82360195 6.44546411
v 0.78903647 -1.81745693 6.44402796
v 0.78410742 -1.81230053 6.44358301
v 0.79735685 -1.82965130 6.68539941
v 0.79735685 -1.82965130 6.68539941
v 0.79735685 -1.82965130 6.68539941
v 2.20219371 0.77894385 5.30194363
v 2.13347117 0.79743261 5.25705227
v 2.18895335 0.78870237 5.31541043
v 2.11721934 0.80940855 5.26969815
v 2.10265422 0.79354101 5.27987332
v 2.17749858 0.77344961 5.32503567
v 2.18365657 0.75426497 5.31751553
v 2.10990443 0.77175825 5.27351651
v 2.12895030 0.77416342 5.25941189
v 2.19892039 0.75766020 5.30324551
v 2.20219371 0.77894385 5.30194363
v 2.13347117 0.79743261 5.25705227
v 2.32971003 0.74583281 5.38759976
v 2.32169535 0.75220251 5.40283962
v 2.31525187 0.73766905 5.41206753
v 2.31928141 0.72231795 5.40252896
v 2.32821848 0.72736296 5.38740872
v 2.32971003 0.74583281 5.38759976
v 2.67159448 0.75524977 5.52553371
v 2.66722254 0.76348799 5.54017971
v 2.65909754 0.75213362 5.55050259
v 2.65844812 0.73687796 5.54223598
v 2.66617151 0.73880385 5.52680447
v 2.67159448 0.75524977 5.52553371
v 2.83765252 0.65858328 5.91427211
v 2.82869684 0.66418570 5.92187953
v 2.81793664 0.65686995 5.92148341
v 2.82024194 0.64674620 5.91363124
v 2.83242700 0.64780509 5.90917445
v 2.83765252 0.65858328 5.91427211
v 3.04176873 0.59149977 6.21562098
v 3.03601373 0.59470019 6.21981776
v 3.03182244 0.58891539 6.22297205
v 3.03498742 0.58213969 6.22072413
v 3.04113427 0.58373698 6.21618128
v 3.04176873 0.59149977 6.21562098
v 3.15211907 0.49428618 6.55931177
v 3.15211907 0.49428618 6.55931177
v 3.15211907 0.49428618 6.55931177
v 2.10120479 0.80357351 5.35382901
v 2.10742702 0.78241018 5.28410794
v 2.11945979 0.79541151 5.35202481
v 2.12719813 0.77203001 5.27837674
v 2.13974986 0.78692419 5.26604336
v 2.13072291 0.81005667 5.34415799
v 2.11942943 0.82726889 5.34109646
v 2.12773616 0.80650961 5.26415249
v 2.10775966 0.80371985 5.27531704
v 2.10118648 0.82326231 5.34707486
v 2.10120479 0.80357351 5.35382901
v 2.10742702 0.78241018 5.28410794
v 2.09286662 0.84356695 5.48452358
v 2.10884654 0.83898825 5.48976833
v 2.11816432 0.85369505 5.48964321
v 2.10794337 0.86736219 5.48431789
v 2.09230846 0.86110296 5.48115383
v 2.09286662 0.84356695 5.48452358
v 2.02177516 0.94967611 5.83204616
v 2.03770168 0.94479681 5.83475063
v 2.04792354 0.95617216 5.82761684
v 2.03831447 0.96808195 5.82050380
v 2.02215404 0.96406721 5.82324123
v 2.02177516 0.94967611 5.83204616
v 2.12204722 1.15051168 6.15824061
v 2.13335444 1.14584745 6.15953700
v 2.14144969 1.15487058 6.15745387
v 2.13514567 1.16511129 6.15487086
v 2.12315425 1.16241735 6.15535731
v 2.12204722 1.15051168 6.15824061
v 2.01187969 1.20407857 6.47133508
v 2.01838496 1.20180730 6.47460108
v 2.02297084 1.20787130 6.47518518
v 2.01929973 1.21389020 6.47228052
v 2.01244502 1.21154615 6.46990137
v 2.01187969 1.20407857 6.47133508
v 2.00448680 1.31278195 6.79222314
v 2.00448680 1.31278195 6.79222314
v 2.00448680 1.31278195 6.79222314
v 1.61411038 -0.98090467 5.89310084
v 1.61908383 -0.92486677 5.88088039
v 1.62483776 -0.97521955 5.90797999
v 1.63129925 -0.91614904 5.89640346
v 1.61885937 -0.90285131 5.90800502
v 1.61304318 -0.96667738 5.91954555
v 1.59502606 -0.96708135 5.91181361
v 1.59895565 -0.90335050 5.89965236
v 1.59909451 -0.91695684 5.88288844
v 1.59568569 -0.97587347 5.89546962
v 1.61411038 -0.98090467 5.89310084
v 1.61908383 -0.92486677 5.88088039
v 1.60371411 -1.08649496 5.91881068
v 1.61224392 -1.08609510 5.93299159
v 1.60122952 -1.08581800 5.94483790
v 1.58589245 -1.08604475 5.93797694
v 1.58742840 -1.08646215 5.92189052
v 1.60371411 -1.08649496 5.91881068
v 1.55019818 -1.34263608 6.05860194
v 1.55976330 -1.33405454 6.06772547
v 1.55190106 -1.32117108 6.07226283
v 1.53747677 -1.32179028 6.06594325
v 1.53642422 -1.33505643 6.05750025
v 1.55019818 -1.34263608 6.05860194
v 1.44696316 -1.47215588 6.31122278
v 1.45348034 -1.46700024 6.31950037
v 1.44656384 -1.45969616 6.32553248
v 1.43577222 -1.46033780 6.32098291
v 1.43601895 -1.46803830 6.31213953
v 1.44696316 -1.47215588 6.31122278
v 1.40309338 -1.69392468 6.47427881
v 1.40718823 -1.68996853 6.47869653
v 1.40296155 -1.68505352 6.48184595
v 1.39625439 -1.68597225 6.47937463
v 1.39633588 -1.69145489 6.47469751
v 1.40309338 -1.69392468 6.47427881
v 1.32566342 -1.76161358 6.72552514
v 1.32566342 -1.76161358 6.72552514
v 1.32566342 -1.76161358 6.72552514
v 1.60990917 -0.92285055 5.95893886
v 1.60770794 -0.90712881 5.91124537
v 1.59909970 -0.93605261 5.95146937
v 1.59564465 -0.92067495 5.90102626
v 1.60774868 -0.93153425 5.88802516
v 1.61030819 -0.94722936 5.94234401
v 1.62804485 -0.94093405 5.94417140
v 1.62729260 -0.92469961 5.89020961
v 1.62726757 -0.90961614 5.90456019
v 1.62779812 -0.92586691 5.95442653
v 1.60990917 -0.92285055 5.95893886
v 1.60770794 -0.90712881 5.91124537
v 1.61474926 -0.95523802 6.04931361
v 1.60575482 -0.96822668 6.04657374
v 1.61574520 -0.98025488 6.04415736
v 1.63091412 -0.97469900 6.04540065
v 1.63029873 -0.95923734 6.04858668
v 1.61474926 -0.95523802 6.04931361
v 1.65563992 -1.08505880 6.22677210
v 1.64589184 -1.09318151 6.21840845
v 1.65298184 -1.09730321 6.20561426
v 1.66711193 -1.09172780 6.20607081
v 1.66875469 -1.08416036 6.21914698
v 1.65563992 -1.08505880 6.22677210
v 1.71789669 -1.24323674 6.44278772
v 1.71211987 -1.25296010 6.44279077
v 1.71958202 -1.26145879 6.44284998
v 1.72997082 -1.25698773 6.44288416
v 1.72892910 -1.24572606 6.44284570
v 1.71789669 -1.24323674 6.44278772
v 1.73025478 -1.25827565 6.69547082
v 1.72664700 -1.26417150 6.69475244
v 1.73112987 -1.26926114 6.69323877
v 1.73750820 -1.26651120 6.69302209
v 1.73696728 -1.25972180 6.69440210
v 1.73025478 -1.25827565 6.69547082
v 1.76427364 -1.31349042 6.92948205
v 1.76427364 -1.31349042 6.92948205
v 1.76427364 -1.31349042 6.92948205
v -0.33227531 0.97912519 5.79462856
v -0.29847429 0.94243009 5.73022792
v -0.32658828 0.96254637 5.80405055
v -0.29166709 0.92377722 5.73964748
v -0.27073049 0.92649801 5.74574977
v -0.30786769 0.96522184 5.81032741
v -0.30198428 0.98345411 5.80478420
v -0.26459810 0.94683241 5.74010280
v -0.28174470 0.95667898 5.73050991
v -0.31706908 0.99204679 5.79508144
v -0.33227531 0.97912519 5.79462856
v -0.29847429 0.94243009 5.73022792
v -0.39522319 1.04697515 5.91549525
v -0.39133189 1.03355421 5.92530055
v -0.37591060 1.03632871 5.93211085
v -0.37027080 1.05146390 5.92651454
v -0.38220668 1.05804388 5.91624537
v -0.39522319 1.04697515 5.91549525
v -0.34654830 1.16687986 6.22919825
v -0.34305019 1.15149160 6.23208094
v -0.32848861 1.14850416 6.22604945
v -0.32298721 1.16204610 6.21943934
v -0.33414870 1.17340284 6.22138514
v -0.34654830 1.16687986 6.22919825
v -0.36469730 1.36888516 6.61380517
v -0.36175040 1.36015942 6.62140222
v -0.35072139 1.36233624 6.62542199
v -0.34685210 1.37240704 6.62030908
v -0.35548968 1.37645459 6.61312951
v -0.36469730 1.36888516 6.61380517
v -0.38936519 1.55626492 6.97342614
v -0.38751399 1.54935559 6.97505211
v -0.38055907 1.54832043 6.97296227
v -0.37811198 1.55458996 6.97004357
v -0.38355449 1.55949993 6.97033043
v -0.38936519 1.55626492 6.97342614
v -0.30973899 1.67347118 7.31217613
v -0.30973899 1.67347118 7.31217613
v -0.30973899 1.67347118 7.31217613
v -0.30372510 0.92672727 5.81753261
v -0.26694860 0.93693815 5.74921962
v -0.31184440 0.94409445 5.81517848
v -0.27607650 0.95598547 5.74671840
v -0.29536840 0.95297231 5.73828578
v -0.32891650 0.94156225 5.80667568
v -0.33134849 0.92262991 5.80377528
v -0.29816369 0.93206281 5.73557521
v -0.28059930 0.92215307 5.74233241
v -0.31577939 0.91346151 5.81048488
v -0.30372510 0.92672727 5.81753261
v -0.26694860 0.93693815 5.74921962
v -0.37145408 0.90797239 5.94594447
v -0.37812640 0.92296095 5.94376735
v -0.39187678 0.92116148 5.93482631
v -0.39370288 0.90506056 5.93147792
v -0.38108100 0.89690931 5.93834865
v -0.37145408 0.90797239 5.94594447
v -0.63180148 0.87288870 6.17254908
v -0.63687399 0.88713888 6.16905116
v -0.64677977 0.88592077 6.15715907
v -0.64782942 0.87091764 6.15330714
v -0.63857230 0.86286345 6.16281886
v -0.63180148 0.87288870 6.17254908
v -0.70734381 0.78006918 6.52338281
v -0.71367071 0.78930678 6.52623499
v -0.72481589 0.78631216 6.52567468
v -0.72537718 0.77522375 6.52247644
v -0.71457877 0.77136542 6.52105981
v -0.70734381 0.78006918 6.52338281
v -0.81378645 0.69297697 6.83439233
v -0.81694349 0.69931685 6.83390405
v -0.82277731 0.69856245 6.82992944
v -0.82322561 0.69175635 6.82796105
v -0.81766897 0.68830428 6.83071923
v -0.81378645 0.69297697 6.83439233
v -0.88836119 0.60970210 7.14803551
v -0.88836119 0.60970210 7.14803551
v -0.88836119 0.60970210 7.14803551
v 1.38649838 1.49408123 5.79417751
v 1.36127484 1.49190777 5.73251064
v 1.37212033 1.49670086 5.80412318
v 1.34669324 1.49520504 5.74567409
v 1.34271039 1.47799923 5.75488674
v 1.36751324 1.48087735 5.81006618
v 1.37904279 1.46847821 5.80379237
v 1.35483060 1.46406796 5.74741664
v 1.36630399 1.47266400 5.73358791
v 1.39077649 1.47663861 5.79397365
v 1.38649838 1.49408123 5.79417751
v 1.36127484 1.49190777 5.73251064
v 1.43617657 1.49970791 5.90853602
v 1.42168912 1.50131299 5.91301051
v 1.41575986 1.48739270 5.91332606
v 1.42658169 1.47718411 5.90904506
v 1.43920010 1.48479519 5.90608424
v 1.43617657 1.49970791 5.90853602
v 1.46961224 1.46071255 6.14987025
v 1.45567029 1.46187100 6.15370326
v 1.45089886 1.44865491 6.15730555
v 1.46189206 1.43932858 6.15569972
v 1.47345746 1.44678052 6.15110438
v 1.46961224 1.46071255 6.14987025
v 1.61834118 1.56947995 6.42790979
v 1.60820812 1.56995785 6.43052637
v 1.60515637 1.56036343 6.43342249
v 1.61340328 1.55395565 6.43259546
v 1.62155194 1.55959011 6.42918848
v 1.61834118 1.56947995 6.42790979
v 1.64243206 1.52607785 6.71230371
v 1.63601422 1.52668194 6.71236047
v 1.63346203 1.52097042 6.71080468
v 1.63830242 1.51683667 6.70978601
v 1.64384609 1.51999325 6.71071252
v 1.64243206 1.52607785 6.71230371
v 1.68596355 1.52002911 6.96945885
v 1.68596355 1.52002911 6.96945885
v 1.68596355 1.52002911 6.96945885
v 1.38868100 1.51061795 5.78132961
v 1.35169247 1.47189221 5.75839870
v 1.40310330 1.50825375 5.77283351
v 1.36923779 1.47102398 5.75063136
v 1.37174725 1.48673230 5.73986659
v 1.40349194 1.52056454 5.76164028
v 1.38930829 1.53053555 5.76321620
v 1.35575269 1.49730847 5.74098049
v 1.34335812 1.48813687 5.75243434
v 1.38015515 1.52438855 5.77538539
v 1.38868100 1.51061795 5.78132961
v 1.35169247 1.47189221 5.75839870
v 1.45698392 1.58255337 5.82754298
v 1.46628201 1.57734402 5.81753871
v 1.46286389 1.58400280 5.80519130
v 1.45145138 1.59332577 5.80756252
v 1.44781781 1.59243054 5.82137660
v 1.45698392 1.58255337 5.82754298
v 1.60633373 1.71541042 5.95229823
v 1.61839703 1.71379086 5.94540614
v 1.62202801 1.72620113 5.94007350
v 1.61220883 1.73549068 5.94366908
v 1.60250912 1.72882153 5.95122462
v 1.60633373 1.71541042 5.95229823
v 1.70298321 1.74455974 6.20150355
v 1.71137493 1.74339657 6.19600123
v 1.71339886 1.75220791 6.19149378
v 1.70625805 1.75881679 6.19421107
v 1.69982082 1.75408993 6.20039698
v 1.70298321 1.74455974 6.20150355
v 1.82703365 1.85646816 6.36111048
v 1.83255108 1.85600582 6.35828516
v 1.83356136 1.86128780 6.35516748
v 1.82866832 1.86501445 6.35606592
v 1.82463390 1.86203579 6.35973902
v 1.82703365 1.85646816 6.36111048
v 1.88229992 1.87953502 6.57342920
v 1.88229992 1.87953502 6.57342920
v 1.88229992 1.87953502 6.57342920
v -1.62081280 -2.19731471 6.28303431
v -1.61945385 -2.19172648 6.29094324
v -1.62811932 -2.19050837 6.29530787
v -1.63483395 -2.19534373 6.29009668
v -1.63031826 -2.19955027 6.28251124
v -1.62081280 -2.19731471 6.28303431
v -1.70437634 -2.43344630 6.59697046
v -1.70271587 -2.42828745 6.59931299
v -1.70731014 -2.42459086 6.59902673
v -1.71181011 -2.42746500 6.59650720
v -1.70999676 -2.43293803 6.59523706
v -1.70437634 -2.43344630 6.59697046
v -1.72804073 -2.62941583 6.90199181
v -1.72804073 -2.62941583 6.90199181
v -1.72804073 -2.62941583 6.90199181
v -0.63619559 -1.76466915 6.53497644
v -0.63572077 -1.77029888 6.53606836
v -0.63028620 -1.77186397 6.53500635
v -0.62740218 -1.76720135 6.53325891
v -0.63105429 -1.76275463 6.53323999
v -0.63619559 -1.76466915 6.53497644
v -0.62560889 -1.59421566 6.90358483
v -0.62560889 -1.59421566 6.90358483
v -0.62560889 -1.59421566 6.90358483
v -4.15089865 -2.60735498 4.69461668
v -4.14874350 -2.60815912 4.69954344
v -4.15141165 -2.60500574 4.70307951
v -4.15521567 -2.60225275 4.70033781
v -4.15489889 -2.60370478 4.69510740
v -4.15089865 -2.60735498 4.69461668
v -4.32790579 -2.84971673 4.83676633
v -4.32790579 -2.84971673 4.83676633
v -4.32790579 -2.84971673 4.83676633
v -3.45427757 -2.44041453 5.21976041
v -3.45914635 -2.44149561 5.22137845
v -3.45915611 -2.44635233 5.22335354
v -3.45429375 -2.44827280 5.22295682
v -3.45127830 -2.44460306 5.22073575
v -3.45427757 -2.44041453 5.21976041
v -3.44797935 -2.43502161 5.50726406
v -3.44797935 -2.43502161 5.50726406
v -3.44797935 -2.43502161 5.50726406
v 0.00788470 1.83581279 6.86018884
v 0.00314660 1.83436321 6.86898644
v 0.01013530 1.83243114 6.87601342
v 0.01919270 1.83268657 6.87155846
v 0.01780170 1.83477642 6.86177819
v 0.00788470 1.83581279 6.86018884
v 0.02567480 2.20932246 6.98556176
v 0.02292590 2.20565318 6.98957909
v 0.02724150 2.20249919 6.99250939
v 0.03265760 2.20421946 6.99030358
v 0.03168930 2.20843638 6.98600914
v 0.02567480 2.20932246 6.98556176
v 0.07866200 2.39528727 7.28247398
v 0.07866200 2.39528727 7.28247398
v 0.07866200 2.39528727 7.28247398
v -0.46054370 1.54812252 6.99658410
v -0.45648288 1.55658230 6.99930932
v -0.46366290 1.56305081 7.00075463
v -0.47216121 1.55858883 6.99892296
v -0.47023330 1.54936261 6.99634484
v -0.46054370 1.54812252 6.99658410
v -0.56402808 1.54543637 7.32904075
v -0.56069529 1.55027569 7.32851463
v -0.56385649 1.55436596 7.32567161
v -0.56914298 1.55205441 7.32444114
v -0.56924910 1.54653561 7.32652366
v -0.56402808 1.54543637 7.32904075
v -0.64957442 1.58085430 7.65802756
v -0.64957442 1.58085430 7.65802756
v -0.64957442 1.58085430 7.65802756
v -0.07005210 -0.57666159 6.89774560
v -0.07868560 -0.57346259 6.90727624
v -0.08753010 -0.58328219 6.90825402
v -0.08436290 -0.59255000 6.89932763
v -0.07356090 -0.58845828 6.89283288
v -0.07005210 -0.57666159 6.89774560
v -0.02619130 -0.71356078 7.17938438
v -0.03070270 -0.71046942 7.18040978
v -0.03519430 -0.71356535 7.17931358
v -0.03345890 -0.71857016 7.17761009
v -0.02789470 -0.71856741 7.17765343
v -0.02619130 -0.71356078 7.17938438
v 0.08827790 -0.78869391 7.44378990
v 0.08827790 -0.78869391 7.44378990
v 0.08827790 -0.78869391 7.44378990
v -0.14998780 0.03466970 7.16330467
v -0.14538570 0.03320020 7.16574791
v -0.14263910 0.03769800 7.16698692
v -0.14554370 0.04194730 7.16530907
v -0.15008540 0.04007560 7.16303307
v -0.14998780 0.03466970 7.16330467
v -0.29703239 -0.00906160 7.40568077
v -0.29703239 -0.00906160 7.40568077
v -0.29703239 -0.00906160 7.40568077
v -4.49950613 0.38213290 5.42555874
v -4.49530141 0.37677329 5.43263516
v -4.49126760 0.38294479 5.43912563
v -4.49297964 0.39211841 5.43606045
v -4.49807119 0.39161670 5.42767544
v -4.49950613 0.38213290 5.42555874
v -4.88028645 0.34382140 5.54880337
v -4.87811238 0.34105209 5.55357509
v -4.87879353 0.34464168 5.55824612
v -4.88138875 0.34962959 5.55636074
v -4.88231160 0.34912257 5.55052517
v -4.88028645 0.34382140 5.54880337
v -5.16271229 0.24586589 5.75434719
v -5.16271229 0.24586589 5.75434719
v -5.16271229 0.24586589 5.75434719
v -3.71349235 0.11891570 6.40881128
v -3.71857505 0.12006530 6.41121607
v -3.72088279 0.11510250 6.41294336
v -3.71722648 0.11088580 6.41160608
v -3.71265891 0.11324239 6.40905237
v -3.71349235 0.11891570 6.40881128
v -3.64591819 0.06262260 6.80291345
v -3.64591819 0.06262260 6.80291345
v -3.64591819 0.06262260 6.80291345
v -3.35378075 1.90941021 6.05071620
v -3.35430626 1.90532894 6.05430751
v -3.34978233 1.90517681 6.05736415
v -3.34646050 1.90916408 6.05566127
v -3.34893181 1.91178051 6.05155299
v -3.35378075 1.90941021 6.05071620
v -3.46038444 2.06968059 6.31628077
v -3.46038444 2.06968059 6.31628077
v -3.46038444 2.06968059 6.31628077
v -3.35434258 1.23668080 5.86097011
v -3.35858086 1.24802327 5.86179225
v -3.37045158 1.24742246 5.86424464
v -3.37354973 1.23570867 5.86493861
v -3.36359367 1.22906995 5.86291408
v -3.35434258 1.23668080 5.86097011
v -3.42013634 1.23702024 6.14196070
v -3.42172630 1.24198545 6.14121485
v -3.42636986 1.24185201 6.13873377
v -3.42764976 1.23680425 6.13794642
v -3.42379723 1.23381818 6.13994105
v -3.42013634 1.23702024 6.14196070
v -3.45515587 1.22551778 6.40726587
v -3.45515587 1.22551778 6.40726587
v -3.45515587 1.22551778 6.40726587
v -0.50868068 -0.07018770 1.77309437
v -0.48913817 -0.07025680 1.76276570
v -0.57159709 -0.04257500 1.88179020
v -0.57325930 -0.04698430 1.89041310
v -0.64135367 0.02060640 1.92646122
v -0.62653937 0.02663690 1.91216603
v -0.62740050 0.10506180 1.85938054
v -0.63335249 0.10483470 1.86886555
v -0.57785060 0.14614710 1.74560048
v -0.59006518 0.13976650 1.75042836
v -0.54889640 0.09290690 1.60688130
v -0.52547858 0.09476260 1.56703420
v -0.47954600 0.00721310 1.48847356
v -0.50922290 0.01002950 1.54749410
v -0.49161528 -0.05721150 1.61617559
v -0.46310859 -0.06068000 1.56930806
v -0.48913817 -0.07025680 1.76276570
v -0.50868068 -0.07018770 1.77309437
v -0.54250590 -0.06906690 1.79004658
v -0.58370120 -0.03748990 1.88155873
v -0.62428950 0.03110650 1.90590779
v -0.63103728 0.10195639 1.85721653
v -0.61091399 0.12891430 1.76144292
v -0.58417678 0.08456040 1.64681676
v -0.55391780 0.00689080 1.60339971
v -0.53602359 -0.05653460 1.66261418
v -0.54250590 -0.06906690 1.79004658
v -0.57084571 -0.06800490 1.80457677
v -0.59660430 -0.03379900 1.88442967
v -0.62672370 0.03374250 1.90429280
v -0.63669989 0.09886960 1.85823338
v -0.62841708 0.12016320 1.77146626
v -0.61285670 0.07696300 1.67536214
v -0.59019148 0.00303290 1.64225667
v -0.57234111 -0.05686750 1.69569661
v -0.57084571 -0.06800490 1.80457677
v -0.61552710 -0.06633700 1.82870015
v -0.61938128 -0.02866810 1.89232090
v -0.63438109 0.03690540 1.90535588
v -0.64801772 0.09387359 1.86270741
v -0.65621115 0.10723719 1.78853764
v -0.65746558 0.06508940 1.71685521
v -0.64645300 -0.00366750 1.69749791
v -0.62885348 -0.05803270 1.74378026
v -0.61552710 -0.06633700 1.82870015
v -0.66506911 -0.06475620 1.85884587
v -0.64721198 -0.02413230 1.90614415
v -0.64694441 0.03932480 1.91129231
v -0.66329108 0.08887620 1.87156453
v -0.68761832 0.09512600 1.81010289
v -0.70666182 0.05348710 1.76100652
v -0.70809271 -0.01069340 1.75468266
v -0.69080855 -0.05965470 1.79519459
v -0.66506911 -0.06475620 1.85884587
v -0.86661528 -0.01114110 1.96563877
v -0.82975164 0.02664330 1.99973606
v -0.80566351 0.08415000 1.99186650
v -0.80846075 0.12769230 1.94664006
v -0.83650541 0.13176380 1.89054966
v -0.87336889 0.09397950 1.85645237
v -0.89745718 0.03647280 1.86432194
v -0.89465979 -0.00706960 1.90954853
v -0.86661528 -0.01114110 1.96563877
v -1.01716207 0.05055800 1.98251530
v -0.99288419 0.09331839 2.02036656
v -0.97826307 0.15339030 2.01505924
v -0.98186361 0.19558450 1.96970204
v -1.00157636 0.19518419 1.91086476
v -1.02585416 0.15242380 1.87301335
v -1.04047529 0.09235190 1.87832081
v -1.03687498 0.05015770 1.92367802
v -1.01716207 0.05055800 1.98251530
v -1.18278096 0.03049390 2.01548771
v -1.17921705 0.06970320 2.06216068
v -1.19673078 0.12745310 2.07146992
v -1.22506284 0.16991439 2.03796208
v -1.24761670 0.17221380 1.98126576
v -1.25118054 0.13300450 1.93459278
v -1.23366674 0.07525470 1.92528355
v -1.20533490 0.03279340 1.95879139
v -1.18278096 0.03049390 2.01548771
v -1.35354565 -0.10727420 2.12481769
v -1.35084500 -0.07035650 2.17136753
v -1.38254575 -0.02353450 2.18980289
v -1.43007840 0.00576400 2.16932453
v -1.46559842 0.00037650 2.12192829
v -1.46829922 -0.03654130 2.07537846
v -1.43659833 -0.08336320 2.05694309
v -1.38906583 -0.11266180 2.07742161
v -1.35354565 -0.10727420 2.12481769
v -1.55281720 -0.29441989 2.27476032
v -1.58049862 -0.21857519 2.33579090
v -1.64855801 -0.18828519 2.26727909
v -1.62087643 -0.26412990 2.20624851
v -1.55281720 -0.29441989 2.27476032
v -1.94671504 -0.25260129 2.44711108
v -1.91487453 -0.17822149 2.47146869
v -1.91713161 -0.15106370 2.39148868
v -1.94897243 -0.22544349 2.36713107
v -1.94671504 -0.25260129 2.44711108
v -2.27905116 -0.05622990 2.48526095
v -2.24537959 0.00172440 2.50362491
v -2.22472163 0.01056060 2.43786105
v -2.25839320 -0.04739360 2.41949680
v -2.27905116 -0.05622990 2.48526095
v -2.48823023 0.12337690 2.39909793
v -2.45835261 0.16714950 2.41479282
v -2.44743983 0.17868349 2.36185031
v -2.47731714 0.13491090 2.34615543
v -2.48823023 0.12337690 2.39909793
v -2.71516107 0.24846919 2.32720584
v -2.69877954 0.28870389 2.34085895
v -2.70818323 0.30640729 2.29997180
v -2.72456506 0.26617259 2.28631870
v -2.71516107 0.24846919 2.32720584
v -2.95710260 0.26632270 2.37845737
v -2.95423089 0.30038070 2.39236453
v -2.96567285 0.31446519 2.36023502
v -2.96854455 0.28040719 2.34632770
v -2.95710260 0.26632270 2.37845737
v -3.16594231 0.30024320 2.50895083
v -3.16594231 0.30024320 2.50895083
v -0.49905391 -0.00405910 2.44115237
v -0.49826739 0.01734690 2.43448688
v -0.54747348 -0.03592730 2.54312198
v -0.54713538 -0.02889410 2.55513827
v -0.62471648 -0.07542450 2.58670291
v -0.62424910 -0.07218740 2.56808749
v -0.69073462 -0.07096390 2.50225543
v -0.69481688 -0.06492090 2.51196216
v -0.70642302 -0.04268530 2.38190463
v -0.70117262 -0.05978340 2.38912845
v -0.62732977 -0.07167790 2.25291370
v -0.62041979 -0.06035020 2.21122410
v -0.52101958 -0.05705080 2.15289371
v -0.53562308 -0.06507250 2.20966785
v -0.48336978 -0.03298300 2.28607532
v -0.47170878 -0.01891080 2.24309147
v -0.49826739 0.01734690 2.43448688
v -0.49905391 -0.00405910 2.44115237
v -0.50286998 -0.03851690 2.45429187
v -0.54987750 -0.05735240 2.53975741
v -0.62352797 -0.08335140 2.55884204
v -0.68486555 -0.08748530 2.50083819
v -0.69344015 -0.08514270 2.40301257
v -0.62955840 -0.09537750 2.29482944
v -0.54601088 -0.08917869 2.26370060
v -0.49411860 -0.06291200 2.32871005
v -0.50286998 -0.03851690 2.45429187
v -0.50649070 -0.06699830 2.46600284
v -0.55222911 -0.07704910 2.54056430
v -0.62304938 -0.09582269 2.55567569
v -0.68040167 -0.10251330 2.50274112
v -0.68750975 -0.10575120 2.41509402
v -0.62989520 -0.11618270 2.32455463
v -0.55212199 -0.11145560 2.30105060
v -0.50141639 -0.08916710 2.35890277
v -0.50649070 -0.06699830 2.46600284
v -0.51251880 -0.11172750 2.48584216
v -0.55623851 -0.10971679 2.54580020
v -0.62260958 -0.11828230 2.55536166
v -0.67419638 -0.12737899 2.50893939
v -0.67919882 -0.13794560 2.43489978
v -0.62956908 -0.15018269 2.36700717
v -0.55975657 -0.14877470 2.35339603
v -0.51147620 -0.13188470 2.40224597
v -0.51251880 -0.11172750 2.48584216
v -0.51941790 -0.16151739 2.51102206
v -0.56101290 -0.14781749 2.55755023
v -0.62292029 -0.14625889 2.56142703
v -0.66918501 -0.15648030 2.52027804
v -0.67234991 -0.17393159 2.45848621
v -0.62941927 -0.18997449 2.41018069
v -0.56675208 -0.19330869 2.40550800
v -0.52123320 -0.18129659 2.44718784
v -0.51941790 -0.16151739 2.51102206
v -0.53398879 -0.33045558 2.58301822
v -0.57491290 -0.31884609 2.62536654
v -0.63489668 -0.31890889 2.62757724
v -0.67880248 -0.33060729 2.58835513
v -0.68091086 -0.34708850 2.53067630
v -0.63998690 -0.35869807 2.48832797
v -0.58000308 -0.35863528 2.48611743
v -0.53609717 -0.34693679 2.52533954
v -0.53398879 -0.33045558 2.58301822
v -0.47939620 -0.46126910 2.59316317
v -0.51853370 -0.45930987 2.63775424
v -0.57212107 -0.48286139 2.64763674
v -0.60876750 -0.51812758 2.61702182
v -0.60700598 -0.54444998 2.56384311
v -0.56786849 -0.54640918 2.51925235
v -0.51428119 -0.52285769 2.50936984
v -0.47763469 -0.48759150 2.53998492
v -0.47939620 -0.46126910 2.59316317
v -0.34656871 -0.57621409 2.61051516
v -0.37469329 -0.58589820 2.66080569
v -0.41180720 -0.62664309 2.68020541
v -0.43616950 -0.67458075 2.65734988
v -0.43350909 -0.70163016 2.60562777
v -0.40538447 -0.69194601 2.55533740
v -0.36827060 -0.65120116 2.53593783
v -0.34390830 -0.60326350 2.55879321
v -0.34656871 -0.57621409 2.61051516
v -0.14549349 -0.74137732 2.70393740
v -0.17596901 -0.74836935 2.75148806
v -0.21528780 -0.78561186 2.76897402
v -0.24041759 -0.83128859 2.74615176
v -0.23663759 -0.85864286 2.69639041
v -0.20616210 -0.85165075 2.64883944
v -0.16684320 -0.81440840 2.63135379
v -0.14171349 -0.76873167 2.65417605
v -0.14549349 -0.74137732 2.70393740
v -0.00206170 -1.00101011 2.84439730
v -0.08223270 -1.01986417 2.89511690
v -0.12322400 -1.05788465 2.81618990
v -0.04305300 -1.03903081 2.76546999
v -0.00206170 -1.00101011 2.84439730
v -0.06979510 -1.29531964 2.99736666
v -0.12867200 -1.24377584 3.01428682
v -0.15773659 -1.25266156 2.94022036
v -0.09885970 -1.30420545 2.92330019
v -0.06979510 -1.29531964 2.99736666
v -0.20983909 -1.49504864 3.07341737
v -0.26453449 -1.46334225 3.09010561
v -0.28624210 -1.46843640 3.02863832
v -0.23154659 -1.50014294 3.01195009
v -0.20983909 -1.49504864 3.07341737
v -0.24960500 -1.69724545 3.08671907
v -0.29917089 -1.69116207 3.10671510
v -0.31997810 -1.71038967 3.06098787
v -0.27041210 -1.71647274 3.04099184
v -0.24960500 -1.69724545 3.08671907
v -0.20813530 -1.87917080 3.08790193
v -0.24828639 -1.87920116 3.10651582
v -0.26388219 -1.90330471 3.07283540
v -0.22373109 -1.90327434 3.05422151
v -0.20813530 -1.87917080 3.08790193
v -0.17103620 -2.06735988 3.15254640
v -0.20342819 -2.06676829 3.16719301
v -0.21714710 -2.08050700 3.13740785
v -0.18475519 -2.08109859 3.12276125
v -0.17103620 -2.06735988 3.15254640
v -0.24216459 -2.22041179 3.25800538
v -0.24216459 -2.22041179 3.25800538
v 0.21091459 0.28757459 1.49999853
v 0.19797449 0.27927459 1.49508581
v 0.27040620 0.29135429 1.61173497
v 0.27213390 0.29501449 1.62333638
v 0.36323951 0.26267999 1.67080922
v 0.35112369 0.25253299 1.65343724
v 0.39087840 0.17813619 1.60571233
v 0.39623130 0.17834049 1.61715108
v 0.37167430 0.11219249 1.48892431
v 0.38006530 0.12604610 1.49326421
v 0.33815879 0.14499530 1.33152334
v 0.32313918 0.12958760 1.28755972
v 0.25412410 0.18786050 1.20475210
v 0.27260700 0.20161819 1.26568174
v 0.21891899 0.25969280 1.33519735
v 0.20085399 0.24843509 1.29033010
v 0.19797449 0.27927459 1.49508581
v 0.21091459 0.28757459 1.49999853
v 0.23350650 0.30115169 1.50965108
v 0.27848300 0.29436290 1.60656865
v 0.34858958 0.25214849 1.64329595
v 0.39275451 0.18869070 1.60152227
v 0.39431899 0.15079090 1.50372335
v 0.36109981 0.17275510 1.37371771
v 0.30114400 0.22687339 1.32107168
v 0.24762950 0.27939159 1.37718343
v 0.23350650 0.30115169 1.50965108
v 0.25234540 0.31256089 1.51832692
v 0.28719659 0.29871089 1.60530187
v 0.34987300 0.25497749 1.63875768
v 0.39651359 0.19944719 1.60121968
v 0.40640441 0.17155429 1.51342901
v 0.37990920 0.19616949 1.40326284
v 0.32445720 0.24836460 1.35870138
v 0.27114019 0.29609540 1.40621175
v 0.25234540 0.31256089 1.51832692
v 0.28173589 0.33091281 1.53322713
v 0.30247548 0.30737159 1.60658452
v 0.35491260 0.26218540 1.63562108
v 0.40461577 0.21791070 1.60418569
v 0.42594440 0.20411350 1.53030660
v 0.40948508 0.23313940 1.44555303
v 0.36076408 0.28266269 1.41113790
v 0.30759349 0.32290488 1.44735708
v 0.28173589 0.33091281 1.53322713
v 0.31346339 0.35240729 1.55264196
v 0.32064967 0.31933028 1.61280477
v 0.36372539 0.27301889 1.63760488
v 0.41646819 0.23956180 1.61252217
v 0.44894359 0.23956150 1.55238347
v 0.44283980 0.27399850 1.48978231
v 0.40071818 0.32140910 1.46390600
v 0.34705489 0.35381229 1.48990102
v 0.31346339 0.35240729 1.55264196
v 0.37317920 0.46751140 1.62263600
v 0.37779739 0.43376590 1.67800816
v 0.42567767 0.40250030 1.70892888
v 0.48877250 0.39202960 1.69728551
v 0.53012168 0.40848739 1.64989827
v 0.52550349 0.44223289 1.59452611
v 0.47762309 0.47349849 1.56360540
v 0.41452838 0.48396918 1.57524892
v 0.37317920 0.46751140 1.62263600
v 0.37208068 0.59434908 1.62648198
v 0.37943370 0.58084738 1.68880589
v 0.42957587 0.57600199 1.72859166
v 0.49313460 0.58265128 1.72253362
v 0.53287810 0.59690020 1.67418004
v 0.52552508 0.61040179 1.61185628
v 0.47538298 0.61524729 1.57207036
v 0.41182418 0.60859797 1.57812856
v 0.37208068 0.59434908 1.62648198
v 0.37005740 0.80313139 1.63398213
v 0.37768020 0.79431700 1.69606374
v 0.42688380 0.78204718 1.73372502
v 0.48884528 0.77350958 1.72490483
v 0.52726847 0.77370527 1.67476964
v 0.51964560 0.78251982 1.61268819
v 0.47044207 0.79478949 1.57502675
v 0.40848060 0.80332708 1.58384710
v 0.37005740 0.80313139 1.63398213
v 0.50564750 1.04257474 1.71316258
v 0.50693499 1.01490385 1.76809727
v 0.54359488 0.97354437 1.79512685
v 0.59415259 0.94272421 1.77841786
v 0.62899199 0.94049719 1.72775792
v 0.62770457 0.96816808 1.67282323
v 0.59104460 1.00952749 1.64579366
v 0.54048690 1.04034780 1.66250264
v 0.50564750 1.04257474 1.71316258
v 0.73313345 1.19936925 1.81364079
v 0.75100851 1.12553121 1.88568394
v 0.80656050 1.07081068 1.81581685
v 0.78868582 1.14464864 1.74377385
v 0.73313345 1.19936925 1.81364079
v 0.96295980 1.30130216 1.90389195
v 0.97254095 1.23773984 1.96312168
v 1.01054929 1.18722211 1.90276036
v 1.00096800 1.25078458 1.84353062
v 0.96295980 1.30130216 1.90389195
v 1.15486234 1.41375348 1.98083775
v 1.18662900 1.37879208 2.03503208
v 1.22758535 1.34306210 1.98797505
v 1.19581876 1.37802335 1.93378086
v 1.15486234 1.41375348 1.98083775
v 1.25436048 1.56875714 1.96186360
v 1.28260785 1.54600476 2.00606419
v 1.32565427 1.53176953 1.97122669
v 1.29740674 1.55452160 1.92702610
v 1.25436048 1.56875714 1.96186360
v 1.35842450 1.73323437 1.93131199
v 1.37433301 1.70294659 1.96369389
v 1.40840085 1.68927746 1.93417195
v 1.39249234 1.71956524 1.90179005
v 1.35842450 1.73323437 1.93131199
v 1.51844006 1.82613537 1.96331578
v 1.52356884 1.79722881 1.98771244
v 1.53925534 1.77645138 1.95979603
v 1.53412640 1.80535793 1.93539936
v 1.51844006 1.82613537 1.96331578
v 1.66840054 1.81128383 2.05934238
v 1.66840054 1.81128383 2.05934238
v 0.51691829 0.16566070 2.12175358
v 0.50700599 0.17927379 2.11786106
v 0.52877768 0.13238040 2.23201206
v 0.52954608 0.13520270 2.24362110
v 0.50308318 0.06013540 2.30821964
v 0.49620257 0.06699080 2.28993824
v 0.41927928 0.03004470 2.26226215
v 0.41538150 0.03053700 2.27479053
v 0.34072707 0.03522930 2.15633137
v 0.35881900 0.02362700 2.16073795
v 0.36432559 0.01921140 2.00351811
v 0.34344699 0.02429660 1.96189884
v 0.39656077 0.05884340 1.87268147
v 0.41515830 0.05685270 1.92874577
v 0.47613627 0.12045150 1.97886006
v 0.46107509 0.12731690 1.93896336
v 0.50700599 0.17927379 2.11786106
v 0.51691829 0.16566070 2.12175358
v 0.53097010 0.14580109 2.13031422
v 0.53476718 0.12235130 2.22655231
v 0.50061580 0.06542850 2.27854373
v 0.43589999 0.02315230 2.25626453
v 0.38911460 0.00723620 2.16990558
v 0.39699019 0.00558570 2.04260517
v 0.44328418 0.04407650 1.97944798
v 0.49727370 0.10412030 2.01651325
v 0.53097010 0.14580109 2.13031422
v 0.54244067 0.13002080 2.13801029
v 0.54130080 0.11313940 2.22490909
v 0.50738890 0.06168750 2.27305225
v 0.45167487 0.01621130 2.25453357
v 0.41436919 -0.00590190 2.17828251
v 0.42386298 -0.00676200 2.06962299
v 0.46634398 0.03170350 2.01363621
v 0.51437339 0.08975770 2.04246021
v 0.54244067 0.13002080 2.13801029
v 0.56076220 0.10622679 2.15095341
v 0.55324630 0.09816190 2.22533741
v 0.52090190 0.05372710 2.26856815
v 0.47823089 0.00414190 2.25545642
v 0.45418498 -0.02625160 2.19287037
v 0.46606681 -0.02712970 2.10781025
v 0.50271018 0.01082160 2.06069859
v 0.54135329 0.06677620 2.07878590
v 0.56076220 0.10622679 2.15095341
v 0.58247347 0.08174180 2.16695606
v 0.56893630 0.08166520 2.22999973
v 0.53916777 0.04290230 2.26938205
v 0.50958388 -0.01065600 2.26205265
v 0.49858470 -0.04879380 2.21225498
v 0.51330569 -0.05084610 2.14694309
v 0.54407847 -0.01356820 2.10670460
v 0.57255969 0.04153360 2.11501453
v 0.58247347 0.08174180 2.16695606
v 0.70781798 0.03939130 2.20531864
v 0.70153090 0.03898090 2.26516559
v 0.68783080 -0.00282370 2.30622699
v 0.67474295 -0.06153410 2.30444950
v 0.66993422 -0.10275840 2.26087436
v 0.67622130 -0.10234800 2.20102741
v 0.68992140 -0.06054330 2.15996616
v 0.70300917 -0.00183300 2.16174366
v 0.70781798 0.03939130 2.20531864
v 0.86151396 -0.01751460 2.19128147
v 0.85036825 -0.01598810 2.24972278
v 0.82710569 -0.05403320 2.28913547
v 0.80535292 -0.10936350 2.28643222
v 0.79785231 -0.14956750 2.24319645
v 0.80899801 -0.15109399 2.18475513
v 0.83226057 -0.11304889 2.14534229
v 0.85401350 -0.05771860 2.14804554
v 0.86151396 -0.01751460 2.19128147
v 1.01613439 -0.16756981 2.19646152
v 1.00116468 -0.16319179 2.25292484
v 0.95816885 -0.18501350 2.28618976
v 0.91233351 -0.22025199 2.27676990
v 0.89050825 -0.24826520 2.23018360
v 0.90547811 -0.25264320 2.17372028
v 0.94847379 -0.23082160 2.14045551
v 0.99430921 -0.19558309 2.14987522
v 1.01613439 -0.16756981 2.19646152
v 1.09944456 -0.40935828 2.27530704
v 1.07941267 -0.39513869 2.32680255
v 1.02849409 -0.39773578 2.35241184
v 0.97651624 -0.41562839 2.33713306
v 0.95392721 -0.43833518 2.28991657
v 0.97395895 -0.45255481 2.23842090
v 1.02487760 -0.44995780 2.21281177
v 1.07685529 -0.43206519 2.22809040
v 1.09944456 -0.40935828 2.27530704
v 1.16180181 -0.62157599 2.38432239
v 1.09987089 -0.62286269 2.45892825
v 1.03275556 -0.66427092 2.40250110
v 1.09468656 -0.66298422 2.32789524
v 1.16180181 -0.62157599 2.38432239
v 1.27735280 -0.77613325 2.52201068
v 1.22270864 -0.77275282 2.58070376
v 1.18504880 -0.83629782 2.54930224
v 1.23969289 -0.83967825 2.49060885
v 1.27735280 -0.77613325 2.52201068
v 1.41697995 -0.90331556 2.63520205
v 1.38343930 -0.91047544 2.69106814
v 1.35421872 -0.96384985 2.66668399
v 1.38775937 -0.95668981 2.61081820
v 1.41697995 -0.90331556 2.63520205
v 1.54728802 -1.05043050 2.67530306
v 1.51496792 -1.05124334 2.71846743
v 1.48323544 -1.08735601 2.69402712
v 1.51555539 -1.08654310 2.65086276
v 1.54728802 -1.05043050 2.67530306
v 1.60131756 -1.21745206 2.69249972
v 1.56929303 -1.20443860 2.72031466
v 1.53900357 -1.22444104 2.69479922
v 1.57102810 -1.23745465 2.66698458
v 1.60131756 -1.21745206 2.69249972
v 1.57574749 -1.37932233 2.76435885
v 1.55029156 -1.36375943 2.78386172
v 1.52651944 -1.37042233 2.75815066
v 1.55197537 -1.38598508 2.73864748
v 1.57574749 -1.37932233 2.76435885
v 1.54488461 -1.48594571 2.88511690
v 1.54488461 -1.48594571 2.88511690
v -0.75183218 -0.12255230 3.12988710
v -0.73769896 -0.11341840 3.12856355
v -0.80755522 -0.11151370 3.22014802
v -0.80533415 -0.10820200 3.23190767
v -0.88038595 -0.06734170 3.26453981
v -0.87461935 -0.06791850 3.24794191
v -0.90259725 -0.00722290 3.19869508
v -0.90264501 -0.00007650 3.20986543
v -0.87204840 0.04088290 3.08470277
v -0.88403250 0.02586040 3.09088777
v -0.85333548 -0.00890830 2.95365908
v -0.84090055 0.00106930 2.91269594
v -0.79235617 -0.06343250 2.85791537
v -0.80443770 -0.06870700 2.91071749
v -0.75783987 -0.11119770 2.98821260
v -0.74296911 -0.10417340 2.95391237
v -0.73769896 -0.11341840 3.12856355
v -0.75183218 -0.12255230 3.12988710
v -0.77371855 -0.13515560 3.13443880
v -0.81791548 -0.11949219 3.21319093
v -0.87717001 -0.07592080 3.23721345
v -0.90933432 -0.02323330 3.19352968
v -0.90159498 0.00153260 3.10093752
v -0.87410170 -0.02997090 2.99108980
v -0.82694319 -0.08433400 2.95704622
v -0.78232382 -0.12484540 3.01939455
v -0.77371855 -0.13515560 3.13443880
v -0.79150992 -0.14531729 3.13896120
v -0.82775511 -0.12669300 3.21011842
v -0.88166815 -0.08391020 3.23183503
v -0.91639349 -0.03725440 3.19212495
v -0.91592588 -0.01849180 3.10955446
v -0.89152494 -0.04834920 3.01658663
v -0.84616148 -0.09876220 2.98784761
v -0.80257879 -0.13676050 3.04061403
v -0.79150992 -0.14531729 3.13896120
v -0.81894735 -0.16134800 3.14726076
v -0.84421202 -0.13869090 3.20823854
v -0.89093565 -0.09762649 3.22708284
v -0.92906378 -0.05977560 3.19306611
v -0.93856085 -0.04965450 3.12390718
v -0.91932318 -0.07802940 3.05218752
v -0.87690885 -0.12294340 3.02989473
v -0.83423552 -0.15635350 3.07028871
v -0.81894735 -0.16134800 3.14726076
v -0.84842085 -0.17995309 3.15894166
v -0.86328077 -0.15310939 3.21050966
v -0.90373045 -0.11399319 3.22699922
v -0.94541220 -0.08491380 3.19877138
v -0.96456251 -0.08356390 3.14198305
v -0.95119009 -0.11182050 3.08809358
v -0.91176588 -0.15185630 3.07086794
v -0.86892721 -0.17980709 3.10042329
v -0.84842085 -0.17995309 3.15894166
v -0.95064214 -0.27964879 3.21807649
v -0.95866308 -0.24834089 3.26389650
v -0.99131818 -0.20463510 3.27683534
v -1.02947851 -0.17413339 3.24931428
v -1.05079031 -0.17470350 3.19745424
v -1.04276929 -0.20601129 3.15163423
v -1.01011427 -0.24971719 3.13869508
v -0.97195394 -0.28021879 3.16621644
v -0.95064214 -0.27964879 3.21807649
v -1.10738935 -0.35042567 3.22748323
v -1.10728605 -0.31550750 3.27054597
v -1.11817998 -0.26156949 3.27730622
v -1.13368947 -0.22020809 3.24380464
v -1.14472951 -0.21565210 3.18966554
v -1.14483266 -0.25057039 3.14660280
v -1.13393880 -0.30450839 3.13984254
v -1.11842931 -0.34586978 3.17334413
v -1.10738935 -0.35042567 3.22748323
v -1.28648984 -0.35450088 3.20779573
v -1.28109204 -0.31976560 3.24948243
v -1.27692655 -0.26560510 3.25425050
v -1.27643353 -0.22374610 3.21930757
v -1.27990170 -0.21870880 3.16512239
v -1.28529950 -0.25344419 3.12343568
v -1.28946515 -0.30760469 3.11866762
v -1.28995816 -0.34946368 3.15361055
v -1.28648984 -0.35450088 3.20779573
v -1.46209668 -0.36805190 3.21561128
v -1.46326245 -0.33444858 3.25657167
v -1.47087414 -0.28229129 3.26204591
v -1.48047268 -0.24213300 3.22882722
v -1.48643551 -0.23749790 3.17637483
v -1.48526974 -0.27110120 3.13541444
v -1.47765805 -0.32325858 3.12994020
v -1.46805951 -0.36341689 3.16315889
v -1.46209668 -0.36805190 3.21561128
v -1.61111935 -0.44141650 3.27485200
v -1.65040280 -0.37480201 3.32356935
v -1.69351681 -0.34536018 3.24854646
v -1.65423336 -0.41197471 3.19982911
v -1.61111935 -0.44141650 3.27485200
v -1.86201900 -0.52535838 3.40690827
v -1.88046230 -0.45950110 3.44127564
v -1.91781032 -0.43711158 3.37832887
v -1.89936702 -0.50296889 3.34396119
v -1.86201900 -0.52535838 3.40690827
v -2.09811610 -0.60770869 3.50395447
v -2.10703837 -0.55181468 3.52963715
v -2.13076854 -0.53099978 3.47609284
v -2.12184627 -0.58689387 3.45041047
v -2.09811610 -0.60770869 3.50395447
v -2.35047633 -0.59895320 3.50597169
v -2.33763697 -0.55306479 3.52339203
v -2.33523219 -0.53566809 3.47579346
v -2.34807154 -0.58155650 3.45837312
v -2.35047633 -0.59895320 3.50597169
v -2.51859675 -0.51103930 3.43665345
v -2.50062494 -0.47624881 3.45102998
v -2.49119044 -0.46498919 3.41198853
v -2.50916224 -0.49977969 3.39761170
v -2.51859675 -0.51103930 3.43665345
v -2.68910700 -0.42532470 3.40452210
v -2.67828912 -0.39584701 3.41580171
v -2.67400812 -0.38540420 3.38440431
v -2.68482599 -0.41488177 3.37312470
v -2.68910700 -0.42532470 3.40452210
v -2.85240533 -0.39287330 3.46880311
v -2.85240533 -0.39287330 3.46880311
v -0.80508696 0.02748410 2.59362460
v -0.79211828 0.01351030 2.59261966
v -0.82056265 0.05938910 2.69857485
v -0.81722960 0.05054430 2.71219058
v -0.78915022 0.11696510 2.76891451
v -0.78950476 0.12200619 2.74925845
v -0.73090330 0.17914190 2.71636172
v -0.72558562 0.17464439 2.73018404
v -0.66361807 0.19047649 2.61471530
v -0.67902228 0.19782419 2.61646670
v -0.68702589 0.19286420 2.46070010
v -0.67275740 0.19276630 2.42088779
v -0.72244322 0.14794280 2.33324390
v -0.73293211 0.14507490 2.38889026
v -0.77456831 0.07091010 2.44638126
v -0.76127867 0.06542830 2.40793536
v -0.79211828 0.01351030 2.59261966
v -0.80508696 0.02748410 2.59362460
v -0.82427191 0.04987550 2.59877169
v -0.83028479 0.07536980 2.69050845
v -0.79677939 0.13179660 2.73524264
v -0.74378271 0.18632949 2.70691805
v -0.70237959 0.20741500 2.62040744
v -0.71201315 0.19985229 2.49498385
v -0.75548735 0.15335180 2.43631290
v -0.79715231 0.08746280 2.48090930
v -0.82427191 0.04987550 2.59877169
v -0.83995497 0.06821050 2.60403598
v -0.83931318 0.08878930 2.68692233
v -0.80414770 0.14018260 2.72748446
v -0.75521795 0.19235509 2.70197238
v -0.72129217 0.21507780 2.62418063
v -0.73300520 0.20716409 2.51762485
v -0.77529417 0.16283689 2.46733417
v -0.81618101 0.10262150 2.50424945
v -0.83995497 0.06821050 2.60403598
v -0.86472998 0.09656729 2.61377810
v -0.85461309 0.10979920 2.68464877
v -0.81697226 0.15354180 2.71931948
v -0.77375311 0.20207029 2.69734316
v -0.75044279 0.22721010 2.63111148
v -0.76615820 0.22034830 2.54852191
v -0.80750578 0.18024259 2.50913119
v -0.84662069 0.12763550 2.53670886
v -0.86472998 0.09656729 2.61377810
v -0.89314588 0.12702560 2.62748263
v -0.87335981 0.13254150 2.68704226
v -0.83266348 0.16844490 2.71583315
v -0.79469961 0.21355270 2.69682406
v -0.78185629 0.24158090 2.64112765
v -0.80299154 0.23756820 2.57897586
v -0.84467855 0.20260059 2.54923282
v -0.88161871 0.15649910 2.56943759
v -0.89314588 0.12702560 2.62748263
v -0.98432165 0.25838779 2.68084262
v -0.95798841 0.25698320 2.73383791
v -0.90553480 0.27445220 2.75498873
v -0.85768759 0.30056159 2.73190524
v -0.84247480 0.32001678 2.67810977
v -0.86880812 0.32142131 2.62511447
v -0.92126165 0.30395240 2.60396365
v -0.96910894 0.27784299 2.62704715
v -0.98432165 0.25838779 2.68084262
v -1.01194440 0.40368129 2.68210970
v -0.98444936 0.39504138 2.73306490
v -0.92891416 0.39853980 2.75124911
v -0.87787062 0.41212729 2.72601016
v -0.86121931 0.42784438 2.67213290
v -0.88871427 0.43648429 2.62117770
v -0.94424948 0.43298579 2.60299319
v -0.99529310 0.41939837 2.62823214
v -1.01194440 0.40368129 2.68210970
v -1.03993291 0.52715518 2.66955783
v -1.01618459 0.53014670 2.72197085
v -0.96593130 0.54901488 2.74291567
v -0.91861090 0.57270709 2.72012240
v -0.90194288 0.58734480 2.66694369
v -0.92569120 0.58435328 2.61453036
v -0.97594450 0.56548518 2.59358584
v -1.02326490 0.54179290 2.61637881
v -1.03993291 0.52715518 2.66955783
v -1.16041555 0.62920748 2.69262881
v -1.14259137 0.63749438 2.74519595
v -1.10987920 0.67543890 2.77049014
v -1.08144117 0.72081381 2.75369448
v -1.07393606 0.74703886 2.70464755
v -1.09176031 0.73875189 2.65208041
v -1.12447248 0.70080725 2.62678591
v -1.15291051 0.65543250 2.64358157
v -1.16041555 0.62920748 2.69262881
v -1.33173459 0.69214209 2.74669863
v -1.30856198 0.74585997 2.82203493
v -1.29302747 0.82016188 2.76427615
v -1.31620023 0.76644407 2.68893984
v -1.33173459 0.69214209 2.74669863
v -1.49737179 0.87507276 2.89824404
v -1.42629391 0.88547041 2.93100313
v -1.40417813 0.92923727 2.86912661
v -1.47525601 0.91883970 2.83636751
v -1.49737179 0.87507276 2.89824404
v -1.53098538 1.10430158 2.98573488
v -1.47066433 1.09975789 3.00806429
v -1.44788571 1.11006727 2.94862764
v -1.50820675 1.11461088 2.92629824
v -1.53098538 1.10430158 2.98573488
v -1.47777920 1.30835736 2.95942018
v -1.42929730 1.29591657 2.97699312
v -1.41215756 1.29201245 2.92694246
v -1.46063931 1.30445325 2.90936953
v -1.47777920 1.30835736 2.95942018
v -1.42877392 1.46010632 2.91126314
v -1.38813473 1.45437146 2.92610567
v -1.37255093 1.46049069 2.88580141
v -1.41319012 1.46622555 2.87095888
v -1.42877392 1.46010632 2.91126314
v -1.44889645 1.62149059 2.93051180
v -1.41824795 1.62978069 2.94538820
v -1.40704831 1.64304226 2.91492403
v -1.43769681 1.63475216 2.90004763
v -1.44889645 1.62149059 2.93051180
v -1.50519589 1.74070232 3.01971620
v -1.50519589 1.74070232 3.01971620
v 0.58057879 0.24575370 2.94368624
v 0.56253440 0.24186799 2.93986910
v 0.61547030 0.22745349 3.04406679
v 0.60526759 0.22649669 3.05774934
v 0.64512198 0.16610889 3.09638063
v 0.65201231 0.16776979 3.07758821
v 0.67651030 0.10461970 3.03254030
v 0.67012457 0.10041990 3.04477815
v 0.65735510 0.06343170 2.93733889
v 0.66896422 0.07193340 2.93817507
v 0.65151068 0.10895610 2.80678622
v 0.64006285 0.10614250 2.77414980
v 0.61754588 0.18418819 2.69500704
v 0.62691367 0.18074600 2.74557497
v 0.59240607 0.23459529 2.80193972
v 0.57795138 0.23629869 2.76315615
v 0.56253440 0.24186799 2.93986910
v 0.58057879 0.24575370 2.94368624
v 0.60946269 0.25036100 2.95010530
v 0.63500117 0.22927940 3.03535463
v 0.66529532 0.17126089 3.06397035
v 0.68756667 0.11221960 3.02435793
v 0.68504851 0.08471510 2.94164156
v 0.67112608 0.11823430 2.83583285
v 0.64891280 0.18432329 2.78892916
v 0.61995848 0.23718179 2.83602999
v 0.60946269 0.25036100 2.95010530
v 0.63330119 0.25393449 2.95579927
v 0.65174506 0.23092800 3.03115175
v 0.67670721 0.17428529 3.05632326
v 0.69691817 0.11851169 3.02011720
v 0.69794859 0.09485890 2.94511232
v 0.68771986 0.12662929 2.85531008
v 0.66858962 0.18898529 2.81735384
v 0.64363760 0.24039829 2.85880831
v 0.63330119 0.25393449 2.95579927
v 0.67070067 0.25950920 2.96570650
v 0.67854475 0.23379480 3.02788271
v 0.69500922 0.17911510 3.04809755
v 0.71190321 0.12811200 3.01614382
v 0.71808356 0.10996500 2.95144777
v 0.71438742 0.14005620 2.88211214
v 0.70104246 0.19762920 2.85566378
v 0.68173308 0.24644880 2.89019747
v 0.67070067 0.25950920 2.96570650
v 0.71227690 0.26606830 2.97916292
v 0.70883375 0.23762779 3.02924074
v 0.71576910 0.18447530 3.04420625
v 0.72914572 0.13783960 3.01553652
v 0.74088576 0.12489030 2.96021242
v 0.74532278 0.15433449 2.90854525
v 0.73929785 0.20818820 2.89229342
v 0.72532225 0.25431760 2.92151552
v 0.71227690 0.26606830 2.97916292
v 0.83903868 0.26474529 3.03341524
v 0.81849211 0.23503679 3.07362856
v 0.80896765 0.18237459 3.08123476
v 0.81604498 0.13760750 3.05177797
v 0.83557806 0.12695949 3.00251375
v 0.85612471 0.15666799 2.96230043
v 0.86564909 0.20933019 2.95469454
v 0.85857176 0.25409730 2.98415102
v 0.83903868 0.26474529 3.03341524
v 0.92744474 0.27030229 3.04734407
v 0.91569326 0.24174299 3.09095033
v 0.92110975 0.19051820 3.10516115
v 0.94052137 0.14663479 3.08165163
v 0.96255705 0.13579910 3.03419344
v 0.97430845 0.16435840 2.99058687
v 0.96889211 0.21558319 2.97637636
v 0.94948049 0.25946659 2.99988588
v 0.92744474 0.27030229 3.04734407
v 1.00002439 0.32872310 3.06050508
v 0.99499891 0.30458009 3.10687105
v 1.02022367 0.26555959 3.13134737
v 1.06092206 0.23451929 3.11959566
v 1.09325391 0.22964220 3.07850008
v 1.09827924 0.25378530 3.03213411
v 1.07305456 0.29280580 3.00765779
v 1.03235609 0.32384608 3.01940950
v 1.00002439 0.32872310 3.06050508
v 1.07187917 0.44181689 3.11918397
v 1.06741415 0.41848498 3.16418336
v 1.09682256 0.38732379 3.19163118
v 1.14287717 0.36658710 3.18544923
v 1.17859998 0.36842239 3.14925844
v 1.18306501 0.39175441 3.10425905
v 1.15365659 0.42291560 3.07681123
v 1.10760190 0.44365218 3.08299349
v 1.07187917 0.44181689 3.11918397
v 1.18287061 0.56795359 3.22697206
v 1.19833768 0.50755030 3.28786409
v 1.26227216 0.47442519 3.23876497
v 1.24680509 0.53482848 3.17787294
v 1.18287061 0.56795359 3.22697206
v 1.37393338 0.59276370 3.38122895
v 1.34019635 0.53199160 3.39902284
v 1.36790112 0.49969619 3.34125184
v 1.40163815 0.56046828 3.32345765
v 1.37393338 0.59276370 3.38122895
v 1.51977383 0.51457469 3.46284089
v 1.48668271 0.46819171 3.47405122
v 1.49956723 0.44637137 3.42180238
v 1.53265835 0.49275439 3.41059205
v 1.51977383 0.51457469 3.46284089
v 1.63573391 0.45772159 3.48799500
v 1.62012615 0.41533690 3.50300416
v 1.63749050 0.39499980 3.46363129
v 1.65309826 0.43738460 3.44862183
v 1.63573391 0.45772159 3.48799500
v 1.74517574 0.44763659 3.52053254
v 1.73638882 0.41325957 3.53602570
v 1.76166805 0.39608520 3.51225556
v 1.77045513 0.43046229 3.49676240
v 1.74517574 0.44763659 3.52053254
v 1.83081859 0.47384997 3.59607544
v 1.82700771 0.44719378 3.61116394
v 1.84898769 0.43422427 3.59380249
v 1.85279842 0.46088057 3.57871399
v 1.83081859 0.47384997 3.59607544
v 1.91730098 0.46572120 3.69342804
v 1.91730098 0.46572120 3.69342804
v -1.75384945 -0.48630561 2.32422077
v -1.78945034 -0.43990638 2.38520557
v -1.82263332 -0.38862781 2.32682010
v -1.78703228 -0.43502700 2.26583530
v -1.75384945 -0.48630561 2.32422077
v -2.02808376 -0.60954058 2.32450504
v -2.05511134 -0.56910918 2.37414905
v -2.05993343 -0.51666159 2.32880908
v -2.03290553 -0.55709288 2.27916507
v -2.02808376 -0.60954058 2.32450504
v -2.22888606 -0.68147902 2.22976688
v -2.25122157 -0.65029952 2.26956638
v -2.26303157 -0.61121058 2.23231571
v -2.24069606 -0.64238989 2.19251621
v -2.22888606 -0.68147902 2.22976688
v -2.36177088 -0.79987532 2.11687199
v -2.38999995 -0.78187575 2.14773807
v -2.41516047 -0.76395857 2.11427891
v -2.38693140 -0.78195822 2.08341282
v -2.36177088 -0.79987532 2.11687199
v -2.42854426 -0.96468328 2.05699589
v -2.45737360 -0.96218405 2.07989201
v -2.47890589 -0.95208814 2.05167790
v -2.45007654 -0.95458746 2.02878178
v -2.42854426 -0.96468328 2.05699589
v -2.51607996 -1.12002630 2.10914204
v -2.51607996 -1.12002630 2.10914204
v 0.04654270 -1.29061551 2.98285524
v -0.02194150 -1.31193784 3.01841951
v -0.04939020 -1.34009457 2.94868196
v 0.01909400 -1.31877225 2.91311770
v 0.04654270 -1.29061551 2.98285524
v 0.17135059 -1.56180233 3.03411989
v 0.12307830 -1.59348828 3.06479860
v 0.10025289 -1.61445767 3.00722536
v 0.14852529 -1.58277172 2.97654665
v 0.17135059 -1.56180233 3.03411989
v 0.38245658 -1.72419537 3.00458773
v 0.36154739 -1.76564907 3.03175417
v 0.35616088 -1.79305889 2.98578340
v 0.37707000 -1.75160519 2.95861696
v 0.38245658 -1.72419537 3.00458773
v 0.61611140 -1.78769802 2.96139589
v 0.60650588 -1.82402401 2.98477816
v 0.61169310 -1.84877422 2.94845858
v 0.62129859 -1.81244793 2.92507601
v 0.61611140 -1.78769802 2.96139589
v 0.85435545 -1.82482113 2.96227602
v 0.84789625 -1.85417339 2.98127199
v 0.84636869 -1.87323528 2.95129824
v 0.85282789 -1.84388317 2.93230227
v 0.85435545 -1.82482113 2.96227602
v 1.02250135 -1.94611888 3.03771303
v 1.02250135 -1.94611888 3.03771303
v 0.92669676 1.35441968 1.87903416
v 0.98664289 1.32633527 1.93611195
v 1.03378828 1.29329587 1.87034062
v 0.97384214 1.32138043 1.81326283
v 0.92669676 1.35441968 1.87903416
v 1.00808530 1.61658352 1.86855549
v 1.06567716 1.62726849 1.91023777
v 1.10870557 1.61234356 1.85461201
v 1.05111356 1.60165844 1.81292973
v 1.00808530 1.61658352 1.86855549
v 0.95426435 1.84202038 1.78966328
v 0.99763548 1.86115276 1.82163502
v 1.02925718 1.86819957 1.77452138
v 0.98588606 1.84906765 1.74254979
v 0.95426435 1.84202038 1.78966328
v 0.88294516 2.07565868 1.69245885
v 0.92146505 2.08096400 1.71904973
v 0.94771429 2.08524852 1.68016988
v 0.90919432 2.07994304 1.65357900
v 0.88294516 2.07565868 1.69245885
v 0.89157476 2.29654841 1.62664495
v 0.92184835 2.29480189 1.64983006
v 0.94357534 2.28337382 1.62059926
v 0.91330168 2.28512080 1.59741429
v 0.89157476 2.29654841 1.62664495
v 1.01972234 2.45864695 1.65535314
v 1.01972234 2.45864695 1.65535314
v 1.31995419 -0.74038061 2.48386355
v 1.30898648 -0.77829405 2.55375338
v 1.29466763 -0.84675047 2.51437060
v 1.30563535 -0.80883711 2.44448077
v 1.31995419 -0.74038061 2.48386355
v 1.57251065 -0.76263762 2.46881137
v 1.58523083 -0.79595656 2.52381396
v 1.57756680 -0.85241072 2.49138797
v 1.56484677 -0.81909155 2.43638538
v 1.57251065 -0.76263762 2.46881137
v 1.80874355 -0.79277960 2.35878269
v 1.81609340 -0.81960608 2.40498569
v 1.79973232 -0.86513388 2.38115375
v 1.79238247 -0.83830725 2.33495075
v 1.80874355 -0.79277960 2.35878269
v 1.99638698 -0.88169691 2.24670993
v 1.99055690 -0.89856077 2.28733264
v 1.96725856 -0.93213384 2.27005161
v 1.97308864 -0.91526991 2.22942890
v 1.99638698 -0.88169691 2.24670993
v 2.14997340 -1.03123701 2.19781437
v 2.14294734 -1.04280599 2.23078952
v 2.11675441 -1.06332799 2.21800846
v 2.12378078 -1.05175901 2.18503330
v 2.14997340 -1.03123701 2.19781437
v 2.28327723 -1.16297239 2.24600650
v 2.28327723 -1.16297239 2.24600650
v -1.66222988 -0.59511908 3.33694001
v -1.72303036 -0.58216849 3.38159516
v -1.76830883 -0.58195429 3.31988404
v -1.70750851 -0.59490489 3.27522889
v -1.66222988 -0.59511908 3.33694001
v -1.71246578 -0.79580008 3.36577577
v -1.76145306 -0.78329565 3.40193147
v -1.79719723 -0.77731772 3.35143403
v -1.74820980 -0.78982222 3.31527864
v -1.71246578 -0.79580008 3.36577577
v -1.80947277 -0.96913191 3.31616487
v -1.84178020 -0.94425298 3.34635316
v -1.86146694 -0.92076010 3.30592317
v -1.82915935 -0.94563902 3.27573487
v -1.80947277 -0.96913191 3.31616487
v -1.91706981 -1.06352621 3.23425935
v -1.94020381 -1.03986967 3.25966096
v -1.95122402 -1.01592825 3.22732789
v -1.92808986 -1.03958479 3.20192628
v -1.91706981 -1.06352621 3.23425935
v -2.02030757 -1.15720258 3.18144777
v -2.04350139 -1.14265325 3.20051454
v -2.05537807 -1.12657705 3.17379976
v -2.03218440 -1.14112661 3.15473299
v -2.02030757 -1.15720258 3.18144777
v -2.09396480 -1.26420400 3.21895265
v -2.09396480 -1.26420400 3.21895265
v -1.52528546 0.71617689 2.79441470
v -1.51383557 0.76219168 2.85754091
v -1.50717373 0.82518461 2.81041476
v -1.51862362 0.77916975 2.74728884
v -1.52528546 0.71617689 2.79441470
v -1.72402782 0.80470945 2.81117159
v -1.70500240 0.83835760 2.86278292
v -1.67507900 0.88052816 2.82425905
v -1.69410427 0.84688017 2.77264773
v -1.72402782 0.80470945 2.81117159
v -1.84450679 0.93460768 2.76273928
v -1.82434688 0.95849897 2.80559817
v -1.79093365 0.98574674 2.77469210
v -1.81109340 0.96185545 2.73183321
v -1.84450679 0.93460768 2.76273928
v -1.92799175 1.02771711 2.69513644
v -1.91670925 1.05185140 2.72970492
v -1.89727062 1.08062765 2.70326998
v -1.90855312 1.05649335 2.66870150
v -1.92799175 1.02771711 2.69513644
v -2.04835612 1.06813634 2.65298525
v -2.05367976 1.09191320 2.67819796
v -2.04686107 1.11764181 2.65537448
v -2.04153758 1.09386487 2.63016177
v -2.04835612 1.06813634 2.65298525
v -2.18082026 1.07371061 2.68085787
v -2.18082026 1.07371061 2.68085787
v 1.33615430 0.67086440 3.34242127
v 1.34674069 0.61687998 3.38848267
v 1.39068784 0.58530100 3.34137147
v 1.38010144 0.63928538 3.29531007
v 1.33615430 0.67086440 3.34242127
v 1.50706570 0.73682188 3.41414491
v 1.51262112 0.69162405 3.45017823
v 1.53942868 0.66156775 3.40834443
v 1.53387326 0.70676535 3.37231111
v 1.50706570 0.73682188 3.41414491
v 1.63308087 0.81194380 3.41930024
v 1.65102291 0.78360525 3.45306947
v 1.68023403 0.76394148 3.42104737
v 1.66229183 0.79228010 3.38727845
v 1.63308087 0.81194380 3.41930024
v 1.69652508 0.91881239 3.40740327
v 1.71469021 0.90194944 3.43714722
v 1.74637936 0.89760496 3.41533112
v 1.72821438 0.91446775 3.38558717
v 1.69652508 0.91881239 3.40740327
v 1.72355556 1.03797041 3.42676972
v 1.73973568 1.03029066 3.45190858
v 1.76563732 1.02992048 3.43512421
v 1.74945705 1.03760038 3.40998536
v 1.72355556 1.03797041 3.42676972
v 1.78438030 1.13253644 3.49649811
v 1.78438030 1.13253644 3.49649811
v -2.42710993 -0.88372251 2.04747334
v -2.39922709 -0.82475325 2.07286686
v -2.41213404 -0.90082655 2.06596714
v -2.38300761 -0.84387587 2.09315723
v -2.39938746 -0.84512777 2.12091648
v -2.42756937 -0.90327719 2.09062244
v -2.45208460 -0.88768797 2.08736637
v -2.42573008 -0.82677900 2.11778217
v -2.42563105 -0.81418692 2.08808598
v -2.45180063 -0.87560255 2.06069859
v -2.42710993 -0.88372251 2.04747334
v -2.39922709 -0.82475325 2.07286686
v -2.48224131 -0.99769300 1.99745899
v -2.46896540 -1.01179746 2.01346867
v -2.48330820 -1.01647054 2.03347401
v -2.50544855 -1.00525495 2.02982868
v -2.50478907 -0.99364965 2.00757008
v -2.48224131 -0.99769300 1.99745899
v -2.51959269 -1.18124715 1.78339497
v -2.51028238 -1.19352590 1.80124745
v -2.52792749 -1.20399205 1.81287800
v -2.54814310 -1.19818166 1.80221364
v -2.54299204 -1.18412450 1.78399220
v -2.51959269 -1.18124715 1.78339497
v -2.71792230 -1.54025525 2.00048680
v -2.70883447 -1.53575848 2.00722264
v -2.71220483 -1.52477002 2.01123188
v -2.72337549 -1.52247540 2.00697392
v -2.72690912 -1.53204602 2.00033299
v -2.71792230 -1.54025525 2.00048680
v -2.86937219 -1.75769329 2.24850223
v -2.86455377 -1.75509228 2.25340427
v -2.86800592 -1.75010738 2.25755710
v -2.87495782 -1.74962780 2.25522174
v -2.87580224 -1.75431621 2.24962558
v -2.86937219 -1.75769329 2.24850223
v -2.97866021 -1.87185573 2.58511294
v -2.97866021 -1.87185573 2.58511294
v -2.97866021 -1.87185573 2.58511294
v -2.43931559 -0.92624731 2.13218235
v -2.42631724 -0.87106695 2.11140232
v -2.45767405 -0.92149511 2.11219135
v -2.44534800 -0.86198835 2.08867054
v -2.42828928 -0.85723181 2.06322056
v -2.44398508 -0.92327276 2.09008198
v -2.41716486 -0.92911588 2.09640583
v -2.39871561 -0.86337057 2.07022343
v -2.39749674 -0.87192121 2.10000141
v -2.41427897 -0.93095381 2.12242527
v -2.43931559 -0.92624731 2.13218235
v -2.42631724 -0.87106695 2.11140232
v -2.46425928 -1.03468511 2.16714054
v -2.48202540 -1.03755636 2.15156528
v -2.47371699 -1.05106626 2.13506809
v -2.45081431 -1.05653631 2.14044498
v -2.44496928 -1.04641164 2.16026676
v -2.46425928 -1.03468511 2.16714054
v -2.47259501 -1.31174039 2.31798435
v -2.49019373 -1.31121808 2.30370548
v -2.48232722 -1.31484204 2.28275653
v -2.45986689 -1.31760404 2.28408817
v -2.45385187 -1.31568707 2.30586017
v -2.47259501 -1.31174039 2.31798435
v -2.33942164 -1.61403759 2.37375263
v -2.34620829 -1.62682720 2.36539890
v -2.33481288 -1.63257427 2.35460391
v -2.32098338 -1.62333676 2.35628589
v -2.32383174 -1.61188030 2.36812045
v -2.33942164 -1.61403759 2.37375263
v -2.24301966 -1.76777126 2.58413516
v -2.24472239 -1.77410656 2.58151370
v -2.23890193 -1.77693096 2.57867648
v -2.23360209 -1.77234142 2.57954409
v -2.23614695 -1.76668041 2.58291781
v -2.24301966 -1.76777126 2.58413516
v -2.14061137 -1.91344585 2.80218630
v -2.14061137 -1.91344585 2.80218630
v -2.14061137 -1.91344585 2.80218630
v -2.97202081 0.30234060 2.32612750
v -2.92947930 0.28041910 2.33873813
v -2.97514031 0.28926540 2.34795368
v -2.92985589 0.26492359 2.36272189
v -2.92226068 0.28195289 2.38435046
v -2.97062646 0.30561488 2.36705844
v -2.96471124 0.32879199 2.35704120
v -2.91719018 0.30797309 2.37373386
v -2.92165124 0.30702520 2.34554386
v -2.96557763 0.32677058 2.33174304
v -2.97202081 0.30234060 2.32612750
v -2.92947930 0.28041910 2.33873813
v -3.05759057 0.34366290 2.30412860
v -3.06577660 0.33457298 2.32254474
v -3.06654626 0.35038650 2.33779773
v -3.05882867 0.36924659 2.32881046
v -3.05329888 0.36509349 2.30800037
v -3.05759057 0.34366290 2.30412860
v -3.27245079 0.49475638 2.39281146
v -3.26934838 0.48501319 2.41094165
v -3.24972924 0.48860110 2.41689700
v -3.24070610 0.50056170 2.40244754
v -3.25474907 0.50436587 2.38756183
v -3.27245079 0.49475638 2.39281146
v -3.45788811 0.63402678 2.52047931
v -3.46184166 0.62890708 2.53468066
v -3.45513573 0.63826148 2.54521899
v -3.44703789 0.64916266 2.53753039
v -3.44873894 0.64654547 2.52224048
v -3.45788811 0.63402678 2.52047931
v -3.59749534 0.73766722 2.68472506
v -3.59403862 0.73229765 2.68619387
v -3.58768028 0.73387205 2.68601870
v -3.58720726 0.74021467 2.68444186
v -3.59327354 0.74256018 2.68364260
v -3.59749534 0.73766722 2.68472506
v -3.58006492 0.81274710 2.89060549
v -3.58006492 0.81274710 2.89060549
v -3.58006492 0.81274710 2.89060549
v -3.00155206 0.27029939 2.41671100
v -2.96185205 0.29796279 2.39497485
v -3.01482995 0.28462869 2.40369418
v -2.97676904 0.31275489 2.37981098
v -2.98767449 0.29747510 2.36195438
v -3.02319695 0.27239189 2.38594867
v -3.01509484 0.25049680 2.38800082
v -2.97949731 0.27323959 2.36608203
v -2.96353845 0.27354099 2.38648990
v -3.00171502 0.24920520 2.40701175
v -3.00155206 0.27029939 2.41671100
v -2.96185205 0.29796279 2.39497485
v -3.07921532 0.21959970 2.46154986
v -3.09016442 0.23327520 2.45157642
v -3.09409478 0.22590240 2.43347827
v -3.08557915 0.20766729 2.43226916
v -3.07638116 0.20377370 2.44961719
v -3.07921532 0.21959970 2.46154986
v -3.28219078 0.12532230 2.49684039
v -3.29516350 0.13254900 2.48517352
v -3.29384636 0.12349399 2.46865375
v -3.28005944 0.11067090 2.47011066
v -3.27285576 0.11180080 2.48753100
v -3.28219078 0.12532230 2.49684039
v -3.41380333 0.08174830 2.69742343
v -3.42707634 0.08660450 2.69658389
v -3.43510185 0.07643690 2.69086794
v -3.42678886 0.06529690 2.68817507
v -3.41362572 0.06857950 2.69222659
v -3.41380333 0.08174830 2.69742343
v -3.58524528 0.00219960 2.80134951
v -3.58770835 0.00626490 2.79777865
v -3.58861869 0.00374020 2.79247378
v -3.58671836 -0.00188550 2.79276614
v -3.58463371 -0.00283760 2.79825167
v -3.58524528 0.00219960 2.80134951
v -3.71308067 -0.05876200 2.94608980
v -3.71308067 -0.05876200 2.94608980
v -3.71308067 -0.05876200 2.94608980
v -2.49969019 -1.05957746 2.10142902
v -2.47680430 -1.03622564 2.06816074
v -2.49279184 -1.05852811 2.11272678
v -2.47062067 -1.03677328 2.08208164
v -2.47965693 -1.02897306 2.09155949
v -2.49954813 -1.04979391 2.11968464
v -2.51062052 -1.04544324 2.11268482
v -2.49142527 -1.02360456 2.08349628
v -2.48966211 -1.02808691 2.06903492
v -2.51070841 -1.05149015 2.10140263
v -2.49969019 -1.05957746 2.10142902
v -2.47680430 -1.03622564 2.06816074
v -2.54295237 -1.10555234 2.16163517
v -2.53453516 -1.10169149 2.16849766
v -2.53749247 -1.09102140 2.17108249
v -2.54773539 -1.08828596 2.16581486
v -2.55111017 -1.09726697 2.15997654
v -2.54295237 -1.10555234 2.16163517
v -2.60650995 -1.19970205 2.27526447
v -2.59972315 -1.19787755 2.28385623
v -2.60581049 -1.19393354 2.29225818
v -2.61635919 -1.19332074 2.28885929
v -2.61679132 -1.19688588 2.27835651
v -2.60650995 -1.19970205 2.27526447
v -2.66700647 -1.36132184 2.47578891
v -2.66284723 -1.35764279 2.47659823
v -2.66498895 -1.35247617 2.47614200
v -2.67047205 -1.35296201 2.47505054
v -2.67171900 -1.35842908 2.47483234
v -2.66700647 -1.36132184 2.47578891
v -2.72518396 -1.31825986 2.68238101
v -2.72256799 -1.31606168 2.68287936
v -2.72377191 -1.31285458 2.68244601
v -2.72713190 -1.31307050 2.68168002
v -2.72800470 -1.31641110 2.68164004
v -2.72518396 -1.31825986 2.68238101
v -2.76224115 -1.34607831 2.88937655
v -2.76224115 -1.34607831 2.88937655
v -2.76224115 -1.34607831 2.88937655
v 0.74295515 -1.84591411 2.95110872
v 0.68039626 -1.82223491 2.92923677
v 0.74788145 -1.82671383 2.97113558
v 0.68817702 -1.80188183 2.95168550
v 0.68410017 -1.81595241 2.97932833
v 0.74141325 -1.83858532 2.99567171
v 0.73248778 -1.86512233 2.99080873
v 0.67379996 -1.84500164 2.97396395
v 0.67151076 -1.84888454 2.94300570
v 0.73344015 -1.86965145 2.96326723
v 0.74295515 -1.84591411 2.95110872
v 0.68039626 -1.82223491 2.92923677
v 0.86501081 -1.89170406 2.98933107
v 0.86501600 -1.87381496 3.00566377
v 0.85400755 -1.88214061 3.02545290
v 0.84719717 -1.90517467 3.02135011
v 0.85399679 -1.91108486 2.99902620
v 0.86501081 -1.89170406 2.98933107
v 1.10671171 -1.95902385 2.94063234
v 1.11359250 -1.94738506 2.95908144
v 1.12114309 -1.96245967 2.97453829
v 1.11892881 -1.98341518 2.96564211
v 1.11000966 -1.98129176 2.94468721
v 1.10671171 -1.95902385 2.94063234
v 1.39900433 -2.10357112 3.16281587
v 1.39293256 -2.09426051 3.16679567
v 1.38146069 -2.09704707 3.16663606
v 1.38044263 -2.10807994 3.16255769
v 1.39128522 -2.11211192 3.16019685
v 1.39900433 -2.10357112 3.16281587
v 1.46053540 -2.23302867 3.43755158
v 1.45705365 -2.22816417 3.44142701
v 1.45110516 -2.23118937 3.44393159
v 1.45091076 -2.23792384 3.44160371
v 1.45673901 -2.23906062 3.43766084
v 1.46053540 -2.23302867 3.43755158
v 1.54032483 -2.33100779 3.74996857
v 1.54032483 -2.33100779 3.74996857
v 1.54032483 -2.33100779 3.74996857
v 0.78984091 -1.83756221 3.00502840
v 0.74070631 -1.83915538 2.98071169
v 0.79420172 -1.85628673 2.98654360
v 0.74321715 -1.85968609 2.95956209
v 0.74330275 -1.84589031 2.93339388
v 0.79826841 -1.84385921 2.96410128
v 0.79641646 -1.81745434 2.96871401
v 0.74084479 -1.81683330 2.93837038
v 0.73924017 -1.81267086 2.96761446
v 0.79120756 -1.81356243 2.99400820
v 0.78984091 -1.83756221 3.00502840
v 0.74070631 -1.83915538 2.98071169
v 0.88756811 -1.83418453 3.04975862
v 0.89543371 -1.85032543 3.03549135
v 0.90672972 -1.83980022 3.01912172
v 0.90584082 -1.81715481 3.02326998
v 0.89399778 -1.81368419 3.04220430
v 0.88756811 -1.83418453 3.04975862
v 1.01152830 -1.82058925 3.25637727
v 1.02359586 -1.83585323 3.24693422
v 1.03853071 -1.82599926 3.23478334
v 1.03569326 -1.80464504 3.23671693
v 1.01900488 -1.80130153 3.25006257
v 1.01152830 -1.82058925 3.25637727
v 1.30792737 -1.70952847 3.40567750
v 1.31414990 -1.72221584 3.39828339
v 1.31828153 -1.71778652 3.38352998
v 1.31461255 -1.70236172 3.38180543
v 1.30821332 -1.69725796 3.39549348
v 1.30792737 -1.70952847 3.40567750
v 1.45691144 -1.62700100 3.63590454
v 1.46245984 -1.63082714 3.63583252
v 1.46777417 -1.62677319 3.63496399
v 1.46550992 -1.62044171 3.63449921
v 1.45879651 -1.62058254 3.63508057
v 1.45691144 -1.62700100 3.63590454
v 1.53779431 -1.58181149 3.88598938
v 1.53779431 -1.58181149 3.88598938
v 1.53779431 -1.58181149 3.88598938
v -0.21721599 -2.12995662 3.13218965
v -0.19328300 -2.09501140 3.13446596
v -0.20543190 -2.12904124 3.15087221
v -0.17751381 -2.09086665 3.15372255
v -0.18803720 -2.07362743 3.16884645
v -0.21741170 -2.11679835 3.16428956
v -0.23659229 -2.11013576 3.15389955
v -0.21031019 -2.06711772 3.15893678
v -0.21355230 -2.08033382 3.13768861
v -0.23647319 -2.11827083 3.13406038
v -0.21721599 -2.12995662 3.13218965
v -0.19328300 -2.09501140 3.13446596
v -0.26371990 -2.19896342 3.13189180
v -0.25851859 -2.20404109 3.14969057
v -0.27350030 -2.20030681 3.16061586
v -0.28795308 -2.19290980 3.14957033
v -0.28191049 -2.19208247 3.13181734
v -0.26371990 -2.19896342 3.13189180
v -0.40971080 -2.37376566 3.19630556
v -0.40169799 -2.37190653 3.21275514
v -0.40307670 -2.35427058 3.21778779
v -0.41194171 -2.34523020 3.20444856
v -0.41604178 -2.35727869 3.19117189
v -0.40971080 -2.37376566 3.19630556
v -0.56222617 -2.45835612 3.35200532
v -0.55811259 -2.45974131 3.36509278
v -0.56344359 -2.44930750 3.37236207
v -0.57085200 -2.44147379 3.36376710
v -0.57009959 -2.44706614 3.35118592
v -0.56222617 -2.45835612 3.35200532
v -0.68498045 -2.54924555 3.49141511
v -0.68004546 -2.54724665 3.49368928
v -0.68059172 -2.54152689 3.49440247
v -0.68586447 -2.53999094 3.49256898
v -0.68857687 -2.54476130 3.49072266
v -0.68498045 -2.54924555 3.49141511
v -0.75451086 -2.51173090 3.66656647
v -0.75451086 -2.51173090 3.66656647
v -0.75451086 -2.51173090 3.66656647
v -0.21306579 -2.13957240 3.22430147
v -0.21213840 -2.11223826 3.19351015
v -0.22463689 -2.14683375 3.21555269
v -0.22482660 -2.11978511 3.18342012
v -0.21679100 -2.13024150 3.17134370
v -0.21739419 -2.15682963 3.20504152
v -0.20134679 -2.15574611 3.20729341
v -0.19913660 -2.12915721 3.17397005
v -0.19626110 -2.11803050 3.18766969
v -0.19867170 -2.14508037 3.21919679
v -0.21306579 -2.13957240 3.22430147
v -0.21213840 -2.11223826 3.19351015
v -0.21509359 -2.19272441 3.28356507
v -0.22508810 -2.19975734 3.27692659
v -0.21897909 -2.20930125 3.26887239
v -0.20520910 -2.20816630 3.27053224
v -0.20280769 -2.19792125 3.27961213
v -0.21509359 -2.19272441 3.28356507
v -0.19840969 -2.36074244 3.34194184
v -0.20786010 -2.36374735 3.33345460
v -0.20250410 -2.36457499 3.32158052
v -0.18974340 -2.36208170 3.32272889
v -0.18721300 -2.35971308 3.33531282
v -0.19840969 -2.36074244 3.34194184
v -0.16856371 -2.57399225 3.46438233
v -0.17304220 -2.57792902 3.46111390
v -0.16957279 -2.58211451 3.45702973
v -0.16295000 -2.58076471 3.45777406
v -0.16232639 -2.57574488 3.46231812
v -0.16856371 -2.57399225 3.46438233
v -0.13849089 -2.75355096 3.59710785
v -0.14139530 -2.75512933 3.59455262
v -0.13956950 -2.75598138 3.59089264
v -0.13553670 -2.75492944 3.59118561
v -0.13487010 -2.75342737 3.59502686
v -0.13849089 -2.75355096 3.59710785
v -0.09399450 -2.92757745 3.70697327
v -0.09399450 -2.92757745 3.70697327
v -0.09399450 -2.92757745 3.70697327
v 0.92899519 2.19407771 1.65821507
v 0.91093901 2.13070048 1.64211690
v 0.90782888 2.20136622 1.67745183
v 0.88847319 2.14317027 1.66340520
v 0.90398420 2.14940730 1.69228276
v 0.92094190 2.20172419 1.70334813
v 0.95021200 2.19465541 1.70011617
v 0.93603651 2.14079219 1.68884175
v 0.94033476 2.12923076 1.65783742
v 0.95518797 2.18992564 1.67222142
v 0.92899519 2.19407771 1.65821507
v 0.91093901 2.13070048 1.64211690
v 0.96384214 2.31790583 1.68313268
v 0.94406614 2.31625697 1.69914662
v 0.95315565 2.30609843 1.72038518
v 0.97854887 2.30146754 1.71749760
v 0.98515218 2.30876048 1.69447347
v 0.96384214 2.31790583 1.68313268
v 1.08047971 2.54817743 1.83501729
v 1.06278310 2.54692728 1.85176335
v 1.07165121 2.53522043 1.87124348
v 1.09482854 2.52923548 1.86653676
v 1.10028501 2.53724329 1.84414784
v 1.08047971 2.54817743 1.83501729
v 1.21262975 2.85428216 1.87390660
v 1.19986905 2.85330713 1.88654927
v 1.20658704 2.84420831 1.90053852
v 1.22349988 2.83956018 1.89654179
v 1.22723439 2.84578607 1.88008244
v 1.21262975 2.85428216 1.87390660
v 1.29195325 2.86431482 2.13433826
v 1.28479627 2.86194055 2.13530781
v 1.28467160 2.85440027 2.13434559
v 1.29175153 2.85211389 2.13278095
v 1.29625195 2.85824151 2.13277653
v 1.29195325 2.86431482 2.13433826
v 1.35249051 2.89366449 2.38144306
v 1.35249051 2.89366449 2.38144306
v 1.35249051 2.89366449 2.38144306
v 0.90127935 2.22684474 1.64194081
v 0.92120840 2.18688014 1.68249898
v 0.92155584 2.22260173 1.62224416
v 0.94291410 2.18523051 1.65894292
v 0.92796217 2.17528697 1.63236638
v 0.90904425 2.20922511 1.60164800
v 0.88103392 2.20520396 1.60861302
v 0.89701567 2.17079142 1.63949727
v 0.89284155 2.17795634 1.67048085
v 0.87623625 2.21609050 1.63351781
v 0.90127935 2.22684474 1.64194081
v 0.92120840 2.18688014 1.68249898
v 0.86316801 2.30897105 1.56705373
v 0.88184980 2.30014231 1.55364156
v 0.87359579 2.28022853 1.54301717
v 0.84981131 2.27675273 1.54986058
v 0.84336805 2.29451350 1.56471868
v 0.86316801 2.30897105 1.56705373
v 0.73726897 2.51314524 1.54012471
v 0.74214255 2.52226084 1.51907552
v 0.72223120 2.52299402 1.50670995
v 0.70505171 2.51433176 1.52011663
v 0.71434561 2.50824488 1.54076818
v 0.73726897 2.51314524 1.54012471
v 0.57472289 2.72868707 1.67583837
v 0.57938227 2.73791162 1.66197438
v 0.57182208 2.73089075 1.64809758
v 0.56249030 2.71732721 1.65338521
v 0.56428309 2.71596521 1.67052999
v 0.57472289 2.72868707 1.67583837
v 0.33782809 2.76727991 1.65581990
v 0.33569598 2.77103998 1.64992757
v 0.33316009 2.76627374 1.64500264
v 0.33372489 2.75956750 1.64785100
v 0.33660991 2.76018945 1.65453649
v 0.33782809 2.76727991 1.65581990
v 0.17421180 2.80261957 1.80272114
v 0.17421180 2.80261957 1.80272114
v 0.17421180 2.80261957 1.80272114
v 1.54866772 1.81486751 1.94385960
v 1.50593487 1.79721660 1.93396641
v 1.54082241 1.82736858 1.96623158
v 1.49823025 1.81129818 1.95876591
v 1.50281628 1.79296734 1.98147312
v 1.54487057 1.81072368 1.98689778
v 1.55521756 1.78793529 1.97729832
v 1.51335522 1.76755672 1.97070744
v 1.51528256 1.77018291 1.94134663
v 1.55756436 1.79049618 1.95069935
v 1.54866772 1.81486751 1.94385960
v 1.50593487 1.79721660 1.93396641
v 1.63488476 1.85049663 1.96182743
v 1.62649182 1.86060573 1.98069370
v 1.62972958 1.84633190 1.99845600
v 1.64012325 1.82740078 1.99056767
v 1.64330929 1.82997463 1.96792973
v 1.63488476 1.85049663 1.96182743
v 1.77624737 1.95244060 1.89649891
v 1.77471737 1.96283748 1.91536808
v 1.79070141 1.95589672 1.92812809
v 1.80211010 1.94120998 1.91714512
v 1.79317699 1.93907405 1.89759724
v 1.77624737 1.95244060 1.89649891
v 2.03269542 2.05173717 1.98086643
v 2.01917094 2.05569774 1.98828617
v 2.01088832 2.04234447 1.99088047
v 2.01929363 2.03013103 1.98506428
v 2.03277126 2.03593608 1.97887516
v 2.03269542 2.05173717 1.98086643
v 2.17326243 2.05539058 2.14406208
v 2.16850398 2.05674602 2.14862522
v 2.16741221 2.05115794 2.15221454
v 2.17149577 2.04634883 2.14986973
v 2.17511149 2.04896465 2.14483127
v 2.17326243 2.05539058 2.14406208
v 2.27233866 2.06084026 2.32885944
v 2.27233866 2.06084026 2.32885944
v 2.27233866 2.06084026 2.32885944
v 1.53447262 1.80401714 2.02152775
v 1.52567578 1.79324871 1.98508152
v 1.55257458 1.79407284 2.01062519
v 1.54300366 1.77990978 1.96958454
v 1.55253308 1.79696453 1.95123616
v 1.56186123 1.81115505 1.99815037
v 1.54949475 1.83165218 2.00132755
v 1.54109478 1.82084392 1.95539326
v 1.52449597 1.81854732 1.97631077
v 1.53256802 1.82724132 2.01577763
v 1.53447262 1.80401714 2.02152775
v 1.52567578 1.79324871 1.98508152
v 1.55635006 1.82544430 2.09290852
v 1.57599453 1.82081035 2.09025883
v 1.58537319 1.83841778 2.08782108
v 1.57152096 1.85392849 2.08894825
v 1.55358441 1.84591106 2.09209446
v 1.55635006 1.82544430 2.09290852
v 1.59128430 1.85524135 2.29834125
v 1.60994625 1.84962307 2.29699573
v 1.61927334 1.86236690 2.28549579
v 1.60637570 1.87586132 2.27973392
v 1.58907757 1.87145763 2.28767292
v 1.59128430 1.85524135 2.29834125
v 1.71577129 1.94597988 2.46162967
v 1.73001141 1.94260234 2.46220386
v 1.73745129 1.95317272 2.45531665
v 1.72780941 1.96308299 2.45048617
v 1.71441036 1.95863765 2.45438769
v 1.71577129 1.94597988 2.46162967
v 1.70431759 1.96336223 2.65928561
v 1.71300793 1.96207256 2.65932772
v 1.71691906 1.96993785 2.65950534
v 1.71064571 1.97608852 2.65957278
v 1.70285748 1.97202449 2.65943667
v 1.70431759 1.96336223 2.65928561
v 1.73484554 2.02707454 2.85118899
v 1.73484554 2.02707454 2.85118899
v 1.73484554 2.02707454 2.85118899
v 0.96654768 2.40201624 1.61780782
v 0.95851331 2.37051356 1.62635594
v 0.96232275 2.40614848 1.63071279
v 0.95341635 2.37401194 1.64086125
v 0.96197004 2.36569361 1.65116963
v 0.97132719 2.40138590 1.63932347
v 0.98111791 2.39431208 1.63174001
v 0.97235349 2.35705439 1.64303517
v 0.97021711 2.36003321 1.62769948
v 0.97816351 2.39469981 1.61844304
v 0.96654768 2.40201624 1.61780782
v 0.95851331 2.37051356 1.62635594
v 0.98424291 2.46226084 1.60242742
v 0.98136381 2.46768641 1.61295018
v 0.99134855 2.46919993 1.61880361
v 1.00039915 2.46471125 1.61189824
v 0.99600698 2.46042078 1.60177770
v 0.98424291 2.46226084 1.60242742
v 1.02286581 2.61208032 1.59927938
v 1.01757581 2.60795252 1.60859731
v 1.02439794 2.60002100 1.61332936
v 1.03390417 2.59924646 1.60693593
v 1.03295721 2.60669947 1.59825261
v 1.02286581 2.61208032 1.59927938
v 1.10687131 2.75184839 1.71214604
v 1.10327337 2.74987695 1.71935307
v 1.10922155 2.74750665 1.72462300
v 1.11649564 2.74801294 1.72067296
v 1.11504316 2.75069604 1.71296178
v 1.10687131 2.75184839 1.71214604
v 1.11884755 2.91624902 1.76052068
v 1.11678144 2.91403283 1.76462666
v 1.12056714 2.91208673 1.76744084
v 1.12497289 2.91309961 1.76507405
v 1.12391004 2.91567224 1.76079716
v 1.11884755 2.91624902 1.76052068
v 1.15330358 3.00620477 1.88020466
v 1.15330358 3.00620477 1.88020466
v 1.15330358 3.00620477 1.88020466
v 2.04981715 -0.96618589 2.18900562
v 2.02249797 -0.93827635 2.21883487
v 2.07097865 -0.95986768 2.20671619
v 2.04460414 -0.92979872 2.23940632
v 2.03813213 -0.94359060 2.26682209
v 2.06774791 -0.97552206 2.22878513
v 2.04458888 -0.99151441 2.22471500
v 2.01202617 -0.96059194 2.26319477
v 2.00236369 -0.95730764 2.23353702
v 2.03350627 -0.98574331 2.20013126
v 2.04981715 -0.96618589 2.18900562
v 2.02249797 -0.93827635 2.21883487
v 2.10451564 -1.02427579 2.13180485
v 2.12479823 -1.02150220 2.14493671
v 2.12730021 -1.04098249 2.15814152
v 2.10856334 -1.05579481 2.15317173
v 2.09448054 -1.04546835 2.13689564
v 2.10451564 -1.02427579 2.13180485
v 2.25868281 -1.21496534 2.09051502
v 2.26642924 -1.19770757 2.10347706
v 2.25234629 -1.19545758 2.12143406
v 2.23589610 -1.21132466 2.11957004
v 2.23981227 -1.22338109 2.10046101
v 2.25868281 -1.21496534 2.09051502
v 2.39712565 -1.48326230 2.19936527
v 2.40573450 -1.47729519 2.21263950
v 2.39890940 -1.48383297 2.22666111
v 2.38608225 -1.49384076 2.22205249
v 2.38497981 -1.49348797 2.20518268
v 2.39712565 -1.48326230 2.19936527
v 2.57690760 -1.70910412 2.26975666
v 2.57784723 -1.70059551 2.27531925
v 2.56928247 -1.69941402 2.28074817
v 2.56305017 -1.70719234 2.27854099
v 2.56776270 -1.71318127 2.27174793
v 2.57690760 -1.70910412 2.26975666
v 2.61607447 -1.80583965 2.49506076
v 2.61607447 -1.80583965 2.49506076
v 2.61607447 -1.80583965 2.49506076
v 2.10544810 -1.01377821 2.25654865
v 2.06492183 -0.98985861 2.25528995
v 2.09385173 -1.02778066 2.23671833
v 2.05112910 -1.00446111 2.23346988
v 2.05453288 -0.98890402 2.20845035
v 2.09898982 -1.01517606 2.21385410
v 2.11375865 -0.99338186 2.21955356
v 2.07042934 -0.96468672 2.21480732
v 2.07685008 -0.96527670 2.24375583
v 2.11775065 -0.99251821 2.24594013
v 2.10544810 -1.01377821 2.25654865
v 2.06492183 -0.98985861 2.25528995
v 2.18666072 -1.06207265 2.25769641
v 2.17865855 -1.07551549 2.24071659
v 2.18715876 -1.06764928 2.22096317
v 2.20041133 -1.04934316 2.22573444
v 2.20010402 -1.04589689 2.24843708
v 2.18666072 -1.06207265 2.25769641
v 2.42179728 -1.09852559 2.17495456
v 2.41090220 -1.11035535 2.16041035
v 2.40003123 -1.09674657 2.14749531
v 2.40420756 -1.07650617 2.15405735
v 2.41765986 -1.07760564 2.17102817
v 2.42179728 -1.09852559 2.17495456
v 2.65902460 -1.05382055 2.22012119
v 2.66946802 -1.05864110 2.20901462
v 2.67652124 -1.04565969 2.20289951
v 2.67043695 -1.03281637 2.21022663
v 2.65962335 -1.03786008 2.22087024
v 2.65902460 -1.05382055 2.22012119
v 2.82841882 -1.00502111 2.38511691
v 2.83437219 -1.00841978 2.37832050
v 2.83538476 -1.00160261 2.37156116
v 2.83005700 -0.99399061 2.37418018
v 2.82575158 -0.99610326 2.38255801
v 2.82841882 -1.00502111 2.38511691
v 2.98222955 -0.93590475 2.54856952
v 2.98222955 -0.93590475 2.54856952
v 2.98222955 -0.93590475 2.54856952
v 1.53314999 -1.41771817 2.77956576
v 1.55731854 -1.39596097 2.75404910
v 1.54681012 -1.40782941 2.79513766
v 1.57173260 -1.38410672 2.77112612
v 1.55723980 -1.36730649 2.78327639
v 1.53488186 -1.39143964 2.80562655
v 1.51384686 -1.39120251 2.79654116
v 1.53386868 -1.36877759 2.77370852
v 1.53391735 -1.38648709 2.75564516
v 1.51277783 -1.40744244 2.78043337
v 1.53314999 -1.41771817 2.77956576
v 1.55731854 -1.39596097 2.75404910
v 1.48793133 -1.46333554 2.83091952
v 1.50040585 -1.45635785 2.84448427
v 1.49250927 -1.44013211 2.85217714
v 1.47515103 -1.43708554 2.84337008
v 1.47232281 -1.45142499 2.83023104
v 1.48793133 -1.46333554 2.83091952
v 1.39161160 -1.48735425 3.00391146
v 1.40127087 -1.47566693 3.01440401
v 1.39615643 -1.45850567 3.01000917
v 1.38333661 -1.45958661 2.99680086
v 1.38052762 -1.47741604 2.99303224
v 1.39161160 -1.48735425 3.00391146
v 1.32326993 -1.59521908 3.16225282
v 1.32931302 -1.59094265 3.17392702
v 1.32164594 -1.58072552 3.17921144
v 1.31086438 -1.57868756 3.17080293
v 1.31186810 -1.58764492 3.16032197
v 1.32326993 -1.59521908 3.16225282
v 1.24425977 -1.63988308 3.33432527
v 1.25078664 -1.63486828 3.33533204
v 1.24839795 -1.62714840 3.33347200
v 1.24039456 -1.62739193 3.33131562
v 1.23783704 -1.63526241 3.33184327
v 1.24425977 -1.63988308 3.33432527
v 1.17680364 -1.65618832 3.50481690
v 1.17680364 -1.65618832 3.50481690
v 1.17680364 -1.65618832 3.50481690
v 1.55673153 -1.43266476 2.83055880
v 1.54447888 -1.40030057 2.81138308
v 1.54686566 -1.44284970 2.82291903
v 1.53403744 -1.41272504 2.80376742
v 1.54439480 -1.42309415 2.79344302
v 1.55561016 -1.45032651 2.81217928
v 1.57088024 -1.44476315 2.81318178
v 1.56123715 -1.41707822 2.79467776
v 1.56128918 -1.40299084 2.80576510
v 1.57157315 -1.43384701 2.82454043
v 1.55673153 -1.43266476 2.83055880
v 1.54447888 -1.40030057 2.81138308
v 1.57957394 -1.49406018 2.86987337
v 1.57036007 -1.50062771 2.86190737
v 1.57651242 -1.50318890 2.85003969
v 1.58952862 -1.49820492 2.85067110
v 1.59142056 -1.49256253 2.86292849
v 1.57957394 -1.49406018 2.86987337
v 1.64462856 -1.63229611 2.92556063
v 1.63766415 -1.64113812 2.91888552
v 1.64496456 -1.64530010 2.90885469
v 1.65644085 -1.63903042 2.90933016
v 1.65623318 -1.63099346 2.91965517
v 1.64462856 -1.63229611 2.92556063
v 1.67519894 -1.69184628 3.09316164
v 1.67105175 -1.70044567 3.09123994
v 1.67801876 -1.70653500 3.08820284
v 1.68647183 -1.70169888 3.08824739
v 1.68472912 -1.69262081 3.09131227
v 1.67519894 -1.69184628 3.09316164
v 1.73086910 -1.78250149 3.22211488
v 1.72790096 -1.78709713 3.21969056
v 1.73141735 -1.78958477 3.21553682
v 1.73655880 -1.78652660 3.21539399
v 1.73621990 -1.78214886 3.21945924
v 1.73086910 -1.78250149 3.22211488
v 1.76205212 -1.82350750 3.37285645
v 1.76205212 -1.82350750 3.37285645
v 1.76205212 -1.82350750 3.37285645
v -2.00385234 -1.09194311 3.20848543
v -1.95387157 -1.06526861 3.19284273
v -1.99542110 -1.11022146 3.22472749
v -1.94834239 -1.08782651 3.21096132
v -1.96300914 -1.08313795 3.23607332
v -2.00389217 -1.10279836 3.24706575
v -2.01755763 -1.07993185 3.24462861
v -1.97760295 -1.05768240 3.23347474
v -1.97195552 -1.04663854 3.20675691
v -2.01752879 -1.07322057 3.22078340
v -2.00385234 -1.09194311 3.20848543
v -1.95387157 -1.06526861 3.19284273
v -2.10118083 -1.14441068 3.23261689
v -2.08719966 -1.15585607 3.24584230
v -2.08476314 -1.14342779 3.26371919
v -2.09723765 -1.12430066 3.26154237
v -2.10737987 -1.12490590 3.24231874
v -2.10118083 -1.14441068 3.23261689
v -2.31267741 -1.22440007 3.31285371
v -2.30534556 -1.23627904 3.32925386
v -2.31090281 -1.22645314 3.34759522
v -2.32166941 -1.20850148 3.34253053
v -2.32276621 -1.20723264 3.32105928
v -2.31267741 -1.22440007 3.31285371
v -2.56241693 -1.34945264 3.29885987
v -2.55339106 -1.35647504 3.30987916
v -2.55205698 -1.34653561 3.32219331
v -2.56025843 -1.33337048 3.31878450
v -2.56666101 -1.33517316 3.30436372
v -2.56241693 -1.34945264 3.29885987
v -2.70580194 -1.36068051 3.49713441
v -2.69807794 -1.36477338 3.50107331
v -2.69234552 -1.35779553 3.50429505
v -2.69652704 -1.34939008 3.50234742
v -2.70484338 -1.35117307 3.49792176
v -2.70580194 -1.36068051 3.49713441
v -2.84516107 -1.38938733 3.68372498
v -2.84516107 -1.38938733 3.68372498
v -2.84516107 -1.38938733 3.68372498
v -1.98438625 -1.13042508 3.19708619
v -1.99174770 -1.09061880 3.22795381
v -1.99569759 -1.11588758 3.17940706
v -2.00340846 -1.07525129 3.20731874
v -1.98691493 -1.07735456 3.18448244
v -1.98002910 -1.11281011 3.16170534
v -1.95903209 -1.12545858 3.16843477
v -1.96506053 -1.09402196 3.19100404
v -1.96804744 -1.10221975 3.21787111
v -1.96172618 -1.13633687 3.19030763
v -1.98438625 -1.13042508 3.19708619
v -1.99174770 -1.09061880 3.22795381
v -1.97587840 -1.20956136 3.13942934
v -1.98672893 -1.19593419 3.12613130
v -1.97249217 -1.18349775 3.11712190
v -1.95284084 -1.18945256 3.12484224
v -1.95493465 -1.20555196 3.13863557
v -1.97587840 -1.20956136 3.13942934
v -1.95617870 -1.36453366 3.08989565
v -1.96296855 -1.37571728 3.07399690
v -1.94695384 -1.37960919 3.06165498
v -1.93026622 -1.37083081 3.06992586
v -1.93596752 -1.36151349 3.08737947
v -1.95617870 -1.36453366 3.08989565
v -1.93243831 -1.61791073 3.19212587
v -1.93645076 -1.62538708 3.17923036
v -1.92726696 -1.62049648 3.16782716
v -1.91757854 -1.60999768 3.17367525
v -1.92077449 -1.60839947 3.18869264
v -1.93243831 -1.61791073 3.19212587
v -1.78425899 -1.77952160 3.23602083
v -1.78563717 -1.78590526 3.22945649
v -1.77861019 -1.78539409 3.22344758
v -1.77288891 -1.77869442 3.22629884
v -1.77638012 -1.77506512 3.23406953
v -1.78425899 -1.77952160 3.23602083
v -1.72255398 -1.86216533 3.41154633
v -1.72255398 -1.86216533 3.41154633
v -1.72255398 -1.86216533 3.41154633
v -2.67359094 -0.38698520 3.38399384
v -2.65552423 -0.42585677 3.37847352
v -2.68496912 -0.39649509 3.40214570
v -2.66829187 -0.43538680 3.39886903
v -2.66292413 -0.42048800 3.41933930
v -2.67764429 -0.38611770 3.42091035
v -2.66174402 -0.37018470 3.41435670
v -2.64683924 -0.40175010 3.41159486
v -2.64226587 -0.40506808 3.38633851
v -2.65923578 -0.37072688 3.39154084
v -2.67359094 -0.38698520 3.38399384
v -2.65552423 -0.42585677 3.37847352
v -2.71266504 -0.31202470 3.39150453
v -2.72195490 -0.32174060 3.40645356
v -2.71109216 -0.31929929 3.42267732
v -2.69509424 -0.30806449 3.41775575
v -2.69606287 -0.30357490 3.39848969
v -2.71266504 -0.31202470 3.39150453
v -2.78595941 -0.19369770 3.34446290
v -2.80380243 -0.19055820 3.34972047
v -2.80360284 -0.17806739 3.36385560
v -2.78563653 -0.17348709 3.36733430
v -2.77473230 -0.18314720 3.35534913
v -2.78595941 -0.19369770 3.34446290
v -2.90387414 0.00772820 3.30680268
v -2.91224450 0.00164890 3.31644654
v -2.90419305 -0.00219800 3.32741914
v -2.89084649 0.00150380 3.32455690
v -2.89064935 0.00763850 3.31181520
v -2.90387414 0.00772820 3.30680268
v -2.96376214 0.15433220 3.40365937
v -2.96889276 0.14945830 3.40833894
v -2.96527917 0.14838930 3.41593995
v -2.95791528 0.15260230 3.41595796
v -2.95697778 0.15627519 3.40836793
v -2.96376214 0.15433220 3.40365937
v -3.02542321 0.31381269 3.48278962
v -3.02542321 0.31381269 3.48278962
v -3.02542321 0.31381269 3.48278962
v -2.71360803 -0.41097011 3.42845460
v -2.68404779 -0.39834849 3.41617616
v -2.72383386 -0.39928588 3.41400117
v -2.69438074 -0.38484840 3.40005860
v -2.70139520 -0.39864768 3.38247560
v -2.72928400 -0.41192988 3.39782838
v -2.72242853 -0.43142909 3.40228700
v -2.69539758 -0.42067611 3.38772614
v -2.68467645 -0.42049109 3.40855409
v -2.71273950 -0.43083590 3.42121491
v -2.71360803 -0.41097011 3.42845460
v -2.68404779 -0.39834849 3.41617616
v -2.77356866 -0.43477031 3.45481843
v -2.78398859 -0.42580371 3.44289399
v -2.78689538 -0.43667621 3.42856416
v -2.77827386 -0.45236308 3.43163270
v -2.77003717 -0.45118518 3.44785859
v -2.77356866 -0.43477031 3.45481843
v -2.85011255 -0.45691798 3.60065674
v -2.86605920 -0.45101130 3.59845185
v -2.87648553 -0.46449019 3.59654053
v -2.86698266 -0.47872718 3.59756409
v -2.85068353 -0.47404738 3.60010804
v -2.85011255 -0.45691798 3.60065674
v -2.97168176 -0.50391429 3.75756622
v -2.97929193 -0.49827399 3.74941254
v -2.98222253 -0.50654139 3.74050873
v -2.97642388 -0.51729110 3.74316010
v -2.96990930 -0.51566748 3.75370209
v -2.97168176 -0.50391429 3.75756622
v -3.04099145 -0.53504748 3.89261383
v -3.04842736 -0.53287799 3.89279602
v -3.05278680 -0.53928160 3.89295410
v -3.04804498 -0.54540869 3.89286957
v -3.04075524 -0.54279189 3.89265930
v -3.04099145 -0.53504748 3.89261383
v -3.06583733 -0.54421130 4.05332397
v -3.06583733 -0.54421130 4.05332397
v -3.06583733 -0.54421130 4.05332397
v -2.06903285 -1.22928990 3.19100801
v -2.05887721 -1.20178868 3.18641603
v -2.06390681 -1.23040830 3.20235994
v -2.05337184 -1.20272565 3.19901582
v -2.06111964 -1.19524564 3.20761567
v -2.07136424 -1.22490171 3.21043611
v -2.08109996 -1.22038114 3.20407594
v -2.07141353 -1.18968587 3.20033113
v -2.07002772 -1.19372968 3.18722902
v -2.07965892 -1.22309285 3.19206880
v -2.06903285 -1.22928990 3.19100801
v -2.05887721 -1.20178868 3.18641603
v -2.08960399 -1.28239774 3.19976137
v -2.08503139 -1.28381711 3.20934846
v -2.09227046 -1.28164227 3.21675508
v -2.10131724 -1.27888066 3.21174592
v -2.09966930 -1.27934720 3.20124269
v -2.08960399 -1.28239774 3.19976137
v -2.08927806 -1.40385205 3.17345613
v -2.08523433 -1.40307584 3.18260896
v -2.09270030 -1.40315839 3.18931520
v -2.10135844 -1.40398556 3.18430726
v -2.09924327 -1.40441418 3.17450593
v -2.08927806 -1.40385205 3.17345613
v -2.12665813 -1.54109524 3.26959108
v -2.12301662 -1.53715802 3.27446748
v -2.12776271 -1.53287350 3.27788179
v -2.13433742 -1.53416272 3.27511567
v -2.13365474 -1.53924405 3.26999177
v -2.12665813 -1.54109524 3.26959108
v -2.13127131 -1.66676525 3.32754792
v -2.12930400 -1.66555981 3.33136476
v -2.13242213 -1.66546505 3.33455232
v -2.13631663 -1.66661205 3.33270539
v -2.13560527 -1.66741558 3.32837648
v -2.13127131 -1.66676525 3.32754792
v -2.12903682 -1.77074001 3.40650605
v -2.12903682 -1.77074001 3.40650605
v -2.12903682 -1.77074001 3.40650605
v -1.97269893 1.07177358 2.63300997
v -1.94380260 1.05837247 2.66208346
v -1.98970470 1.05701559 2.64938754
v -1.96079906 1.04151098 2.68154208
v -1.96305309 1.05701208 2.70812136
v -1.99549083 1.07244047 2.67036807
v -1.98205684 1.09672994 2.66696139
v -1.94744960 1.08345380 2.70508975
v -1.93555217 1.08429464 2.67663668
v -1.96797130 1.09631811 2.64387210
v -1.97269893 1.07177358 2.63300997
v -1.94380260 1.05837247 2.66208346
v -2.03299678 1.10016057 2.57646273
v -2.05063686 1.08866727 2.58783633
v -2.06282466 1.10461301 2.59945590
v -2.05271297 1.12595945 2.59526828
v -2.03427882 1.12320806 2.58105655
v -2.03299678 1.10016057 2.57646273
v -2.14419215 1.19964811 2.40757663
v -2.16049327 1.18698751 2.41667453
v -2.16724406 1.19696469 2.43574481
v -2.15511516 1.21579168 2.43843295
v -2.14086818 1.21745008 2.42102405
v -2.14419215 1.19964811 2.40757663
v -2.28971202 1.42349988 2.44143695
v -2.30288371 1.41633343 2.44863437
v -2.29991480 1.41535458 2.46497089
v -2.28490840 1.42191617 2.46787006
v -2.27860270 1.42695019 2.45332523
v -2.28971202 1.42349988 2.44143695
v -2.27732569 1.63377896 2.43166736
v -2.28608424 1.63677975 2.43555621
v -2.28544963 1.63606152 2.44555240
v -2.27629893 1.63261700 2.44784137
v -2.27127803 1.63120617 2.43925998
v -2.27732569 1.63377896 2.43166736
v -2.24318904 1.79398693 2.55717715
v -2.24318904 1.79398693 2.55717715
v -2.24318904 1.79398693 2.55717715
v -2.02597133 1.08706876 2.71063021
v -1.99143016 1.08125791 2.69818728
v -2.02277080 1.10466176 2.69182314
v -1.98434169 1.09977865 2.67679110
v -1.97877910 1.08413686 2.65280245
v -2.02357021 1.09177549 2.67101107
v -2.02725642 1.06621694 2.67695315
v -1.98242977 1.05594884 2.65937289
v -1.99024852 1.05416967 2.68742220
v -2.02874004 1.06330801 2.70143893
v -2.02597133 1.08706876 2.71063021
v -1.99143016 1.08125791 2.69818728
v -2.09751033 1.09845029 2.73105563
v -2.10119517 1.11497098 2.71637698
v -2.11337459 1.10641317 2.70085482
v -2.11720820 1.08460195 2.70593752
v -2.10740321 1.07968046 2.72460207
v -2.09751033 1.09845029 2.73105563
v -2.27110758 1.10606580 2.80584139
v -2.26966685 1.12254491 2.79237673
v -2.26809840 1.11476331 2.77257998
v -2.26856990 1.09347501 2.77380923
v -2.27042948 1.08809949 2.79436587
v -2.27110758 1.10606580 2.80584139
v -2.48433024 0.99469358 2.80159090
v -2.49503657 1.00028837 2.79151919
v -2.49733042 0.98945532 2.78035006
v -2.48804178 0.97716505 2.78351900
v -2.48000727 0.98040258 2.79664645
v -2.48433024 0.99469358 2.80159090
v -2.57345301 0.93514890 2.97313417
v -2.58230097 0.93668730 2.97004946
v -2.58574701 0.92845831 2.96679811
v -2.57902918 0.92183416 2.96787325
v -2.57143122 0.92596914 2.97178926
v -2.57345301 0.93514890 2.97313417
v -2.67012689 0.85682386 3.13417146
v -2.67012689 0.85682386 3.13417146
v -2.67012689 0.85682386 3.13417146
v -1.45214230 1.67042721 2.91030733
v -1.44459576 1.64312878 2.91158114
v -1.45842862 1.66031384 2.92872042
v -1.45055981 1.62822933 2.93059664
v -1.43074246 1.62653881 2.94554934
v -1.44157071 1.66224270 2.94228060
v -1.42486157 1.67353451 2.93224886
v -1.41253079 1.64039349 2.93577456
v -1.42109250 1.65064663 2.91478121
v -1.43139691 1.67859875 2.91248812
v -1.45214230 1.67042721 2.91030733
v -1.44459576 1.64312878 2.91158114
v -1.46883450 1.72634869 2.91177065
v -1.47606503 1.72454861 2.92928865
v -1.46385480 1.73301540 2.94083681
v -1.44907300 1.74003429 2.93045687
v -1.45215268 1.73592022 2.91249270
v -1.46883450 1.72634869 2.91177065
v -1.48596768 1.89150676 2.97364443
v -1.48893506 1.88341076 2.98960054
v -1.47509335 1.87214382 2.99282869
v -1.46357144 1.87327648 2.97886751
v -1.47029202 1.88524334 2.96701082
v -1.48596768 1.89150676 2.97364443
v -1.46277997 2.01883647 3.07167879
v -1.46629757 2.01830531 3.08480318
v -1.45490628 2.01739711 3.09217287
v -1.44434872 2.01736705 3.08360353
v -1.44921490 2.01825664 3.07093752
v -1.46277997 2.01883647 3.07167879
v -1.49016995 2.17120860 3.12148073
v -1.49065304 2.16598079 3.12772340
v -1.48308072 2.16452327 3.13038209
v -1.47791775 2.16885005 3.12578279
v -1.48229916 2.17298182 3.12028139
v -1.49016995 2.17120860 3.12148073
v -1.45197018 2.27208491 3.23366182
v -1.45197018 2.27208491 3.23366182
v -1.45197018 2.27208491 3.23366182
v -1.45590893 1.67413235 2.98877535
v -1.44426098 1.66398296 2.96586763
v -1.45512036 1.68775280 2.98056337
v -1.44281567 1.67844738 2.95588503
v -1.45579754 1.67815380 2.94395388
v -1.46765362 1.68816479 2.97090090
v -1.47618741 1.67479794 2.97313967
v -1.46526608 1.66350781 2.94656282
v -1.45813611 1.65474987 2.96010622
v -1.46892865 1.66612530 2.98418611
v -1.45590893 1.67413235 2.98877535
v -1.44426098 1.66398296 2.96586763
v -1.48002163 1.69517345 3.03405336
v -1.48036358 1.70777615 3.02876467
v -1.49253216 1.70943264 3.02288118
v -1.49970974 1.69785320 3.02453249
v -1.49197766 1.68904049 3.03143678
v -1.48002163 1.69517345 3.03405336
v -1.57810131 1.75852383 3.09562532
v -1.57446560 1.76764187 3.08729890
v -1.57834469 1.76407848 3.07555391
v -1.58437786 1.75275829 3.07662172
v -1.58422741 1.74932537 3.08902650
v -1.57810131 1.75852383 3.09562532
v -1.67627483 1.81485348 3.19901704
v -1.67795452 1.82413494 3.19734376
v -1.68729580 1.82516506 3.19548738
v -1.69138927 1.81652019 3.19601320
v -1.68457806 1.81014721 3.19819459
v -1.67627483 1.81485348 3.19901704
v -1.71860287 1.83863262 3.33697572
v -1.71924877 1.84414669 3.33502046
v -1.72427624 1.84441814 3.33197145
v -1.72673763 1.83907192 3.33204255
v -1.72323116 1.83549633 3.33513520
v -1.71860287 1.83863262 3.33697572
v -1.78054302 1.86633007 3.45702210
v -1.78054302 1.86633007 3.45702210
v -1.78054302 1.86633007 3.45702210
v 1.75368526 0.97474165 3.40010499
v 1.72454067 0.94727949 3.39418397
v 1.73732525 0.98047460 3.41782044
v 1.70663006 0.95218290 3.41422273
v 1.71808941 0.94459158 3.43783265
v 1.74654430 0.97298567 3.43952699
v 1.76860668 0.96262930 3.43522828
v 1.74308224 0.93499639 3.43238587
v 1.74706936 0.93665769 3.40540955
v 1.77301967 0.96371404 3.41086396
v 1.75368526 0.97474165 3.40010499
v 1.72454067 0.94727949 3.39418397
v 1.80951153 1.03292730 3.41105714
v 1.79567898 1.04018247 3.42552430
v 1.80134838 1.03244657 3.44447694
v 1.81869014 1.02041555 3.44172395
v 1.82373485 1.02071218 3.42106934
v 1.80951153 1.03292730 3.41105714
v 1.91331890 1.12038549 3.53473847
v 1.90052318 1.11973150 3.54998261
v 1.89939296 1.10086835 3.55626313
v 1.91149028 1.08986410 3.54490052
v 1.92009700 1.10192640 3.53159760
v 1.91331890 1.12038549 3.53473847
v 2.03978008 1.27116834 3.62834290
v 2.03376353 1.27637609 3.64097504
v 2.03878307 1.26800267 3.65227021
v 2.04790187 1.25762006 3.64661896
v 2.04851817 1.25957646 3.63183106
v 2.03978008 1.27116834 3.62834290
v 2.16126292 1.37156888 3.77125275
v 2.15277919 1.37010068 3.77371704
v 2.15163753 1.36125989 3.77457672
v 2.15941569 1.35726422 3.77264343
v 2.16536448 1.36363538 3.77058899
v 2.16126292 1.37156888 3.77125275
v 2.24423304 1.39163312 3.93576843
v 2.24423304 1.39163312 3.93576843
v 2.24423304 1.39163312 3.93576843
v 1.71856640 1.00147070 3.43710236
v 1.73556652 0.96352346 3.44227998
v 1.73653042 1.00476125 3.42204285
v 1.75430797 0.96738691 3.42440858
v 1.74272350 0.97139166 3.40127168
v 1.72774471 1.00547338 3.40065553
v 1.70434780 1.00263105 3.40249665
v 1.71682232 0.97000326 3.40484376
v 1.71239895 0.96514051 3.43018830
v 1.69867748 1.00015127 3.42502259
v 1.71856640 1.00147070 3.43710236
v 1.73556652 0.96352346 3.44227998
v 1.68790203 1.07845121 3.43003205
v 1.70481228 1.08080511 3.41896943
v 1.70051525 1.07553915 3.40015077
v 1.68094631 1.06993925 3.39958192
v 1.67315319 1.07173261 3.41805024
v 1.68790203 1.07845121 3.43003205
v 1.65090695 1.21818319 3.35961610
v 1.66150005 1.22449399 3.34504914
v 1.65417980 1.21738736 3.32892030
v 1.63906262 1.20668439 3.33351899
v 1.63703976 1.20717626 3.35248994
v 1.65090695 1.21818319 3.35961610
v 1.59939556 1.39515820 3.45548066
v 1.60576168 1.40650647 3.44952973
v 1.59792034 1.41057797 3.43827515
v 1.58670819 1.40174603 3.43727052
v 1.58761990 1.39221600 3.44790406
v 1.59939556 1.39515820 3.45548066
v 1.51284893 1.55259060 3.50933198
v 1.51860470 1.55627819 3.50414155
v 1.51541287 1.55621930 3.49617432
v 1.50768460 1.55249524 3.49644074
v 1.50609997 1.55025265 3.50457246
v 1.51284893 1.55259060 3.50933198
v 1.43731427 1.66393139 3.61346283
v 1.43731427 1.66393139 3.61346283
v 1.43731427 1.66393139 3.61346283
v 1.85429561 0.44536010 3.59828797
v 1.83618862 0.46009200 3.56862397
v 1.84117061 0.45404689 3.61305695
v 1.82255398 0.46888850 3.58624970
v 1.81504345 0.45051890 3.59967011
v 1.83127437 0.43871539 3.62167237
v 1.83828472 0.42055221 3.61223023
v 1.82403637 0.43036941 3.59033814
v 1.83710476 0.43628600 3.57115052
v 1.85251033 0.42466029 3.59777466
v 1.85429561 0.44536010 3.59828797
v 1.83618862 0.46009200 3.56862397
v 1.89362087 0.41969600 3.65607605
v 1.88087871 0.42844890 3.66630341
v 1.86650020 0.41814239 3.66652771
v 1.87035793 0.40301848 3.65644104
v 1.88711681 0.40398040 3.64997773
v 1.89362087 0.41969600 3.65607605
v 1.96762721 0.35256641 3.77535675
v 1.95920680 0.35793609 3.78977142
v 1.94900386 0.34478908 3.79530151
v 1.95111858 0.33129409 3.78430450
v 1.96262844 0.33610069 3.77197784
v 1.96762721 0.35256641 3.77535675
v 2.11670177 0.33506469 3.87277710
v 2.10729381 0.33906459 3.88044952
v 2.09992457 0.32900081 3.88324005
v 2.10477824 0.31878110 3.87729248
v 2.11514705 0.32252879 3.87082611
v 2.11670177 0.33506469 3.87277710
v 2.15465205 0.25850049 4.00407043
v 2.14832866 0.26152549 4.00776489
v 2.14206859 0.25699520 4.00601135
v 2.14452311 0.25117040 4.00123291
v 2.15230006 0.25210069 4.00003326
v 2.15465205 0.25850049 4.00407043
v 2.22500758 0.21011249 4.12492614
v 2.22500758 0.21011249 4.12492614
v 2.22500758 0.21011249 4.12492614
v 1.85550335 0.46752219 3.62273011
v 1.83215557 0.44649077 3.61172577
v 1.87064800 0.45828490 3.61459198
v 1.84996044 0.43728629 3.60348206
v 1.86039135 0.45221599 3.59173493
v 1.87719234 0.46946620 3.60166962
v 1.86609432 0.48561549 3.60182221
v 1.84903316 0.47064750 3.59271851
v 1.83158245 0.46710910 3.60507355
v 1.85268673 0.48441150 3.61483643
v 1.85550335 0.46752219 3.62273011
v 1.83215557 0.44649077 3.61172577
v 1.90104808 0.50739157 3.64862793
v 1.91200450 0.49773478 3.64039826
v 1.91177944 0.50246890 3.62507752
v 1.90068599 0.51505328 3.62383942
v 1.89405071 0.51809298 3.63839234
v 1.90104808 0.50739157 3.64862793
v 1.96850002 0.58163420 3.73513367
v 1.98406993 0.57870787 3.73431030
v 1.99120509 0.59169200 3.72863861
v 1.98004482 0.60264289 3.72595673
v 1.96601238 0.59642680 3.72997101
v 1.96850002 0.58163420 3.73513367
v 2.00163112 0.62448870 3.88680328
v 2.01134227 0.62090369 3.88165191
v 2.01465160 0.62908240 3.87417846
v 2.00698543 0.63772219 3.87471069
v 1.99893840 0.63488318 3.88251343
v 2.00163112 0.62448870 3.88680328
v 2.06883281 0.70367651 3.97623443
v 2.07576579 0.70272375 3.97468292
v 2.07793224 0.70828581 3.97071411
v 2.07233806 0.71267615 3.96981262
v 2.06671428 0.70982725 3.97322418
v 2.06883281 0.70367651 3.97623443
v 2.07971934 0.73023688 4.10421081
v 2.07971934 0.73023688 4.10421081
v 2.07971934 0.73023688 4.10421081
v 1.76852154 1.09725248 3.47250733
v 1.76558712 1.07147207 3.46828156
v 1.77527462 1.10084951 3.46411866
v 1.77316387 1.07691144 3.45958833
v 1.76586925 1.08395574 3.45185975
v 1.76850750 1.10578000 3.45654755
v 1.75757229 1.10522787 3.46025666
v 1.75378429 1.08287000 3.45577637
v 1.75361004 1.07515455 3.46592561
v 1.75758098 1.09995794 3.47012025
v 1.76852154 1.09725248 3.47250733
v 1.76558712 1.07147207 3.46828156
v 1.77445385 1.14673520 3.48280152
v 1.77995891 1.14711667 3.47471528
v 1.77385555 1.14840200 3.46722901
v 1.76457821 1.14881246 3.47068787
v 1.76494793 1.14778287 3.48031220
v 1.77445385 1.14673520 3.48280152
v 1.80175915 1.21319936 3.53712128
v 1.80841182 1.21747785 3.53225831
v 1.80572033 1.22624555 3.53081208
v 1.79740429 1.22738576 3.53478089
v 1.79495617 1.21932279 3.53868012
v 1.80175915 1.21319936 3.53712128
v 1.85120205 1.30102628 3.63548523
v 1.85484966 1.30179761 3.62991150
v 1.85095333 1.30466016 3.62526459
v 1.84489757 1.30565778 3.62796662
v 1.84505123 1.30341199 3.63428315
v 1.85120205 1.30102628 3.63548523
v 1.87473095 1.39709241 3.69423737
v 1.87742824 1.39926007 3.69198975
v 1.87547954 1.40258603 3.69051789
v 1.87157787 1.40247403 3.69185578
v 1.87111522 1.39907880 3.69415467
v 1.87473095 1.39709241 3.69423737
v 1.90397701 1.43985852 3.78507935
v 1.90397701 1.43985852 3.78507935
v 1.90397701 1.43985852 3.78507935
v -2.59260248 -1.54745434 1.68377339
v -2.58689600 -1.54796032 1.69451405
v -2.59530329 -1.54716717 1.70328145
v -2.60620569 -1.54617092 1.69795934
v -2.60453638 -1.54634869 1.68590260
v -2.59260248 -1.54745434 1.68377339
v -2.52886942 -1.85043468 1.63053456
v -2.52686869 -1.84977230 1.63757527
v -2.53097086 -1.85439953 1.64154683
v -2.53550669 -1.85792186 1.63696080
v -2.53420801 -1.85547130 1.63015492
v -2.52886942 -1.85043468 1.63053456
v -2.38405833 -2.06757640 1.72397252
v -2.38405833 -2.06757640 1.72397252
v -2.38405833 -2.06757640 1.72397252
v -2.32760035 -1.56997631 2.70313052
v -2.32920649 -1.57683148 2.70370699
v -2.32316401 -1.58049038 2.70378420
v -2.31782343 -1.57589657 2.70325564
v -2.32056529 -1.56939862 2.70285189
v -2.32760035 -1.56997631 2.70313052
v -2.24603297 -1.62397778 3.02942446
v -2.24603297 -1.62397778 3.02942446
v -2.24603297 -1.62397778 3.02942446
v -3.72947623 0.72433447 2.57918307
v -3.72628410 0.72175192 2.58428988
v -3.72236137 0.72637541 2.58677401
v -3.72312888 0.73181540 2.58320285
v -3.72752616 0.73055395 2.57851107
v -3.72947623 0.72433447 2.57918307
v -3.90695884 0.84529928 2.76346194
v -3.90695884 0.84529928 2.76346194
v -3.90695884 0.84529928 2.76346194
v -3.49938927 0.00640140 2.93503420
v -3.50443413 0.00857140 2.93275728
v -3.50702324 0.00425950 2.92958742
v -3.50357841 -0.00057540 2.92990511
v -3.49886009 0.00074840 2.93327120
v -3.49938927 0.00640140 2.93503420
v -3.53096885 -0.03947640 3.18727846
v -3.53096885 -0.03947640 3.18727846
v -3.53096885 -0.03947640 3.18727846
v -2.62383020 -1.40939389 2.30573047
v -2.62051294 -1.40704846 2.30960132
v -2.62378137 -1.40436993 2.31329349
v -2.62911890 -1.40506009 2.31170429
v -2.62914911 -1.40816510 2.30703006
v -2.62383020 -1.40939389 2.30573047
v -2.65752130 -1.53551388 2.43129260
v -2.65537744 -1.53389325 2.43346088
v -2.65725244 -1.53174542 2.43540851
v -2.66055506 -1.53203854 2.43444415
v -2.66072107 -1.53436749 2.43190036
v -2.65752130 -1.53551388 2.43129260
v -2.65784784 -1.67768475 2.51573169
v -2.65784784 -1.67768475 2.51573169
v -2.65784784 -1.67768475 2.51573169
v 1.48719006 -2.03409755 2.94637697
v 1.48495862 -2.02613002 2.95479921
v 1.47937451 -2.03162471 2.96363222
v 1.47815503 -2.04298808 2.96066896
v 1.48298535 -2.04451625 2.95000490
v 1.48719006 -2.03409755 2.94637697
v 1.77592968 -2.10368571 3.05148226
v 1.77497066 -2.09918544 3.05692598
v 1.77413921 -2.10304927 3.06285799
v 1.77458446 -2.10993770 3.06108003
v 1.77569103 -2.11033107 3.05404970
v 1.77592968 -2.10368571 3.05148226
v 2.03654186 -2.08784938 3.18129335
v 2.03654186 -2.08784938 3.18129335
v 2.03654186 -2.08784938 3.18129335
v 1.27673749 -1.70633816 3.45772828
v 1.28976392 -1.71469601 3.45387971
v 1.29968671 -1.70500790 3.44600312
v 1.29279263 -1.69066235 3.44498383
v 1.27860921 -1.69148449 3.45223054
v 1.27673749 -1.70633816 3.45772828
v 1.26716695 -1.66146923 3.74111755
v 1.27316457 -1.66396755 3.74291138
v 1.27718785 -1.65879543 3.74448944
v 1.27367688 -1.65310040 3.74367127
v 1.26748364 -1.65475277 3.74158753
v 1.26716695 -1.66146923 3.74111755
v 1.27566625 -1.61709240 4.02228301
v 1.27566625 -1.61709240 4.02228301
v 1.27566625 -1.61709240 4.02228301
v -0.64975478 -2.69036676 3.37139710
v -0.64894072 -2.68851038 3.37682069
v -0.65394927 -2.68632593 3.37873506
v -0.65785895 -2.68683222 3.37449464
v -0.65526656 -2.68932947 3.36995973
v -0.64975478 -2.69036676 3.37139710
v -0.78202078 -2.85307824 3.50421601
v -0.78202078 -2.85307824 3.50421601
v -0.78202078 -2.85307824 3.50421601
v -0.18635540 -2.44064356 3.51494813
v -0.19055580 -2.44590357 3.51591004
v -0.18678949 -2.45133585 3.51750428
v -0.18026140 -2.44943323 3.51752747
v -0.17999309 -2.44282496 3.51594788
v -0.18635540 -2.44064356 3.51494813
v -0.17967769 -2.44486887 3.69780213
v -0.18234390 -2.44798655 3.69700958
v -0.18016389 -2.45117731 3.69542145
v -0.17615039 -2.45003199 3.69523285
v -0.17584989 -2.44613306 3.69670410
v -0.17967769 -2.44486887 3.69780213
v -0.15814890 -2.48253794 3.87039184
v -0.15814890 -2.48253794 3.87039184
v -0.15814890 -2.48253794 3.87039184
v 1.35378293 3.08154870 2.06486179
v 1.34737286 3.08026727 2.06874378
v 1.34838269 3.07401452 2.07294849
v 1.35541699 3.07143121 2.07166523
v 1.35875439 3.07608758 2.06666737
v 1.35378293 3.08154870 2.06486179
v 1.46761227 3.32238487 2.24505985
v 1.46761227 3.32238487 2.24505985
v 1.46761227 3.32238487 2.24505985
v 0.38263560 2.83505090 1.86687382
v 0.37994807 2.84143274 1.86453801
v 0.37279189 2.84056543 1.86333745
v 0.37105659 2.83364801 1.86493138
v 0.37714030 2.83023980 1.86711689
v 0.38263560 2.83505090 1.86687382
v 0.38305720 2.88545984 2.14908909
v 0.38305720 2.88545984 2.14908909
v 0.38305720 2.88545984 2.14908909
v 2.04676768 2.06622371 1.96377888
v 2.04033992 2.07139430 1.97740223
v 2.04179057 2.05981120 1.98823628
v 2.04911494 2.04748210 1.98130879
v 2.05219112 2.05144511 1.96619328
v 2.04676768 2.06622371 1.96377888
v 2.24419596 2.19771937 1.97834248
v 2.24240031 2.19979091 1.98448963
v 2.24708720 2.19769542 1.98884205
v 2.25177958 2.19432902 1.98538502
v 2.24999247 2.19434367 1.97889576
v 2.24419596 2.19771937 1.97834248
v 2.37230021 2.38823435 2.03753529
v 2.37230021 2.38823435 2.03753529
v 2.37230021 2.38823435 2.03753529
v -0.09452380 -0.13000530 1.29104910
v -0.08880790 -0.11863579 1.28955328
v -0.13210250 -0.12439680 1.36493444
v -0.12941049 -0.11201359 1.36942007
v -0.20270259 -0.12783340 1.41454031
v -0.20122530 -0.13463750 1.40575872
v -0.27420030 -0.13665069 1.39756490
v -0.27890399 -0.13213540 1.40717641
v -0.32880759 -0.12123689 1.35015890
v -0.32308078 -0.12819420 1.34349554
v -0.32926410 -0.11389559 1.26419027
v -0.33344608 -0.10123540 1.26524809
v -0.29278009 -0.10715890 1.18533224
v -0.29163970 -0.11899939 1.19026938
v -0.22504070 -0.14821700 1.15016195
v -0.22298210 -0.14596619 1.14120451
v -0.14849430 -0.16842220 1.14906080
v -0.15330340 -0.16553169 1.15871161
v -0.10322530 -0.15515250 1.21245024
v -0.09693260 -0.15324400 1.20562071
v -0.08880790 -0.11863579 1.28955328
v -0.09452380 -0.13000530 1.29104910
v -0.10445760 -0.15217950 1.29184774
v -0.13828580 -0.14753420 1.35832281
v -0.20151559 -0.15329469 1.39433019
v -0.26911929 -0.15355910 1.38586919
v -0.31522510 -0.14722540 1.33618032
v -0.32226829 -0.13766249 1.26423414
v -0.28840900 -0.14196490 1.19773474
v -0.22689409 -0.16301490 1.16221464
v -0.16013139 -0.17588310 1.17091734
v -0.11321180 -0.16941860 1.22038160
v -0.10445760 -0.15217950 1.29184774
v -0.11244079 -0.17102600 1.29221472
v -0.14351110 -0.16702360 1.35324285
v -0.20224760 -0.17002969 1.38582113
v -0.26559810 -0.16924930 1.37733282
v -0.30932988 -0.16427600 1.33102514
v -0.31677169 -0.15767780 1.26458059
v -0.28567939 -0.16143869 1.20353560
v -0.22815029 -0.17730869 1.17129995
v -0.16539199 -0.18733499 1.17995894
v -0.12108720 -0.18329780 1.22610815
v -0.11244079 -0.17102600 1.29221472
v -0.12408109 -0.20061899 1.29257986
v -0.15134880 -0.19745149 1.34609869
v -0.20376510 -0.19707929 1.37403753
v -0.26101480 -0.19504579 1.36564214
v -0.30121379 -0.19179170 1.32412191
v -0.30902299 -0.18887870 1.26533354
v -0.28174489 -0.19193109 1.21180655
v -0.22990409 -0.20130199 1.18403120
v -0.17293670 -0.20774330 1.19250776
v -0.13246460 -0.20670179 1.23395254
v -0.12408109 -0.20061899 1.29257986
v -0.13451299 -0.23248949 1.29287802
v -0.15861240 -0.22998109 1.34014150
v -0.20567909 -0.22707500 1.36427404
v -0.25768669 -0.22412210 1.35604498
v -0.29476749 -0.22219480 1.31859716
v -0.30276019 -0.22208200 1.26623464
v -0.27865909 -0.22457139 1.21896994
v -0.23168739 -0.22896299 1.19486425
v -0.17972639 -0.23264350 1.20310698
v -0.14260060 -0.23386169 1.24054205
v -0.13451299 -0.23248949 1.29287802
v -0.57839839 0.03344880 1.65780416
v -0.56227999 0.02015830 1.66252370
v -0.60803359 0.07459850 1.73331090
v -0.60486739 0.06808520 1.74288762
v -0.60526957 0.15114560 1.77700185
v -0.60161868 0.15057100 1.76614552
v -0.54639380 0.20960039 1.74146382
v -0.53815028 0.20964809 1.75155354
v -0.47535437 0.22361850 1.67283605
v -0.49611358 0.22651559 1.66805486
v -0.50011767 0.20012439 1.58387792
v -0.48388610 0.19811889 1.57929662
v -0.51188201 0.12751810 1.53786870
v -0.52522017 0.13235110 1.54623021
v -0.55689299 0.06298950 1.57697896
v -0.54321078 0.05331460 1.57253591
v -0.56227999 0.02015830 1.66252370
v -0.57839839 0.03344880 1.65780416
v -0.60183119 0.05328330 1.65115300
v -0.62207068 0.08823370 1.71990361
v -0.61181368 0.15606559 1.75030537
v -0.56661597 0.21244819 1.72732701
v -0.52649909 0.23030649 1.66084203
v -0.52754699 0.20469549 1.58660451
v -0.54962977 0.14205220 1.55315725
v -0.57992339 0.07913120 1.57997441
v -0.60183119 0.05328330 1.65115300
v -0.62940260 0.07594800 1.64342534
v -0.64146971 0.10493200 1.70485219
v -0.62836459 0.16434030 1.73246419
v -0.59251399 0.21706409 1.71148152
v -0.56172209 0.23520860 1.65239430
v -0.56034671 0.21091539 1.58821141
v -0.57939139 0.15411299 1.55907003
v -0.60775618 0.09810529 1.58198064
v -0.62940260 0.07594800 1.64342534
v -0.66479346 0.10241880 1.63369206
v -0.66960562 0.12570940 1.68761907
v -0.65431197 0.17671239 1.71228948
v -0.62718909 0.22525079 1.69343388
v -0.60500949 0.24328020 1.64186284
v -0.60158747 0.22059940 1.58757787
v -0.61765330 0.16993520 1.56270833
v -0.64380286 0.12096989 1.58181462
v -0.66479346 0.10241880 1.63369206
vt 0.25202077 0.49949972
vt 0.50078759 0.49949972
vt 0.50078759 0.00196608
vt 0.25202077 0.00196608
vt 0.50078759 0.49949972
vt 0.25202077 0.00196608
vt 0.25202077 0.49949972
vt 0.50078759 0.49949972
vt 0.50078759 0.00196608
vt 0.25202077 0.00196608
vt 0.25202077 0.49949972
vt 0.50078759 0.49949972
vt 0.50078759 0.00196608
vt 0.25202077 0.00196608
vt 0.25202077 0.49949972
vt 0.50078759 0.49949972
vt 0.50078759 0.00196608
vt 0.25202077 0.00196608
vt 0.50078759 0.49949972
vt 0.25202077 0.00196608
vt 0.25202077 0.49949972
vt 0.50078759 0.49949972
vt 0.50078759 0.00196608
vt 0.25202077 0.00196608
vt 0.25202077 0.49949972
vt 0.50078759 0.49949972
vt 0.25202077 0.00196608
vt 0.25202077 0.49949972
vt 0.50078759 0.49949972
vt 0.50078759 0.00196608
vt 0.25202077 0.00196608
vt 0.25202077 0.49949972
vt 0.50078759 0.49949972
vt 0.50078759 0.00196608
vt 0.25202077 0.00196608
vt 0.25202077 0.49949972
vt 0.50078759 0.49949972
vt 0.50078759 0.00196608
vt 0.25202077 0.00196608
vt 0.50078759 0.49949972
vt 0.50078759 0.00196608
vt 0.25202077 0.00196608
vt 0.25202077 0.49949972
vt 0.50078759 0.49949972
vt 0.50078759 0.00196608
vt 0.25202077 0.00196608
vt 0.25202077 0.49949972
vt 0.50078759 0.49949972
vt 0.25202077 0.00196608
vt 0.25202077 0.49949972
vt 0.50078759 0.49949972
vt 0.50078759 0.00196608
vt 0.25202077 0.00196608
vt 0.25202077 0.49949972
vt 0.50078759 0.49949972
vt 0.50078759 0.00196608
vt 0.25202077 0.00196608
vt 0.25202077 0.49949972
vt 0.50078759 0.49949972
vt 0.50078759 0.00196608
vt 0.25202077 0.00196608
vt 0.50078759 0.49949972
vt 0.25202077 0.00196608
vt 0.25202077 0.49949972
vt 0.50078759 0.49949972
vt 0.50078759 0.00196608
vt 0.25202077 0.00196608
vt 0.25202077 0.49949972
vt 0.50078759 0.49949972
vt 0.25202077 0.00196608
vt 0.25202077 0.49949972
vt 0.50078759 0.49949972
vt 0.50078759 0.00196608
vt 0.25202077 0.00196608
vt 0.50078759 0.49949972
vt 0.50078759 0.00196608
vt 0.25202077 0.00196608
vt 0.25202077 0.49949972
vt 0.50078759 0.49949972
vt 0.50078759 0.00196608
vt 0.25202077 0.00196608
vt 0.50078759 0.49949972
vt 0.50078759 0.00196608
vt 0.25202077 0.00196608
vt 0.25202077 0.49949972
vt 0.50078759 0.49949972
vt 0.50078759 0.00196608
vt 0.25202077 0.00196608
vt 0.50078759 0.49949972
vt 0.50078759 0.00196608
vt 0.25202077 0.00196608
vt 0.25202077 0.49949972
vt 0.50078759 0.49949972
vt 0.50078759 0.00196608
vt 0.25202077 0.00196608
vt 0.25202077 0.49949972
vt 0.50078759 0.49949972
vt 0.50078759 0.00196608
vt 0.25202077 0.00196608
vt 0.25202077 0.49949972
vt 0.50078759 0.49949972
vt 0.50078759 0.00196608
vt 0.25202077 0.00196608
vt 0.25202077 0.49949972
vt 0.50078759 0.49949972
vt 0.25202077 0.00196608
vt 0.25202077 0.49949972
vt 0.50078759 0.49949972
vt 0.50078759 0.00196608
vt 0.25202077 0.00196608
vt 0.25202077 0.49949972
vt 0.50078759 0.49949972
vt 0.50078759 0.00196608
vt 0.25202077 0.00196608
vt 0.25202077 0.49949972
vt 0.50078759 0.49949972
vt 0.50078759 0.00196608
vt 0.25202077 0.00196608
vt 0.50078759 0.49949972
vt 0.50078759 0.00196608
vt 0.25202077 0.00196608
vt 0.25202077 0.49949972
vt 0.50078759 0.49949972
vt 0.50078759 0.00196608
vt 0.25202077 0.00196608
vt 0.25202077 0.49949972
vt 0.50078759 0.49949972
vt 0.25202077 0.00196608
vt 0.25202077 0.49949972
vt 0.50078759 0.49949972
vt 0.50078759 0.00196608
vt 0.25202077 0.00196608
vt 0.25202077 0.49949972
vt 0.50078759 0.49949972
vt 0.25202077 0.00196608
vt 0.25202077 0.49949972
vt 0.50078759 0.49949972
vt 0.50078759 0.00196608
vt 0.25202077 0.00196608
vt 0.50078759 0.49949972
vt 0.25202077 0.00196608
vt 0.25202077 0.49949972
vt 0.50078759 0.49949972
vt 0.50078759 0.00196608
vt 0.25202077 0.00196608
vt 0.25202077 0.49949972
vt 0.50078759 0.49949972
vt 0.25202077 0.00196608
vt 0.25202077 0.49949972
vt 0.50078759 0.49949972
vt 0.50078759 0.00196608
vt 0.25202077 0.00196608
vt 0.50078759 0.49949972
vt 0.50078759 0.00196608
vt 0.25202077 0.00196608
vt 0.25202077 0.49949972
vt 0.50078759 0.49949972
vt 0.50078759 0.00196608
vt 0.25202077 0.00196608
vt 0.50078759 0.49949972
vt 0.25202077 0.00196608
vt 0.25202077 0.49949972
vt 0.50078759 0.49949972
vt 0.50078759 0.00196608
vt 0.25202077 0.00196608
vt 0.50078759 0.49949972
vt 0.25202077 0.00196608
vt 0.25202077 0.49949972
vt 0.50078759 0.49949972
vt 0.50078759 0.00196608
vt 0.25202077 0.00196608
vt 0.50078759 0.49949972
vt 0.50078759 0.00196608
vt 0.25202077 0.00196608
vt 0.25202077 0.49949972
vt 0.50078759 0.49949972
vt 0.50078759 0.00196608
vt 0.25202077 0.00196608
vt 0.50078759 0.49949972
vt 0.50078759 0.00196608
vt 0.25202077 0.00196608
vt 0.25202077 0.49949972
vt 0.50078759 0.49949972
vt 0.50078759 0.00196608
vt 0.25202077 0.00196608
vt 0.25202077 0.49949972
vt 0.50078759 0.49949972
vt 0.50078759 0.00196608
vt 0.25202077 0.00196608
vt 0.25202077 0.49949972
vt 0.50078759 0.49949972
vt 0.50078759 0.00196608
vt 0.25202077 0.00196608
vt 0.25202077 0.49949972
vt 0.50078759 0.49949972
vt 0.25202077 0.00196608
vt 0.25202077 0.49949972
vt 0.50078759 0.49949972
vt 0.50078759 0.00196608
vt 0.25202077 0.00196608
vt 0.50078759 0.49949972
vt 0.50078759 0.00196608
vt 0.25202077 0.00196608
vt 0.25202077 0.49949972
vt 0.50078759 0.49949972
vt 0.50078759 0.00196608
vt 0.25202077 0.00196608
vt 0.50078759 0.49949972
vt 0.25202077 0.00196608
vt 0.25202077 0.49949972
vt 0.50078759 0.49949972
vt 0.50078759 0.00196608
vt 0.25202077 0.00196608
vt 0.50078759 0.49949972
vt 0.25202077 0.00196608
vt 0.25202077 0.49949972
vt 0.50078759 0.49949972
vt 0.50078759 0.00196608
vt 0.25202077 0.00196608
vt 0.25202077 0.49949972
vt 0.50078759 0.49949972
vt 0.25202077 0.00196608
vt 0.25202077 0.49949972
vt 0.50078759 0.49949972
vt 0.50078759 0.00196608
vt 0.25202077 0.00196608
vt 0.25202077 0.49949972
vt 0.50078759 0.49949972
vt 0.25202077 0.00196608
vt 0.25202077 0.49949972
vt 0.50078759 0.49949972
vt 0.50078759 0.00196608
vt 0.25202077 0.00196608
vt 0.50078759 0.49949972
vt 0.25202077 0.00196608
vt 0.25202077 0.49949972
vt 0.50078759 0.49949972
vt 0.50078759 0.00196608
vt 0.25202077 0.00196608
vt 0.25202077 0.49949972
vt 0.50078759 0.49949972
vt 0.25202077 0.00196608
vt 0.25202077 0.49949972
vt 0.50078759 0.49949972
vt 0.50078759 0.00196608
vt 0.25202077 0.00196608
vt 0.50078759 0.49949972
vt 0.50078759 0.00196608
vt 0.25202077 0.00196608
vt 0.25202077 0.49949972
vt 0.50078759 0.49949972
vt 0.50078759 0.00196608
vt 0.25202077 0.00196608
vt 0.50078759 0.49949972
vt 0.25202077 0.00196608
vt 0.25202077 0.49949972
vt 0.50078759 0.49949972
vt 0.50078759 0.00196608
vt 0.25202077 0.00196608
vt 0.25202077 0.49949972
vt 0.50078759 0.49949972
vt 0.50078759 0.00196608
vt 0.25202077 0.00196608
vt 0.25202077 0.49949972
vt 0.50078759 0.49949972
vt 0.50078759 0.00196608
vt 0.25202077 0.00196608
vt 0.50078759 0.49949972
vt 0.25202077 0.00196608
vt 0.25202077 0.49949972
vt 0.50078759 0.49949972
vt 0.50078759 0.00196608
vt 0.25202077 0.00196608
vt 0.25202077 0.49949972
vt 0.50078759 0.49949972
vt 0.25202077 0.00196608
vt 0.25202077 0.49949972
vt 0.50078759 0.49949972
vt 0.50078759 0.00196608
vt 0.25202077 0.00196608
vt 0.50078759 0.49949972
vt 0.25202077 0.00196608
vt 0.25202077 0.49949972
vt 0.50078759 0.49949972
vt 0.50078759 0.00196608
vt 0.25202077 0.00196608
vt 0.50078759 0.49949972
vt 0.25202077 0.00196608
vt 0.25202077 0.49949972
vt 0.50078759 0.49949972
vt 0.50078759 0.00196608
vt 0.25202077 0.00196608
vt 0.25202077 0.49949972
vt 0.50078759 0.49949972
vt 0.25202077 0.00196608
vt 0.25202077 0.49949972
vt 0.50078759 0.49949972
vt 0.50078759 0.00196608
vt 0.25202077 0.00196608
vt 0.50078759 0.49949972
vt 0.25202077 0.00196608
vt 0.25202077 0.49949972
vt 0.50078759 0.49949972
vt 0.50078759 0.00196608
vt 0.25202077 0.00196608
vt 0.50078759 0.49949972
vt 0.50078759 0.00196608
vt 0.25202077 0.00196608
vt 0.25202077 0.49949972
vt 0.50078759 0.49949972
vt 0.50078759 0.00196608
vt 0.25202077 0.00196608
vt 0.25202077 0.49949972
vt 0.50078759 0.49949972
vt 0.50078759 0.00196608
vt 0.25202077 0.00196608
vt 0.25202077 0.49949972
vt 0.50078759 0.49949972
vt 0.50078759 0.00196608
vt 0.25202077 0.00196608
vt 0.50078759 0.49949972
vt 0.50078759 0.00196608
vt 0.25202077 0.00196608
vt 0.25202077 0.49949972
vt 0.50078759 0.49949972
vt 0.50078759 0.00196608
vt 0.25202077 0.00196608
vt 0.25202077 0.49949972
vt 0.50078759 0.49949972
vt 0.50078759 0.00196608
vt 0.25202077 0.00196608
vt 0.25202077 0.49949972
vt 0.50078759 0.49949972
vt 0.50078759 0.00196608
vt 0.25202077 0.00196608
vt 0.50078759 0.49949972
vt 0.50078759 0.00196608
vt 0.25202077 0.00196608
vt 0.25202077 0.49949972
vt 0.50078759 0.49949972
vt 0.50078759 0.00196608
vt 0.25202077 0.00196608
vt 0.50078759 0.49949972
vt 0.50078759 0.00196608
vt 0.25202077 0.00196608
vt 0.25202077 0.49949972
vt 0.50078759 0.49949972
vt 0.50078759 0.00196608
vt 0.25202077 0.00196608
vt 0.25202077 0.49949972
vt 0.50078759 0.49949972
vt 0.25202077 0.00196608
vt 0.25202077 0.49949972
vt 0.50078759 0.49949972
vt 0.50078759 0.00196608
vt 0.25202077 0.00196608
vt 0.50078759 0.49949972
vt 0.25202077 0.00196608
vt 0.25202077 0.49949972
vt 0.50078759 0.49949972
vt 0.50078759 0.00196608
vt 0.25202077 0.00196608
vt 0.25202077 0.49949972
vt 0.50078759 0.49949972
vt 0.50078759 0.00196608
vt 0.25202077 0.00196608
vt 0.25202077 0.49949972
vt 0.50078759 0.49949972
vt 0.50078759 0.00196608
vt 0.25202077 0.00196608
vt 0.50078759 0.49949972
vt 0.50078759 0.00196608
vt 0.25202077 0.00196608
vt 0.25202077 0.49949972
vt 0.50078759 0.49949972
vt 0.50078759 0.00196608
vt 0.25202077 0.00196608
vt 0.50078759 0.49949972
vt 0.50078759 0.00196608
vt 0.25202077 0.00196608
vt 0.25202077 0.49949972
vt 0.50078759 0.49949972
vt 0.50078759 0.00196608
vt 0.25202077 0.00196608
vt 0.50078759 0.49949972
vt 0.50078759 0.00196608
vt 0.25202077 0.00196608
vt 0.25202077 0.49949972
vt 0.50078759 0.49949972
vt 0.50078759 0.00196608
vt 0.25202077 0.00196608
vt 0.25202077 0.49949972
vt 0.50078759 0.49949972
vt 0.25202077 0.00196608
vt 0.25202077 0.49949972
vt 0.50078759 0.49949972
vt 0.50078759 0.00196608
vt 0.25202077 0.00196608
vt 0.25202077 0.49949972
vt 0.50078759 0.49949972
vt 0.50078759 0.00196608
vt 0.25202077 0.00196608
vt 0.25202077 0.49949972
vt 0.50078759 0.49949972
vt 0.50078759 0.00196608
vt 0.25202077 0.00196608
vt 0.50078759 0.49949972
vt 0.50078759 0.00196608
vt 0.25202077 0.00196608
vt 0.25202077 0.49949972
vt 0.50078759 0.49949972
vt 0.50078759 0.00196608
vt 0.25202077 0.00196608
vt 0.25202077 0.49949972
vt 0.50078759 0.49949972
vt 0.25202077 0.00196608
vt 0.25202077 0.49949972
vt 0.50078759 0.49949972
vt 0.50078759 0.00196608
vt 0.25202077 0.00196608
vt 0.25202077 0.49949972
vt 0.50078759 0.49949972
vt 0.50078759 0.00196608
vt 0.25202077 0.00196608
vt 0.25202077 0.49949972
vt 0.50078759 0.49949972
vt 0.50078759 0.00196608
vt 0.25202077 0.00196608
vt 0.50078759 0.49949972
vt 0.50078759 0.00196608
vt 0.25202077 0.00196608
vt 0.25202077 0.49949972
vt 0.50078759 0.49949972
vt 0.50078759 0.00196608
vt 0.25202077 0.00196608
vt 0.50078759 0.49949972
vt 0.50078759 0.00196608
vt 0.25202077 0.00196608
vt 0.25202077 0.49949972
vt 0.50078759 0.49949972
vt 0.50078759 0.00196608
vt 0.25202077 0.00196608
vt 0.50078759 0.49949972
vt 0.25202077 0.00196608
vt 0.25202077 0.49949972
vt 0.50078759 0.49949972
vt 0.50078759 0.00196608
vt 0.25202077 0.00196608
vt 0.25202077 0.49949972
vt 0.50078759 0.49949972
vt 0.25202077 0.00196608
vt 0.25202077 0.49949972
vt 0.50078759 0.49949972
vt 0.50078759 0.00196608
vt 0.25202077 0.00196608
vt 0.50078759 0.49949972
vt 0.50078759 0.00196608
vt 0.25202077 0.00196608
vt 0.25202077 0.49949972
vt 0.50078759 0.49949972
vt 0.50078759 0.00196608
vt 0.25202077 0.00196608
vt 0.50078759 0.49949972
vt 0.25202077 0.00196608
vt 0.25202077 0.49949972
vt 0.50078759 0.49949972
vt 0.50078759 0.00196608
vt 0.25202077 0.00196608
vt 0.25202077 0.49949972
vt 0.50078759 0.49949972
vt 0.25202077 0.00196608
vt 0.25202077 0.49949972
vt 0.50078759 0.49949972
vt 0.50078759 0.00196608
vt 0.25202077 0.00196608
vt 0.50078759 0.49949972
vt 0.50078759 0.00196608
vt 0.25202077 0.00196608
vt 0.25202077 0.49949972
vt 0.50078759 0.49949972
vt 0.50078759 0.00196608
vt 0.25202077 0.00196608
vt 0.50078759 0.49949972
vt 0.25202077 0.00196608
vt 0.25202077 0.49949972
vt 0.50078759 0.49949972
vt 0.50078759 0.00196608
vt 0.25202077 0.00196608
vt 0.50078759 0.49949972
vt 0.25202077 0.00196608
vt 0.25202077 0.49949972
vt 0.50078759 0.49949972
vt 0.50078759 0.00196608
vt 0.25202077 0.00196608
vt 0.50078759 0.49949972
vt 0.50078759 0.00196608
vt 0.25202077 0.00196608
vt 0.25202077 0.49949972
vt 0.50078759 0.49949972
vt 0.50078759 0.00196608
vt 0.25202077 0.00196608
vt 0.25202077 0.49949972
vt 0.50078759 0.49949972
vt 0.25202077 0.00196608
vt 0.25202077 0.49949972
vt 0.50078759 0.49949972
vt 0.50078759 0.00196608
vt 0.25202077 0.00196608
vt 0.50078759 0.49949972
vt 0.50078759 0.00196608
vt 0.25202077 0.00196608
vt 0.25202077 0.49949972
vt 0.50078759 0.49949972
vt 0.50078759 0.00196608
vt 0.25202077 0.00196608
vt 0.25202077 0.49949972
vt 0.50078759 0.49949972
vt 0.25202077 0.00196608
vt 0.25202077 0.49949972
vt 0.50078759 0.49949972
vt 0.50078759 0.00196608
vt 0.25202077 0.00196608
vt 0.50078759 0.49949972
vt 0.25202077 0.00196608
vt 0.25202077 0.49949972
vt 0.50078759 0.49949972
vt 0.50078759 0.00196608
vt 0.25202077 0.00196608
vt 0.50078759 0.49949972
vt 0.25202077 0.00196608
vt 0.25202077 0.49949972
vt 0.50078759 0.49949972
vt 0.50078759 0.00196608
vt 0.25202077 0.00196608
vt 0.50078759 0.49949972
vt 0.50078759 0.00196608
vt 0.25202077 0.00196608
vt 0.25202077 0.49949972
vt 0.50078759 0.49949972
vt 0.50078759 0.00196608
vt 0.25202077 0.00196608
vt 0.25202077 0.49949972
vt 0.50078759 0.49949972
vt 0.25202077 0.00196608
vt 0.25202077 0.49949972
vt 0.50078759 0.49949972
vt 0.50078759 0.00196608
vt 0.25202077 0.00196608
vt 0.50078759 0.49949972
vt 0.25202077 0.00196608
vt 0.25202077 0.49949972
vt 0.50078759 0.49949972
vt 0.50078759 0.00196608
vt 0.25202077 0.00196608
vt 0.50078759 0.49949972
vt 0.50078759 0.00196608
vt 0.25202077 0.00196608
vt 0.25202077 0.49949972
vt 0.50078759 0.49949972
vt 0.50078759 0.00196608
vt 0.25202077 0.00196608
vt 0.25202077 0.49949972
vt 0.50078759 0.49949972
vt 0.25202077 0.00196608
vt 0.25202077 0.49949972
vt 0.50078759 0.49949972
vt 0.50078759 0.00196608
vt 0.25202077 0.00196608
vt 0.50078759 0.49949972
vt 0.25202077 0.00196608
vt 0.25202077 0.49949972
vt 0.50078759 0.49949972
vt 0.50078759 0.00196608
vt 0.25202077 0.00196608
vt 0.50078759 0.49949972
vt 0.50078759 0.00196608
vt 0.25202077 0.00196608
vt 0.25202077 0.49949972
vt 0.50078759 0.49949972
vt 0.50078759 0.00196608
vt 0.25202077 0.00196608
vt 0.50078759 0.49949972
vt 0.25202077 0.00196608
vt 0.25202077 0.49949972
vt 0.50078759 0.49949972
vt 0.50078759 0.00196608
vt 0.25202077 0.00196608
vt 0.50078759 0.49949972
vt 0.25202077 0.00196608
vt 0.25202077 0.49949972
vt 0.50078759 0.49949972
vt 0.50078759 0.00196608
vt 0.25202077 0.00196608
vt 0.50078759 0.49949972
vt 0.25202077 0.00196608
vt 0.25202077 0.49949972
vt 0.50078759 0.49949972
vt 0.50078759 0.00196608
vt 0.25202077 0.00196608
vt 0.25202077 0.49949972
vt 0.50078759 0.49949972
vt 0.25202077 0.00196608
vt 0.25202077 0.49949972
vt 0.50078759 0.49949972
vt 0.50078759 0.00196608
vt 0.25202077 0.00196608
vt 0.50078759 0.49949972
vt 0.25202077 0.00196608
vt 0.25202077 0.49949972
vt 0.50078759 0.49949972
vt 0.50078759 0.00196608
vt 0.25202077 0.00196608
vt 0.25202077 0.49949972
vt 0.50078759 0.49949972
vt 0.50078759 0.00196608
vt 0.25202077 0.00196608
vt 0.25202077 0.49949972
vt 0.50078759 0.49949972
vt 0.50078759 0.00196608
vt 0.25202077 0.00196608
vt 0.25202077 0.49949972
vt 0.50078759 0.49949972
vt 0.50078759 0.00196608
vt 0.25202077 0.00196608
vt 0.25202077 0.49949972
vt 0.50078759 0.49949972
vt 0.50078759 0.00196608
vt 0.25202077 0.00196608
vt 0.50078759 0.49949972
vt 0.25202077 0.00196608
vt 0.25202077 0.49949972
vt 0.50078759 0.49949972
vt 0.50078759 0.00196608
vt 0.25202077 0.00196608
vt 0.25202077 0.49949972
vt 0.50078759 0.49949972
vt 0.25202077 0.00196608
vt 0.25202077 0.49949972
vt 0.50078759 0.49949972
vt 0.50078759 0.00196608
vt 0.25202077 0.00196608
vt 0.50078759 0.49949972
vt 0.25202077 0.00196608
vt 0.25202077 0.49949972
vt 0.50078759 0.49949972
vt 0.50078759 0.00196608
vt 0.25202077 0.00196608
vt 0.50078759 0.49949972
vt 0.25202077 0.00196608
vt 0.25202077 0.49949972
vt 0.50078759 0.49949972
vt 0.50078759 0.00196608
vt 0.25202077 0.00196608
vt 0.50078759 0.49949972
vt 0.25202077 0.00196608
vt 0.25202077 0.49949972
vt 0.50078759 0.49949972
vt 0.50078759 0.00196608
vt 0.25202077 0.00196608
vt 0.50078759 0.49949972
vt 0.25202077 0.00196608
vt 0.25202077 0.49949972
vt 0.50078759 0.49949972
vt 0.50078759 0.00196608
vt 0.25202077 0.00196608
vt 0.25202077 0.49949972
vt 0.50078759 0.49949972
vt 0.50078759 0.00196608
vt 0.25202077 0.00196608
vt 0.25202077 0.49949972
vt 0.50078759 0.49949972
vt 0.50078759 0.00196608
vt 0.25202077 0.00196608
vt 0.50078759 0.49949972
vt 0.50078759 0.00196608
vt 0.25202077 0.00196608
vt 0.25202077 0.49949972
vt 0.50078759 0.49949972
vt 0.50078759 0.00196608
vt 0.25202077 0.00196608
vt 0.25202077 0.49949972
vt 0.50078759 0.49949972
vt 0.25202077 0.00196608
vt 0.25202077 0.49949972
vt 0.50078759 0.49949972
vt 0.50078759 0.00196608
vt 0.25202077 0.00196608
vt 0.50078759 0.49949972
vt 0.25202077 0.00196608
vt 0.25202077 0.49949972
vt 0.50078759 0.49949972
vt 0.50078759 0.00196608
vt 0.25202077 0.00196608
vt 0.25202077 0.49949972
vt 0.50078759 0.49949972
vt 0.50078759 0.00196608
vt 0.25202077 0.00196608
vt 0.25202077 0.49949972
vt 0.50078759 0.49949972
vt 0.50078759 0.00196608
vt 0.25202077 0.00196608
vt 0.50078759 0.49949972
vt 0.50078759 0.00196608
vt 0.25202077 0.00196608
vt 0.25202077 0.49949972
vt 0.50078759 0.49949972
vt 0.50078759 0.00196608
vt 0.25202077 0.00196608
vt 0.50078759 0.49949972
vt 0.25202077 0.00196608
vt 0.25202077 0.49949972
vt 0.50078759 0.49949972
vt 0.50078759 0.00196608
vt 0.25202077 0.00196608
vt 0.50078759 0.49949972
vt 0.50078759 0.00196608
vt 0.25202077 0.00196608
vt 0.25202077 0.49949972
vt 0.50078759 0.49949972
vt 0.50078759 0.00196608
vt 0.25202077 0.00196608
vt 0.25202077 0.49949972
vt 0.50078759 0.49949972
vt 0.25202077 0.00196608
vt 0.25202077 0.49949972
vt 0.50078759 0.49949972
vt 0.50078759 0.00196608
vt 0.25202077 0.00196608
vt 0.50078759 0.49949972
vt 0.25202077 0.00196608
vt 0.25202077 0.49949972
vt 0.50078759 0.49949972
vt 0.50078759 0.00196608
vt 0.25202077 0.00196608
vt 0.50078759 0.49949972
vt 0.25202077 0.00196608
vt 0.25202077 0.49949972
vt 0.50078759 0.49949972
vt 0.50078759 0.00196608
vt 0.25202077 0.00196608
vt 0.25202077 0.49949972
vt 0.50078759 0.49949972
vt 0.50078759 0.00196608
vt 0.25202077 0.00196608
vt 0.25202077 0.49949972
vt 0.50078759 0.49949972
vt 0.50078759 0.00196608
vt 0.25202077 0.00196608
vt 0.50078759 0.49949972
vt 0.50078759 0.00196608
vt 0.25202077 0.00196608
vt 0.25202077 0.49949972
vt 0.50078759 0.49949972
vt 0.50078759 0.00196608
vt 0.25202077 0.00196608
vt 0.50078759 0.49949972
vt 0.25202077 0.00196608
vt 0.25202077 0.49949972
vt 0.50078759 0.49949972
vt 0.50078759 0.00196608
vt 0.25202077 0.00196608
vt 0.25202077 0.49949972
vt 0.50078759 0.49949972
vt 0.50078759 0.00196608
vt 0.25202077 0.00196608
vt 0.25202077 0.49949972
vt 0.50078759 0.49949972
vt 0.50078759 0.00196608
vt 0.25202077 0.00196608
vt 0.25202077 0.49949972
vt 0.50078759 0.49949972
vt 0.50078759 0.00196608
vt 0.25202077 0.00196608
vt 0.25202077 0.49949972
vt 0.50078759 0.49949972
vt 0.50078759 0.00196608
vt 0.25202077 0.00196608
vt 0.50078759 0.49949972
vt 0.50078759 0.00196608
vt 0.25202077 0.00196608
vt 0.25202077 0.49949972
vt 0.50078759 0.49949972
vt 0.50078759 0.00196608
vt 0.25202077 0.00196608
vt 0.25202077 0.49949972
vt 0.50078759 0.49949972
vt 0.50078759 0.00196608
vt 0.25202077 0.00196608
vt 0.25202077 0.49949972
vt 0.50078759 0.49949972
vt 0.50078759 0.00196608
vt 0.25202077 0.00196608
vt 0.50078759 0.49949972
vt 0.25202077 0.00196608
vt 0.25202077 0.49949972
vt 0.50078759 0.49949972
vt 0.50078759 0.00196608
vt 0.25202077 0.00196608
vt 0.50078759 0.49949972
vt 0.25202077 0.00196608
vt 0.25202077 0.49949972
vt 0.50078759 0.49949972
vt 0.50078759 0.00196608
vt 0.25202077 0.00196608
vt 0.25202077 0.49949972
vt 0.50078759 0.49949972
vt 0.50078759 0.00196608
vt 0.25202077 0.00196608
vt 0.25202077 0.49949972
vt 0.50078759 0.49949972
vt 0.50078759 0.00196608
vt 0.25202077 0.00196608
vt 0.25202077 0.49949972
vt 0.50078759 0.49949972
vt 0.50078759 0.00196608
vt 0.25202077 0.00196608
vt 0.25202077 0.49949972
vt 0.50078759 0.49949972
vt 0.50078759 0.00196608
vt 0.25202077 0.00196608
vt 0.50078759 0.49949972
vt 0.50078759 0.00196608
vt 0.25202077 0.00196608
vt 0.25202077 0.49949972
vt 0.50078759 0.49949972
vt 0.50078759 0.00196608
vt 0.25202077 0.00196608
vt 0.25202077 0.49949972
vt 0.50078759 0.49949972
vt 0.50078759 0.00196608
vt 0.25202077 0.00196608
vt 0.25202077 0.49949972
vt 0.50078759 0.49949972
vt 0.50078759 0.00196608
vt 0.25202077 0.00196608
vt 0.25202077 0.49949972
vt 0.50078759 0.49949972
vt 0.25202077 0.00196608
vt 0.25202077 0.49949972
vt 0.50078759 0.49949972
vt 0.50078759 0.00196608
vt 0.25202077 0.00196608
vt 0.50078759 0.49949972
vt 0.50078759 0.00196608
vt 0.25202077 0.00196608
vt 0.25202077 0.49949972
vt 0.50078759 0.49949972
vt 0.50078759 0.00196608
vt 0.25202077 0.00196608
vt 0.25202077 0.49949972
vt 0.50078759 0.49949972
vt 0.25202077 0.00196608
vt 0.25202077 0.49949972
vt 0.50078759 0.49949972
vt 0.50078759 0.00196608
vt 0.25202077 0.00196608
vt 0.25202077 0.49949972
vt 0.50078759 0.49949972
vt 0.50078759 0.00196608
vt 0.25202077 0.00196608
vt 0.25202077 0.49949972
vt 0.50078759 0.49949972
vt 0.50078759 0.00196608
vt 0.25202077 0.00196608
vt 0.50078759 0.49949972
vt 0.25202077 0.00196608
vt 0.25202077 0.49949972
vt 0.50078759 0.49949972
vt 0.50078759 0.00196608
vt 0.25202077 0.00196608
vt 0.25202077 0.49949972
vt 0.50078759 0.49949972
vt 0.25202077 0.00196608
vt 0.25202077 0.49949972
vt 0.50078759 0.49949972
vt 0.50078759 0.00196608
vt 0.25202077 0.00196608
vt 0.50078759 0.49949972
vt 0.25202077 0.00196608
vt 0.25202077 0.49949972
vt 0.50078759 0.49949972
vt 0.50078759 0.00196608
vt 0.25202077 0.00196608
vt 0.50078759 0.49949972
vt 0.50078759 0.00196608
vt 0.25202077 0.00196608
vt 0.25202077 0.49949972
vt 0.50078759 0.49949972
vt 0.50078759 0.00196608
vt 0.25202077 0.00196608
vt 0.50078759 0.49949972
vt 0.25202077 0.00196608
vt 0.25202077 0.49949972
vt 0.50078759 0.49949972
vt 0.50078759 0.00196608
vt 0.25202077 0.00196608
vt 0.50078759 0.49949972
vt 0.25202077 0.00196608
vt 0.25202077 0.49949972
vt 0.50078759 0.49949972
vt 0.50078759 0.00196608
vt 0.25202077 0.00196608
vt 0.50078759 0.49949972
vt 0.50078759 0.00196608
vt 0.25202077 0.00196608
vt 0.25202077 0.49949972
vt 0.50078759 0.49949972
vt 0.50078759 0.00196608
vt 0.25202077 0.00196608
vt 0.25202077 0.49949972
vt 0.50078759 0.49949972
vt 0.50078759 0.00196608
vt 0.25202077 0.00196608
vt 0.25202077 0.49949972
vt 0.50078759 0.49949972
vt 0.50078759 0.00196608
vt 0.25202077 0.00196608
vt 0.25202077 0.49949972
vt 0.50078759 0.49949972
vt 0.50078759 0.00196608
vt 0.25202077 0.00196608
vt 0.25202077 0.49949972
vt 0.50078759 0.49949972
vt 0.50078759 0.00196608
vt 0.25202077 0.00196608
vt 0.50078759 0.49949972
vt 0.50078759 0.00196608
vt 0.25202077 0.00196608
vt 0.25202077 0.49949972
vt 0.50078759 0.49949972
vt 0.50078759 0.00196608
vt 0.25202077 0.00196608
vt 0.25202077 0.49949972
vt 0.50078759 0.49949972
vt 0.25202077 0.00196608
vt 0.25202077 0.49949972
vt 0.50078759 0.49949972
vt 0.50078759 0.00196608
vt 0.25202077 0.00196608
vt 0.50078759 0.49949972
vt 0.50078759 0.00196608
vt 0.25202077 0.00196608
vt 0.25202077 0.49949972
vt 0.50078759 0.49949972
vt 0.50078759 0.00196608
vt 0.25202077 0.00196608
vt 0.50078759 0.49949972
vt 0.50078759 0.00196608
vt 0.25202077 0.00196608
vt 0.25202077 0.49949972
vt 0.50078759 0.49949972
vt 0.50078759 0.00196608
vt 0.25202077 0.00196608
vt 0.50078759 0.49949972
vt 0.25202077 0.00196608
vt 0.25202077 0.49949972
vt 0.50078759 0.49949972
vt 0.50078759 0.00196608
vt 0.25202077 0.00196608
vt 0.50078759 0.49949972
vt 0.25202077 0.00196608
vt 0.25202077 0.49949972
vt 0.50078759 0.49949972
vt 0.50078759 0.00196608
vt 0.25202077 0.00196608
vt 0.25202077 0.49949972
vt 0.50078759 0.49949972
vt 0.50078759 0.00196608
vt 0.25202077 0.00196608
vt 0.25202077 0.49949972
vt 0.50078759 0.49949972
vt 0.50078759 0.00196608
vt 0.25202077 0.00196608
vt 0.50078759 0.49949972
vt 0.25202077 0.00196608
vt 0.25202077 0.49949972
vt 0.50078759 0.49949972
vt 0.50078759 0.00196608
vt 0.25202077 0.00196608
vt 0.50078759 0.49949972
vt 0.50078759 0.00196608
vt 0.25202077 0.00196608
vt 0.25202077 0.49949972
vt 0.50078759 0.49949972
vt 0.50078759 0.00196608
vt 0.25202077 0.00196608
vt 0.50078759 0.49949972
vt 0.50078759 0.00196608
vt 0.25202077 0.00196608
vt 0.25202077 0.49949972
vt 0.50078759 0.49949972
vt 0.50078759 0.00196608
vt 0.25202077 0.00196608
vt 0.50078759 0.49949972
vt 0.50078759 0.00196608
vt 0.25202077 0.00196608
vt 0.25202077 0.49949972
vt 0.50078759 0.49949972
vt 0.50078759 0.00196608
vt 0.25202077 0.00196608
vt 0.50078759 0.49949972
vt 0.50078759 0.00196608
vt 0.25202077 0.00196608
vt 0.25202077 0.49949972
vt 0.50078759 0.49949972
vt 0.50078759 0.00196608
vt 0.25202077 0.00196608
vt 0.25202077 0.49949972
vt 0.50078759 0.49949972
vt 0.50078759 0.00196608
vt 0.25202077 0.00196608
vt 0.25202077 0.49949972
vt 0.50078759 0.49949972
vt 0.50078759 0.00196608
vt 0.25202077 0.00196608
vt 0.25202077 0.49949972
vt 0.50078759 0.49949972
vt 0.25202077 0.00196608
vt 0.25202077 0.49949972
vt 0.50078759 0.49949972
vt 0.50078759 0.00196608
vt 0.25202077 0.00196608
vt 0.50078759 0.49949972
vt 0.25202077 0.00196608
vt 0.25202077 0.49949972
vt 0.50078759 0.49949972
vt 0.50078759 0.00196608
vt 0.25202077 0.00196608
vt 0.50078759 0.49949972
vt 0.50078759 0.00196608
vt 0.25202077 0.00196608
vt 0.25202077 0.49949972
vt 0.50078759 0.49949972
vt 0.50078759 0.00196608
vt 0.25202077 0.00196608
vt 0.25202077 0.49949972
vt 0.50078759 0.49949972
vt 0.25202077 0.00196608
vt 0.25202077 0.49949972
vt 0.50078759 0.49949972
vt 0.50078759 0.00196608
vt 0.25202077 0.00196608
vt 0.25202077 0.49949972
vt 0.50078759 0.49949972
vt 0.50078759 0.00196608
vt 0.25202077 0.00196608
vt 0.25202077 0.49949972
vt 0.50078759 0.49949972
vt 0.50078759 0.00196608
vt 0.25202077 0.00196608
vt 0.50078759 0.49949972
vt 0.50078759 0.00196608
vt 0.25202077 0.00196608
vt 0.25202077 0.49949972
vt 0.50078759 0.49949972
vt 0.50078759 0.00196608
vt 0.25202077 0.00196608
vt 0.50078759 0.49949972
vt 0.25202077 0.00196608
vt 0.25202077 0.49949972
vt 0.50078759 0.49949972
vt 0.50078759 0.00196608
vt 0.25202077 0.00196608
vt 0.25202077 0.49949972
vt 0.50078759 0.49949972
vt 0.50078759 0.00196608
vt 0.25202077 0.00196608
vt 0.25202077 0.49949972
vt 0.50078759 0.49949972
vt 0.50078759 0.00196608
vt 0.25202077 0.00196608
vt 0.25202077 0.49949972
vt 0.50078759 0.49949972
vt 0.50078759 0.00196608
vt 0.25202077 0.00196608
vt 0.25202077 0.49949972
vt 0.50078759 0.49949972
vt 0.50078759 0.00196608
vt 0.25202077 0.00196608
vt 0.50078759 0.49949972
vt 0.25202077 0.00196608
vt 0.25202077 0.49949972
vt 0.50078759 0.49949972
vt 0.50078759 0.00196608
vt 0.25202077 0.00196608
vt 0.50078759 0.49949972
vt 0.25202077 0.00196608
vt 0.25202077 0.49949972
vt 0.50078759 0.49949972
vt 0.50078759 0.00196608
vt 0.25202077 0.00196608
vt 0.25202077 0.49949972
vt 0.50078759 0.49949972
vt 0.25202077 0.00196608
vt 0.25202077 0.49949972
vt 0.50078759 0.49949972
vt 0.50078759 0.00196608
vt 0.25202077 0.00196608
vt 0.50078759 0.49949972
vt 0.50078759 0.00196608
vt 0.25202077 0.00196608
vt 0.25202077 0.49949972
vt 0.50078759 0.49949972
vt 0.50078759 0.00196608
vt 0.25202077 0.00196608
vt 0.50078759 0.49949972
vt 0.25202077 0.00196608
vt 0.25202077 0.49949972
vt 0.50078759 0.49949972
vt 0.50078759 0.00196608
vt 0.25202077 0.00196608
vt 0.25202077 0.49949972
vt 0.50078759 0.49949972
vt 0.25202077 0.00196608
vt 0.25202077 0.49949972
vt 0.50078759 0.49949972
vt 0.50078759 0.00196608
vt 0.25202077 0.00196608
vt 0.50078759 0.49949972
vt 0.50078759 0.00196608
vt 0.25202077 0.00196608
vt 0.25202077 0.49949972
vt 0.50078759 0.49949972
vt 0.50078759 0.00196608
vt 0.25202077 0.00196608
vt 0.50078759 0.49949972
vt 0.25202077 0.00196608
vt 0.25202077 0.49949972
vt 0.50078759 0.49949972
vt 0.50078759 0.00196608
vt 0.25202077 0.00196608
vt 0.50078759 0.49949972
vt 0.25202077 0.00196608
vt 0.25202077 0.49949972
vt 0.50078759 0.49949972
vt 0.50078759 0.00196608
vt 0.25202077 0.00196608
vt 0.25202077 0.49949972
vt 0.50078759 0.49949972
vt 0.50078759 0.00196608
vt 0.25202077 0.00196608
vt 0.25202077 0.49949972
vt 0.50078759 0.49949972
vt 0.50078759 0.00196608
vt 0.25202077 0.00196608
vt 0.50078759 0.49949972
vt 0.25202077 0.00196608
vt 0.25202077 0.49949972
vt 0.50078759 0.49949972
vt 0.50078759 0.00196608
vt 0.25202077 0.00196608
vt 0.25202077 0.49949972
vt 0.50078759 0.49949972
vt 0.25202077 0.00196608
vt 0.25202077 0.49949972
vt 0.50078759 0.49949972
vt 0.50078759 0.00196608
vt 0.25202077 0.00196608
vt 0.50078759 0.49949972
vt 0.50078759 0.00196608
vt 0.25202077 0.00196608
vt 0.25202077 0.49949972
vt 0.50078759 0.49949972
vt 0.50078759 0.00196608
vt 0.25202077 0.00196608
vt 0.25202077 0.49949972
vt 0.50078759 0.49949972
vt 0.25202077 0.00196608
vt 0.25202077 0.49949972
vt 0.50078759 0.49949972
vt 0.50078759 0.00196608
vt 0.25202077 0.00196608
vt 0.25202077 0.49949972
vt 0.50078759 0.49949972
vt 0.25202077 0.00196608
vt 0.25202077 0.49949972
vt 0.50078759 0.49949972
vt 0.50078759 0.00196608
vt 0.25202077 0.00196608
vt 0.50078759 0.49949972
vt 0.25202077 0.00196608
vt 0.25202077 0.49949972
vt 0.50078759 0.49949972
vt 0.50078759 0.00196608
vt 0.25202077 0.00196608
vt 0.50078759 0.49949972
vt 0.25202077 0.00196608
vt 0.25202077 0.49949972
vt 0.50078759 0.49949972
vt 0.50078759 0.00196608
vt 0.25202077 0.00196608
vt 0.50078759 0.49949972
vt 0.25202077 0.00196608
vt 0.25202077 0.49949972
vt 0.50078759 0.49949972
vt 0.50078759 0.00196608
vt 0.25202077 0.00196608
vt 0.50078759 0.49949972
vt 0.25202077 0.00196608
vt 0.25202077 0.49949972
vt 0.50078759 0.49949972
vt 0.50078759 0.00196608
vt 0.25202077 0.00196608
vt 0.25202077 0.49949972
vt 0.50078759 0.49949972
vt 0.25202077 0.00196608
vt 0.25202077 0.49949972
vt 0.50078759 0.49949972
vt 0.50078759 0.00196608
vt 0.25202077 0.00196608
vt 0.50078759 0.49949972
vt 0.25202077 0.00196608
vt 0.25202077 0.49949972
vt 0.50078759 0.49949972
vt 0.50078759 0.00196608
vt 0.25202077 0.00196608
vt 0.25202077 0.49949972
vt 0.50078759 0.49949972
vt 0.50078759 0.00196608
vt 0.25202077 0.00196608
vt 0.25202077 0.49949972
vt 0.50078759 0.49949972
vt 0.50078759 0.00196608
vt 0.25202077 0.00196608
vt 0.25202077 0.49949972
vt 0.50078759 0.49949972
vt 0.25202077 0.00196608
vt 0.25202077 0.49949972
vt 0.50078759 0.49949972
vt 0.50078759 0.00196608
vt 0.25202077 0.00196608
vt 0.50078759 0.49949972
vt 0.25202077 0.00196608
vt 0.25202077 0.49949972
vt 0.50078759 0.49949972
vt 0.50078759 0.00196608
vt 0.25202077 0.00196608
vt 0.25202077 0.49949972
vt 0.50078759 0.49949972
vt 0.25202077 0.00196608
vt 0.25202077 0.49949972
vt 0.50078759 0.49949972
vt 0.50078759 0.00196608
vt 0.25202077 0.00196608
vt 0.50078759 0.49949972
vt 0.25202077 0.00196608
vt 0.25202077 0.49949972
vt 0.50078759 0.49949972
vt 0.50078759 0.00196608
vt 0.25202077 0.00196608
vt 0.50078759 0.49949972
vt 0.50078759 0.00196608
vt 0.25202077 0.00196608
vt 0.25202077 0.49949972
vt 0.50078759 0.49949972
vt 0.50078759 0.00196608
vt 0.25202077 0.00196608
vt 0.25202077 0.49949972
vt 0.50078759 0.49949972
vt 0.25202077 0.00196608
vt 0.25202077 0.49949972
vt 0.50078759 0.49949972
vt 0.50078759 0.00196608
vt 0.25202077 0.00196608
vt 0.25202077 0.49949972
vt 0.50078759 0.49949972
vt 0.25202077 0.00196608
vt 0.25202077 0.49949972
vt 0.50078759 0.49949972
vt 0.50078759 0.00196608
vt 0.25202077 0.00196608
vt 0.50078759 0.49949972
vt 0.25202077 0.00196608
vt 0.25202077 0.49949972
vt 0.50078759 0.49949972
vt 0.50078759 0.00196608
vt 0.25202077 0.00196608
vt 0.50078759 0.49949972
vt 0.50078759 0.00196608
vt 0.25202077 0.00196608
vt 0.25202077 0.49949972
vt 0.50078759 0.49949972
vt 0.50078759 0.00196608
vt 0.25202077 0.00196608
vt 0.50078759 0.49949972
vt 0.50078759 0.00196608
vt 0.25202077 0.00196608
vt 0.25202077 0.49949972
vt 0.50078759 0.49949972
vt 0.50078759 0.00196608
vt 0.25202077 0.00196608
vt 0.25202077 0.49949972
vt 0.50078759 0.49949972
vt 0.25202077 0.00196608
vt 0.25202077 0.49949972
vt 0.50078759 0.49949972
vt 0.50078759 0.00196608
vt 0.25202077 0.00196608
vt 0.25202077 0.49949972
vt 0.50078759 0.49949972
vt 0.50078759 0.00196608
vt 0.25202077 0.00196608
vt 0.25202077 0.49949972
vt 0.50078759 0.49949972
vt 0.50078759 0.00196608
vt 0.25202077 0.00196608
vt 0.25202077 0.49949972
vt 0.50078759 0.49949972
vt 0.50078759 0.00196608
vt 0.25202077 0.00196608
vt 0.25202077 0.49949972
vt 0.50078759 0.49949972
vt 0.50078759 0.00196608
vt 0.25202077 0.00196608
vt 0.50078759 0.49949972
vt 0.25202077 0.00196608
vt 0.25202077 0.49949972
vt 0.50078759 0.49949972
vt 0.50078759 0.00196608
vt 0.25202077 0.00196608
vt 0.50078759 0.49949972
vt 0.25202077 0.00196608
vt 0.25202077 0.49949972
vt 0.50078759 0.49949972
vt 0.50078759 0.00196608
vt 0.25202077 0.00196608
vt 0.50078759 0.49949972
vt 0.50078759 0.00196608
vt 0.25202077 0.00196608
vt 0.25202077 0.49949972
vt 0.50078759 0.49949972
vt 0.50078759 0.00196608
vt 0.25202077 0.00196608
vt 0.25202077 0.49949972
vt 0.50078759 0.49949972
vt 0.50078759 0.00196608
vt 0.25202077 0.00196608
vt 0.25202077 0.49949972
vt 0.50078759 0.49949972
vt 0.50078759 0.00196608
vt 0.25202077 0.00196608
vt 0.25202077 0.49949972
vt 0.50078759 0.49949972
vt 0.25202077 0.00196608
vt 0.25202077 0.49949972
vt 0.50078759 0.49949972
vt 0.50078759 0.00196608
vt 0.25202077 0.00196608
vt 0.50078759 0.49949972
vt 0.25202077 0.00196608
vt 0.25202077 0.49949972
vt 0.50078759 0.49949972
vt 0.50078759 0.00196608
vt 0.25202077 0.00196608
vt 0.50078759 0.49949972
vt 0.25202077 0.00196608
vt 0.25202077 0.49949972
vt 0.50078759 0.49949972
vt 0.50078759 0.00196608
vt 0.25202077 0.00196608
vt 0.50078759 0.49949972
vt 0.25202077 0.00196608
vt 0.25202077 0.49949972
vt 0.50078759 0.49949972
vt 0.50078759 0.00196608
vt 0.25202077 0.00196608
vt 0.25202077 0.49949972
vt 0.50078759 0.49949972
vt 0.25202077 0.00196608
vt 0.25202077 0.49949972
vt 0.50078759 0.49949972
vt 0.50078759 0.00196608
vt 0.25202077 0.00196608
vt 0.25202077 0.49949972
vt 0.50078759 0.49949972
vt 0.25202077 0.00196608
vt 0.25202077 0.49949972
vt 0.50078759 0.49949972
vt 0.50078759 0.00196608
vt 0.25202077 0.00196608
vt 0.50078759 0.49949972
vt 0.50078759 0.00196608
vt 0.25202077 0.00196608
vt 0.25202077 0.49949972
vt 0.50078759 0.49949972
vt 0.50078759 0.00196608
vt 0.25202077 0.00196608
vt 0.25202077 0.49949972
vt 0.50078759 0.49949972
vt 0.25202077 0.00196608
vt 0.25202077 0.49949972
vt 0.50078759 0.49949972
vt 0.50078759 0.00196608
vt 0.25202077 0.00196608
vt 0.50078759 0.49949972
vt 0.50078759 0.00196608
vt 0.25202077 0.00196608
vt 0.25202077 0.49949972
vt 0.50078759 0.49949972
vt 0.50078759 0.00196608
vt 0.25202077 0.00196608
vt 0.50078759 0.49949972
vt 0.50078759 0.00196608
vt 0.25202077 0.00196608
vt 0.25202077 0.49949972
vt 0.50078759 0.49949972
vt 0.50078759 0.00196608
vt 0.25202077 0.00196608
vt 0.25202077 0.49949972
vt 0.50078759 0.49949972
vt 0.25202077 0.00196608
vt 0.25202077 0.49949972
vt 0.50078759 0.49949972
vt 0.50078759 0.00196608
vt 0.25202077 0.00196608
vt 0.50078759 0.49949972
vt 0.50078759 0.00196608
vt 0.25202077 0.00196608
vt 0.25202077 0.49949972
vt 0.50078759 0.49949972
vt 0.50078759 0.00196608
vt 0.25202077 0.00196608
vt 0.25202077 0.49949972
vt 0.50078759 0.49949972
vt 0.50078759 0.00196608
vt 0.25202077 0.00196608
vt 0.25202077 0.49949972
vt 0.50078759 0.49949972
vt 0.50078759 0.00196608
vt 0.25202077 0.00196608
vt 0.50078759 0.49949972
vt 0.25202077 0.00196608
vt 0.25202077 0.49949972
vt 0.50078759 0.49949972
vt 0.50078759 0.00196608
vt 0.25202077 0.00196608
vt 0.50078759 0.49949972
vt 0.25202077 0.00196608
vt 0.25202077 0.49949972
vt 0.50078759 0.49949972
vt 0.50078759 0.00196608
vt 0.25202077 0.00196608
vt 0.25202077 0.49949972
vt 0.50078759 0.49949972
vt 0.25202077 0.00196608
vt 0.25202077 0.49949972
vt 0.50078759 0.49949972
vt 0.50078759 0.00196608
vt 0.25202077 0.00196608
vt 0.50078759 0.49949972
vt 0.50078759 0.00196608
vt 0.25202077 0.00196608
vt 0.25202077 0.49949972
vt 0.50078759 0.49949972
vt 0.50078759 0.00196608
vt 0.25202077 0.00196608
vt 0.50078759 0.49949972
vt 0.25202077 0.00196608
vt 0.25202077 0.49949972
vt 0.50078759 0.49949972
vt 0.50078759 0.00196608
vt 0.25202077 0.00196608
vt 0.50078759 0.49949972
vt 0.25202077 0.00196608
vt 0.25202077 0.49949972
vt 0.50078759 0.49949972
vt 0.50078759 0.00196608
vt 0.25202077 0.00196608
vt 0.25202077 0.49949972
vt 0.50078759 0.49949972
vt 0.25202077 0.00196608
vt 0.25202077 0.49949972
vt 0.50078759 0.49949972
vt 0.50078759 0.00196608
vt 0.25202077 0.00196608
vt 0.25202077 0.49949972
vt 0.50078759 0.49949972
vt 0.25202077 0.00196608
vt 0.25202077 0.49949972
vt 0.50078759 0.49949972
vt 0.50078759 0.00196608
vt 0.25202077 0.00196608
vt 0.25202077 0.49949972
vt 0.50078759 0.49949972
vt 0.25202077 0.00196608
vt 0.25202077 0.49949972
vt 0.50078759 0.49949972
vt 0.50078759 0.00196608
vt 0.25202077 0.00196608
vt 0.50078759 0.49949972
vt 0.25202077 0.00196608
vt 0.25202077 0.49949972
vt 0.50078759 0.49949972
vt 0.50078759 0.00196608
vt 0.25202077 0.00196608
vt 0.50078759 0.49949972
vt 0.25202077 0.00196608
vt 0.25202077 0.49949972
vt 0.50078759 0.49949972
vt 0.50078759 0.00196608
vt 0.25202077 0.00196608
vt 0.25202077 0.49949972
vt 0.50078759 0.49949972
vt 0.50078759 0.00196608
vt 0.25202077 0.00196608
vt 0.25202077 0.49949972
vt 0.50078759 0.49949972
vt 0.50078759 0.00196608
vt 0.25202077 0.00196608
vt 0.50078759 0.49949972
vt 0.50078759 0.00196608
vt 0.25202077 0.00196608
vt 0.25202077 0.49949972
vt 0.50078759 0.49949972
vt 0.50078759 0.00196608
vt 0.25202077 0.00196608
vt 0.50078759 0.49949972
vt 0.50078759 0.00196608
vt 0.25202077 0.00196608
vt 0.25202077 0.49949972
vt 0.50078759 0.49949972
vt 0.50078759 0.00196608
vt 0.25202077 0.00196608
vt 0.25202077 0.49949972
vt 0.50078759 0.49949972
vt 0.25202077 0.00196608
vt 0.25202077 0.49949972
vt 0.50078759 0.49949972
vt 0.50078759 0.00196608
vt 0.25202077 0.00196608
vt 0.50078759 0.49949972
vt 0.25202077 0.00196608
vt 0.25202077 0.49949972
vt 0.50078759 0.49949972
vt 0.50078759 0.00196608
vt 0.25202077 0.00196608
vt 0.50078759 0.49949972
vt 0.25202077 0.00196608
vt 0.25202077 0.49949972
vt 0.50078759 0.49949972
vt 0.50078759 0.00196608
vt 0.25202077 0.00196608
vt 0.50078759 0.49949972
vt 0.25202077 0.00196608
vt 0.25202077 0.49949972
vt 0.50078759 0.49949972
vt 0.50078759 0.00196608
vt 0.25202077 0.00196608
vt 0.50078759 0.49949972
vt 0.50078759 0.00196608
vt 0.25202077 0.00196608
vt 0.25202077 0.49949972
vt 0.50078759 0.49949972
vt 0.50078759 0.00196608
vt 0.25202077 0.00196608
vt 0.25202077 0.49949972
vt 0.50078759 0.49949972
vt 0.50078759 0.00196608
vt 0.25202077 0.00196608
vt 0.25202077 0.49949972
vt 0.50078759 0.49949972
vt 0.50078759 0.00196608
vt 0.25202077 0.00196608
vt 0.50078759 0.49949972
vt 0.50078759 0.00196608
vt 0.25202077 0.00196608
vt 0.25202077 0.49949972
vt 0.50078759 0.49949972
vt 0.50078759 0.00196608
vt 0.25202077 0.00196608
vt 0.25202077 0.49949972
vt 0.50078759 0.49949972
vt 0.25202077 0.00196608
vt 0.25202077 0.49949972
vt 0.50078759 0.49949972
vt 0.50078759 0.00196608
vt 0.25202077 0.00196608
vt 0.25202077 0.49949972
vt 0.50078759 0.49949972
vt 0.25202077 0.00196608
vt 0.25202077 0.49949972
vt 0.50078759 0.49949972
vt 0.50078759 0.00196608
vt 0.25202077 0.00196608
vt 0.25202077 0.49949972
vt 0.50078759 0.49949972
vt 0.50078759 0.00196608
vt 0.25202077 0.00196608
vt 0.25202077 0.49949972
vt 0.50078759 0.49949972
vt 0.50078759 0.00196608
vt 0.25202077 0.00196608
vt 0.25202077 0.49949972
vt 0.50078759 0.49949972
vt 0.25202077 0.00196608
vt 0.25202077 0.49949972
vt 0.50078759 0.49949972
vt 0.50078759 0.00196608
vt 0.25202077 0.00196608
vt 0.25202077 0.49949972
vt 0.50078759 0.49949972
vt 0.25202077 0.00196608
vt 0.25202077 0.49949972
vt 0.50078759 0.49949972
vt 0.50078759 0.00196608
vt 0.25202077 0.00196608
vt 0.25202077 0.49949972
vt 0.50078759 0.49949972
vt 0.50078759 0.00196608
vt 0.25202077 0.00196608
vt 0.25202077 0.49949972
vt 0.50078759 0.49949972
vt 0.50078759 0.00196608
vt 0.25202077 0.00196608
vt 0.25202077 0.49949972
vt 0.50078759 0.49949972
vt 0.50078759 0.00196608
vt 0.25202077 0.00196608
vt 0.25202077 0.49949972
vt 0.50078759 0.49949972
vt 0.50078759 0.00196608
vt 0.25202077 0.00196608
vt 0.50078759 0.49949972
vt 0.50078759 0.00196608
vt 0.25202077 0.00196608
vt 0.25202077 0.49949972
vt 0.50078759 0.49949972
vt 0.50078759 0.00196608
vt 0.25202077 0.00196608
vt 0.50078759 0.49949972
vt 0.50078759 0.00196608
vt 0.25202077 0.00196608
vt 0.25202077 0.49949972
vt 0.50078759 0.49949972
vt 0.50078759 0.00196608
vt 0.25202077 0.00196608
vt 0.25202077 0.49949972
vt 0.50078759 0.49949972
vt 0.25202077 0.00196608
vt 0.25202077 0.49949972
vt 0.50078759 0.49949972
vt 0.50078759 0.00196608
vt 0.25202077 0.00196608
vt 0.25202077 0.49949972
vt 0.50078759 0.49949972
vt 0.25202077 0.00196608
vt 0.25202077 0.49949972
vt 0.50078759 0.49949972
vt 0.50078759 0.00196608
vt 0.25202077 0.00196608
vt 0.50078759 0.49949972
vt 0.25202077 0.00196608
vt 0.25202077 0.49949972
vt 0.50078759 0.49949972
vt 0.50078759 0.00196608
vt 0.25202077 0.00196608
vt 0.50078759 0.49949972
vt 0.25202077 0.00196608
vt 0.25202077 0.49949972
vt 0.50078759 0.49949972
vt 0.50078759 0.00196608
vt 0.25202077 0.00196608
vt 0.50078759 0.49949972
vt 0.25202077 0.00196608
vt 0.25202077 0.49949972
vt 0.50078759 0.49949972
vt 0.50078759 0.00196608
vt 0.25202077 0.00196608
vt 0.50078759 0.49949972
vt 0.25202077 0.00196608
vt 0.25202077 0.49949972
vt 0.50078759 0.49949972
vt 0.50078759 0.00196608
vt 0.25202077 0.00196608
vt 0.25202077 0.49949972
vt 0.50078759 0.49949972
vt 0.25202077 0.00196608
vt 0.25202077 0.49949972
vt 0.50078759 0.49949972
vt 0.50078759 0.00196608
vt 0.25202077 0.00196608
vt 0.50078759 0.49949972
vt 0.25202077 0.00196608
vt 0.25202077 0.49949972
vt 0.50078759 0.49949972
vt 0.50078759 0.00196608
vt 0.25202077 0.00196608
vt 0.25202077 0.49949972
vt 0.50078759 0.49949972
vt 0.25202077 0.00196608
vt 0.25202077 0.49949972
vt 0.50078759 0.49949972
vt 0.50078759 0.00196608
vt 0.25202077 0.00196608
vt 0.25202077 0.49949972
vt 0.50078759 0.49949972
vt 0.50078759 0.00196608
vt 0.25202077 0.00196608
vt 0.25202077 0.49949972
vt 0.50078759 0.49949972
vt 0.50078759 0.00196608
vt 0.25202077 0.00196608
vt 0.50078759 0.49949972
vt 0.50078759 0.00196608
vt 0.25202077 0.00196608
vt 0.25202077 0.49949972
vt 0.50078759 0.49949972
vt 0.50078759 0.00196608
vt 0.25202077 0.00196608
vt 0.50078759 0.49949972
vt 0.50078759 0.00196608
vt 0.25202077 0.00196608
vt 0.25202077 0.49949972
vt 0.50078759 0.49949972
vt 0.50078759 0.00196608
vt 0.25202077 0.00196608
vt 0.50078759 0.49949972
vt 0.25202077 0.00196608
vt 0.25202077 0.49949972
vt 0.50078759 0.49949972
vt 0.50078759 0.00196608
vt 0.25202077 0.00196608
vt 0.25202077 0.49949972
vt 0.50078759 0.49949972
vt 0.25202077 0.00196608
vt 0.25202077 0.49949972
vt 0.50078759 0.49949972
vt 0.50078759 0.00196608
vt 0.25202077 0.00196608
vt 0.50078759 0.49949972
vt 0.25202077 0.00196608
vt 0.25202077 0.49949972
vt 0.50078759 0.49949972
vt 0.50078759 0.00196608
vt 0.25202077 0.00196608
vt 0.25202077 0.49949972
vt 0.50078759 0.49949972
vt 0.25202077 0.00196608
vt 0.25202077 0.49949972
vt 0.50078759 0.49949972
vt 0.50078759 0.00196608
vt 0.25202077 0.00196608
vt 0.50078759 0.49949972
vt 0.50078759 0.00196608
vt 0.25202077 0.00196608
vt 0.25202077 0.49949972
vt 0.50078759 0.49949972
vt 0.50078759 0.00196608
vt 0.25202077 0.00196608
vt 0.50078759 0.49949972
vt 0.50078759 0.00196608
vt 0.25202077 0.00196608
vt 0.00840816 0.50024399
vt 0.01620554 0.44820987
vt 0.00061078 0.44820987
vt 0.00061078 0.50024399
vt 0.01620554 0.50024399
vt 0.02400291 0.50024399
vt 0.03180029 0.44820987
vt 0.03180029 0.50024399
vt 0.03959767 0.50024399
vt 0.04739505 0.44820987
vt 0.04739505 0.50024399
vt 0.05518993 0.50024399
vt 0.06298731 0.44820987
vt 0.06298731 0.50024399
vt 0.07078468 0.50024399
vt 0.07858206 0.44820987
vt 0.07858206 0.50024399
vt 0.08637944 0.50024399
vt 0.09417682 0.44820987
vt 0.09417682 0.50024399
vt 0.10197420 0.50024399
vt 0.10977157 0.44820987
vt 0.10977157 0.50024399
vt 0.11756895 0.50024399
vt 0.12536633 0.44820987
vt 0.12536633 0.50024399
vt 0.13316371 0.50024399
vt 0.14096108 0.44820987
vt 0.14096108 0.50024399
vt 0.14875846 0.50024399
vt 0.15655585 0.44820987
vt 0.15655585 0.50024399
vt 0.16435321 0.50024399
vt 0.17215060 0.44820987
vt 0.17215060 0.50024399
vt 0.17994798 0.50024399
vt 0.18774535 0.44820987
vt 0.18774535 0.50024399
vt 0.19554273 0.50024399
vt 0.20333761 0.44820987
vt 0.20333761 0.50024399
vt 0.21113499 0.50024399
vt 0.21893236 0.44820987
vt 0.21893236 0.50024399
vt 0.22672974 0.50024399
vt 0.23452713 0.44820987
vt 0.23452713 0.50024399
vt 0.24232449 0.50024399
vt 0.25012188 0.44820987
vt 0.25012188 0.50024399
vt 0.00061078 0.38764906
vt 0.01620554 0.38764906
vt 0.03180029 0.38764906
vt 0.04739505 0.38764906
vt 0.06298731 0.38764906
vt 0.07858206 0.38764906
vt 0.09417682 0.38764906
vt 0.10977157 0.38764906
vt 0.12536633 0.38764906
vt 0.14096108 0.38764906
vt 0.15655585 0.38764906
vt 0.17215060 0.38764906
vt 0.18774535 0.38764906
vt 0.20333761 0.38764906
vt 0.21893236 0.38764906
vt 0.23452713 0.38764906
vt 0.25012188 0.38764906
vt 0.00061078 0.31278725
vt 0.01620554 0.31278725
vt 0.03180029 0.31278725
vt 0.04739505 0.31278725
vt 0.06298731 0.31278725
vt 0.07858206 0.31278725
vt 0.09417682 0.31278725
vt 0.10977157 0.31278725
vt 0.12536633 0.31278725
vt 0.14096108 0.31278725
vt 0.15655585 0.31278725
vt 0.17215060 0.31278725
vt 0.18774535 0.31278725
vt 0.20333761 0.31278725
vt 0.21893236 0.31278725
vt 0.23452713 0.31278725
vt 0.25012188 0.31278725
vt 0.00061078 0.22185112
vt 0.01620554 0.22185112
vt 0.03180029 0.22185112
vt 0.04739505 0.22185112
vt 0.06298731 0.22185112
vt 0.07858206 0.22185112
vt 0.09417682 0.22185112
vt 0.10977157 0.22185112
vt 0.12536633 0.22185112
vt 0.14096108 0.22185112
vt 0.15655585 0.22185112
vt 0.17215060 0.22185112
vt 0.18774535 0.22185112
vt 0.20333761 0.22185112
vt 0.21893236 0.22185112
vt 0.23452713 0.22185112
vt 0.25012188 0.22185112
vt 0.00061078 0.12015554
vt 0.01620554 0.12015554
vt 0.03180029 0.12015554
vt 0.04739505 0.12015554
vt 0.06298731 0.12015554
vt 0.07858206 0.12015554
vt 0.09417682 0.12015554
vt 0.10977157 0.12015554
vt 0.12536633 0.12015554
vt 0.14096108 0.12015554
vt 0.15655585 0.12015554
vt 0.17215060 0.12015554
vt 0.18774535 0.12015554
vt 0.20333761 0.12015554
vt 0.21893236 0.12015554
vt 0.23452713 0.12015554
vt 0.25012188 0.12015554
vt 0.00061078 0.49583330
vt 0.01620554 0.49583330
vt 0.03180029 0.49583330
vt 0.04739505 0.49583330
vt 0.06298731 0.49583330
vt 0.07858206 0.49583330
vt 0.09417682 0.49583330
vt 0.10977157 0.49583330
vt 0.12536633 0.49583330
vt 0.14096108 0.49583330
vt 0.15655585 0.49583330
vt 0.17215060 0.49583330
vt 0.18774535 0.49583330
vt 0.20333761 0.49583330
vt 0.21893236 0.49583330
vt 0.23452713 0.49583330
vt 0.25012188 0.49583330
vt 0.00061078 0.35991117
vt 0.01620554 0.35991117
vt 0.03180029 0.35991117
vt 0.04739505 0.35991117
vt 0.06298731 0.35991117
vt 0.07858206 0.35991117
vt 0.09417682 0.35991117
vt 0.10977157 0.35991117
vt 0.12536633 0.35991117
vt 0.14096108 0.35991117
vt 0.15655585 0.35991117
vt 0.17215060 0.35991117
vt 0.18774535 0.35991117
vt 0.20333761 0.35991117
vt 0.21893236 0.35991117
vt 0.23452713 0.35991117
vt 0.25012188 0.35991117
vt 0.00061078 0.19362370
vt 0.01620554 0.19362370
vt 0.03180029 0.19362370
vt 0.04739505 0.19362370
vt 0.06298731 0.19362370
vt 0.07858206 0.19362370
vt 0.09417682 0.19362370
vt 0.10977157 0.19362370
vt 0.12536633 0.19362370
vt 0.14096108 0.19362370
vt 0.15655585 0.19362370
vt 0.17215060 0.19362370
vt 0.18774535 0.19362370
vt 0.20333761 0.19362370
vt 0.21893236 0.19362370
vt 0.23452713 0.19362370
vt 0.25012188 0.19362370
vt 0.00061078 0.02060283
vt 0.03180029 0.02060283
vt 0.06298731 0.02060283
vt 0.09417682 0.02060283
vt 0.12536633 0.02060283
vt 0.15655585 0.02060283
vt 0.18774535 0.02060283
vt 0.21893236 0.02060283
vt 0.25012188 0.02060283
vt 0.00061078 0.32912626
vt 0.03180029 0.32912626
vt 0.06298731 0.32912626
vt 0.09417682 0.32912626
vt 0.12536633 0.32912626
vt 0.15655585 0.32912626
vt 0.18774535 0.32912626
vt 0.21893236 0.32912626
vt 0.25012188 0.32912626
vt 0.00061078 0.14891742
vt 0.03180029 0.14891742
vt 0.06298731 0.14891742
vt 0.09417682 0.14891742
vt 0.12536633 0.14891742
vt 0.15655585 0.14891742
vt 0.18774535 0.14891742
vt 0.21893236 0.14891742
vt 0.25012188 0.14891742
vt 0.00061078 0.47591275
vt 0.03180029 0.47591275
vt 0.06298731 0.47591275
vt 0.09417682 0.47591275
vt 0.12536633 0.47591275
vt 0.15655585 0.47591275
vt 0.18774535 0.47591275
vt 0.21893236 0.47591275
vt 0.25012188 0.47591275
vt 0.00061078 0.31221281
vt 0.03180029 0.31221281
vt 0.06298731 0.31221281
vt 0.09417682 0.31221281
vt 0.12536633 0.31221281
vt 0.15655585 0.31221281
vt 0.18774535 0.31221281
vt 0.21893236 0.31221281
vt 0.25012188 0.31221281
vt 0.00061078 0.15675981
vt 0.03180029 0.15675981
vt 0.06298731 0.15675981
vt 0.09417682 0.15675981
vt 0.12536633 0.15675981
vt 0.15655585 0.15675981
vt 0.18774535 0.15675981
vt 0.21893236 0.15675981
vt 0.25012188 0.15675981
vt 0.00061078 0.00839974
vt 0.03180029 0.00839974
vt 0.06298731 0.00839974
vt 0.09417682 0.00839974
vt 0.12536633 0.00839974
vt 0.15655585 0.00839974
vt 0.18774535 0.00839974
vt 0.21893236 0.00839974
vt 0.25012188 0.00839974
vt 0.00061078 0.36535074
vt 0.03180029 0.36535074
vt 0.06298731 0.36535074
vt 0.09417682 0.36535074
vt 0.12536633 0.36535074
vt 0.15655585 0.36535074
vt 0.18774535 0.36535074
vt 0.21893236 0.36535074
vt 0.25012188 0.36535074
vt 0.00061078 0.21639652
vt 0.03180029 0.21639652
vt 0.06298731 0.21639652
vt 0.09417682 0.21639652
vt 0.12536633 0.21639652
vt 0.15655585 0.21639652
vt 0.18774535 0.21639652
vt 0.21893236 0.21639652
vt 0.25012188 0.21639652
vt 0.00061078 0.04792107
vt 0.03180029 0.04792107
vt 0.06298731 0.04792107
vt 0.09417682 0.04792107
vt 0.12536633 0.04792107
vt 0.15655585 0.04792107
vt 0.18774535 0.04792107
vt 0.21893236 0.04792107
vt 0.25012188 0.04792107
vt 0.01620554 0.06236203
vt 0.04739505 0.06236203
vt 0.07858206 0.06236203
vt 0.10977157 0.06236203
vt 0.14096108 0.06236203
vt 0.17215060 0.06236203
vt 0.20333761 0.06236203
vt 0.23452713 0.06236203
vt 0.00061078 0.47670698
vt 0.01620554 0.47670698
vt 0.03180029 0.47670698
vt 0.04739505 0.47670698
vt 0.06298731 0.47670698
vt 0.07858206 0.47670698
vt 0.09417682 0.47670698
vt 0.10977157 0.47670698
vt 0.12536633 0.47670698
vt 0.14096108 0.47670698
vt 0.15655585 0.47670698
vt 0.17215060 0.47670698
vt 0.18774535 0.47670698
vt 0.20333761 0.47670698
vt 0.21893236 0.47670698
vt 0.23452713 0.47670698
vt 0.25012188 0.47670698
vt 0.00061078 0.31928091
vt 0.01620554 0.31928091
vt 0.03180029 0.31928091
vt 0.04739505 0.31928091
vt 0.06298731 0.31928091
vt 0.07858206 0.31928091
vt 0.09417682 0.31928091
vt 0.10977157 0.31928091
vt 0.12536633 0.31928091
vt 0.14096108 0.31928091
vt 0.15655585 0.31928091
vt 0.17215060 0.31928091
vt 0.18774535 0.31928091
vt 0.20333761 0.31928091
vt 0.21893236 0.31928091
vt 0.23452713 0.31928091
vt 0.25012188 0.31928091
vt 0.00061078 0.11985084
vt 0.01620554 0.11985084
vt 0.03180029 0.11985084
vt 0.04739505 0.11985084
vt 0.06298731 0.11985084
vt 0.07858206 0.11985084
vt 0.09417682 0.11985084
vt 0.10977157 0.11985084
vt 0.12536633 0.11985084
vt 0.14096108 0.11985084
vt 0.15655585 0.11985084
vt 0.17215060 0.11985084
vt 0.18774535 0.11985084
vt 0.20333761 0.11985084
vt 0.21893236 0.11985084
vt 0.23452713 0.11985084
vt 0.25012188 0.11985084
vt 0.00061078 0.41182542
vt 0.03180029 0.41182542
vt 0.06298731 0.41182542
vt 0.09417682 0.41182542
vt 0.12536633 0.41182542
vt 0.15655585 0.41182542
vt 0.18774535 0.41182542
vt 0.21893236 0.41182542
vt 0.25012188 0.41182542
vt 0.00061078 0.18279935
vt 0.03180029 0.18279935
vt 0.06298731 0.18279935
vt 0.09417682 0.18279935
vt 0.12536633 0.18279935
vt 0.15655585 0.18279935
vt 0.18774535 0.18279935
vt 0.21893236 0.18279935
vt 0.25012188 0.18279935
vt 0.00061078 0.46617727
vt 0.03180029 0.46617727
vt 0.06298731 0.46617727
vt 0.09417682 0.46617727
vt 0.12536633 0.46617727
vt 0.15655585 0.46617727
vt 0.18774535 0.46617727
vt 0.21893236 0.46617727
vt 0.25012188 0.46617727
vt 0.00061078 0.25924459
vt 0.03180029 0.25924459
vt 0.06298731 0.25924459
vt 0.09417682 0.25924459
vt 0.12536633 0.25924459
vt 0.15655585 0.25924459
vt 0.18774535 0.25924459
vt 0.21893236 0.25924459
vt 0.25012188 0.25924459
vt 0.00061078 0.06289652
vt 0.03180029 0.06289652
vt 0.06298731 0.06289652
vt 0.09417682 0.06289652
vt 0.12536633 0.06289652
vt 0.15655585 0.06289652
vt 0.18774535 0.06289652
vt 0.21893236 0.06289652
vt 0.25012188 0.06289652
vt 0.00061078 0.37597049
vt 0.03180029 0.37597049
vt 0.06298731 0.37597049
vt 0.09417682 0.37597049
vt 0.12536633 0.37597049
vt 0.15655585 0.37597049
vt 0.18774535 0.37597049
vt 0.21893236 0.37597049
vt 0.25012188 0.37597049
vt 0.00061078 0.19803930
vt 0.03180029 0.19803930
vt 0.06298731 0.19803930
vt 0.09417682 0.19803930
vt 0.12536633 0.19803930
vt 0.15655585 0.19803930
vt 0.18774535 0.19803930
vt 0.21893236 0.19803930
vt 0.25012188 0.19803930
vt 0.00061078 0.02706148
vt 0.03180029 0.02706148
vt 0.06298731 0.02706148
vt 0.09417682 0.02706148
vt 0.12536633 0.02706148
vt 0.15655585 0.02706148
vt 0.18774535 0.02706148
vt 0.21893236 0.02706148
vt 0.25012188 0.02706148
vt 0.00061078 0.34845742
vt 0.03180029 0.34845742
vt 0.06298731 0.34845742
vt 0.09417682 0.34845742
vt 0.12536633 0.34845742
vt 0.15655585 0.34845742
vt 0.18774535 0.34845742
vt 0.21893236 0.34845742
vt 0.25012188 0.34845742
vt 0.00061078 0.14577039
vt 0.03180029 0.14577039
vt 0.06298731 0.14577039
vt 0.09417682 0.14577039
vt 0.12536633 0.14577039
vt 0.15655585 0.14577039
vt 0.18774535 0.14577039
vt 0.21893236 0.14577039
vt 0.25012188 0.14577039
vt 0.01620554 0.16020636
vt 0.04739505 0.16020636
vt 0.07858206 0.16020636
vt 0.10977157 0.16020636
vt 0.14096108 0.16020636
vt 0.17215060 0.16020636
vt 0.20333761 0.16020636
vt 0.23452713 0.16020636
vt 0.00061078 0.43404875
vt 0.00061078 0.49011887
vt 0.03180029 0.43328941
vt 0.03180029 0.49011887
vt 0.06298731 0.49011887
vt 0.06298731 0.43392394
vt 0.09417682 0.43527255
vt 0.09417682 0.49011887
vt 0.12536633 0.49011887
vt 0.12536633 0.43671119
vt 0.15655585 0.43766012
vt 0.15655585 0.49011887
vt 0.18774535 0.49011887
vt 0.18774535 0.43751530
vt 0.21893236 0.43598687
vt 0.21893236 0.49011887
vt 0.25012188 0.49011887
vt 0.25012188 0.43404875
vt 0.00061078 0.35269331
vt 0.03180029 0.35269331
vt 0.06298731 0.35269331
vt 0.09417682 0.35269331
vt 0.12536633 0.35269331
vt 0.15655585 0.35269331
vt 0.18774535 0.35269331
vt 0.21893236 0.35269331
vt 0.25012188 0.35269331
vt 0.00061078 0.20035209
vt 0.03180029 0.20035209
vt 0.06298731 0.20035209
vt 0.09417682 0.20035209
vt 0.12536633 0.20035209
vt 0.15655585 0.20035209
vt 0.18774535 0.20035209
vt 0.21893236 0.20035209
vt 0.25012188 0.20035209
vt 0.00061078 0.02580266
vt 0.03180029 0.02580266
vt 0.06298731 0.02580266
vt 0.09417682 0.02580266
vt 0.12536633 0.02580266
vt 0.15655585 0.02580266
vt 0.18774535 0.02580266
vt 0.21893236 0.02580266
vt 0.25012188 0.02580266
vt 0.00061078 0.30244731
vt 0.03180029 0.30244731
vt 0.06298731 0.30244731
vt 0.09417682 0.30244731
vt 0.12536633 0.30244731
vt 0.15655585 0.30244731
vt 0.18774535 0.30244731
vt 0.21893236 0.30244731
vt 0.25012188 0.30244731
vt 0.00061078 0.03840055
vt 0.03180029 0.03840055
vt 0.06298731 0.03840055
vt 0.09417682 0.03840055
vt 0.12536633 0.03840055
vt 0.15655585 0.03840055
vt 0.18774535 0.03840055
vt 0.21893236 0.03840055
vt 0.25012188 0.03840055
vt 0.00061078 0.18907828
vt 0.06298731 0.18907828
vt 0.12536633 0.18907828
vt 0.18774535 0.18907828
vt 0.25012188 0.18907828
vt 0.00061078 0.29015931
vt 0.06298731 0.29015931
vt 0.12536633 0.29015931
vt 0.18774535 0.29015931
vt 0.25012188 0.29015931
vt 0.00061078 0.34508066
vt 0.06298731 0.34508066
vt 0.12536633 0.34508066
vt 0.18774535 0.34508066
vt 0.25012188 0.34508066
vt 0.00061078 0.40934793
vt 0.06298731 0.40934793
vt 0.12536633 0.40934793
vt 0.18774535 0.40934793
vt 0.25012188 0.40934793
vt 0.00061078 0.45510818
vt 0.06298731 0.45510818
vt 0.12536633 0.45510818
vt 0.18774535 0.45510818
vt 0.25012188 0.45510818
vt 0.00061078 0.03463936
vt 0.06298731 0.03463936
vt 0.12536633 0.03463936
vt 0.18774535 0.03463936
vt 0.25012188 0.03463936
vt 0.06298731 0.09614892
vt 0.18774535 0.09614892
vt 0.00061078 0.47927951
vt 0.00061078 0.03015860
vt 0.03180029 0.47866499
vt 0.03180029 0.03015860
vt 0.06298731 0.03015860
vt 0.06298731 0.47633744
vt 0.09417682 0.47412445
vt 0.09417682 0.03015860
vt 0.12536633 0.03015860
vt 0.12536633 0.47313051
vt 0.15655585 0.47358496
vt 0.15655585 0.03015860
vt 0.18774535 0.03015860
vt 0.18774535 0.47538327
vt 0.21893236 0.47775107
vt 0.21893236 0.03015860
vt 0.25012188 0.03015860
vt 0.25012188 0.47927951
vt 0.00061078 0.39519660
vt 0.03180029 0.39519660
vt 0.06298731 0.39519660
vt 0.09417682 0.39519660
vt 0.12536633 0.39519660
vt 0.15655585 0.39519660
vt 0.18774535 0.39519660
vt 0.21893236 0.39519660
vt 0.25012188 0.39519660
vt 0.00061078 0.24005336
vt 0.03180029 0.24005336
vt 0.06298731 0.24005336
vt 0.09417682 0.24005336
vt 0.12536633 0.24005336
vt 0.15655585 0.24005336
vt 0.18774535 0.24005336
vt 0.21893236 0.24005336
vt 0.25012188 0.24005336
vt 0.00061078 0.07024431
vt 0.03180029 0.07024431
vt 0.06298731 0.07024431
vt 0.09417682 0.07024431
vt 0.12536633 0.07024431
vt 0.15655585 0.07024431
vt 0.18774535 0.07024431
vt 0.21893236 0.07024431
vt 0.25012188 0.07024431
vt 0.00061078 0.33930132
vt 0.03180029 0.33930132
vt 0.06298731 0.33930132
vt 0.09417682 0.33930132
vt 0.12536633 0.33930132
vt 0.15655585 0.33930132
vt 0.18774535 0.33930132
vt 0.21893236 0.33930132
vt 0.25012188 0.33930132
vt 0.00061078 0.07444520
vt 0.03180029 0.07444520
vt 0.06298731 0.07444520
vt 0.09417682 0.07444520
vt 0.12536633 0.07444520
vt 0.15655585 0.07444520
vt 0.18774535 0.07444520
vt 0.21893236 0.07444520
vt 0.25012188 0.07444520
vt 0.00061078 0.28711744
vt 0.06298731 0.28711744
vt 0.12536633 0.28711744
vt 0.18774535 0.28711744
vt 0.25012188 0.28711744
vt 0.00061078 0.47247621
vt 0.06298731 0.47247621
vt 0.12536633 0.47247621
vt 0.18774535 0.47247621
vt 0.25012188 0.47247621
vt 0.00061078 0.10825209
vt 0.06298731 0.10825209
vt 0.12536633 0.10825209
vt 0.18774535 0.10825209
vt 0.25012188 0.10825209
vt 0.00061078 0.27741161
vt 0.06298731 0.27741161
vt 0.12536633 0.27741161
vt 0.18774535 0.27741161
vt 0.25012188 0.27741161
vt 0.00061078 0.43680122
vt 0.06298731 0.43680122
vt 0.12536633 0.43680122
vt 0.18774535 0.43680122
vt 0.25012188 0.43680122
vt 0.00061078 0.11985078
vt 0.06298731 0.11985078
vt 0.12536633 0.11985078
vt 0.18774535 0.11985078
vt 0.25012188 0.11985078
vt 0.06298731 0.27822620
vt 0.18774535 0.27822620
vt 0.00061078 0.44641654
vt 0.00061078 0.49542374
vt 0.03180029 0.44635176
vt 0.03180029 0.49542374
vt 0.06298731 0.49542374
vt 0.06298731 0.44302002
vt 0.09417682 0.43921357
vt 0.09417682 0.49542374
vt 0.12536633 0.49542374
vt 0.12536633 0.43730546
vt 0.15655585 0.43783995
vt 0.15655585 0.49542374
vt 0.18774535 0.49542374
vt 0.18774535 0.44042736
vt 0.21893236 0.44379912
vt 0.21893236 0.49542374
vt 0.25012188 0.49542374
vt 0.25012188 0.44641654
vt 0.00061078 0.36098503
vt 0.03180029 0.36098503
vt 0.06298731 0.36098503
vt 0.09417682 0.36098503
vt 0.12536633 0.36098503
vt 0.15655585 0.36098503
vt 0.18774535 0.36098503
vt 0.21893236 0.36098503
vt 0.25012188 0.36098503
vt 0.00061078 0.21707582
vt 0.03180029 0.21707582
vt 0.06298731 0.21707582
vt 0.09417682 0.21707582
vt 0.12536633 0.21707582
vt 0.15655585 0.21707582
vt 0.18774535 0.21707582
vt 0.21893236 0.21707582
vt 0.25012188 0.21707582
vt 0.00061078 0.04830574
vt 0.03180029 0.04830574
vt 0.06298731 0.04830574
vt 0.09417682 0.04830574
vt 0.12536633 0.04830574
vt 0.15655585 0.04830574
vt 0.18774535 0.04830574
vt 0.21893236 0.04830574
vt 0.25012188 0.04830574
vt 0.00061078 0.33089955
vt 0.03180029 0.33089955
vt 0.06298731 0.33089955
vt 0.09417682 0.33089955
vt 0.12536633 0.33089955
vt 0.15655585 0.33089955
vt 0.18774535 0.33089955
vt 0.21893236 0.33089955
vt 0.25012188 0.33089955
vt 0.00061078 0.06402552
vt 0.03180029 0.06402552
vt 0.06298731 0.06402552
vt 0.09417682 0.06402552
vt 0.12536633 0.06402552
vt 0.15655585 0.06402552
vt 0.18774535 0.06402552
vt 0.21893236 0.06402552
vt 0.25012188 0.06402552
vt 0.00061078 0.28643790
vt 0.06298731 0.28643790
vt 0.12536633 0.28643790
vt 0.18774535 0.28643790
vt 0.25012188 0.28643790
vt 0.00061078 0.49289111
vt 0.06298731 0.49289111
vt 0.12536633 0.49289111
vt 0.18774535 0.49289111
vt 0.25012188 0.49289111
vt 0.00061078 0.08947067
vt 0.06298731 0.08947067
vt 0.12536633 0.08947067
vt 0.18774535 0.08947067
vt 0.25012188 0.08947067
vt 0.00061078 0.28757690
vt 0.06298731 0.28757690
vt 0.12536633 0.28757690
vt 0.18774535 0.28757690
vt 0.25012188 0.28757690
vt 0.00061078 0.46086227
vt 0.06298731 0.46086227
vt 0.12536633 0.46086227
vt 0.18774535 0.46086227
vt 0.25012188 0.46086227
vt 0.00061078 0.17870839
vt 0.06298731 0.17870839
vt 0.12536633 0.17870839
vt 0.18774535 0.17870839
vt 0.25012188 0.17870839
vt 0.06298731 0.38860815
vt 0.18774535 0.38860815
vt 0.00061078 0.21968324
vt 0.00061078 0.27318595
vt 0.03180029 0.22066219
vt 0.03180029 0.27318595
vt 0.06298731 0.27318595
vt 0.06298731 0.22058239
vt 0.09417682 0.21954343
vt 0.09417682 0.27318595
vt 0.12536633 0.27318595
vt 0.12536633 0.21824460
vt 0.15655585 0.21739547
vt 0.15655585 0.27318595
vt 0.18774535 0.27318595
vt 0.18774535 0.21739547
vt 0.21893236 0.21830462
vt 0.21893236 0.27318595
vt 0.25012188 0.27318595
vt 0.25012188 0.21968324
vt 0.00061078 0.13552055
vt 0.03180029 0.13552055
vt 0.06298731 0.13552055
vt 0.09417682 0.13552055
vt 0.12536633 0.13552055
vt 0.15655585 0.13552055
vt 0.18774535 0.13552055
vt 0.21893236 0.13552055
vt 0.25012188 0.13552055
vt 0.00061078 0.49160252
vt 0.03180029 0.49160252
vt 0.06298731 0.49160252
vt 0.09417682 0.49160252
vt 0.12536633 0.49160252
vt 0.15655585 0.49160252
vt 0.18774535 0.49160252
vt 0.21893236 0.49160252
vt 0.25012188 0.49160252
vt 0.00061078 0.32036484
vt 0.03180029 0.32036484
vt 0.06298731 0.32036484
vt 0.09417682 0.32036484
vt 0.12536633 0.32036484
vt 0.15655585 0.32036484
vt 0.18774535 0.32036484
vt 0.21893236 0.32036484
vt 0.25012188 0.32036484
vt 0.00061078 0.10557988
vt 0.03180029 0.10557988
vt 0.06298731 0.10557988
vt 0.09417682 0.10557988
vt 0.12536633 0.10557988
vt 0.15655585 0.10557988
vt 0.18774535 0.10557988
vt 0.21893236 0.10557988
vt 0.25012188 0.10557988
vt 0.00061078 0.33722839
vt 0.03180029 0.33722839
vt 0.06298731 0.33722839
vt 0.09417682 0.33722839
vt 0.12536633 0.33722839
vt 0.15655585 0.33722839
vt 0.18774535 0.33722839
vt 0.21893236 0.33722839
vt 0.25012188 0.33722839
vt 0.00061078 0.05107298
vt 0.06298731 0.05107298
vt 0.12536633 0.05107298
vt 0.18774535 0.05107298
vt 0.25012188 0.05107298
vt 0.00061078 0.23096729
vt 0.06298731 0.23096729
vt 0.12536633 0.23096729
vt 0.18774535 0.23096729
vt 0.25012188 0.23096729
vt 0.00061078 0.34038506
vt 0.06298731 0.34038506
vt 0.12536633 0.34038506
vt 0.18774535 0.34038506
vt 0.25012188 0.34038506
vt 0.00061078 0.01042301
vt 0.06298731 0.01042301
vt 0.12536633 0.01042301
vt 0.18774535 0.01042301
vt 0.25012188 0.01042301
vt 0.00061078 0.20029707
vt 0.06298731 0.20029707
vt 0.12536633 0.20029707
vt 0.18774535 0.20029707
vt 0.25012188 0.20029707
vt 0.00061078 0.41313414
vt 0.06298731 0.41313414
vt 0.12536633 0.41313414
vt 0.18774535 0.41313414
vt 0.25012188 0.41313414
vt 0.06298731 0.10858698
vt 0.18774535 0.10858698
vt 0.00061078 0.18518704
vt 0.00061078 0.24357994
vt 0.03180029 0.18518204
vt 0.03180029 0.24357994
vt 0.06298731 0.24357994
vt 0.06298731 0.18694032
vt 0.09417682 0.18923310
vt 0.09417682 0.24357994
vt 0.12536633 0.24357994
vt 0.12536633 0.19109619
vt 0.15655585 0.19163068
vt 0.15655585 0.24357994
vt 0.18774535 0.24357994
vt 0.18774535 0.19019704
vt 0.21893236 0.18739978
vt 0.21893236 0.24357994
vt 0.25012188 0.24357994
vt 0.25012188 0.18518704
vt 0.00061078 0.10275762
vt 0.03180029 0.10275762
vt 0.06298731 0.10275762
vt 0.09417682 0.10275762
vt 0.12536633 0.10275762
vt 0.15655585 0.10275762
vt 0.18774535 0.10275762
vt 0.21893236 0.10275762
vt 0.25012188 0.10275762
vt 0.00061078 0.45194626
vt 0.03180029 0.45194626
vt 0.06298731 0.45194626
vt 0.09417682 0.45194626
vt 0.12536633 0.45194626
vt 0.15655585 0.45194626
vt 0.18774535 0.45194626
vt 0.21893236 0.45194626
vt 0.25012188 0.45194626
vt 0.00061078 0.27527389
vt 0.03180029 0.27527389
vt 0.06298731 0.27527389
vt 0.09417682 0.27527389
vt 0.12536633 0.27527389
vt 0.15655585 0.27527389
vt 0.18774535 0.27527389
vt 0.21893236 0.27527389
vt 0.25012188 0.27527389
vt 0.00061078 0.04754164
vt 0.03180029 0.04754164
vt 0.06298731 0.04754164
vt 0.09417682 0.04754164
vt 0.12536633 0.04754164
vt 0.15655585 0.04754164
vt 0.18774535 0.04754164
vt 0.21893236 0.04754164
vt 0.25012188 0.04754164
vt 0.00061078 0.26686713
vt 0.03180029 0.26686713
vt 0.06298731 0.26686713
vt 0.09417682 0.26686713
vt 0.12536633 0.26686713
vt 0.15655585 0.26686713
vt 0.18774535 0.26686713
vt 0.21893236 0.26686713
vt 0.25012188 0.26686713
vt 0.00061078 0.45492335
vt 0.06298731 0.45492335
vt 0.12536633 0.45492335
vt 0.18774535 0.45492335
vt 0.25012188 0.45492335
vt 0.00061078 0.08668318
vt 0.06298731 0.08668318
vt 0.12536633 0.08668318
vt 0.18774535 0.08668318
vt 0.25012188 0.08668318
vt 0.00061078 0.14909237
vt 0.06298731 0.14909237
vt 0.12536633 0.14909237
vt 0.18774535 0.14909237
vt 0.25012188 0.14909237
vt 0.00061078 0.23882456
vt 0.06298731 0.23882456
vt 0.12536633 0.23882456
vt 0.18774535 0.23882456
vt 0.25012188 0.23882456
vt 0.00061078 0.32887164
vt 0.06298731 0.32887164
vt 0.12536633 0.32887164
vt 0.18774535 0.32887164
vt 0.25012188 0.32887164
vt 0.00061078 0.45381960
vt 0.06298731 0.45381960
vt 0.12536633 0.45381960
vt 0.18774535 0.45381960
vt 0.25012188 0.45381960
vt 0.06298731 0.06643287
vt 0.18774535 0.06643287
vt 0.00061078 0.15632012
vt 0.00061078 0.21497788
vt 0.03180029 0.15550100
vt 0.03180029 0.21497788
vt 0.06298731 0.21497788
vt 0.06298731 0.15709946
vt 0.09417682 0.15966186
vt 0.09417682 0.21497788
vt 0.12536633 0.21497788
vt 0.12536633 0.16220950
vt 0.15655585 0.16377795
vt 0.15655585 0.21497788
vt 0.18774535 0.21497788
vt 0.18774535 0.16309364
vt 0.21893236 0.15979668
vt 0.21893236 0.21497788
vt 0.25012188 0.21497788
vt 0.25012188 0.15632012
vt 0.00061078 0.07366609
vt 0.03180029 0.07366609
vt 0.06298731 0.07366609
vt 0.09417682 0.07366609
vt 0.12536633 0.07366609
vt 0.15655585 0.07366609
vt 0.18774535 0.07366609
vt 0.21893236 0.07366609
vt 0.25012188 0.07366609
vt 0.00061078 0.43028232
vt 0.03180029 0.43028232
vt 0.06298731 0.43028232
vt 0.09417682 0.43028232
vt 0.12536633 0.43028232
vt 0.15655585 0.43028232
vt 0.18774535 0.43028232
vt 0.21893236 0.43028232
vt 0.25012188 0.43028232
vt 0.00061078 0.24632718
vt 0.03180029 0.24632718
vt 0.06298731 0.24632718
vt 0.09417682 0.24632718
vt 0.12536633 0.24632718
vt 0.15655585 0.24632718
vt 0.18774535 0.24632718
vt 0.21893236 0.24632718
vt 0.25012188 0.24632718
vt 0.00061078 0.02550803
vt 0.03180029 0.02550803
vt 0.06298731 0.02550803
vt 0.09417682 0.02550803
vt 0.12536633 0.02550803
vt 0.15655585 0.02550803
vt 0.18774535 0.02550803
vt 0.21893236 0.02550803
vt 0.25012188 0.02550803
vt 0.00061078 0.23421400
vt 0.03180029 0.23421400
vt 0.06298731 0.23421400
vt 0.09417682 0.23421400
vt 0.12536633 0.23421400
vt 0.15655585 0.23421400
vt 0.18774535 0.23421400
vt 0.21893236 0.23421400
vt 0.25012188 0.23421400
vt 0.00061078 0.44962348
vt 0.06298731 0.44962348
vt 0.12536633 0.44962348
vt 0.18774535 0.44962348
vt 0.25012188 0.44962348
vt 0.00061078 0.08842646
vt 0.06298731 0.08842646
vt 0.12536633 0.08842646
vt 0.18774535 0.08842646
vt 0.25012188 0.08842646
vt 0.00061078 0.18528184
vt 0.06298731 0.18528184
vt 0.12536633 0.18528184
vt 0.18774535 0.18528184
vt 0.25012188 0.18528184
vt 0.00061078 0.27917990
vt 0.06298731 0.27917990
vt 0.12536633 0.27917990
vt 0.18774535 0.27917990
vt 0.25012188 0.27917990
vt 0.00061078 0.40002201
vt 0.06298731 0.40002201
vt 0.12536633 0.40002201
vt 0.18774535 0.40002201
vt 0.25012188 0.40002201
vt 0.00061078 0.05738705
vt 0.06298731 0.05738705
vt 0.12536633 0.05738705
vt 0.18774535 0.05738705
vt 0.25012188 0.05738705
vt 0.06298731 0.19634604
vt 0.18774535 0.19634604
vt 0.00061078 0.27149269
vt 0.06298731 0.27149269
vt 0.12536633 0.27149269
vt 0.18774535 0.27149269
vt 0.25012188 0.27149269
vt 0.00061078 0.49890054
vt 0.06298731 0.49890054
vt 0.12536633 0.49890054
vt 0.18774535 0.49890054
vt 0.25012188 0.49890054
vt 0.00061078 0.21155611
vt 0.06298731 0.21155611
vt 0.12536633 0.21155611
vt 0.18774535 0.21155611
vt 0.25012188 0.21155611
vt 0.00061078 0.47915970
vt 0.06298731 0.47915970
vt 0.12536633 0.47915970
vt 0.18774535 0.47915970
vt 0.25012188 0.47915970
vt 0.00061078 0.24391459
vt 0.06298731 0.24391459
vt 0.12536633 0.24391459
vt 0.18774535 0.24391459
vt 0.25012188 0.24391459
vt 0.00061078 0.05580359
vt 0.06298731 0.05580359
vt 0.12536633 0.05580359
vt 0.18774535 0.05580359
vt 0.25012188 0.05580359
vt 0.06298731 0.36669935
vt 0.18774535 0.36669935
vt 0.00061078 0.05957978
vt 0.06298731 0.05957978
vt 0.12536633 0.05957978
vt 0.18774535 0.05957978
vt 0.25012188 0.05957978
vt 0.00061078 0.24897461
vt 0.06298731 0.24897461
vt 0.12536633 0.24897461
vt 0.18774535 0.24897461
vt 0.25012188 0.24897461
vt 0.00061078 0.42541737
vt 0.06298731 0.42541737
vt 0.12536633 0.42541737
vt 0.18774535 0.42541737
vt 0.25012188 0.42541737
vt 0.00061078 0.17285902
vt 0.06298731 0.17285902
vt 0.12536633 0.17285902
vt 0.18774535 0.17285902
vt 0.25012188 0.17285902
vt 0.06298731 0.42215518
vt 0.18774535 0.42215518
vt 0.00061078 0.05960456
vt 0.06298731 0.05960456
vt 0.12536633 0.05960456
vt 0.18774535 0.05960456
vt 0.25012188 0.05960456
vt 0.00061078 0.24855016
vt 0.06298731 0.24855016
vt 0.12536633 0.24855016
vt 0.18774535 0.24855016
vt 0.25012188 0.24855016
vt 0.00061078 0.41754486
vt 0.06298731 0.41754486
vt 0.12536633 0.41754486
vt 0.18774535 0.41754486
vt 0.25012188 0.41754486
vt 0.00061078 0.16232931
vt 0.06298731 0.16232931
vt 0.12536633 0.16232931
vt 0.18774535 0.16232931
vt 0.25012188 0.16232931
vt 0.06298731 0.40003678
vt 0.18774535 0.40003678
vt 0.00061078 0.34262306
vt 0.06298731 0.34262306
vt 0.12536633 0.34262306
vt 0.18774535 0.34262306
vt 0.25012188 0.34262306
vt 0.00061078 0.00254049
vt 0.06298731 0.00254049
vt 0.12536633 0.00254049
vt 0.18774535 0.00254049
vt 0.25012188 0.00254049
vt 0.00061078 0.19222019
vt 0.06298731 0.19222019
vt 0.12536633 0.19222019
vt 0.18774535 0.19222019
vt 0.25012188 0.19222019
vt 0.00061078 0.40666549
vt 0.06298731 0.40666549
vt 0.12536633 0.40666549
vt 0.18774535 0.40666549
vt 0.25012188 0.40666549
vt 0.06298731 0.12825255
vt 0.18774535 0.12825255
vt 0.00061078 0.03323049
vt 0.06298731 0.03323049
vt 0.12536633 0.03323049
vt 0.18774535 0.03323049
vt 0.25012188 0.03323049
vt 0.00061078 0.27422992
vt 0.06298731 0.27422992
vt 0.12536633 0.27422992
vt 0.18774535 0.27422992
vt 0.25012188 0.27422992
vt 0.00061078 0.02133716
vt 0.06298731 0.02133716
vt 0.12536633 0.02133716
vt 0.18774535 0.02133716
vt 0.25012188 0.02133716
vt 0.00061078 0.27841580
vt 0.06298731 0.27841580
vt 0.12536633 0.27841580
vt 0.18774535 0.27841580
vt 0.25012188 0.27841580
vt 0.00061078 0.06733225
vt 0.06298731 0.06733225
vt 0.12536633 0.06733225
vt 0.18774535 0.06733225
vt 0.25012188 0.06733225
vt 0.00061078 0.36909216
vt 0.06298731 0.36909216
vt 0.12536633 0.36909216
vt 0.18774535 0.36909216
vt 0.25012188 0.36909216
vt 0.06298731 0.17605595
vt 0.18774535 0.17605595
vt 0.00061078 0.49387529
vt 0.06298731 0.49387529
vt 0.12536633 0.49387529
vt 0.18774535 0.49387529
vt 0.25012188 0.49387529
vt 0.00061078 0.21489285
vt 0.06298731 0.21489285
vt 0.12536633 0.21489285
vt 0.18774535 0.21489285
vt 0.25012188 0.21489285
vt 0.00061078 0.43355904
vt 0.06298731 0.43355904
vt 0.12536633 0.43355904
vt 0.18774535 0.43355904
vt 0.25012188 0.43355904
vt 0.00061078 0.20005745
vt 0.06298731 0.20005745
vt 0.12536633 0.20005745
vt 0.18774535 0.20005745
vt 0.25012188 0.20005745
vt 0.00061078 0.49239664
vt 0.06298731 0.49239664
vt 0.12536633 0.49239664
vt 0.18774535 0.49239664
vt 0.25012188 0.49239664
vt 0.00061078 0.30997017
vt 0.06298731 0.30997017
vt 0.12536633 0.30997017
vt 0.18774535 0.30997017
vt 0.25012188 0.30997017
vt 0.06298731 0.14665954
vt 0.18774535 0.14665954
vt 0.00061078 0.37272878
vt 0.00061078 0.04543870
vt 0.05051200 0.37596525
vt 0.05051200 0.04543870
vt 0.10041572 0.04543870
vt 0.10041572 0.36850765
vt 0.15031694 0.36195897
vt 0.15031694 0.04543870
vt 0.20022065 0.04543870
vt 0.20022065 0.36452185
vt 0.25012188 0.37272878
vt 0.25012188 0.04543870
vt 0.00061078 0.04731179
vt 0.05051200 0.04731179
vt 0.10041572 0.04731179
vt 0.15031694 0.04731179
vt 0.20022065 0.04731179
vt 0.25012188 0.04731179
vt 0.00061078 0.02072264
vt 0.05051200 0.02072264
vt 0.10041572 0.02072264
vt 0.15031694 0.02072264
vt 0.20022065 0.02072264
vt 0.25012188 0.02072264
vt 0.00061078 0.01818501
vt 0.05051200 0.01818501
vt 0.10041572 0.01818501
vt 0.15031694 0.01818501
vt 0.20022065 0.01818501
vt 0.25012188 0.01818501
vt 0.00061078 0.11961593
vt 0.05051200 0.11961593
vt 0.10041572 0.11961593
vt 0.15031694 0.11961593
vt 0.20022065 0.11961593
vt 0.25012188 0.11961593
vt 0.05051200 0.24893507
vt 0.15031694 0.24893507
vt 0.25012188 0.24893507
vt 0.00061078 0.38081566
vt 0.00061078 0.03969413
vt 0.05051200 0.39213949
vt 0.05051200 0.03969413
vt 0.10041572 0.03969413
vt 0.10041572 0.38625059
vt 0.15031694 0.37221430
vt 0.15031694 0.03969413
vt 0.20022065 0.03969413
vt 0.20022065 0.37082568
vt 0.25012188 0.38081566
vt 0.25012188 0.03969413
vt 0.00061078 0.09144856
vt 0.05051200 0.09144856
vt 0.10041572 0.09144856
vt 0.15031694 0.09144856
vt 0.20022065 0.09144856
vt 0.25012188 0.09144856
vt 0.00061078 0.05108799
vt 0.05051200 0.05108799
vt 0.10041572 0.05108799
vt 0.15031694 0.05108799
vt 0.20022065 0.05108799
vt 0.25012188 0.05108799
vt 0.00061078 0.36634493
vt 0.05051200 0.36634493
vt 0.10041572 0.36634493
vt 0.15031694 0.36634493
vt 0.20022065 0.36634493
vt 0.25012188 0.36634493
vt 0.00061078 0.24850491
vt 0.05051200 0.24850491
vt 0.10041572 0.24850491
vt 0.15031694 0.24850491
vt 0.20022065 0.24850491
vt 0.25012188 0.24850491
vt 0.05051200 0.13317299
vt 0.15031694 0.13317299
vt 0.25012188 0.13317299
vt 0.00061078 0.34272786
vt 0.00061078 0.47132720
vt 0.05051200 0.34782313
vt 0.05051200 0.47132720
vt 0.10041572 0.47132720
vt 0.10041572 0.34612963
vt 0.15031694 0.34017069
vt 0.15031694 0.47132720
vt 0.20022065 0.47132720
vt 0.20022065 0.33851197
vt 0.25012188 0.34272786
vt 0.25012188 0.47132720
vt 0.00061078 0.10890138
vt 0.05051200 0.10890138
vt 0.10041572 0.10890138
vt 0.15031694 0.10890138
vt 0.20022065 0.10890138
vt 0.25012188 0.10890138
vt 0.00061078 0.15070060
vt 0.05051200 0.15070060
vt 0.10041572 0.15070060
vt 0.15031694 0.15070060
vt 0.20022065 0.15070060
vt 0.25012188 0.15070060
vt 0.00061078 0.07800679
vt 0.05051200 0.07800679
vt 0.10041572 0.07800679
vt 0.15031694 0.07800679
vt 0.20022065 0.07800679
vt 0.25012188 0.07800679
vt 0.00061078 0.09149334
vt 0.05051200 0.09149334
vt 0.10041572 0.09149334
vt 0.15031694 0.09149334
vt 0.20022065 0.09149334
vt 0.25012188 0.09149334
vt 0.05051200 0.08858652
vt 0.15031694 0.08858652
vt 0.25012188 0.08858652
vt 0.00061078 0.33708857
vt 0.00061078 0.45792020
vt 0.05051200 0.33804274
vt 0.05051200 0.45792020
vt 0.10041572 0.45792020
vt 0.10041572 0.34677416
vt 0.15031694 0.35320755
vt 0.15031694 0.45792020
vt 0.20022065 0.45792020
vt 0.20022065 0.34578521
vt 0.25012188 0.33708857
vt 0.25012188 0.45792020
vt 0.00061078 0.13679913
vt 0.05051200 0.13679913
vt 0.10041572 0.13679913
vt 0.15031694 0.13679913
vt 0.20022065 0.13679913
vt 0.25012188 0.13679913
vt 0.00061078 0.22206105
vt 0.05051200 0.22206105
vt 0.10041572 0.22206105
vt 0.15031694 0.22206105
vt 0.20022065 0.22206105
vt 0.25012188 0.22206105
vt 0.00061078 0.19535709
vt 0.05051200 0.19535709
vt 0.10041572 0.19535709
vt 0.15031694 0.19535709
vt 0.20022065 0.19535709
vt 0.25012188 0.19535709
vt 0.00061078 0.26973441
vt 0.05051200 0.26973441
vt 0.10041572 0.26973441
vt 0.15031694 0.26973441
vt 0.20022065 0.26973441
vt 0.25012188 0.26973441
vt 0.05051200 0.33001064
vt 0.15031694 0.33001064
vt 0.25012188 0.33001064
vt 0.00061078 0.48620762
vt 0.00061078 0.15910761
vt 0.05051200 0.48218657
vt 0.05051200 0.15910761
vt 0.10041572 0.15910761
vt 0.10041572 0.48982423
vt 0.15031694 0.00122094
vt 0.15031694 0.15910761
vt 0.20022065 0.15910761
vt 0.20022065 0.49837081
vt 0.25012188 0.48620762
vt 0.25012188 0.15910761
vt 0.00061078 0.18660043
vt 0.05051200 0.18660043
vt 0.10041572 0.18660043
vt 0.15031694 0.18660043
vt 0.20022065 0.18660043
vt 0.25012188 0.18660043
vt 0.00061078 0.20049190
vt 0.05051200 0.20049190
vt 0.10041572 0.20049190
vt 0.15031694 0.20049190
vt 0.20022065 0.20049190
vt 0.25012188 0.20049190
vt 0.00061078 0.21857449
vt 0.05051200 0.21857449
vt 0.10041572 0.21857449
vt 0.15031694 0.21857449
vt 0.20022065 0.21857449
vt 0.25012188 0.21857449
vt 0.00061078 0.32270215
vt 0.05051200 0.32270215
vt 0.10041572 0.32270215
vt 0.15031694 0.32270215
vt 0.20022065 0.32270215
vt 0.25012188 0.32270215
vt 0.05051200 0.46387961
vt 0.15031694 0.46387961
vt 0.25012188 0.46387961
vt 0.00061078 0.49269627
vt 0.00061078 0.15148995
vt 0.05051200 0.49129765
vt 0.05051200 0.15148995
vt 0.10041572 0.15148995
vt 0.10041572 0.49275153
vt 0.15031694 0.49514387
vt 0.15031694 0.15148995
vt 0.20022065 0.15148995
vt 0.20022065 0.49512910
vt 0.25012188 0.49269627
vt 0.25012188 0.15148995
vt 0.00061078 0.20559194
vt 0.05051200 0.20559194
vt 0.10041572 0.20559194
vt 0.15031694 0.20559194
vt 0.20022065 0.20559194
vt 0.25012188 0.20559194
vt 0.00061078 0.23288516
vt 0.05051200 0.23288516
vt 0.10041572 0.23288516
vt 0.15031694 0.23288516
vt 0.20022065 0.23288516
vt 0.25012188 0.23288516
vt 0.00061078 0.39568608
vt 0.05051200 0.39568608
vt 0.10041572 0.39568608
vt 0.15031694 0.39568608
vt 0.20022065 0.39568608
vt 0.25012188 0.39568608
vt 0.00061078 0.15639515
vt 0.05051200 0.15639515
vt 0.10041572 0.15639515
vt 0.15031694 0.15639515
vt 0.20022065 0.15639515
vt 0.25012188 0.15639515
vt 0.05051200 0.43289450
vt 0.15031694 0.43289450
vt 0.25012188 0.43289450
vt 0.00061078 0.44006770
vt 0.00061078 0.07091886
vt 0.05051200 0.44977854
vt 0.05051200 0.07091886
vt 0.10041572 0.07091886
vt 0.10041572 0.44395918
vt 0.15031694 0.43186077
vt 0.15031694 0.07091886
vt 0.20022065 0.07091886
vt 0.20022065 0.43112145
vt 0.25012188 0.44006770
vt 0.25012188 0.07091886
vt 0.00061078 0.20074200
vt 0.05051200 0.20074200
vt 0.10041572 0.20074200
vt 0.15031694 0.20074200
vt 0.20022065 0.20074200
vt 0.25012188 0.20074200
vt 0.00061078 0.32351675
vt 0.05051200 0.32351675
vt 0.10041572 0.32351675
vt 0.15031694 0.32351675
vt 0.20022065 0.32351675
vt 0.25012188 0.32351675
vt 0.00061078 0.22355924
vt 0.05051200 0.22355924
vt 0.10041572 0.22355924
vt 0.15031694 0.22355924
vt 0.20022065 0.22355924
vt 0.25012188 0.22355924
vt 0.00061078 0.19112596
vt 0.05051200 0.19112596
vt 0.10041572 0.19112596
vt 0.15031694 0.19112596
vt 0.20022065 0.19112596
vt 0.25012188 0.19112596
vt 0.05051200 0.16396755
vt 0.15031694 0.16396755
vt 0.25012188 0.16396755
vt 0.00061078 0.45232569
vt 0.00061078 0.06047870
vt 0.05051200 0.45993335
vt 0.05051200 0.06047870
vt 0.10041572 0.06047870
vt 0.10041572 0.45298023
vt 0.15031694 0.44340469
vt 0.15031694 0.06047870
vt 0.20022065 0.06047870
vt 0.20022065 0.44378912
vt 0.25012188 0.45232569
vt 0.25012188 0.06047870
vt 0.00061078 0.25108732
vt 0.05051200 0.25108732
vt 0.10041572 0.25108732
vt 0.15031694 0.25108732
vt 0.20022065 0.25108732
vt 0.25012188 0.25108732
vt 0.00061078 0.33913649
vt 0.05051200 0.33913649
vt 0.10041572 0.33913649
vt 0.15031694 0.33913649
vt 0.20022065 0.33913649
vt 0.25012188 0.33913649
vt 0.00061078 0.34368203
vt 0.05051200 0.34368203
vt 0.10041572 0.34368203
vt 0.15031694 0.34368203
vt 0.20022065 0.34368203
vt 0.25012188 0.34368203
vt 0.00061078 0.42331896
vt 0.05051200 0.42331896
vt 0.10041572 0.42331896
vt 0.15031694 0.42331896
vt 0.20022065 0.42331896
vt 0.25012188 0.42331896
vt 0.05051200 0.49965463
vt 0.15031694 0.49965463
vt 0.25012188 0.49965463
vt 0.00061078 0.47612236
vt 0.00061078 0.14794336
vt 0.05051200 0.47507863
vt 0.05051200 0.14794336
vt 0.10041572 0.14794336
vt 0.10041572 0.47485902
vt 0.15031694 0.47574316
vt 0.15031694 0.14794336
vt 0.20022065 0.14794336
vt 0.20022065 0.47653204
vt 0.25012188 0.47612236
vt 0.25012188 0.14794336
vt 0.00061078 0.16200442
vt 0.05051200 0.16200442
vt 0.10041572 0.16200442
vt 0.15031694 0.16200442
vt 0.20022065 0.16200442
vt 0.25012188 0.16200442
vt 0.00061078 0.14766850
vt 0.05051200 0.14766850
vt 0.10041572 0.14766850
vt 0.15031694 0.14766850
vt 0.20022065 0.14766850
vt 0.25012188 0.14766850
vt 0.00061078 0.28535891
vt 0.05051200 0.28535891
vt 0.10041572 0.28535891
vt 0.15031694 0.28535891
vt 0.20022065 0.28535891
vt 0.25012188 0.28535891
vt 0.00061078 0.01878476
vt 0.05051200 0.01878476
vt 0.10041572 0.01878476
vt 0.15031694 0.01878476
vt 0.20022065 0.01878476
vt 0.25012188 0.01878476
vt 0.05051200 0.20598637
vt 0.15031694 0.20598637
vt 0.25012188 0.20598637
vt 0.00061078 0.47408444
vt 0.00061078 0.13997129
vt 0.05051200 0.47100279
vt 0.05051200 0.13997129
vt 0.10041572 0.13997129
vt 0.10041572 0.48041827
vt 0.15031694 0.49243141
vt 0.15031694 0.13997129
vt 0.20022065 0.13997129
vt 0.20022065 0.48799115
vt 0.25012188 0.47408444
vt 0.25012188 0.13997129
vt 0.00061078 0.19299953
vt 0.05051200 0.19299953
vt 0.10041572 0.19299953
vt 0.15031694 0.19299953
vt 0.20022065 0.19299953
vt 0.25012188 0.19299953
vt 0.00061078 0.14316297
vt 0.05051200 0.14316297
vt 0.10041572 0.14316297
vt 0.15031694 0.14316297
vt 0.20022065 0.14316297
vt 0.25012188 0.14316297
vt 0.00061078 0.42945319
vt 0.05051200 0.42945319
vt 0.10041572 0.42945319
vt 0.15031694 0.42945319
vt 0.20022065 0.42945319
vt 0.25012188 0.42945319
vt 0.00061078 0.32708810
vt 0.05051200 0.32708810
vt 0.10041572 0.32708810
vt 0.15031694 0.32708810
vt 0.20022065 0.32708810
vt 0.25012188 0.32708810
vt 0.05051200 0.20411328
vt 0.15031694 0.20411328
vt 0.25012188 0.20411328
vt 0.00061078 0.00912394
vt 0.00061078 0.13716403
vt 0.05051200 0.01005335
vt 0.05051200 0.13716403
vt 0.10041572 0.13716403
vt 0.10041572 0.01805019
vt 0.15031694 0.02368996
vt 0.15031694 0.13716403
vt 0.20022065 0.13716403
vt 0.20022065 0.01696645
vt 0.25012188 0.00912394
vt 0.25012188 0.13716403
vt 0.00061078 0.29340626
vt 0.05051200 0.29340626
vt 0.10041572 0.29340626
vt 0.15031694 0.29340626
vt 0.20022065 0.29340626
vt 0.25012188 0.29340626
vt 0.00061078 0.32535506
vt 0.05051200 0.32535506
vt 0.10041572 0.32535506
vt 0.15031694 0.32535506
vt 0.20022065 0.32535506
vt 0.25012188 0.32535506
vt 0.00061078 0.26475442
vt 0.05051200 0.26475442
vt 0.10041572 0.26475442
vt 0.15031694 0.26475442
vt 0.20022065 0.26475442
vt 0.25012188 0.26475442
vt 0.00061078 0.29962529
vt 0.05051200 0.29962529
vt 0.10041572 0.29962529
vt 0.15031694 0.29962529
vt 0.20022065 0.29962529
vt 0.25012188 0.29962529
vt 0.05051200 0.32576951
vt 0.15031694 0.32576951
vt 0.25012188 0.32576951
vt 0.00061078 0.01600751
vt 0.00061078 0.12830257
vt 0.05051200 0.02021340
vt 0.05051200 0.12830257
vt 0.10041572 0.12830257
vt 0.10041572 0.01985374
vt 0.15031694 0.01515814
vt 0.15031694 0.12830257
vt 0.20022065 0.12830257
vt 0.20022065 0.01312023
vt 0.25012188 0.01600751
vt 0.25012188 0.12830257
vt 0.00061078 0.31345149
vt 0.05051200 0.31345149
vt 0.10041572 0.31345149
vt 0.15031694 0.31345149
vt 0.20022065 0.31345149
vt 0.25012188 0.31345149
vt 0.00061078 0.48381004
vt 0.05051200 0.48381004
vt 0.10041572 0.48381004
vt 0.15031694 0.48381004
vt 0.20022065 0.48381004
vt 0.25012188 0.48381004
vt 0.00061078 0.46174642
vt 0.05051200 0.46174642
vt 0.10041572 0.46174642
vt 0.15031694 0.46174642
vt 0.20022065 0.46174642
vt 0.25012188 0.46174642
vt 0.00061078 0.48648248
vt 0.05051200 0.48648248
vt 0.10041572 0.48648248
vt 0.15031694 0.48648248
vt 0.20022065 0.48648248
vt 0.25012188 0.48648248
vt 0.05051200 0.05900052
vt 0.15031694 0.05900052
vt 0.25012188 0.05900052
vt 0.00061078 0.22240547
vt 0.00061078 0.39136539
vt 0.05051200 0.23436382
vt 0.05051200 0.39136539
vt 0.10041572 0.39136539
vt 0.10041572 0.22757553
vt 0.15031694 0.21276514
vt 0.15031694 0.39136539
vt 0.20022065 0.39136539
vt 0.20022065 0.21153610
vt 0.25012188 0.22240547
vt 0.25012188 0.39136539
vt 0.00061078 0.41296931
vt 0.05051200 0.41296931
vt 0.10041572 0.41296931
vt 0.15031694 0.41296931
vt 0.20022065 0.41296931
vt 0.25012188 0.41296931
vt 0.00061078 0.35008589
vt 0.05051200 0.35008589
vt 0.10041572 0.35008589
vt 0.15031694 0.35008589
vt 0.20022065 0.35008589
vt 0.25012188 0.35008589
vt 0.00061078 0.13075540
vt 0.05051200 0.13075540
vt 0.10041572 0.13075540
vt 0.15031694 0.13075540
vt 0.20022065 0.13075540
vt 0.25012188 0.13075540
vt 0.00061078 0.43519776
vt 0.05051200 0.43519776
vt 0.10041572 0.43519776
vt 0.15031694 0.43519776
vt 0.20022065 0.43519776
vt 0.25012188 0.43519776
vt 0.05051200 0.22313003
vt 0.15031694 0.22313003
vt 0.25012188 0.22313003
vt 0.00061078 0.23509315
vt 0.00061078 0.38289360
vt 0.05051200 0.24570766
vt 0.05051200 0.38289360
vt 0.10041572 0.38289360
vt 0.10041572 0.24107256
vt 0.15031694 0.22803523
vt 0.15031694 0.38289360
vt 0.20022065 0.38289360
vt 0.20022065 0.22627170
vt 0.25012188 0.23509315
vt 0.25012188 0.38289360
vt 0.00061078 0.46575270
vt 0.05051200 0.46575270
vt 0.10041572 0.46575270
vt 0.15031694 0.46575270
vt 0.20022065 0.46575270
vt 0.25012188 0.46575270
vt 0.00061078 0.03695690
vt 0.05051200 0.03695690
vt 0.10041572 0.03695690
vt 0.15031694 0.03695690
vt 0.20022065 0.03695690
vt 0.25012188 0.03695690
vt 0.00061078 0.31936565
vt 0.05051200 0.31936565
vt 0.10041572 0.31936565
vt 0.15031694 0.31936565
vt 0.20022065 0.31936565
vt 0.25012188 0.31936565
vt 0.00061078 0.16921240
vt 0.05051200 0.16921240
vt 0.10041572 0.16921240
vt 0.15031694 0.16921240
vt 0.20022065 0.16921240
vt 0.25012188 0.16921240
vt 0.05051200 0.04267622
vt 0.15031694 0.04267622
vt 0.25012188 0.04267622
vt 0.00061078 0.24926425
vt 0.00061078 0.36945182
vt 0.05051200 0.25567811
vt 0.05051200 0.36945182
vt 0.10041572 0.36945182
vt 0.10041572 0.25173709
vt 0.15031694 0.24377454
vt 0.15031694 0.36945182
vt 0.20022065 0.36945182
vt 0.20022065 0.24292041
vt 0.25012188 0.24926425
vt 0.25012188 0.36945182
vt 0.00061078 0.02825550
vt 0.05051200 0.02825550
vt 0.10041572 0.02825550
vt 0.15031694 0.02825550
vt 0.20022065 0.02825550
vt 0.25012188 0.02825550
vt 0.00061078 0.17167000
vt 0.05051200 0.17167000
vt 0.10041572 0.17167000
vt 0.15031694 0.17167000
vt 0.20022065 0.17167000
vt 0.25012188 0.17167000
vt 0.00061078 0.08574401
vt 0.05051200 0.08574401
vt 0.10041572 0.08574401
vt 0.15031694 0.08574401
vt 0.20022065 0.08574401
vt 0.25012188 0.08574401
vt 0.00061078 0.04319070
vt 0.05051200 0.04319070
vt 0.10041572 0.04319070
vt 0.15031694 0.04319070
vt 0.20022065 0.04319070
vt 0.25012188 0.04319070
vt 0.05051200 0.03090794
vt 0.15031694 0.03090794
vt 0.25012188 0.03090794
vt 0.00061078 0.25136219
vt 0.00061078 0.36013114
vt 0.05051200 0.25195193
vt 0.05051200 0.36013114
vt 0.10041572 0.36013114
vt 0.10041572 0.25250595
vt 0.15031694 0.25225157
vt 0.15031694 0.36013114
vt 0.20022065 0.36013114
vt 0.20022065 0.25154702
vt 0.25012188 0.25136219
vt 0.25012188 0.36013114
vt 0.00061078 0.05461456
vt 0.05051200 0.05461456
vt 0.10041572 0.05461456
vt 0.15031694 0.05461456
vt 0.20022065 0.05461456
vt 0.25012188 0.05461456
vt 0.00061078 0.16790905
vt 0.05051200 0.16790905
vt 0.10041572 0.16790905
vt 0.15031694 0.16790905
vt 0.20022065 0.16790905
vt 0.25012188 0.16790905
vt 0.00061078 0.18703536
vt 0.05051200 0.18703536
vt 0.10041572 0.18703536
vt 0.15031694 0.18703536
vt 0.20022065 0.18703536
vt 0.25012188 0.18703536
vt 0.00061078 0.24866497
vt 0.05051200 0.24866497
vt 0.10041572 0.24866497
vt 0.15031694 0.24866497
vt 0.20022065 0.24866497
vt 0.25012188 0.24866497
vt 0.05051200 0.29683280
vt 0.15031694 0.29683280
vt 0.25012188 0.29683280
vt 0.00061078 0.18323392
vt 0.00061078 0.35848766
vt 0.05051200 0.18691531
vt 0.05051200 0.35848766
vt 0.10041572 0.35848766
vt 0.10041572 0.19564196
vt 0.15031694 0.19723543
vt 0.15031694 0.35848766
vt 0.20022065 0.35848766
vt 0.20022065 0.18873362
vt 0.25012188 0.18323392
vt 0.25012188 0.35848766
vt 0.00061078 0.38310844
vt 0.05051200 0.38310844
vt 0.10041572 0.38310844
vt 0.15031694 0.38310844
vt 0.20022065 0.38310844
vt 0.25012188 0.38310844
vt 0.00061078 0.34216336
vt 0.05051200 0.34216336
vt 0.10041572 0.34216336
vt 0.15031694 0.34216336
vt 0.20022065 0.34216336
vt 0.25012188 0.34216336
vt 0.00061078 0.11697350
vt 0.05051200 0.11697350
vt 0.10041572 0.11697350
vt 0.15031694 0.11697350
vt 0.20022065 0.11697350
vt 0.25012188 0.11697350
vt 0.00061078 0.44199081
vt 0.05051200 0.44199081
vt 0.10041572 0.44199081
vt 0.15031694 0.44199081
vt 0.20022065 0.44199081
vt 0.25012188 0.44199081
vt 0.05051200 0.25045327
vt 0.15031694 0.25045327
vt 0.25012188 0.25045327
vt 0.00061078 0.19266464
vt 0.00061078 0.35260828
vt 0.05051200 0.19379364
vt 0.05051200 0.35260828
vt 0.10041572 0.35260828
vt 0.10041572 0.20436814
vt 0.15031694 0.21191100
vt 0.15031694 0.35260828
vt 0.20022065 0.35260828
vt 0.20022065 0.20312433
vt 0.25012188 0.19266464
vt 0.25012188 0.35260828
vt 0.00061078 0.42477761
vt 0.05051200 0.42477761
vt 0.10041572 0.42477761
vt 0.15031694 0.42477761
vt 0.20022065 0.42477761
vt 0.25012188 0.42477761
vt 0.00061078 0.38539645
vt 0.05051200 0.38539645
vt 0.10041572 0.38539645
vt 0.15031694 0.38539645
vt 0.20022065 0.38539645
vt 0.25012188 0.38539645
vt 0.00061078 0.20029707
vt 0.05051200 0.20029707
vt 0.10041572 0.20029707
vt 0.15031694 0.20029707
vt 0.20022065 0.20029707
vt 0.25012188 0.20029707
vt 0.00061078 0.08754232
vt 0.05051200 0.08754232
vt 0.10041572 0.08754232
vt 0.15031694 0.08754232
vt 0.20022065 0.08754232
vt 0.25012188 0.08754232
vt 0.05051200 0.45908922
vt 0.15031694 0.45908922
vt 0.25012188 0.45908922
vt 0.00061078 0.26971440
vt 0.00061078 0.39825372
vt 0.05051200 0.26771650
vt 0.05051200 0.39825372
vt 0.10041572 0.39825372
vt 0.10041572 0.27529366
vt 0.15031694 0.28434520
vt 0.15031694 0.39825372
vt 0.20022065 0.39825372
vt 0.20022065 0.28046372
vt 0.25012188 0.26971440
vt 0.25012188 0.39825372
vt 0.00061078 0.05168250
vt 0.05051200 0.05168250
vt 0.10041572 0.05168250
vt 0.15031694 0.05168250
vt 0.20022065 0.05168250
vt 0.25012188 0.05168250
vt 0.00061078 0.12750845
vt 0.05051200 0.12750845
vt 0.10041572 0.12750845
vt 0.15031694 0.12750845
vt 0.20022065 0.12750845
vt 0.25012188 0.12750845
vt 0.00061078 0.09840168
vt 0.05051200 0.09840168
vt 0.10041572 0.09840168
vt 0.15031694 0.09840168
vt 0.20022065 0.09840168
vt 0.25012188 0.09840168
vt 0.00061078 0.09392617
vt 0.05051200 0.09392617
vt 0.10041572 0.09392617
vt 0.15031694 0.09392617
vt 0.20022065 0.09392617
vt 0.25012188 0.09392617
vt 0.05051200 0.09073448
vt 0.15031694 0.09073448
vt 0.25012188 0.09073448
vt 0.00061078 0.27304614
vt 0.00061078 0.38640017
vt 0.05051200 0.27162751
vt 0.05051200 0.38640017
vt 0.10041572 0.38640017
vt 0.10041572 0.27839103
vt 0.15031694 0.28623306
vt 0.15031694 0.38640017
vt 0.20022065 0.38640017
vt 0.20022065 0.28235682
vt 0.25012188 0.27304614
vt 0.25012188 0.38640017
vt 0.00061078 0.08135330
vt 0.05051200 0.08135330
vt 0.10041572 0.08135330
vt 0.15031694 0.08135330
vt 0.20022065 0.08135330
vt 0.25012188 0.08135330
vt 0.00061078 0.26796087
vt 0.05051200 0.26796087
vt 0.10041572 0.26796087
vt 0.15031694 0.26796087
vt 0.20022065 0.26796087
vt 0.25012188 0.26796087
vt 0.00061078 0.26907987
vt 0.05051200 0.26907987
vt 0.10041572 0.26907987
vt 0.15031694 0.26907987
vt 0.20022065 0.26907987
vt 0.25012188 0.26907987
vt 0.00061078 0.31145359
vt 0.05051200 0.31145359
vt 0.10041572 0.31145359
vt 0.15031694 0.31145359
vt 0.20022065 0.31145359
vt 0.25012188 0.31145359
vt 0.05051200 0.35672937
vt 0.15031694 0.35672937
vt 0.25012188 0.35672937
vt 0.00061078 0.13524092
vt 0.00061078 0.30099867
vt 0.05051200 0.13596024
vt 0.05051200 0.30099867
vt 0.10041572 0.30099867
vt 0.10041572 0.13990602
vt 0.15031694 0.14186439
vt 0.15031694 0.30099867
vt 0.20022065 0.30099867
vt 0.20022065 0.13875749
vt 0.25012188 0.13524092
vt 0.25012188 0.30099867
vt 0.00061078 0.34121966
vt 0.05051200 0.34121966
vt 0.10041572 0.34121966
vt 0.15031694 0.34121966
vt 0.20022065 0.34121966
vt 0.25012188 0.34121966
vt 0.00061078 0.35009589
vt 0.05051200 0.35009589
vt 0.10041572 0.35009589
vt 0.15031694 0.35009589
vt 0.20022065 0.35009589
vt 0.25012188 0.35009589
vt 0.00061078 0.07969505
vt 0.05051200 0.07969505
vt 0.10041572 0.07969505
vt 0.15031694 0.07969505
vt 0.20022065 0.07969505
vt 0.25012188 0.07969505
vt 0.00061078 0.35494107
vt 0.05051200 0.35494107
vt 0.10041572 0.35494107
vt 0.15031694 0.35494107
vt 0.20022065 0.35494107
vt 0.25012188 0.35494107
vt 0.05051200 0.16724927
vt 0.15031694 0.16724927
vt 0.25012188 0.16724927
vt 0.00061078 0.14235362
vt 0.00061078 0.29602344
vt 0.05051200 0.14430674
vt 0.05051200 0.29602344
vt 0.10041572 0.29602344
vt 0.10041572 0.14399710
vt 0.15031694 0.14179436
vt 0.15031694 0.29602344
vt 0.20022065 0.29602344
vt 0.20022065 0.14083542
vt 0.25012188 0.14235362
vt 0.25012188 0.29602344
vt 0.00061078 0.36230863
vt 0.05051200 0.36230863
vt 0.10041572 0.36230863
vt 0.15031694 0.36230863
vt 0.20022065 0.36230863
vt 0.25012188 0.36230863
vt 0.00061078 0.34715859
vt 0.05051200 0.34715859
vt 0.10041572 0.34715859
vt 0.15031694 0.34715859
vt 0.20022065 0.34715859
vt 0.25012188 0.34715859
vt 0.00061078 0.18519704
vt 0.05051200 0.18519704
vt 0.10041572 0.18519704
vt 0.15031694 0.18519704
vt 0.20022065 0.18519704
vt 0.25012188 0.18519704
vt 0.00061078 0.07700260
vt 0.05051200 0.07700260
vt 0.10041572 0.07700260
vt 0.15031694 0.07700260
vt 0.20022065 0.07700260
vt 0.25012188 0.07700260
vt 0.05051200 0.44935885
vt 0.15031694 0.44935885
vt 0.25012188 0.44935885
vt 0.00061078 0.38326326
vt 0.00061078 0.00567263
vt 0.05051200 0.38348334
vt 0.05051200 0.00567263
vt 0.10041572 0.00567263
vt 0.10041572 0.37528118
vt 0.15031694 0.37117009
vt 0.15031694 0.00567263
vt 0.20022065 0.00567263
vt 0.20022065 0.37548078
vt 0.25012188 0.38326326
vt 0.25012188 0.00567263
vt 0.00061078 0.14520089
vt 0.05051200 0.14520089
vt 0.10041572 0.14520089
vt 0.15031694 0.14520089
vt 0.20022065 0.14520089
vt 0.25012188 0.14520089
vt 0.00061078 0.27403509
vt 0.05051200 0.27403509
vt 0.10041572 0.27403509
vt 0.15031694 0.27403509
vt 0.20022065 0.27403509
vt 0.25012188 0.27403509
vt 0.00061078 0.18654565
vt 0.05051200 0.18654565
vt 0.10041572 0.18654565
vt 0.15031694 0.18654565
vt 0.20022065 0.18654565
vt 0.25012188 0.18654565
vt 0.00061078 0.16700489
vt 0.05051200 0.16700489
vt 0.10041572 0.16700489
vt 0.15031694 0.16700489
vt 0.20022065 0.16700489
vt 0.25012188 0.16700489
vt 0.05051200 0.17415285
vt 0.15031694 0.17415285
vt 0.25012188 0.17415285
vt 0.00061078 0.38968713
vt 0.00061078 0.49414492
vt 0.05051200 0.39063606
vt 0.05051200 0.49414492
vt 0.10041572 0.49414492
vt 0.10041572 0.38096048
vt 0.15031694 0.37606052
vt 0.15031694 0.49414492
vt 0.20022065 0.49414492
vt 0.20022065 0.38061082
vt 0.25012188 0.38968713
vt 0.25012188 0.49414492
vt 0.00061078 0.18200488
vt 0.05051200 0.18200488
vt 0.10041572 0.18200488
vt 0.15031694 0.18200488
vt 0.20022065 0.18200488
vt 0.25012188 0.18200488
vt 0.00061078 0.31108869
vt 0.05051200 0.31108869
vt 0.10041572 0.31108869
vt 0.15031694 0.31108869
vt 0.20022065 0.31108869
vt 0.25012188 0.31108869
vt 0.00061078 0.33752302
vt 0.05051200 0.33752302
vt 0.10041572 0.33752302
vt 0.15031694 0.33752302
vt 0.20022065 0.33752302
vt 0.25012188 0.33752302
vt 0.00061078 0.41590662
vt 0.05051200 0.41590662
vt 0.10041572 0.41590662
vt 0.15031694 0.41590662
vt 0.20022065 0.41590662
vt 0.25012188 0.41590662
vt 0.05051200 0.49734185
vt 0.15031694 0.49734185
vt 0.25012188 0.49734185
vt 0.00061078 0.27340580
vt 0.05051200 0.27340580
vt 0.10041572 0.27340580
vt 0.15031694 0.27340580
vt 0.20022065 0.27340580
vt 0.25012188 0.27340580
vt 0.00061078 0.13013088
vt 0.05051200 0.13013088
vt 0.10041572 0.13013088
vt 0.15031694 0.13013088
vt 0.20022065 0.13013088
vt 0.25012188 0.13013088
vt 0.05051200 0.03742660
vt 0.15031694 0.03742660
vt 0.25012188 0.03742660
vt 0.00061078 0.15114029
vt 0.05051200 0.15114029
vt 0.10041572 0.15114029
vt 0.15031694 0.15114029
vt 0.20022065 0.15114029
vt 0.25012188 0.15114029
vt 0.05051200 0.45646632
vt 0.15031694 0.45646632
vt 0.25012188 0.45646632
vt 0.00061078 0.00439882
vt 0.05051200 0.00439882
vt 0.10041572 0.00439882
vt 0.15031694 0.00439882
vt 0.20022065 0.00439882
vt 0.25012188 0.00439882
vt 0.05051200 0.43367384
vt 0.15031694 0.43367384
vt 0.25012188 0.43367384
vt 0.00061078 0.20030707
vt 0.05051200 0.20030707
vt 0.10041572 0.20030707
vt 0.15031694 0.20030707
vt 0.20022065 0.20030707
vt 0.25012188 0.20030707
vt 0.05051200 0.20599685
vt 0.15031694 0.20599685
vt 0.25012188 0.20599685
vt 0.00061078 0.46378481
vt 0.05051200 0.46378481
vt 0.10041572 0.46378481
vt 0.15031694 0.46378481
vt 0.20022065 0.46378481
vt 0.25012188 0.46378481
vt 0.00061078 0.33143404
vt 0.05051200 0.33143404
vt 0.10041572 0.33143404
vt 0.15031694 0.33143404
vt 0.20022065 0.33143404
vt 0.25012188 0.33143404
vt 0.05051200 0.26126738
vt 0.15031694 0.26126738
vt 0.25012188 0.26126738
vt 0.00061078 0.07621372
vt 0.05051200 0.07621372
vt 0.10041572 0.07621372
vt 0.15031694 0.07621372
vt 0.20022065 0.07621372
vt 0.25012188 0.07621372
vt 0.00061078 0.01815547
vt 0.05051200 0.01815547
vt 0.10041572 0.01815547
vt 0.15031694 0.01815547
vt 0.20022065 0.01815547
vt 0.25012188 0.01815547
vt 0.05051200 0.46038781
vt 0.15031694 0.46038781
vt 0.25012188 0.46038781
vt 0.00061078 0.22426379
vt 0.05051200 0.22426379
vt 0.10041572 0.22426379
vt 0.15031694 0.22426379
vt 0.20022065 0.22426379
vt 0.25012188 0.22426379
vt 0.00061078 0.21291472
vt 0.05051200 0.21291472
vt 0.10041572 0.21291472
vt 0.15031694 0.21291472
vt 0.20022065 0.21291472
vt 0.25012188 0.21291472
vt 0.05051200 0.22077723
vt 0.15031694 0.22077723
vt 0.25012188 0.22077723
vt 0.00061078 0.33959095
vt 0.05051200 0.33959095
vt 0.10041572 0.33959095
vt 0.15031694 0.33959095
vt 0.20022065 0.33959095
vt 0.25012188 0.33959095
vt 0.05051200 0.34403693
vt 0.15031694 0.34403693
vt 0.25012188 0.34403693
vt 0.00061078 0.37445706
vt 0.05051200 0.37445706
vt 0.10041572 0.37445706
vt 0.15031694 0.37445706
vt 0.20022065 0.37445706
vt 0.25012188 0.37445706
vt 0.00061078 0.21679619
vt 0.05051200 0.21679619
vt 0.10041572 0.21679619
vt 0.15031694 0.21679619
vt 0.20022065 0.21679619
vt 0.25012188 0.21679619
vt 0.05051200 0.13147901
vt 0.15031694 0.13147901
vt 0.25012188 0.13147901
vt 0.00061078 0.23359972
vt 0.05051200 0.23359972
vt 0.10041572 0.23359972
vt 0.15031694 0.23359972
vt 0.20022065 0.23359972
vt 0.25012188 0.23359972
vt 0.05051200 0.04834552
vt 0.15031694 0.04834552
vt 0.25012188 0.04834552
vt 0.00061078 0.18952774
vt 0.05051200 0.18952774
vt 0.10041572 0.18952774
vt 0.15031694 0.18952774
vt 0.20022065 0.18952774
vt 0.25012188 0.18952774
vt 0.05051200 0.12677389
vt 0.15031694 0.12677389
vt 0.25012188 0.12677389
vt 0.00061078 0.45165639
vt 0.05051200 0.45165639
vt 0.10041572 0.45165639
vt 0.15031694 0.45165639
vt 0.20022065 0.45165639
vt 0.25012188 0.45165639
vt 0.00061078 0.48186692
vt 0.05051200 0.48186692
vt 0.10041572 0.48186692
vt 0.15031694 0.48186692
vt 0.20022065 0.48186692
vt 0.25012188 0.48186692
vt 0.05051200 0.03566832
vt 0.15031694 0.03566832
vt 0.25012188 0.03566832
vt 0.00061078 0.41657580
vt 0.00061078 0.46057776
vt 0.03180029 0.42104143
vt 0.03180029 0.46057776
vt 0.06298731 0.46057776
vt 0.06298731 0.42851915
vt 0.09417682 0.42486764
vt 0.09417682 0.46057776
vt 0.12536633 0.46057776
vt 0.12536633 0.42063687
vt 0.15655585 0.42376377
vt 0.15655585 0.46057776
vt 0.18774535 0.46057776
vt 0.18774535 0.43176098
vt 0.21893236 0.41966781
vt 0.21893236 0.46057776
vt 0.25012188 0.46057776
vt 0.25012188 0.41657580
vt 0.00061078 0.38425733
vt 0.03180029 0.38955220
vt 0.06298731 0.39725965
vt 0.09417682 0.39196490
vt 0.12536633 0.38653510
vt 0.15655585 0.39076099
vt 0.18774535 0.40192011
vt 0.21893236 0.38781392
vt 0.25012188 0.38425733
vt 0.00061078 0.35712392
vt 0.03180029 0.36155954
vt 0.06298731 0.36758373
vt 0.09417682 0.36339774
vt 0.12536633 0.35912194
vt 0.15655585 0.36426187
vt 0.18774535 0.37447695
vt 0.21893236 0.36010101
vt 0.25012188 0.35712392
vt 0.00061078 0.33535017
vt 0.03180029 0.33728329
vt 0.06298731 0.33973088
vt 0.09417682 0.33691362
vt 0.12536633 0.33412137
vt 0.15655585 0.33739321
vt 0.18774535 0.34432644
vt 0.21893236 0.33658397
vt 0.25012188 0.33535017
vt 0.00061078 0.31361144
vt 0.03180029 0.31361144
vt 0.06298731 0.31361144
vt 0.09417682 0.31361144
vt 0.12536633 0.31361144
vt 0.15655585 0.31361144
vt 0.18774535 0.31361144
vt 0.21893236 0.31361144
vt 0.25012188 0.31361144
vt 0.00061078 0.14751379
vt 0.03180029 0.14751379
vt 0.06298731 0.14751379
vt 0.09417682 0.14751379
vt 0.12536633 0.14751379
vt 0.15655585 0.14751379
vt 0.18774535 0.14751379
vt 0.21893236 0.14751379
vt 0.25012188 0.14751379
vt 0.00061078 0.48169709
vt 0.03180029 0.48169709
vt 0.06298731 0.48169709
vt 0.09417682 0.48169709
vt 0.12536633 0.48169709
vt 0.15655585 0.48169709
vt 0.18774535 0.48169709
vt 0.21893236 0.48169709
vt 0.25012188 0.48169709
vt 0.00061078 0.27350560
vt 0.03180029 0.27350560
vt 0.06298731 0.27350560
vt 0.09417682 0.27350560
vt 0.12536633 0.27350560
vt 0.15655585 0.27350560
vt 0.18774535 0.27350560
vt 0.21893236 0.27350560
vt 0.25012188 0.27350560
vt 0.00061078 0.49797113
vt 0.03180029 0.49797113
vt 0.06298731 0.49797113
vt 0.09417682 0.49797113
vt 0.12536633 0.49797113
vt 0.15655585 0.49797113
vt 0.18774535 0.49797113
vt 0.21893236 0.49797113
vt 0.25012188 0.49797113
vt 0.00061078 0.18313888
vt 0.06298731 0.18313888
vt 0.12536633 0.18313888
vt 0.18774535 0.18313888
vt 0.25012188 0.18313888
vt 0.00061078 0.27527889
vt 0.06298731 0.27527889
vt 0.12536633 0.27527889
vt 0.18774535 0.27527889
vt 0.25012188 0.27527889
vt 0.00061078 0.32913626
vt 0.06298731 0.32913626
vt 0.12536633 0.32913626
vt 0.18774535 0.32913626
vt 0.25012188 0.32913626
vt 0.00061078 0.45037781
vt 0.06298731 0.45037781
vt 0.12536633 0.45037781
vt 0.18774535 0.45037781
vt 0.25012188 0.45037781
vt 0.00061078 0.05748184
vt 0.06298731 0.05748184
vt 0.12536633 0.05748184
vt 0.18774535 0.05748184
vt 0.25012188 0.05748184
vt 0.00061078 0.18041141
vt 0.06298731 0.18041141
vt 0.12536633 0.18041141
vt 0.18774535 0.18041141
vt 0.25012188 0.18041141
vt 0.06298731 0.29306136
vt 0.18774535 0.29306136
vt 0.00061078 0.00274033
vt 0.00061078 0.04122769
vt 0.03180029 0.00621689
vt 0.03180029 0.04122769
vt 0.06298731 0.04122769
vt 0.06298731 0.01083745
vt 0.09417682 0.00810511
vt 0.09417682 0.04122769
vt 0.12536633 0.04122769
vt 0.12536633 0.00315989
vt 0.15655585 0.00644174
vt 0.15655585 0.04122769
vt 0.18774535 0.04122769
vt 0.18774535 0.01258073
vt 0.21893236 0.00202601
vt 0.21893236 0.04122769
vt 0.25012188 0.04122769
vt 0.25012188 0.00274033
vt 0.00061078 0.47192171
vt 0.03180029 0.47653716
vt 0.06298731 0.48053332
vt 0.09417682 0.47672199
vt 0.12536633 0.47061300
vt 0.15655585 0.47503861
vt 0.18774535 0.48296091
vt 0.21893236 0.46990869
vt 0.25012188 0.47192171
vt 0.00061078 0.44565733
vt 0.03180029 0.44989322
vt 0.06298731 0.45263057
vt 0.09417682 0.44959347
vt 0.12536633 0.44452344
vt 0.15655585 0.44963848
vt 0.18774535 0.45601221
vt 0.21893236 0.44300989
vt 0.25012188 0.44565733
vt 0.00061078 0.42248007
vt 0.03180029 0.42502746
vt 0.06298731 0.42584170
vt 0.09417682 0.42375377
vt 0.12536633 0.42059685
vt 0.15655585 0.42382868
vt 0.18774535 0.42804956
vt 0.21893236 0.42032210
vt 0.25012188 0.42248007
vt 0.00061078 0.40038167
vt 0.03180029 0.40038167
vt 0.06298731 0.40038167
vt 0.09417682 0.40038167
vt 0.12536633 0.40038167
vt 0.15655585 0.40038167
vt 0.18774535 0.40038167
vt 0.21893236 0.40038167
vt 0.25012188 0.40038167
vt 0.00061078 0.24961402
vt 0.03180029 0.24961402
vt 0.06298731 0.24961402
vt 0.09417682 0.24961402
vt 0.12536633 0.24961402
vt 0.15655585 0.24961402
vt 0.18774535 0.24961402
vt 0.21893236 0.24961402
vt 0.25012188 0.24961402
vt 0.00061078 0.07389570
vt 0.03180029 0.07389570
vt 0.06298731 0.07389570
vt 0.09417682 0.07389570
vt 0.12536633 0.07389570
vt 0.15655585 0.07389570
vt 0.18774535 0.07389570
vt 0.21893236 0.07389570
vt 0.25012188 0.07389570
vt 0.00061078 0.36693920
vt 0.03180029 0.36693920
vt 0.06298731 0.36693920
vt 0.09417682 0.36693920
vt 0.12536633 0.36693920
vt 0.15655585 0.36693920
vt 0.18774535 0.36693920
vt 0.21893236 0.36693920
vt 0.25012188 0.36693920
vt 0.00061078 0.09206808
vt 0.03180029 0.09206808
vt 0.06298731 0.09206808
vt 0.09417682 0.09206808
vt 0.12536633 0.09206808
vt 0.15655585 0.09206808
vt 0.18774535 0.09206808
vt 0.21893236 0.09206808
vt 0.25012188 0.09206808
vt 0.00061078 0.28328098
vt 0.06298731 0.28328098
vt 0.12536633 0.28328098
vt 0.18774535 0.28328098
vt 0.25012188 0.28328098
vt 0.00061078 0.45671165
vt 0.06298731 0.45671165
vt 0.12536633 0.45671165
vt 0.18774535 0.45671165
vt 0.25012188 0.45671165
vt 0.00061078 0.13468142
vt 0.06298731 0.13468142
vt 0.12536633 0.13468142
vt 0.18774535 0.13468142
vt 0.25012188 0.13468142
vt 0.00061078 0.33528026
vt 0.06298731 0.33528026
vt 0.12536633 0.33528026
vt 0.18774535 0.33528026
vt 0.25012188 0.33528026
vt 0.00061078 0.06376566
vt 0.06298731 0.06376566
vt 0.12536633 0.06376566
vt 0.18774535 0.06376566
vt 0.25012188 0.06376566
vt 0.00061078 0.26920992
vt 0.06298731 0.26920992
vt 0.12536633 0.26920992
vt 0.18774535 0.26920992
vt 0.25012188 0.26920992
vt 0.06298731 0.46768105
vt 0.18774535 0.46768105
vt 0.00061078 0.12938649
vt 0.00061078 0.16426742
vt 0.03180029 0.13244354
vt 0.03180029 0.16426742
vt 0.06298731 0.16426742
vt 0.06298731 0.13731879
vt 0.09417682 0.13433670
vt 0.09417682 0.16426742
vt 0.12536633 0.16426742
vt 0.12536633 0.13075516
vt 0.15655585 0.13431169
vt 0.15655585 0.16426742
vt 0.18774535 0.16426742
vt 0.18774535 0.13961651
vt 0.21893236 0.12908179
vt 0.21893236 0.16426742
vt 0.25012188 0.16426742
vt 0.25012188 0.12938649
vt 0.00061078 0.10181845
vt 0.03180029 0.10556482
vt 0.06298731 0.11063984
vt 0.09417682 0.10656383
vt 0.12536633 0.10230298
vt 0.15655585 0.10727315
vt 0.18774535 0.11482078
vt 0.21893236 0.10125401
vt 0.25012188 0.10181845
vt 0.00061078 0.07809164
vt 0.03180029 0.08152330
vt 0.06298731 0.08564427
vt 0.09417682 0.08248736
vt 0.12536633 0.07924553
vt 0.15655585 0.08492001
vt 0.18774535 0.09134370
vt 0.21893236 0.07738733
vt 0.25012188 0.07809164
vt 0.00061078 0.05807624
vt 0.03180029 0.05979457
vt 0.06298731 0.06194247
vt 0.09417682 0.05997434
vt 0.12536633 0.05799132
vt 0.15655585 0.06169767
vt 0.18774535 0.06624327
vt 0.21893236 0.05777154
vt 0.25012188 0.05807624
vt 0.00061078 0.04008380
vt 0.03180029 0.04008380
vt 0.06298731 0.04008380
vt 0.09417682 0.04008380
vt 0.12536633 0.04008380
vt 0.15655585 0.04008380
vt 0.18774535 0.04008380
vt 0.21893236 0.04008380
vt 0.25012188 0.04008380
vt 0.00061078 0.39780414
vt 0.03180029 0.39780414
vt 0.06298731 0.39780414
vt 0.09417682 0.39780414
vt 0.12536633 0.39780414
vt 0.15655585 0.39780414
vt 0.18774535 0.39780414
vt 0.21893236 0.39780414
vt 0.25012188 0.39780414
vt 0.00061078 0.24720632
vt 0.03180029 0.24720632
vt 0.06298731 0.24720632
vt 0.09417682 0.24720632
vt 0.12536633 0.24720632
vt 0.15655585 0.24720632
vt 0.18774535 0.24720632
vt 0.21893236 0.24720632
vt 0.25012188 0.24720632
vt 0.00061078 0.06214719
vt 0.03180029 0.06214719
vt 0.06298731 0.06214719
vt 0.09417682 0.06214719
vt 0.12536633 0.06214719
vt 0.15655585 0.06214719
vt 0.18774535 0.06214719
vt 0.21893236 0.06214719
vt 0.25012188 0.06214719
vt 0.00061078 0.32407625
vt 0.03180029 0.32407625
vt 0.06298731 0.32407625
vt 0.09417682 0.32407625
vt 0.12536633 0.32407625
vt 0.15655585 0.32407625
vt 0.18774535 0.32407625
vt 0.21893236 0.32407625
vt 0.25012188 0.32407625
vt 0.00061078 0.05524397
vt 0.06298731 0.05524397
vt 0.12536633 0.05524397
vt 0.18774535 0.05524397
vt 0.25012188 0.05524397
vt 0.00061078 0.27049350
vt 0.06298731 0.27049350
vt 0.12536633 0.27049350
vt 0.18774535 0.27049350
vt 0.25012188 0.27049350
vt 0.00061078 0.46292043
vt 0.06298731 0.46292043
vt 0.12536633 0.46292043
vt 0.18774535 0.46292043
vt 0.25012188 0.46292043
vt 0.00061078 0.20520250
vt 0.06298731 0.20520250
vt 0.12536633 0.20520250
vt 0.18774535 0.20520250
vt 0.25012188 0.20520250
vt 0.00061078 0.44436362
vt 0.06298731 0.44436362
vt 0.12536633 0.44436362
vt 0.18774535 0.44436362
vt 0.25012188 0.44436362
vt 0.00061078 0.19153588
vt 0.06298731 0.19153588
vt 0.12536633 0.19153588
vt 0.18774535 0.19153588
vt 0.25012188 0.19153588
vt 0.06298731 0.42642609
vt 0.18774535 0.42642609
vt 0.00061078 0.20696067
vt 0.00061078 0.24016817
vt 0.03180029 0.20934836
vt 0.03180029 0.24016817
vt 0.06298731 0.24016817
vt 0.06298731 0.21391891
vt 0.09417682 0.21105163
vt 0.09417682 0.24016817
vt 0.12536633 0.24016817
vt 0.12536633 0.20763497
vt 0.15655585 0.21120657
vt 0.15655585 0.24016817
vt 0.18774535 0.24016817
vt 0.18774535 0.21526752
vt 0.21893236 0.20578189
vt 0.21893236 0.24016817
vt 0.25012188 0.24016817
vt 0.25012188 0.20696067
vt 0.00061078 0.17996708
vt 0.03180029 0.18295417
vt 0.06298731 0.18760462
vt 0.09417682 0.18396812
vt 0.12536633 0.18012690
vt 0.15655585 0.18518692
vt 0.18774535 0.19082644
vt 0.21893236 0.17821880
vt 0.25012188 0.17996708
vt 0.00061078 0.15650495
vt 0.03180029 0.15942713
vt 0.06298731 0.16339828
vt 0.09417682 0.16066093
vt 0.12536633 0.15773375
vt 0.15655585 0.16346819
vt 0.18774535 0.16766907
vt 0.21893236 0.15466675
vt 0.25012188 0.15650495
vt 0.00061078 0.13630477
vt 0.03180029 0.13788323
vt 0.06298731 0.14006108
vt 0.09417682 0.13845261
vt 0.12536633 0.13678424
vt 0.15655585 0.14056556
vt 0.18774535 0.14360767
vt 0.21893236 0.13532571
vt 0.25012188 0.13630477
vt 0.00061078 0.11859709
vt 0.03180029 0.11859709
vt 0.06298731 0.11859709
vt 0.09417682 0.11859709
vt 0.12536633 0.11859709
vt 0.15655585 0.11859709
vt 0.18774535 0.11859709
vt 0.21893236 0.11859709
vt 0.25012188 0.11859709
vt 0.00061078 0.48659229
vt 0.03180029 0.48659229
vt 0.06298731 0.48659229
vt 0.09417682 0.48659229
vt 0.12536633 0.48659229
vt 0.15655585 0.48659229
vt 0.18774535 0.48659229
vt 0.21893236 0.48659229
vt 0.25012188 0.48659229
vt 0.00061078 0.33743811
vt 0.03180029 0.33743811
vt 0.06298731 0.33743811
vt 0.09417682 0.33743811
vt 0.12536633 0.33743811
vt 0.15655585 0.33743811
vt 0.18774535 0.33743811
vt 0.21893236 0.33743811
vt 0.25012188 0.33743811
vt 0.00061078 0.16268396
vt 0.03180029 0.16268396
vt 0.06298731 0.16268396
vt 0.09417682 0.16268396
vt 0.12536633 0.16268396
vt 0.15655585 0.16268396
vt 0.18774535 0.16268396
vt 0.21893236 0.16268396
vt 0.25012188 0.16268396
vt 0.00061078 0.42169072
vt 0.03180029 0.42169072
vt 0.06298731 0.42169072
vt 0.09417682 0.42169072
vt 0.12536633 0.42169072
vt 0.15655585 0.42169072
vt 0.18774535 0.42169072
vt 0.21893236 0.42169072
vt 0.25012188 0.42169072
vt 0.00061078 0.15355788
vt 0.06298731 0.15355788
vt 0.12536633 0.15355788
vt 0.18774535 0.15355788
vt 0.25012188 0.15355788
vt 0.00061078 0.36271855
vt 0.06298731 0.36271855
vt 0.12536633 0.36271855
vt 0.18774535 0.36271855
vt 0.25012188 0.36271855
vt 0.00061078 0.07764212
vt 0.06298731 0.07764212
vt 0.12536633 0.07764212
vt 0.18774535 0.07764212
vt 0.25012188 0.07764212
vt 0.00061078 0.32578952
vt 0.06298731 0.32578952
vt 0.12536633 0.32578952
vt 0.18774535 0.32578952
vt 0.25012188 0.32578952
vt 0.00061078 0.09908623
vt 0.06298731 0.09908623
vt 0.12536633 0.09908623
vt 0.18774535 0.09908623
vt 0.25012188 0.09908623
vt 0.00061078 0.34780312
vt 0.06298731 0.34780312
vt 0.12536633 0.34780312
vt 0.18774535 0.34780312
vt 0.25012188 0.34780312
vt 0.06298731 0.08574425
vt 0.18774535 0.08574425
vt 0.00061078 0.01464866
vt 0.00061078 0.04582325
vt 0.03180029 0.01737101
vt 0.03180029 0.04582325
vt 0.06298731 0.04582325
vt 0.06298731 0.02099750
vt 0.09417682 0.01753583
vt 0.09417682 0.04582325
vt 0.12536633 0.04582325
vt 0.12536633 0.01454374
vt 0.15655585 0.01826015
vt 0.15655585 0.04582325
vt 0.18774535 0.04582325
vt 0.18774535 0.02138206
vt 0.21893236 0.01346988
vt 0.21893236 0.04582325
vt 0.25012188 0.04582325
vt 0.25012188 0.01464866
vt 0.00061078 0.48861044
vt 0.03180029 0.49195718
vt 0.06298731 0.49566359
vt 0.09417682 0.49117284
vt 0.12536633 0.48779108
vt 0.15655585 0.49299615
vt 0.18774535 0.49723705
vt 0.21893236 0.48682714
vt 0.25012188 0.48861044
vt 0.00061078 0.46634721
vt 0.03180029 0.46948912
vt 0.06298731 0.47257101
vt 0.09417682 0.46893462
vt 0.12536633 0.46646202
vt 0.15655585 0.47222135
vt 0.18774535 0.47492881
vt 0.21893236 0.46442910
vt 0.25012188 0.46634721
vt 0.00061078 0.44692602
vt 0.03180029 0.44862953
vt 0.06298731 0.45027777
vt 0.09417682 0.44805502
vt 0.12536633 0.44665140
vt 0.15655585 0.45042259
vt 0.18774535 0.45247075
vt 0.21893236 0.44580727
vt 0.25012188 0.44692602
vt 0.00061078 0.42962302
vt 0.03180029 0.42962302
vt 0.06298731 0.42962302
vt 0.09417682 0.42962302
vt 0.12536633 0.42962302
vt 0.15655585 0.42962302
vt 0.18774535 0.42962302
vt 0.21893236 0.42962302
vt 0.25012188 0.42962302
vt 0.00061078 0.30933564
vt 0.03180029 0.30933564
vt 0.06298731 0.30933564
vt 0.09417682 0.30933564
vt 0.12536633 0.30933564
vt 0.15655585 0.30933564
vt 0.18774535 0.30933564
vt 0.21893236 0.30933564
vt 0.25012188 0.30933564
vt 0.00061078 0.16894777
vt 0.03180029 0.16894777
vt 0.06298731 0.16894777
vt 0.09417682 0.16894777
vt 0.12536633 0.16894777
vt 0.15655585 0.16894777
vt 0.18774535 0.16894777
vt 0.21893236 0.16894777
vt 0.25012188 0.16894777
vt 0.00061078 0.00529273
vt 0.03180029 0.00529273
vt 0.06298731 0.00529273
vt 0.09417682 0.00529273
vt 0.12536633 0.00529273
vt 0.15655585 0.00529273
vt 0.18774535 0.00529273
vt 0.21893236 0.00529273
vt 0.25012188 0.00529273
vt 0.00061078 0.30418559
vt 0.03180029 0.30418559
vt 0.06298731 0.30418559
vt 0.09417682 0.30418559
vt 0.12536633 0.30418559
vt 0.15655585 0.30418559
vt 0.18774535 0.30418559
vt 0.21893236 0.30418559
vt 0.25012188 0.30418559
vt 0.00061078 0.07742228
vt 0.06298731 0.07742228
vt 0.12536633 0.07742228
vt 0.18774535 0.07742228
vt 0.25012188 0.07742228
vt 0.00061078 0.24539301
vt 0.06298731 0.24539301
vt 0.12536633 0.24539301
vt 0.18774535 0.24539301
vt 0.25012188 0.24539301
vt 0.00061078 0.41763465
vt 0.06298731 0.41763465
vt 0.12536633 0.41763465
vt 0.18774535 0.41763465
vt 0.25012188 0.41763465
vt 0.00061078 0.11022022
vt 0.06298731 0.11022022
vt 0.12536633 0.11022022
vt 0.18774535 0.11022022
vt 0.25012188 0.11022022
vt 0.00061078 0.33587478
vt 0.06298731 0.33587478
vt 0.12536633 0.33587478
vt 0.18774535 0.33587478
vt 0.25012188 0.33587478
vt 0.00061078 0.03884524
vt 0.06298731 0.03884524
vt 0.12536633 0.03884524
vt 0.18774535 0.03884524
vt 0.25012188 0.03884524
vt 0.06298731 0.24052283
vt 0.18774535 0.24052283
vt 0.00061078 0.36374239
vt 0.00061078 0.39126547
vt 0.03180029 0.36630991
vt 0.03180029 0.39126547
vt 0.06298731 0.39126547
vt 0.06298731 0.36877752
vt 0.09417682 0.36604517
vt 0.09417682 0.39126547
vt 0.12536633 0.39126547
vt 0.12536633 0.36223884
vt 0.15655585 0.36496119
vt 0.15655585 0.39126547
vt 0.18774535 0.39126547
vt 0.18774535 0.36909216
vt 0.21893236 0.36201411
vt 0.21893236 0.39126547
vt 0.25012188 0.39126547
vt 0.25012188 0.36374239
vt 0.00061078 0.34099470
vt 0.03180029 0.34415661
vt 0.06298731 0.34673402
vt 0.09417682 0.34300773
vt 0.12536633 0.33835227
vt 0.15655585 0.34213859
vt 0.18774535 0.34729352
vt 0.21893236 0.33834226
vt 0.25012188 0.34099470
vt 0.00061078 0.32120396
vt 0.03180029 0.32406624
vt 0.06298731 0.32589944
vt 0.09417682 0.32274753
vt 0.12536633 0.31901111
vt 0.15655585 0.32329702
vt 0.18774535 0.32691840
vt 0.21893236 0.31825689
vt 0.25012188 0.32120396
vt 0.00061078 0.30356131
vt 0.03180029 0.30516966
vt 0.06298731 0.30605880
vt 0.09417682 0.30401076
vt 0.12536633 0.30172799
vt 0.15655585 0.30448535
vt 0.18774535 0.30689805
vt 0.21893236 0.30159318
vt 0.25012188 0.30356131
vt 0.00061078 0.28745197
vt 0.03180029 0.28745197
vt 0.06298731 0.28745197
vt 0.09417682 0.28745197
vt 0.12536633 0.28745197
vt 0.15655585 0.28745197
vt 0.18774535 0.28745197
vt 0.21893236 0.28745197
vt 0.25012188 0.28745197
vt 0.00061078 0.17638560
vt 0.03180029 0.17638560
vt 0.06298731 0.17638560
vt 0.09417682 0.17638560
vt 0.12536633 0.17638560
vt 0.15655585 0.17638560
vt 0.18774535 0.17638560
vt 0.21893236 0.17638560
vt 0.25012188 0.17638560
vt 0.00061078 0.04814592
vt 0.03180029 0.04814592
vt 0.06298731 0.04814592
vt 0.09417682 0.04814592
vt 0.12536633 0.04814592
vt 0.15655585 0.04814592
vt 0.18774535 0.04814592
vt 0.21893236 0.04814592
vt 0.25012188 0.04814592
vt 0.00061078 0.40116578
vt 0.03180029 0.40116578
vt 0.06298731 0.40116578
vt 0.09417682 0.40116578
vt 0.12536633 0.40116578
vt 0.15655585 0.40116578
vt 0.18774535 0.40116578
vt 0.21893236 0.40116578
vt 0.25012188 0.40116578
vt 0.00061078 0.19918831
vt 0.03180029 0.19918831
vt 0.06298731 0.19918831
vt 0.09417682 0.19918831
vt 0.12536633 0.19918831
vt 0.15655585 0.19918831
vt 0.18774535 0.19918831
vt 0.21893236 0.19918831
vt 0.25012188 0.19918831
vt 0.00061078 0.47195172
vt 0.06298731 0.47195172
vt 0.12536633 0.47195172
vt 0.18774535 0.47195172
vt 0.25012188 0.47195172
vt 0.00061078 0.19806932
vt 0.06298731 0.19806932
vt 0.12536633 0.19806932
vt 0.18774535 0.19806932
vt 0.25012188 0.19806932
vt 0.00061078 0.41854881
vt 0.06298731 0.41854881
vt 0.12536633 0.41854881
vt 0.18774535 0.41854881
vt 0.25012188 0.41854881
vt 0.00061078 0.15379273
vt 0.06298731 0.15379273
vt 0.12536633 0.15379273
vt 0.18774535 0.15379273
vt 0.25012188 0.15379273
vt 0.00061078 0.41131583
vt 0.06298731 0.41131583
vt 0.12536633 0.41131583
vt 0.18774535 0.41131583
vt 0.25012188 0.41131583
vt 0.00061078 0.14971165
vt 0.06298731 0.14971165
vt 0.12536633 0.14971165
vt 0.18774535 0.14971165
vt 0.25012188 0.14971165
vt 0.06298731 0.38914264
vt 0.18774535 0.38914264
vt 0.00061078 0.14810319
vt 0.00061078 0.17451239
vt 0.03180029 0.15113529
vt 0.03180029 0.17451239
vt 0.06298731 0.17451239
vt 0.06298731 0.15301338
vt 0.09417682 0.15092045
vt 0.09417682 0.17451239
vt 0.12536633 0.17451239
vt 0.12536633 0.14722904
vt 0.15655585 0.14867269
vt 0.15655585 0.17451239
vt 0.18774535 0.17451239
vt 0.18774535 0.15401245
vt 0.21893236 0.14711924
vt 0.21893236 0.17451239
vt 0.25012188 0.17451239
vt 0.25012188 0.14810319
vt 0.00061078 0.12646937
vt 0.03180029 0.13030559
vt 0.06298731 0.13222870
vt 0.09417682 0.12924161
vt 0.12536633 0.12459616
vt 0.15655585 0.12665920
vt 0.18774535 0.13334270
vt 0.21893236 0.12483601
vt 0.25012188 0.12646937
vt 0.00061078 0.10787254
vt 0.03180029 0.11141412
vt 0.06298731 0.11252800
vt 0.09417682 0.10995047
vt 0.12536633 0.10615927
vt 0.15655585 0.10878170
vt 0.18774535 0.11423139
vt 0.21893236 0.10583951
vt 0.25012188 0.10787254
vt 0.00061078 0.09137365
vt 0.03180029 0.09345659
vt 0.06298731 0.09390116
vt 0.09417682 0.09213299
vt 0.12536633 0.08976530
vt 0.15655585 0.09145356
vt 0.18774535 0.09493524
vt 0.21893236 0.08996502
vt 0.25012188 0.09137365
vt 0.00061078 0.07630840
vt 0.03180029 0.07630840
vt 0.06298731 0.07630840
vt 0.09417682 0.07630840
vt 0.12536633 0.07630840
vt 0.15655585 0.07630840
vt 0.18774535 0.07630840
vt 0.21893236 0.07630840
vt 0.25012188 0.07630840
vt 0.00061078 0.47481376
vt 0.03180029 0.47481376
vt 0.06298731 0.47481376
vt 0.09417682 0.47481376
vt 0.12536633 0.47481376
vt 0.15655585 0.47481376
vt 0.18774535 0.47481376
vt 0.21893236 0.47481376
vt 0.25012188 0.47481376
vt 0.00061078 0.35998608
vt 0.03180029 0.35998608
vt 0.06298731 0.35998608
vt 0.09417682 0.35998608
vt 0.12536633 0.35998608
vt 0.15655585 0.35998608
vt 0.18774535 0.35998608
vt 0.21893236 0.35998608
vt 0.25012188 0.35998608
vt 0.00061078 0.22336464
vt 0.03180029 0.22336464
vt 0.06298731 0.22336464
vt 0.09417682 0.22336464
vt 0.12536633 0.22336464
vt 0.15655585 0.22336464
vt 0.18774535 0.22336464
vt 0.21893236 0.22336464
vt 0.25012188 0.22336464
vt 0.00061078 0.05095818
vt 0.03180029 0.05095818
vt 0.06298731 0.05095818
vt 0.09417682 0.05095818
vt 0.12536633 0.05095818
vt 0.15655585 0.05095818
vt 0.18774535 0.05095818
vt 0.21893236 0.05095818
vt 0.25012188 0.05095818
vt 0.00061078 0.35142950
vt 0.06298731 0.35142950
vt 0.12536633 0.35142950
vt 0.18774535 0.35142950
vt 0.25012188 0.35142950
vt 0.00061078 0.11552009
vt 0.06298731 0.11552009
vt 0.12536633 0.11552009
vt 0.18774535 0.11552009
vt 0.25012188 0.11552009
vt 0.00061078 0.39136038
vt 0.06298731 0.39136038
vt 0.12536633 0.39136038
vt 0.18774535 0.39136038
vt 0.25012188 0.39136038
vt 0.00061078 0.19652087
vt 0.06298731 0.19652087
vt 0.12536633 0.19652087
vt 0.18774535 0.19652087
vt 0.25012188 0.19652087
vt 0.00061078 0.01681163
vt 0.06298731 0.01681163
vt 0.12536633 0.01681163
vt 0.18774535 0.01681163
vt 0.25012188 0.01681163
vt 0.00061078 0.33074473
vt 0.06298731 0.33074473
vt 0.12536633 0.33074473
vt 0.18774535 0.33074473
vt 0.25012188 0.33074473
vt 0.06298731 0.12878704
vt 0.18774535 0.12878704
vt 0.00061078 0.39787405
vt 0.06298731 0.39787405
vt 0.12536633 0.39787405
vt 0.18774535 0.39787405
vt 0.25012188 0.39787405
vt 0.00061078 0.10468073
vt 0.06298731 0.10468073
vt 0.12536633 0.10468073
vt 0.18774535 0.10468073
vt 0.25012188 0.10468073
vt 0.00061078 0.35885732
vt 0.06298731 0.35885732
vt 0.12536633 0.35885732
vt 0.18774535 0.35885732
vt 0.25012188 0.35885732
vt 0.00061078 0.12418672
vt 0.06298731 0.12418672
vt 0.12536633 0.12418672
vt 0.18774535 0.12418672
vt 0.25012188 0.12418672
vt 0.00061078 0.42011726
vt 0.06298731 0.42011726
vt 0.12536633 0.42011726
vt 0.18774535 0.42011726
vt 0.25012188 0.42011726
vt 0.06298731 0.23315503
vt 0.18774535 0.23315503
vt 0.00061078 0.44414378
vt 0.06298731 0.44414378
vt 0.12536633 0.44414378
vt 0.18774535 0.44414378
vt 0.25012188 0.44414378
vt 0.00061078 0.11811250
vt 0.06298731 0.11811250
vt 0.12536633 0.11811250
vt 0.18774535 0.11811250
vt 0.25012188 0.11811250
vt 0.00061078 0.31260236
vt 0.06298731 0.31260236
vt 0.12536633 0.31260236
vt 0.18774535 0.31260236
vt 0.25012188 0.31260236
vt 0.00061078 0.04467936
vt 0.06298731 0.04467936
vt 0.12536633 0.04467936
vt 0.18774535 0.04467936
vt 0.25012188 0.04467936
vt 0.00061078 0.29359109
vt 0.06298731 0.29359109
vt 0.12536633 0.29359109
vt 0.18774535 0.29359109
vt 0.25012188 0.29359109
vt 0.06298731 0.06916533
vt 0.18774535 0.06916533
vt 0.00061078 0.26221178
vt 0.06298731 0.26221178
vt 0.12536633 0.26221178
vt 0.18774535 0.26221178
vt 0.25012188 0.26221178
vt 0.00061078 0.45677143
vt 0.06298731 0.45677143
vt 0.12536633 0.45677143
vt 0.18774535 0.45677143
vt 0.25012188 0.45677143
vt 0.00061078 0.19146585
vt 0.06298731 0.19146585
vt 0.12536633 0.19146585
vt 0.18774535 0.19146585
vt 0.25012188 0.19146585
vt 0.00061078 0.43129151
vt 0.06298731 0.43129151
vt 0.12536633 0.43129151
vt 0.18774535 0.43129151
vt 0.25012188 0.43129151
vt 0.00061078 0.20987785
vt 0.06298731 0.20987785
vt 0.12536633 0.20987785
vt 0.18774535 0.20987785
vt 0.25012188 0.20987785
vt 0.06298731 0.00766053
vt 0.18774535 0.00766053
vt 0.00061078 0.35995607
vt 0.06298731 0.35995607
vt 0.12536633 0.35995607
vt 0.18774535 0.35995607
vt 0.25012188 0.35995607
vt 0.00061078 0.07784696
vt 0.06298731 0.07784696
vt 0.12536633 0.07784696
vt 0.18774535 0.07784696
vt 0.25012188 0.07784696
vt 0.00061078 0.30950047
vt 0.06298731 0.30950047
vt 0.12536633 0.30950047
vt 0.18774535 0.30950047
vt 0.25012188 0.30950047
vt 0.00061078 0.07463503
vt 0.06298731 0.07463503
vt 0.12536633 0.07463503
vt 0.18774535 0.07463503
vt 0.25012188 0.07463503
vt 0.00061078 0.35095003
vt 0.06298731 0.35095003
vt 0.12536633 0.35095003
vt 0.18774535 0.35095003
vt 0.25012188 0.35095003
vt 0.06298731 0.14820322
vt 0.18774535 0.14820322
vt 0.00061078 0.34443136
vt 0.06298731 0.34443136
vt 0.12536633 0.34443136
vt 0.18774535 0.34443136
vt 0.25012188 0.34443136
vt 0.00061078 0.12428151
vt 0.06298731 0.12428151
vt 0.12536633 0.12428151
vt 0.18774535 0.12428151
vt 0.25012188 0.12428151
vt 0.00061078 0.42541213
vt 0.06298731 0.42541213
vt 0.12536633 0.42541213
vt 0.18774535 0.42541213
vt 0.25012188 0.42541213
vt 0.00061078 0.25437928
vt 0.06298731 0.25437928
vt 0.12536633 0.25437928
vt 0.18774535 0.25437928
vt 0.25012188 0.25437928
vt 0.00061078 0.08728269
vt 0.06298731 0.08728269
vt 0.12536633 0.08728269
vt 0.18774535 0.08728269
vt 0.25012188 0.08728269
vt 0.06298731 0.43500292
vt 0.18774535 0.43500292
vt 0.00061078 0.25017840
vt 0.06298731 0.25017840
vt 0.12536633 0.25017840
vt 0.18774535 0.25017840
vt 0.25012188 0.25017840
vt 0.00061078 0.04126759
vt 0.06298731 0.04126759
vt 0.12536633 0.04126759
vt 0.18774535 0.04126759
vt 0.25012188 0.04126759
vt 0.00061078 0.35702901
vt 0.06298731 0.35702901
vt 0.12536633 0.35702901
vt 0.18774535 0.35702901
vt 0.25012188 0.35702901
vt 0.00061078 0.19776968
vt 0.06298731 0.19776968
vt 0.12536633 0.19776968
vt 0.18774535 0.19776968
vt 0.25012188 0.19776968
vt 0.00061078 0.04180708
vt 0.06298731 0.04180708
vt 0.12536633 0.04180708
vt 0.18774535 0.04180708
vt 0.25012188 0.04180708
vt 0.06298731 0.39621080
vt 0.18774535 0.39621080
vt 0.00061078 0.12269305
vt 0.06298731 0.12269305
vt 0.12536633 0.12269305
vt 0.18774535 0.12269305
vt 0.25012188 0.12269305
vt 0.00061078 0.41500723
vt 0.06298731 0.41500723
vt 0.12536633 0.41500723
vt 0.18774535 0.41500723
vt 0.25012188 0.41500723
vt 0.00061078 0.23830008
vt 0.06298731 0.23830008
vt 0.12536633 0.23830008
vt 0.18774535 0.23830008
vt 0.25012188 0.23830008
vt 0.00061078 0.08756732
vt 0.06298731 0.08756732
vt 0.12536633 0.08756732
vt 0.18774535 0.08756732
vt 0.25012188 0.08756732
vt 0.00061078 0.44465826
vt 0.06298731 0.44465826
vt 0.12536633 0.44465826
vt 0.18774535 0.44465826
vt 0.25012188 0.44465826
vt 0.06298731 0.30713266
vt 0.18774535 0.30713266
vt 0.00061078 0.43309958
vt 0.00061078 0.06762689
vt 0.05051200 0.42924335
vt 0.05051200 0.06762689
vt 0.10041572 0.06762689
vt 0.10041572 0.42938317
vt 0.15031694 0.43313459
vt 0.15031694 0.06762689
vt 0.20022065 0.06762689
vt 0.20022065 0.43565222
vt 0.25012188 0.43309958
vt 0.25012188 0.06762689
vt 0.00061078 0.18669047
vt 0.05051200 0.18669047
vt 0.10041572 0.18669047
vt 0.15031694 0.18669047
vt 0.20022065 0.18669047
vt 0.25012188 0.18669047
vt 0.00061078 0.28206242
vt 0.05051200 0.28206242
vt 0.10041572 0.28206242
vt 0.15031694 0.28206242
vt 0.20022065 0.28206242
vt 0.25012188 0.28206242
vt 0.00061078 0.05761666
vt 0.05051200 0.05761666
vt 0.10041572 0.05761666
vt 0.15031694 0.05761666
vt 0.20022065 0.05761666
vt 0.25012188 0.05761666
vt 0.00061078 0.41462280
vt 0.05051200 0.41462280
vt 0.10041572 0.41462280
vt 0.15031694 0.41462280
vt 0.20022065 0.41462280
vt 0.25012188 0.41462280
vt 0.05051200 0.23810524
vt 0.15031694 0.23810524
vt 0.25012188 0.23810524
vt 0.00061078 0.39063106
vt 0.00061078 0.02820548
vt 0.05051200 0.38819847
vt 0.05051200 0.02820548
vt 0.10041572 0.02820548
vt 0.10041572 0.39955731
vt 0.15031694 0.41479762
vt 0.15031694 0.02820548
vt 0.20022065 0.02820548
vt 0.20022065 0.40766444
vt 0.25012188 0.39063106
vt 0.25012188 0.02820548
vt 0.00061078 0.16873793
vt 0.05051200 0.16873793
vt 0.10041572 0.16873793
vt 0.15031694 0.16873793
vt 0.20022065 0.16873793
vt 0.25012188 0.16873793
vt 0.00061078 0.23784562
vt 0.05051200 0.23784562
vt 0.10041572 0.23784562
vt 0.15031694 0.23784562
vt 0.20022065 0.23784562
vt 0.25012188 0.23784562
vt 0.00061078 0.16880319
vt 0.05051200 0.16880319
vt 0.10041572 0.16880319
vt 0.15031694 0.16880319
vt 0.20022065 0.16880319
vt 0.25012188 0.16880319
vt 0.00061078 0.17462207
vt 0.05051200 0.17462207
vt 0.10041572 0.17462207
vt 0.15031694 0.17462207
vt 0.20022065 0.17462207
vt 0.25012188 0.17462207
vt 0.05051200 0.15912761
vt 0.15031694 0.15912761
vt 0.25012188 0.15912761
vt 0.00061078 0.12514565
vt 0.00061078 0.23666184
vt 0.05051200 0.12840737
vt 0.05051200 0.23666184
vt 0.10041572 0.23666184
vt 0.10041572 0.13854265
vt 0.15031694 0.14183437
vt 0.15031694 0.23666184
vt 0.20022065 0.23666184
vt 0.20022065 0.13138469
vt 0.25012188 0.12514565
vt 0.25012188 0.23666184
vt 0.00061078 0.44534780
vt 0.05051200 0.44534780
vt 0.10041572 0.44534780
vt 0.15031694 0.44534780
vt 0.20022065 0.44534780
vt 0.25012188 0.44534780
vt 0.00061078 0.07170773
vt 0.05051200 0.07170773
vt 0.10041572 0.07170773
vt 0.15031694 0.07170773
vt 0.20022065 0.07170773
vt 0.25012188 0.07170773
vt 0.00061078 0.10873180
vt 0.05051200 0.10873180
vt 0.10041572 0.10873180
vt 0.15031694 0.10873180
vt 0.20022065 0.10873180
vt 0.25012188 0.10873180
vt 0.00061078 0.20402848
vt 0.05051200 0.20402848
vt 0.10041572 0.20402848
vt 0.15031694 0.20402848
vt 0.20022065 0.20402848
vt 0.25012188 0.20402848
vt 0.05051200 0.29888596
vt 0.15031694 0.29888596
vt 0.25012188 0.29888596
vt 0.00061078 0.05428492
vt 0.00061078 0.15681483
vt 0.05051200 0.06166772
vt 0.05051200 0.15681483
vt 0.10041572 0.15681483
vt 0.10041572 0.06137809
vt 0.15031694 0.05257141
vt 0.15031694 0.15681483
vt 0.20022065 0.15681483
vt 0.20022065 0.04972461
vt 0.25012188 0.05428492
vt 0.25012188 0.15681483
vt 0.00061078 0.37320801
vt 0.05051200 0.37320801
vt 0.10041572 0.37320801
vt 0.15031694 0.37320801
vt 0.20022065 0.37320801
vt 0.25012188 0.37320801
vt 0.00061078 0.04820594
vt 0.05051200 0.04820594
vt 0.10041572 0.04820594
vt 0.15031694 0.04820594
vt 0.20022065 0.04820594
vt 0.25012188 0.04820594
vt 0.00061078 0.11283764
vt 0.05051200 0.11283764
vt 0.10041572 0.11283764
vt 0.15031694 0.11283764
vt 0.20022065 0.11283764
vt 0.25012188 0.11283764
vt 0.00061078 0.24210629
vt 0.05051200 0.24210629
vt 0.10041572 0.24210629
vt 0.15031694 0.24210629
vt 0.20022065 0.24210629
vt 0.25012188 0.24210629
vt 0.05051200 0.36160455
vt 0.15031694 0.36160455
vt 0.25012188 0.36160455
vt 0.00061078 0.25240615
vt 0.00061078 0.33643904
vt 0.05051200 0.25324052
vt 0.05051200 0.33643904
vt 0.10041572 0.33643904
vt 0.10041572 0.24357494
vt 0.15031694 0.23917422
vt 0.15031694 0.33643904
vt 0.20022065 0.33643904
vt 0.20022065 0.24356994
vt 0.25012188 0.25240615
vt 0.25012188 0.33643904
vt 0.00061078 0.08239750
vt 0.05051200 0.08239750
vt 0.10041572 0.08239750
vt 0.15031694 0.08239750
vt 0.20022065 0.08239750
vt 0.25012188 0.08239750
vt 0.00061078 0.32596434
vt 0.05051200 0.32596434
vt 0.10041572 0.32596434
vt 0.15031694 0.32596434
vt 0.20022065 0.32596434
vt 0.25012188 0.32596434
vt 0.00061078 0.36427176
vt 0.05051200 0.36427176
vt 0.10041572 0.36427176
vt 0.15031694 0.36427176
vt 0.20022065 0.36427176
vt 0.25012188 0.36427176
vt 0.00061078 0.45923403
vt 0.05051200 0.45923403
vt 0.10041572 0.45923403
vt 0.15031694 0.45923403
vt 0.20022065 0.45923403
vt 0.25012188 0.45923403
vt 0.05051200 0.05681731
vt 0.15031694 0.05681731
vt 0.25012188 0.05681731
vt 0.00061078 0.35162933
vt 0.00061078 0.47456891
vt 0.05051200 0.35385208
vt 0.05051200 0.47456891
vt 0.10041572 0.47456891
vt 0.10041572 0.34566993
vt 0.15031694 0.34019547
vt 0.15031694 0.47456891
vt 0.20022065 0.47456891
vt 0.20022065 0.34349243
vt 0.25012188 0.35162933
vt 0.25012188 0.47456891
vt 0.00061078 0.11517043
vt 0.05051200 0.11517043
vt 0.10041572 0.11517043
vt 0.15031694 0.11517043
vt 0.20022065 0.11517043
vt 0.25012188 0.11517043
vt 0.00061078 0.23569766
vt 0.05051200 0.23569766
vt 0.10041572 0.23569766
vt 0.15031694 0.23569766
vt 0.20022065 0.23569766
vt 0.25012188 0.23569766
vt 0.00061078 0.12347740
vt 0.05051200 0.12347740
vt 0.10041572 0.12347740
vt 0.15031694 0.12347740
vt 0.20022065 0.12347740
vt 0.25012188 0.12347740
vt 0.00061078 0.07226746
vt 0.05051200 0.07226746
vt 0.10041572 0.07226746
vt 0.15031694 0.07226746
vt 0.20022065 0.07226746
vt 0.25012188 0.07226746
vt 0.05051200 0.45564743
vt 0.15031694 0.45564743
vt 0.25012188 0.45564743
vt 0.00061078 0.28789654
vt 0.00061078 0.40900304
vt 0.05051200 0.28577383
vt 0.05051200 0.40900304
vt 0.10041572 0.40900304
vt 0.10041572 0.29352630
vt 0.15031694 0.30339624
vt 0.15031694 0.40900304
vt 0.20022065 0.40900304
vt 0.20022065 0.29919560
vt 0.25012188 0.28789654
vt 0.25012188 0.40900304
vt 0.00061078 0.08557442
vt 0.05051200 0.08557442
vt 0.10041572 0.08557442
vt 0.15031694 0.08557442
vt 0.20022065 0.08557442
vt 0.25012188 0.08557442
vt 0.00061078 0.23384934
vt 0.05051200 0.23384934
vt 0.10041572 0.23384934
vt 0.15031694 0.23384934
vt 0.20022065 0.23384934
vt 0.25012188 0.23384934
vt 0.00061078 0.16600594
vt 0.05051200 0.16600594
vt 0.10041572 0.16600594
vt 0.15031694 0.16600594
vt 0.20022065 0.16600594
vt 0.25012188 0.16600594
vt 0.00061078 0.14013087
vt 0.05051200 0.14013087
vt 0.10041572 0.14013087
vt 0.15031694 0.14013087
vt 0.20022065 0.14013087
vt 0.25012188 0.14013087
vt 0.05051200 0.15089067
vt 0.15031694 0.15089067
vt 0.25012188 0.15089067
vt 0.00061078 0.15013134
vt 0.00061078 0.25387981
vt 0.05051200 0.15202444
vt 0.05051200 0.25387981
vt 0.10041572 0.25387981
vt 0.10041572 0.16350309
vt 0.15031694 0.17208492
vt 0.15031694 0.25387981
vt 0.20022065 0.25387981
vt 0.20022065 0.16009131
vt 0.25012188 0.15013134
vt 0.25012188 0.25387981
vt 0.00061078 0.48812597
vt 0.05051200 0.48812597
vt 0.10041572 0.48812597
vt 0.15031694 0.48812597
vt 0.20022065 0.48812597
vt 0.25012188 0.48812597
vt 0.00061078 0.16717448
vt 0.05051200 0.16717448
vt 0.10041572 0.16717448
vt 0.15031694 0.16717448
vt 0.20022065 0.16717448
vt 0.25012188 0.16717448
vt 0.00061078 0.26022841
vt 0.05051200 0.26022841
vt 0.10041572 0.26022841
vt 0.15031694 0.26022841
vt 0.20022065 0.26022841
vt 0.25012188 0.26022841
vt 0.00061078 0.40035642
vt 0.05051200 0.40035642
vt 0.10041572 0.40035642
vt 0.15031694 0.40035642
vt 0.20022065 0.40035642
vt 0.25012188 0.40035642
vt 0.05051200 0.04650243
vt 0.15031694 0.04650243
vt 0.25012188 0.04650243
vt 0.00061078 0.08129375
vt 0.00061078 0.17065104
vt 0.05051200 0.08116370
vt 0.05051200 0.17065104
vt 0.10041572 0.17065104
vt 0.10041572 0.08371610
vt 0.15031694 0.08575402
vt 0.15031694 0.17065104
vt 0.20022065 0.17065104
vt 0.20022065 0.08409100
vt 0.25012188 0.08129375
vt 0.25012188 0.17065104
vt 0.00061078 0.42348902
vt 0.05051200 0.42348902
vt 0.10041572 0.42348902
vt 0.15031694 0.42348902
vt 0.20022065 0.42348902
vt 0.25012188 0.42348902
vt 0.00061078 0.16251890
vt 0.05051200 0.16251890
vt 0.10041572 0.16251890
vt 0.15031694 0.16251890
vt 0.20022065 0.16251890
vt 0.25012188 0.16251890
vt 0.00061078 0.21402371
vt 0.05051200 0.21402371
vt 0.10041572 0.21402371
vt 0.15031694 0.21402371
vt 0.20022065 0.21402371
vt 0.25012188 0.21402371
vt 0.00061078 0.30465529
vt 0.05051200 0.30465529
vt 0.10041572 0.30465529
vt 0.15031694 0.30465529
vt 0.20022065 0.30465529
vt 0.25012188 0.30465529
vt 0.05051200 0.40624580
vt 0.15031694 0.40624580
vt 0.25012188 0.40624580
vt 0.00061078 0.25990400
vt 0.00061078 0.36977647
vt 0.05051200 0.26601299
vt 0.05051200 0.36977647
vt 0.10041572 0.36977647
vt 0.10041572 0.25097775
vt 0.15031694 0.24184166
vt 0.15031694 0.36977647
vt 0.20022065 0.36977647
vt 0.20022065 0.24670685
vt 0.25012188 0.25990400
vt 0.25012188 0.36977647
vt 0.00061078 0.04204693
vt 0.05051200 0.04204693
vt 0.10041572 0.04204693
vt 0.15031694 0.04204693
vt 0.20022065 0.04204693
vt 0.25012188 0.04204693
vt 0.00061078 0.12538050
vt 0.05051200 0.12538050
vt 0.10041572 0.12538050
vt 0.15031694 0.12538050
vt 0.20022065 0.12538050
vt 0.25012188 0.12538050
vt 0.00061078 0.07372087
vt 0.05051200 0.07372087
vt 0.10041572 0.07372087
vt 0.15031694 0.07372087
vt 0.20022065 0.07372087
vt 0.25012188 0.07372087
vt 0.00061078 0.12229838
vt 0.05051200 0.12229838
vt 0.10041572 0.12229838
vt 0.15031694 0.12229838
vt 0.20022065 0.12229838
vt 0.25012188 0.12229838
vt 0.05051200 0.15045098
vt 0.15031694 0.15045098
vt 0.25012188 0.15045098
vt 0.00061078 0.22666637
vt 0.00061078 0.32690351
vt 0.05051200 0.23466870
vt 0.05051200 0.32690351
vt 0.10041572 0.32690351
vt 0.10041572 0.22249050
vt 0.15031694 0.21211060
vt 0.15031694 0.32690351
vt 0.20022065 0.32690351
vt 0.20022065 0.21512270
vt 0.25012188 0.22666637
vt 0.25012188 0.32690351
vt 0.00061078 0.03369995
vt 0.05051200 0.03369995
vt 0.10041572 0.03369995
vt 0.15031694 0.03369995
vt 0.20022065 0.03369995
vt 0.25012188 0.03369995
vt 0.00061078 0.15689962
vt 0.05051200 0.15689962
vt 0.10041572 0.15689962
vt 0.15031694 0.15689962
vt 0.20022065 0.15689962
vt 0.25012188 0.15689962
vt 0.00061078 0.17253414
vt 0.05051200 0.17253414
vt 0.10041572 0.17253414
vt 0.15031694 0.17253414
vt 0.20022065 0.17253414
vt 0.25012188 0.17253414
vt 0.00061078 0.25346537
vt 0.05051200 0.25346537
vt 0.10041572 0.25346537
vt 0.15031694 0.25346537
vt 0.20022065 0.25346537
vt 0.25012188 0.25346537
vt 0.05051200 0.34090478
vt 0.15031694 0.34090478
vt 0.25012188 0.34090478
vt 0.00061078 0.13712902
vt 0.00061078 0.22930380
vt 0.05051200 0.13557557
vt 0.05051200 0.22930380
vt 0.10041572 0.22930380
vt 0.10041572 0.13367723
vt 0.15031694 0.13400711
vt 0.15031694 0.22930380
vt 0.20022065 0.22930380
vt 0.20022065 0.13606004
vt 0.25012188 0.13712902
vt 0.25012188 0.22930380
vt 0.00061078 0.46709131
vt 0.05051200 0.46709131
vt 0.10041572 0.46709131
vt 0.15031694 0.46709131
vt 0.20022065 0.46709131
vt 0.25012188 0.46709131
vt 0.00061078 0.18556671
vt 0.05051200 0.18556671
vt 0.10041572 0.18556671
vt 0.15031694 0.18556671
vt 0.20022065 0.18556671
vt 0.25012188 0.18556671
vt 0.00061078 0.24536800
vt 0.05051200 0.24536800
vt 0.10041572 0.24536800
vt 0.15031694 0.24536800
vt 0.20022065 0.24536800
vt 0.25012188 0.24536800
vt 0.00061078 0.35483103
vt 0.05051200 0.35483103
vt 0.10041572 0.35483103
vt 0.15031694 0.35483103
vt 0.20022065 0.35483103
vt 0.25012188 0.35483103
vt 0.05051200 0.47218657
vt 0.15031694 0.47218657
vt 0.25012188 0.47218657
vt 0.00061078 0.07706262
vt 0.00061078 0.17539665
vt 0.05051200 0.07909577
vt 0.05051200 0.17539665
vt 0.10041572 0.17539665
vt 0.10041572 0.09089907
vt 0.15031694 0.10043483
vt 0.15031694 0.17539665
vt 0.20022065 0.17539665
vt 0.20022065 0.08741751
vt 0.25012188 0.07706262
vt 0.25012188 0.17539665
vt 0.00061078 0.42688079
vt 0.05051200 0.42688079
vt 0.10041572 0.42688079
vt 0.15031694 0.42688079
vt 0.20022065 0.42688079
vt 0.25012188 0.42688079
vt 0.00061078 0.13501607
vt 0.05051200 0.13501607
vt 0.10041572 0.13501607
vt 0.15031694 0.13501607
vt 0.20022065 0.13501607
vt 0.25012188 0.13501607
vt 0.00061078 0.25414467
vt 0.05051200 0.25414467
vt 0.10041572 0.25414467
vt 0.15031694 0.25414467
vt 0.20022065 0.25414467
vt 0.25012188 0.25414467
vt 0.00061078 0.39024639
vt 0.05051200 0.39024639
vt 0.10041572 0.39024639
vt 0.15031694 0.39024639
vt 0.20022065 0.39024639
vt 0.25012188 0.39024639
vt 0.05051200 0.01624713
vt 0.15031694 0.01624713
vt 0.25012188 0.01624713
vt 0.00061078 0.03972915
vt 0.00061078 0.11936631
vt 0.05051200 0.03555327
vt 0.05051200 0.11936631
vt 0.10041572 0.11936631
vt 0.10041572 0.03966912
vt 0.15031694 0.04791607
vt 0.15031694 0.11936631
vt 0.20022065 0.11936631
vt 0.20022065 0.04923990
vt 0.25012188 0.03972915
vt 0.25012188 0.11936631
vt 0.00061078 0.40184508
vt 0.05051200 0.40184508
vt 0.10041572 0.40184508
vt 0.15031694 0.40184508
vt 0.20022065 0.40184508
vt 0.25012188 0.40184508
vt 0.00061078 0.18163545
vt 0.05051200 0.18163545
vt 0.10041572 0.18163545
vt 0.15031694 0.18163545
vt 0.20022065 0.18163545
vt 0.25012188 0.18163545
vt 0.00061078 0.32032506
vt 0.05051200 0.32032506
vt 0.10041572 0.32032506
vt 0.15031694 0.32032506
vt 0.20022065 0.32032506
vt 0.25012188 0.32032506
vt 0.00061078 0.00374428
vt 0.05051200 0.00374428
vt 0.10041572 0.00374428
vt 0.15031694 0.00374428
vt 0.20022065 0.00374428
vt 0.25012188 0.00374428
vt 0.05051200 0.21609164
vt 0.15031694 0.21609164
vt 0.25012188 0.21609164
vt 0.00061078 0.40161047
vt 0.00061078 0.01262575
vt 0.05051200 0.39772423
vt 0.05051200 0.01262575
vt 0.10041572 0.01262575
vt 0.10041572 0.40448752
vt 0.15031694 0.41531711
vt 0.15031694 0.01262575
vt 0.20022065 0.01262575
vt 0.20022065 0.41397827
vt 0.25012188 0.40161047
vt 0.25012188 0.01262575
vt 0.00061078 0.21676618
vt 0.05051200 0.21676618
vt 0.10041572 0.21676618
vt 0.15031694 0.21676618
vt 0.20022065 0.21676618
vt 0.25012188 0.21676618
vt 0.00061078 0.40533689
vt 0.05051200 0.40533689
vt 0.10041572 0.40533689
vt 0.15031694 0.40533689
vt 0.20022065 0.40533689
vt 0.25012188 0.40533689
vt 0.00061078 0.35903215
vt 0.05051200 0.35903215
vt 0.10041572 0.35903215
vt 0.15031694 0.35903215
vt 0.20022065 0.35903215
vt 0.25012188 0.35903215
vt 0.00061078 0.35141925
vt 0.05051200 0.35141925
vt 0.10041572 0.35141925
vt 0.15031694 0.35141925
vt 0.20022065 0.35141925
vt 0.25012188 0.35141925
vt 0.05051200 0.40004678
vt 0.15031694 0.40004678
vt 0.25012188 0.40004678
vt 0.00061078 0.35122466
vt 0.00061078 0.45373957
vt 0.05051200 0.35021570
vt 0.05051200 0.45373957
vt 0.10041572 0.45373957
vt 0.10041572 0.35515091
vt 0.15031694 0.36034074
vt 0.15031694 0.45373957
vt 0.20022065 0.45373957
vt 0.20022065 0.35745369
vt 0.25012188 0.35122466
vt 0.25012188 0.45373957
vt 0.00061078 0.17769419
vt 0.05051200 0.17769419
vt 0.10041572 0.17769419
vt 0.15031694 0.17769419
vt 0.20022065 0.17769419
vt 0.25012188 0.17769419
vt 0.00061078 0.33950092
vt 0.05051200 0.33950092
vt 0.10041572 0.33950092
vt 0.15031694 0.33950092
vt 0.20022065 0.33950092
vt 0.25012188 0.33950092
vt 0.00061078 0.39719951
vt 0.05051200 0.39719951
vt 0.10041572 0.39719951
vt 0.15031694 0.39719951
vt 0.20022065 0.39719951
vt 0.25012188 0.39719951
vt 0.00061078 0.47728137
vt 0.05051200 0.47728137
vt 0.10041572 0.47728137
vt 0.15031694 0.47728137
vt 0.20022065 0.47728137
vt 0.25012188 0.47728137
vt 0.05051200 0.04098796
vt 0.15031694 0.04098796
vt 0.25012188 0.04098796
vt 0.00061078 0.25010361
vt 0.00061078 0.33446114
vt 0.05051200 0.25606278
vt 0.05051200 0.33446114
vt 0.10041572 0.33446114
vt 0.10041572 0.25757621
vt 0.15031694 0.25074790
vt 0.15031694 0.33446114
vt 0.20022065 0.33446114
vt 0.20022065 0.24742116
vt 0.25012188 0.25010361
vt 0.25012188 0.33446114
vt 0.00061078 0.10618416
vt 0.05051200 0.10618416
vt 0.10041572 0.10618416
vt 0.15031694 0.10618416
vt 0.20022065 0.10618416
vt 0.25012188 0.10618416
vt 0.00061078 0.32517023
vt 0.05051200 0.32517023
vt 0.10041572 0.32517023
vt 0.15031694 0.32517023
vt 0.20022065 0.32517023
vt 0.25012188 0.32517023
vt 0.00061078 0.46126719
vt 0.05051200 0.46126719
vt 0.10041572 0.46126719
vt 0.15031694 0.46126719
vt 0.20022065 0.46126719
vt 0.25012188 0.46126719
vt 0.00061078 0.12778808
vt 0.05051200 0.12778808
vt 0.10041572 0.12778808
vt 0.15031694 0.12778808
vt 0.20022065 0.12778808
vt 0.25012188 0.12778808
vt 0.05051200 0.28232205
vt 0.15031694 0.28232205
vt 0.25012188 0.28232205
vt 0.00061078 0.18699511
vt 0.00061078 0.26200694
vt 0.05051200 0.19020204
vt 0.05051200 0.26200694
vt 0.10041572 0.26200694
vt 0.10041572 0.18493718
vt 0.15031694 0.17985215
vt 0.15031694 0.26200694
vt 0.20022065 0.26200694
vt 0.20022065 0.18123578
vt 0.25012188 0.18699511
vt 0.25012188 0.26200694
vt 0.00061078 0.04433971
vt 0.05051200 0.04433971
vt 0.10041572 0.04433971
vt 0.15031694 0.04433971
vt 0.20022065 0.04433971
vt 0.25012188 0.04433971
vt 0.00061078 0.29303659
vt 0.05051200 0.29303659
vt 0.10041572 0.29303659
vt 0.15031694 0.29303659
vt 0.20022065 0.29303659
vt 0.25012188 0.29303659
vt 0.00061078 0.46236618
vt 0.05051200 0.46236618
vt 0.10041572 0.46236618
vt 0.15031694 0.46236618
vt 0.20022065 0.46236618
vt 0.25012188 0.46236618
vt 0.00061078 0.16229929
vt 0.05051200 0.16229929
vt 0.10041572 0.16229929
vt 0.15031694 0.16229929
vt 0.20022065 0.16229929
vt 0.25012188 0.16229929
vt 0.05051200 0.35738343
vt 0.15031694 0.35738343
vt 0.25012188 0.35738343
vt 0.00061078 0.11303748
vt 0.00061078 0.20795474
vt 0.05051200 0.12057010
vt 0.05051200 0.20795474
vt 0.10041572 0.20795474
vt 0.10041572 0.10440086
vt 0.15031694 0.09478531
vt 0.15031694 0.20795474
vt 0.20022065 0.20795474
vt 0.20022065 0.09953568
vt 0.25012188 0.11303748
vt 0.25012188 0.20795474
vt 0.00061078 0.42272492
vt 0.05051200 0.42272492
vt 0.10041572 0.42272492
vt 0.15031694 0.42272492
vt 0.20022065 0.42272492
vt 0.25012188 0.42272492
vt 0.00061078 0.07228223
vt 0.05051200 0.07228223
vt 0.10041572 0.07228223
vt 0.15031694 0.07228223
vt 0.20022065 0.07228223
vt 0.25012188 0.07228223
vt 0.00061078 0.11400666
vt 0.05051200 0.11400666
vt 0.10041572 0.11400666
vt 0.15031694 0.11400666
vt 0.20022065 0.11400666
vt 0.25012188 0.11400666
vt 0.00061078 0.19521704
vt 0.05051200 0.19521704
vt 0.10041572 0.19521704
vt 0.15031694 0.19521704
vt 0.20022065 0.19521704
vt 0.25012188 0.19521704
vt 0.05051200 0.25952433
vt 0.15031694 0.25952433
vt 0.25012188 0.25952433
vt 0.00061078 0.08474506
vt 0.00061078 0.17559625
vt 0.05051200 0.09928583
vt 0.05051200 0.17559625
vt 0.10041572 0.17559625
vt 0.10041572 0.09432084
vt 0.15031694 0.07684778
vt 0.15031694 0.17559625
vt 0.20022065 0.17559625
vt 0.20022065 0.07564398
vt 0.25012188 0.08474506
vt 0.25012188 0.17559625
vt 0.00061078 0.42515728
vt 0.05051200 0.42515728
vt 0.10041572 0.42515728
vt 0.15031694 0.42515728
vt 0.20022065 0.42515728
vt 0.25012188 0.42515728
vt 0.00061078 0.16879319
vt 0.05051200 0.16879319
vt 0.10041572 0.16879319
vt 0.15031694 0.16879319
vt 0.20022065 0.16879319
vt 0.25012188 0.16879319
vt 0.00061078 0.22006267
vt 0.05051200 0.22006267
vt 0.10041572 0.22006267
vt 0.15031694 0.22006267
vt 0.20022065 0.22006267
vt 0.25012188 0.22006267
vt 0.00061078 0.31795702
vt 0.05051200 0.31795702
vt 0.10041572 0.31795702
vt 0.15031694 0.31795702
vt 0.20022065 0.31795702
vt 0.25012188 0.31795702
vt 0.05051200 0.43527255
vt 0.15031694 0.43527255
vt 0.25012188 0.43527255
vt 0.00061078 0.00238043
vt 0.00061078 0.08321162
vt 0.05051200 0.01259050
vt 0.05051200 0.08321162
vt 0.10041572 0.08321162
vt 0.10041572 0.00875952
vt 0.15031694 0.49610328
vt 0.15031694 0.08321162
vt 0.20022065 0.08321162
vt 0.20022065 0.49503430
vt 0.25012188 0.00238043
vt 0.25012188 0.08321162
vt 0.00061078 0.35975623
vt 0.05051200 0.35975623
vt 0.10041572 0.35975623
vt 0.15031694 0.35975623
vt 0.20022065 0.35975623
vt 0.25012188 0.35975623
vt 0.00061078 0.12782810
vt 0.05051200 0.12782810
vt 0.10041572 0.12782810
vt 0.15031694 0.12782810
vt 0.20022065 0.12782810
vt 0.25012188 0.12782810
vt 0.00061078 0.25414467
vt 0.05051200 0.25414467
vt 0.10041572 0.25414467
vt 0.15031694 0.25414467
vt 0.20022065 0.25414467
vt 0.25012188 0.25414467
vt 0.00061078 0.42053171
vt 0.05051200 0.42053171
vt 0.10041572 0.42053171
vt 0.15031694 0.42053171
vt 0.20022065 0.42053171
vt 0.25012188 0.42053171
vt 0.05051200 0.07214265
vt 0.15031694 0.07214265
vt 0.25012188 0.07214265
vt 0.00061078 0.44671642
vt 0.00061078 0.02067262
vt 0.05051200 0.45085704
vt 0.05051200 0.02067262
vt 0.10041572 0.02067262
vt 0.10041572 0.45206131
vt 0.15031694 0.44800501
vt 0.15031694 0.02067262
vt 0.20022065 0.02067262
vt 0.20022065 0.44517774
vt 0.25012188 0.44671642
vt 0.25012188 0.02067262
vt 0.00061078 0.32148359
vt 0.05051200 0.32148359
vt 0.10041572 0.32148359
vt 0.15031694 0.32148359
vt 0.20022065 0.32148359
vt 0.25012188 0.32148359
vt 0.00061078 0.04872042
vt 0.05051200 0.04872042
vt 0.10041572 0.04872042
vt 0.15031694 0.04872042
vt 0.20022065 0.04872042
vt 0.25012188 0.04872042
vt 0.00061078 0.21549236
vt 0.05051200 0.21549236
vt 0.10041572 0.21549236
vt 0.15031694 0.21549236
vt 0.20022065 0.21549236
vt 0.25012188 0.21549236
vt 0.00061078 0.42130105
vt 0.05051200 0.42130105
vt 0.10041572 0.42130105
vt 0.15031694 0.42130105
vt 0.20022065 0.42130105
vt 0.25012188 0.42130105
vt 0.05051200 0.11983602
vt 0.15031694 0.11983602
vt 0.25012188 0.11983602
vt 0.00061078 0.45256579
vt 0.00061078 0.01934402
vt 0.05051200 0.44946842
vt 0.05051200 0.01934402
vt 0.10041572 0.01934402
vt 0.10041572 0.45044260
vt 0.15031694 0.45401396
vt 0.15031694 0.01934402
vt 0.20022065 0.01934402
vt 0.20022065 0.45579225
vt 0.25012188 0.45256579
vt 0.25012188 0.01934402
vt 0.00061078 0.33178370
vt 0.05051200 0.33178370
vt 0.10041572 0.33178370
vt 0.15031694 0.33178370
vt 0.20022065 0.33178370
vt 0.25012188 0.33178370
vt 0.00061078 0.13529094
vt 0.05051200 0.13529094
vt 0.10041572 0.13529094
vt 0.15031694 0.13529094
vt 0.20022065 0.13529094
vt 0.25012188 0.13529094
vt 0.00061078 0.33426131
vt 0.05051200 0.33426131
vt 0.10041572 0.33426131
vt 0.15031694 0.33426131
vt 0.20022065 0.33426131
vt 0.25012188 0.33426131
vt 0.00061078 0.07053919
vt 0.05051200 0.07053919
vt 0.10041572 0.07053919
vt 0.15031694 0.07053919
vt 0.20022065 0.07053919
vt 0.25012188 0.07053919
vt 0.05051200 0.32538508
vt 0.15031694 0.32538508
vt 0.25012188 0.32538508
vt 0.00061078 0.05315592
vt 0.00061078 0.15443702
vt 0.05051200 0.05040868
vt 0.05051200 0.15443702
vt 0.10041572 0.15443702
vt 0.10041572 0.05765167
vt 0.15031694 0.06797155
vt 0.15031694 0.15443702
vt 0.20022065 0.15443702
vt 0.20022065 0.06477462
vt 0.25012188 0.05315592
vt 0.25012188 0.15443702
vt 0.00061078 0.38769899
vt 0.05051200 0.38769899
vt 0.10041572 0.38769899
vt 0.15031694 0.38769899
vt 0.20022065 0.38769899
vt 0.25012188 0.38769899
vt 0.00061078 0.08524978
vt 0.05051200 0.08524978
vt 0.10041572 0.08524978
vt 0.15031694 0.08524978
vt 0.20022065 0.08524978
vt 0.25012188 0.08524978
vt 0.00061078 0.15536618
vt 0.05051200 0.15536618
vt 0.10041572 0.15536618
vt 0.15031694 0.15536618
vt 0.20022065 0.15536618
vt 0.25012188 0.15536618
vt 0.00061078 0.27769648
vt 0.05051200 0.27769648
vt 0.10041572 0.27769648
vt 0.15031694 0.27769648
vt 0.20022065 0.27769648
vt 0.25012188 0.27769648
vt 0.05051200 0.40700514
vt 0.15031694 0.40700514
vt 0.25012188 0.40700514
vt 0.00061078 0.01806044
vt 0.00061078 0.11363699
vt 0.05051200 0.01636193
vt 0.05051200 0.11363699
vt 0.10041572 0.11363699
vt 0.10041572 0.02574788
vt 0.15031694 0.03932447
vt 0.15031694 0.11363699
vt 0.20022065 0.11363699
vt 0.20022065 0.03280104
vt 0.25012188 0.01806044
vt 0.25012188 0.11363699
vt 0.00061078 0.37085045
vt 0.05051200 0.37085045
vt 0.10041572 0.37085045
vt 0.15031694 0.37085045
vt 0.20022065 0.37085045
vt 0.25012188 0.37085045
vt 0.00061078 0.12514065
vt 0.05051200 0.12514065
vt 0.10041572 0.12514065
vt 0.15031694 0.12514065
vt 0.20022065 0.12514065
vt 0.25012188 0.12514065
vt 0.00061078 0.20973303
vt 0.05051200 0.20973303
vt 0.10041572 0.20973303
vt 0.15031694 0.20973303
vt 0.20022065 0.20973303
vt 0.25012188 0.20973303
vt 0.00061078 0.33967574
vt 0.05051200 0.33967574
vt 0.10041572 0.33967574
vt 0.15031694 0.33967574
vt 0.20022065 0.33967574
vt 0.25012188 0.33967574
vt 0.05051200 0.46744096
vt 0.15031694 0.46744096
vt 0.25012188 0.46744096
vt 0.00061078 0.05982440
vt 0.00061078 0.13646948
vt 0.05051200 0.06207240
vt 0.05051200 0.13646948
vt 0.10041572 0.13646948
vt 0.10041572 0.07203261
vt 0.15031694 0.07882591
vt 0.15031694 0.13646948
vt 0.20022065 0.13646948
vt 0.20022065 0.06709240
vt 0.25012188 0.05982440
vt 0.25012188 0.13646948
vt 0.00061078 0.44651158
vt 0.05051200 0.44651158
vt 0.10041572 0.44651158
vt 0.15031694 0.44651158
vt 0.20022065 0.44651158
vt 0.25012188 0.44651158
vt 0.00061078 0.21184098
vt 0.05051200 0.21184098
vt 0.10041572 0.21184098
vt 0.15031694 0.21184098
vt 0.20022065 0.21184098
vt 0.25012188 0.21184098
vt 0.00061078 0.42009249
vt 0.05051200 0.42009249
vt 0.10041572 0.42009249
vt 0.15031694 0.42009249
vt 0.20022065 0.42009249
vt 0.25012188 0.42009249
vt 0.00061078 0.13341737
vt 0.05051200 0.13341737
vt 0.10041572 0.13341737
vt 0.15031694 0.13341737
vt 0.20022065 0.13341737
vt 0.25012188 0.13341737
vt 0.05051200 0.34785790
vt 0.15031694 0.34785790
vt 0.25012188 0.34785790
vt 0.00061078 0.49765673
vt 0.00061078 0.06455977
vt 0.05051200 0.49718703
vt 0.05051200 0.06455977
vt 0.10041572 0.06455977
vt 0.10041572 0.00146151
vt 0.15031694 0.00546255
vt 0.15031694 0.06455977
vt 0.20022065 0.06455977
vt 0.20022065 0.00299019
vt 0.25012188 0.49765673
vt 0.25012188 0.06455977
vt 0.00061078 0.38690988
vt 0.05051200 0.38690988
vt 0.10041572 0.38690988
vt 0.15031694 0.38690988
vt 0.20022065 0.38690988
vt 0.25012188 0.38690988
vt 0.00061078 0.20065673
vt 0.05051200 0.20065673
vt 0.10041572 0.20065673
vt 0.15031694 0.20065673
vt 0.20022065 0.20065673
vt 0.25012188 0.20065673
vt 0.00061078 0.40986718
vt 0.05051200 0.40986718
vt 0.10041572 0.40986718
vt 0.15031694 0.40986718
vt 0.20022065 0.40986718
vt 0.25012188 0.40986718
vt 0.00061078 0.14541574
vt 0.05051200 0.14541574
vt 0.10041572 0.14541574
vt 0.15031694 0.14541574
vt 0.20022065 0.14541574
vt 0.25012188 0.14541574
vt 0.05051200 0.38439702
vt 0.15031694 0.38439702
vt 0.25012188 0.38439702
vt 0.00061078 0.46269559
vt 0.00061078 0.04799610
vt 0.05051200 0.46878481
vt 0.05051200 0.04799610
vt 0.10041572 0.04799610
vt 0.10041572 0.47246621
vt 0.15031694 0.46579772
vt 0.15031694 0.04799610
vt 0.20022065 0.04799610
vt 0.20022065 0.46103234
vt 0.25012188 0.46269559
vt 0.25012188 0.04799610
vt 0.00061078 0.32229295
vt 0.05051200 0.32229295
vt 0.10041572 0.32229295
vt 0.15031694 0.32229295
vt 0.20022065 0.32229295
vt 0.25012188 0.32229295
vt 0.00061078 0.07530433
vt 0.05051200 0.07530433
vt 0.10041572 0.07530433
vt 0.15031694 0.07530433
vt 0.20022065 0.07530433
vt 0.25012188 0.07530433
vt 0.00061078 0.18919809
vt 0.05051200 0.18919809
vt 0.10041572 0.18919809
vt 0.15031694 0.18919809
vt 0.20022065 0.18919809
vt 0.25012188 0.18919809
vt 0.00061078 0.32941613
vt 0.05051200 0.32941613
vt 0.10041572 0.32941613
vt 0.15031694 0.32941613
vt 0.20022065 0.32941613
vt 0.25012188 0.32941613
vt 0.05051200 0.48403965
vt 0.15031694 0.48403965
vt 0.25012188 0.48403965
vt 0.00061078 0.43936363
vt 0.00061078 0.02042300
vt 0.05051200 0.44715587
vt 0.05051200 0.02042300
vt 0.10041572 0.02042300
vt 0.10041572 0.44528278
vt 0.15031694 0.43554217
vt 0.15031694 0.02042300
vt 0.20022065 0.02042300
vt 0.20022065 0.43396372
vt 0.25012188 0.43936363
vt 0.25012188 0.02042300
vt 0.00061078 0.29929040
vt 0.05051200 0.29929040
vt 0.10041572 0.29929040
vt 0.15031694 0.29929040
vt 0.20022065 0.29929040
vt 0.25012188 0.29929040
vt 0.00061078 0.06926537
vt 0.05051200 0.06926537
vt 0.10041572 0.06926537
vt 0.15031694 0.06926537
vt 0.20022065 0.06926537
vt 0.25012188 0.06926537
vt 0.00061078 0.19833918
vt 0.05051200 0.19833918
vt 0.10041572 0.19833918
vt 0.15031694 0.19833918
vt 0.20022065 0.19833918
vt 0.25012188 0.19833918
vt 0.00061078 0.37170458
vt 0.05051200 0.37170458
vt 0.10041572 0.37170458
vt 0.15031694 0.37170458
vt 0.20022065 0.37170458
vt 0.25012188 0.37170458
vt 0.05051200 0.04978940
vt 0.15031694 0.04978940
vt 0.25012188 0.04978940
vt 0.00061078 0.29156294
vt 0.00061078 0.35846765
vt 0.05051200 0.30057922
vt 0.05051200 0.35846765
vt 0.10041572 0.35846765
vt 0.10041572 0.29161796
vt 0.15031694 0.28175755
vt 0.15031694 0.35846765
vt 0.20022065 0.35846765
vt 0.20022065 0.28297134
vt 0.25012188 0.29156294
vt 0.25012188 0.35846765
vt 0.00061078 0.16840328
vt 0.05051200 0.16840328
vt 0.10041572 0.16840328
vt 0.15031694 0.16840328
vt 0.20022065 0.16840328
vt 0.25012188 0.16840328
vt 0.00061078 0.42969281
vt 0.05051200 0.42969281
vt 0.10041572 0.42969281
vt 0.15031694 0.42969281
vt 0.20022065 0.42969281
vt 0.25012188 0.42969281
vt 0.00061078 0.12387707
vt 0.05051200 0.12387707
vt 0.10041572 0.12387707
vt 0.15031694 0.12387707
vt 0.20022065 0.12387707
vt 0.25012188 0.12387707
vt 0.00061078 0.35086523
vt 0.05051200 0.35086523
vt 0.10041572 0.35086523
vt 0.15031694 0.35086523
vt 0.20022065 0.35086523
vt 0.25012188 0.35086523
vt 0.05051200 0.07077880
vt 0.15031694 0.07077880
vt 0.25012188 0.07077880
vt 0.00061078 0.25871498
vt 0.00061078 0.31842672
vt 0.05051200 0.26686713
vt 0.05051200 0.31842672
vt 0.10041572 0.31842672
vt 0.10041572 0.25822051
vt 0.15031694 0.24948909
vt 0.15031694 0.31842672
vt 0.20022065 0.31842672
vt 0.20022065 0.25079292
vt 0.25012188 0.25871498
vt 0.25012188 0.31842672
vt 0.00061078 0.14835304
vt 0.05051200 0.14835304
vt 0.10041572 0.14835304
vt 0.15031694 0.14835304
vt 0.20022065 0.14835304
vt 0.25012188 0.14835304
vt 0.00061078 0.42908353
vt 0.05051200 0.42908353
vt 0.10041572 0.42908353
vt 0.15031694 0.42908353
vt 0.20022065 0.42908353
vt 0.25012188 0.42908353
vt 0.00061078 0.15673956
vt 0.05051200 0.15673956
vt 0.10041572 0.15673956
vt 0.15031694 0.15673956
vt 0.20022065 0.15673956
vt 0.25012188 0.15673956
vt 0.00061078 0.40636585
vt 0.05051200 0.40636585
vt 0.10041572 0.40636585
vt 0.15031694 0.40636585
vt 0.20022065 0.40636585
vt 0.25012188 0.40636585
vt 0.05051200 0.15693440
vt 0.15031694 0.15693440
vt 0.25012188 0.15693440
vt 0.00061078 0.33360677
vt 0.00061078 0.38310844
vt 0.05051200 0.33385663
vt 0.05051200 0.38310844
vt 0.10041572 0.38310844
vt 0.10041572 0.32801727
vt 0.15031694 0.32561469
vt 0.15031694 0.38310844
vt 0.20022065 0.38310844
vt 0.20022065 0.32833715
vt 0.25012188 0.33360677
vt 0.25012188 0.38310844
vt 0.00061078 0.23365450
vt 0.05051200 0.23365450
vt 0.10041572 0.23365450
vt 0.15031694 0.23365450
vt 0.20022065 0.23365450
vt 0.25012188 0.23365450
vt 0.00061078 0.07783196
vt 0.05051200 0.07783196
vt 0.10041572 0.07783196
vt 0.15031694 0.07783196
vt 0.20022065 0.07783196
vt 0.25012188 0.07783196
vt 0.00061078 0.33128398
vt 0.05051200 0.33128398
vt 0.10041572 0.33128398
vt 0.15031694 0.33128398
vt 0.20022065 0.33128398
vt 0.25012188 0.33128398
vt 0.00061078 0.11178391
vt 0.05051200 0.11178391
vt 0.10041572 0.11178391
vt 0.15031694 0.11178391
vt 0.20022065 0.11178391
vt 0.25012188 0.11178391
vt 0.05051200 0.41155068
vt 0.15031694 0.41155068
vt 0.25012188 0.41155068
vt 0.00061078 0.19601639
vt 0.05051200 0.19601639
vt 0.10041572 0.19601639
vt 0.15031694 0.19601639
vt 0.20022065 0.19601639
vt 0.25012188 0.19601639
vt 0.00061078 0.19861881
vt 0.05051200 0.19861881
vt 0.10041572 0.19861881
vt 0.15031694 0.19861881
vt 0.20022065 0.19861881
vt 0.25012188 0.19861881
vt 0.05051200 0.27042371
vt 0.15031694 0.27042371
vt 0.25012188 0.27042371
vt 0.00061078 0.10042483
vt 0.05051200 0.10042483
vt 0.10041572 0.10042483
vt 0.15031694 0.10042483
vt 0.20022065 0.10042483
vt 0.25012188 0.10042483
vt 0.05051200 0.03914488
vt 0.15031694 0.03914488
vt 0.25012188 0.03914488
vt 0.00061078 0.12371701
vt 0.05051200 0.12371701
vt 0.10041572 0.12371701
vt 0.15031694 0.12371701
vt 0.20022065 0.12371701
vt 0.25012188 0.12371701
vt 0.05051200 0.15145994
vt 0.15031694 0.15145994
vt 0.25012188 0.15145994
vt 0.00061078 0.16856310
vt 0.05051200 0.16856310
vt 0.10041572 0.16856310
vt 0.15031694 0.16856310
vt 0.20022065 0.16856310
vt 0.25012188 0.16856310
vt 0.05051200 0.22694624
vt 0.15031694 0.22694624
vt 0.25012188 0.22694624
vt 0.00061078 0.45470374
vt 0.05051200 0.45470374
vt 0.10041572 0.45470374
vt 0.15031694 0.45470374
vt 0.20022065 0.45470374
vt 0.25012188 0.45470374
vt 0.00061078 0.14049577
vt 0.05051200 0.14049577
vt 0.10041572 0.14049577
vt 0.15031694 0.14049577
vt 0.20022065 0.14049577
vt 0.25012188 0.14049577
vt 0.05051200 0.35045032
vt 0.15031694 0.35045032
vt 0.25012188 0.35045032
vt 0.00061078 0.14738887
vt 0.05051200 0.14738887
vt 0.10041572 0.14738887
vt 0.15031694 0.14738887
vt 0.20022065 0.14738887
vt 0.25012188 0.14738887
vt 0.00061078 0.14902234
vt 0.05051200 0.14902234
vt 0.10041572 0.14902234
vt 0.15031694 0.14902234
vt 0.20022065 0.14902234
vt 0.25012188 0.14902234
vt 0.05051200 0.19395323
vt 0.15031694 0.19395323
vt 0.25012188 0.19395323
vt 0.00061078 0.17424288
vt 0.05051200 0.17424288
vt 0.10041572 0.17424288
vt 0.15031694 0.17424288
vt 0.20022065 0.17424288
vt 0.25012188 0.17424288
vt 0.00061078 0.20560194
vt 0.05051200 0.20560194
vt 0.10041572 0.20560194
vt 0.15031694 0.20560194
vt 0.20022065 0.20560194
vt 0.25012188 0.20560194
vt 0.05051200 0.25725157
vt 0.15031694 0.25725157
vt 0.25012188 0.25725157
vt 0.00061078 0.32909125
vt 0.05051200 0.32909125
vt 0.10041572 0.32909125
vt 0.15031694 0.32909125
vt 0.20022065 0.32909125
vt 0.25012188 0.32909125
vt 0.05051200 0.40992244
vt 0.15031694 0.40992244
vt 0.25012188 0.40992244
vt 0.00061078 0.31313709
vt 0.05051200 0.31313709
vt 0.10041572 0.31313709
vt 0.15031694 0.31313709
vt 0.20022065 0.31313709
vt 0.25012188 0.31313709
vt 0.00061078 0.00472323
vt 0.05051200 0.00472323
vt 0.10041572 0.00472323
vt 0.15031694 0.00472323
vt 0.20022065 0.00472323
vt 0.25012188 0.00472323
vt 0.05051200 0.19860404
vt 0.15031694 0.19860404
vt 0.25012188 0.19860404
vt 0.00061078 0.04367041
vt 0.05051200 0.04367041
vt 0.10041572 0.04367041
vt 0.15031694 0.04367041
vt 0.20022065 0.04367041
vt 0.25012188 0.04367041
vt 0.05051200 0.01402914
vt 0.15031694 0.01402914
vt 0.25012188 0.01402914
vt 0.00061078 0.17522182
vt 0.05051200 0.17522182
vt 0.10041572 0.17522182
vt 0.15031694 0.17522182
vt 0.20022065 0.17522182
vt 0.25012188 0.17522182
vt 0.05051200 0.20044712
vt 0.15031694 0.20044712
vt 0.25012188 0.20044712
vt 0.00061078 0.22856972
vt 0.05051200 0.22856972
vt 0.10041572 0.22856972
vt 0.15031694 0.22856972
vt 0.20022065 0.22856972
vt 0.25012188 0.22856972
vt 0.00061078 0.34175415
vt 0.05051200 0.34175415
vt 0.10041572 0.34175415
vt 0.15031694 0.34175415
vt 0.20022065 0.34175415
vt 0.25012188 0.34175415
vt 0.05051200 0.46851994
vt 0.15031694 0.46851994
vt 0.25012188 0.46851994
vt 0.00061078 0.29602862
vt 0.00061078 0.31337664
vt 0.02556139 0.29586380
vt 0.02556139 0.31337664
vt 0.05051200 0.31337664
vt 0.05051200 0.29667298
vt 0.07546511 0.29712255
vt 0.07546511 0.31337664
vt 0.10041572 0.31337664
vt 0.10041572 0.29635827
vt 0.12536633 0.29601862
vt 0.12536633 0.31337664
vt 0.15031694 0.31337664
vt 0.15031694 0.29535926
vt 0.17526755 0.29619345
vt 0.17526755 0.31337664
vt 0.20022065 0.31337664
vt 0.20022065 0.29701269
vt 0.22517126 0.29609353
vt 0.22517126 0.31337664
vt 0.25012188 0.31337664
vt 0.25012188 0.29602862
vt 0.00061078 0.27960965
vt 0.02556139 0.27966961
vt 0.05051200 0.28063867
vt 0.07546511 0.28103828
vt 0.10041572 0.27991935
vt 0.12536633 0.27964466
vt 0.15031694 0.27919508
vt 0.17526755 0.28019409
vt 0.20022065 0.28085345
vt 0.22517126 0.27950979
vt 0.25012188 0.27960965
vt 0.00061078 0.26480914
vt 0.02556139 0.26498897
vt 0.05051200 0.26583816
vt 0.07546511 0.26605789
vt 0.10041572 0.26501392
vt 0.12536633 0.26484409
vt 0.15031694 0.26457935
vt 0.17526755 0.26542854
vt 0.20022065 0.26580315
vt 0.22517126 0.26460436
vt 0.25012188 0.26480914
vt 0.00061078 0.25055807
vt 0.02556139 0.25076285
vt 0.05051200 0.25125238
vt 0.07546511 0.25134230
vt 0.10041572 0.25065799
vt 0.12536633 0.25059302
vt 0.15031694 0.25059302
vt 0.17526755 0.25107755
vt 0.20022065 0.25117747
vt 0.22517126 0.25038824
vt 0.25012188 0.25055807
vt 0.00061078 0.23751085
vt 0.02556139 0.23751085
vt 0.05051200 0.23751085
vt 0.07546511 0.23751085
vt 0.10041572 0.23751085
vt 0.12536633 0.23751085
vt 0.15031694 0.23751085
vt 0.17526755 0.23751085
vt 0.20022065 0.23751085
vt 0.22517126 0.23751085
vt 0.25012188 0.23751085
vt 0.00061078 0.49419994
vt 0.00061078 0.02063784
vt 0.03180029 0.49482434
vt 0.03180029 0.02063784
vt 0.06298731 0.02063784
vt 0.06298731 0.49567348
vt 0.09417682 0.49471942
vt 0.09417682 0.02063784
vt 0.12536633 0.02063784
vt 0.12536633 0.49497416
vt 0.15655585 0.49586331
vt 0.15655585 0.02063784
vt 0.18774535 0.02063784
vt 0.18774535 0.49611805
vt 0.21893236 0.49510898
vt 0.21893236 0.02063784
vt 0.25012188 0.02063784
vt 0.25012188 0.49419994
vt 0.00061078 0.47109747
vt 0.03180029 0.47177177
vt 0.06298731 0.47201663
vt 0.09417682 0.47096766
vt 0.12536633 0.47172688
vt 0.15655585 0.47266092
vt 0.18774535 0.47274584
vt 0.21893236 0.47152204
vt 0.25012188 0.47109747
vt 0.00061078 0.44997814
vt 0.03180029 0.45035780
vt 0.06298731 0.45018298
vt 0.09417682 0.44949367
vt 0.12536633 0.45024788
vt 0.15655585 0.45082227
vt 0.18774535 0.45079237
vt 0.21893236 0.44992824
vt 0.25012188 0.44997814
vt 0.00061078 0.42963803
vt 0.03180029 0.42963803
vt 0.06298731 0.42963803
vt 0.09417682 0.42963803
vt 0.12536633 0.42963803
vt 0.15655585 0.42963803
vt 0.18774535 0.42963803
vt 0.21893236 0.42963803
vt 0.25012188 0.42963803
f 1/1 2/2 3/3
f 4/4 1/1 3/3
f 1/1 5/5 3/3
f 6/6 1/1 3/3
f 7/7 8/8 9/9
f 10/10 7/7 9/9
f 11/11 12/12 13/13
f 14/14 11/11 13/13
f 15/15 16/16 17/17
f 18/18 15/15 17/17
f 15/15 19/19 17/17
f 20/20 15/15 17/17
f 21/21 22/22 23/23
f 24/24 21/21 23/23
f 25/25 26/26 23/23
f 27/27 25/25 23/23
f 28/28 29/29 30/30
f 31/31 28/28 30/30
f 32/32 33/33 34/34
f 35/35 32/32 34/34
f 36/36 37/37 38/38
f 39/39 36/36 38/38
f 36/36 40/40 41/41
f 42/42 36/36 41/41
f 43/43 44/44 45/45
f 46/46 43/43 45/45
f 47/47 48/48 45/45
f 49/49 47/47 45/45
f 50/50 51/51 52/52
f 53/53 50/50 52/52
f 54/54 55/55 56/56
f 57/57 54/54 56/56
f 58/58 59/59 60/60
f 61/61 58/58 60/60
f 58/58 62/62 60/60
f 63/63 58/58 60/60
f 64/64 65/65 66/66
f 67/67 64/64 66/66
f 68/68 69/69 66/66
f 70/70 68/68 66/66
f 71/71 72/72 73/73
f 74/74 71/71 73/73
f 71/71 75/75 76/76
f 77/77 71/71 76/76
f 78/78 79/79 80/80
f 81/81 78/78 80/80
f 78/78 82/82 83/83
f 84/84 78/78 83/83
f 85/85 86/86 87/87
f 88/88 85/85 87/87
f 85/85 89/89 90/90
f 91/91 85/85 90/90
f 92/92 93/93 94/94
f 95/95 92/92 94/94
f 96/96 97/97 98/98
f 99/99 96/96 98/98
f 100/100 101/101 102/102
f 103/103 100/100 102/102
f 104/104 105/105 102/102
f 106/106 104/104 102/102
f 107/107 108/108 109/109
f 110/110 107/107 109/109
f 111/111 112/112 113/113
f 114/114 111/111 113/113
f 115/115 116/116 117/117
f 118/118 115/115 117/117
f 115/115 119/119 120/120
f 121/121 115/115 120/120
f 122/122 123/123 124/124
f 125/125 122/122 124/124
f 126/126 127/127 124/124
f 128/128 126/126 124/124
f 129/129 130/130 131/131
f 132/132 129/129 131/131
f 133/133 134/134 131/131
f 135/135 133/133 131/131
f 136/136 137/137 138/138
f 139/139 136/136 138/138
f 136/136 140/140 138/138
f 141/141 136/136 138/138
f 142/142 143/143 144/144
f 145/145 142/142 144/144
f 146/146 147/147 144/144
f 148/148 146/146 144/144
f 149/149 150/150 151/151
f 152/152 149/149 151/151
f 149/149 153/153 154/154
f 155/155 149/149 154/154
f 156/156 157/157 158/158
f 159/159 156/156 158/158
f 156/156 160/160 158/158
f 161/161 156/156 158/158
f 162/162 163/163 164/164
f 165/165 162/162 164/164
f 162/162 166/166 164/164
f 167/167 162/162 164/164
f 168/168 169/169 170/170
f 171/171 168/168 170/170
f 168/168 172/172 173/173
f 174/174 168/168 173/173
f 175/175 176/176 177/177
f 178/178 175/175 177/177
f 175/175 179/179 180/180
f 181/181 175/175 180/180
f 182/182 183/183 184/184
f 185/185 182/182 184/184
f 186/186 187/187 188/188
f 189/189 186/186 188/188
f 190/190 191/191 192/192
f 193/193 190/190 192/192
f 194/194 195/195 192/192
f 196/196 194/194 192/192
f 197/197 198/198 199/199
f 200/200 197/197 199/199
f 197/197 201/201 202/202
f 203/203 197/197 202/202
f 204/204 205/205 206/206
f 207/207 204/204 206/206
f 204/204 208/208 206/206
f 209/209 204/204 206/206
f 210/210 211/211 212/212
f 213/213 210/210 212/212
f 210/210 214/214 212/212
f 215/215 210/210 212/212
f 216/216 217/217 218/218
f 219/219 216/216 218/218
f 220/220 221/221 218/218
f 222/222 220/220 218/218
f 223/223 224/224 225/225
f 226/226 223/223 225/225
f 227/227 228/228 225/225
f 229/229 227/227 225/225
f 230/230 231/231 232/232
f 233/233 230/230 232/232
f 230/230 234/234 232/232
f 235/235 230/230 232/232
f 236/236 237/237 238/238
f 239/239 236/236 238/238
f 240/240 241/241 238/238
f 242/242 240/240 238/238
f 243/243 244/244 245/245
f 246/246 243/243 245/245
f 243/243 247/247 248/248
f 249/249 243/243 248/248
f 250/250 251/251 252/252
f 253/253 250/250 252/252
f 250/250 254/254 252/252
f 255/255 250/250 252/252
f 256/256 257/257 258/258
f 259/259 256/256 258/258
f 260/260 261/261 262/262
f 263/263 260/260 262/262
f 264/264 265/265 266/266
f 267/267 264/264 266/266
f 264/264 268/268 266/266
f 269/269 264/264 266/266
f 270/270 271/271 272/272
f 273/273 270/270 272/272
f 274/274 275/275 272/272
f 276/276 274/274 272/272
f 277/277 278/278 279/279
f 280/280 277/277 279/279
f 277/277 281/281 279/279
f 282/282 277/277 279/279
f 283/283 284/284 285/285
f 286/286 283/283 285/285
f 283/283 287/287 285/285
f 288/288 283/283 285/285
f 289/289 290/290 291/291
f 292/292 289/289 291/291
f 293/293 294/294 291/291
f 295/295 293/293 291/291
f 296/296 297/297 298/298
f 299/299 296/296 298/298
f 296/296 300/300 298/298
f 301/301 296/296 298/298
f 302/302 303/303 304/304
f 305/305 302/302 304/304
f 302/302 306/306 307/307
f 308/308 302/302 307/307
f 309/309 310/310 311/311
f 312/312 309/309 311/311
f 313/313 314/314 315/315
f 316/316 313/313 315/315
f 317/317 318/318 319/319
f 320/320 317/317 319/319
f 317/317 321/321 322/322
f 323/323 317/317 322/322
f 324/324 325/325 326/326
f 327/327 324/324 326/326
f 328/328 329/329 330/330
f 331/331 328/328 330/330
f 332/332 333/333 334/334
f 335/335 332/332 334/334
f 332/332 336/336 337/337
f 338/338 332/332 337/337
f 339/339 340/340 341/341
f 342/342 339/339 341/341
f 339/339 343/343 344/344
f 345/345 339/339 344/344
f 346/346 347/347 348/348
f 349/349 346/346 348/348
f 350/350 351/351 348/348
f 352/352 350/350 348/348
f 353/353 354/354 355/355
f 356/356 353/353 355/355
f 353/353 357/357 355/355
f 358/358 353/353 355/355
f 359/359 360/360 361/361
f 362/362 359/359 361/361
f 363/363 364/364 365/365
f 366/366 363/363 365/365
f 367/367 368/368 369/369
f 370/370 367/367 369/369
f 367/367 371/371 372/372
f 373/373 367/367 372/372
f 374/374 375/375 376/376
f 377/377 374/374 376/376
f 374/374 378/378 379/379
f 380/380 374/374 379/379
f 381/381 382/382 383/383
f 384/384 381/381 383/383
f 381/381 385/385 386/386
f 387/387 381/381 386/386
f 388/388 389/389 390/390
f 391/391 388/388 390/390
f 392/392 393/393 390/390
f 394/394 392/392 390/390
f 395/395 396/396 397/397
f 398/398 395/395 397/397
f 399/399 400/400 401/401
f 402/402 399/399 401/401
f 403/403 404/404 405/405
f 406/406 403/403 405/405
f 403/403 407/407 408/408
f 409/409 403/403 408/408
f 410/410 411/411 412/412
f 413/413 410/410 412/412
f 414/414 415/415 412/412
f 416/416 414/414 412/412
f 417/417 418/418 419/419
f 420/420 417/417 419/419
f 421/421 422/422 423/423
f 424/424 421/421 423/423
f 425/425 426/426 427/427
f 428/428 425/425 427/427
f 425/425 429/429 430/430
f 431/431 425/425 430/430
f 432/432 433/433 434/434
f 435/435 432/432 434/434
f 432/432 436/436 437/437
f 438/438 432/432 437/437
f 439/439 440/440 441/441
f 442/442 439/439 441/441
f 439/439 443/443 441/441
f 444/444 439/439 441/441
f 445/445 446/446 447/447
f 448/448 445/445 447/447
f 449/449 450/450 447/447
f 451/451 449/449 447/447
f 452/452 453/453 454/454
f 455/455 452/452 454/454
f 452/452 456/456 457/457
f 458/458 452/452 457/457
f 459/459 460/460 461/461
f 462/462 459/459 461/461
f 459/459 463/463 461/461
f 464/464 459/459 461/461
f 465/465 466/466 467/467
f 468/468 465/465 467/467
f 469/469 470/470 467/467
f 471/471 469/469 467/467
f 472/472 473/473 474/474
f 475/475 472/472 474/474
f 472/472 476/476 477/477
f 478/478 472/472 477/477
f 479/479 480/480 481/481
f 482/482 479/479 481/481
f 479/479 483/483 481/481
f 484/484 479/479 481/481
f 485/485 486/486 487/487
f 488/488 485/485 487/487
f 485/485 489/489 487/487
f 490/490 485/485 487/487
f 491/491 492/492 493/493
f 494/494 491/491 493/493
f 491/491 495/495 496/496
f 497/497 491/491 496/496
f 498/498 499/499 500/500
f 501/501 498/498 500/500
f 502/502 503/503 500/500
f 504/504 502/502 500/500
f 505/505 506/506 507/507
f 508/508 505/505 507/507
f 505/505 509/509 510/510
f 511/511 505/505 510/510
f 512/512 513/513 514/514
f 515/515 512/512 514/514
f 516/516 517/517 514/514
f 518/518 516/516 514/514
f 519/519 520/520 521/521
f 522/522 519/519 521/521
f 519/519 523/523 521/521
f 524/524 519/519 521/521
f 525/525 526/526 527/527
f 528/528 525/525 527/527
f 525/525 529/529 527/527
f 530/530 525/525 527/527
f 531/531 532/532 533/533
f 534/534 531/531 533/533
f 531/531 535/535 536/536
f 537/537 531/531 536/536
f 538/538 539/539 540/540
f 541/541 538/538 540/540
f 542/542 543/543 540/540
f 544/544 542/542 540/540
f 545/545 546/546 547/547
f 548/548 545/545 547/547
f 545/545 549/549 547/547
f 550/550 545/545 547/547
f 551/551 552/552 553/553
f 554/554 551/551 553/553
f 551/551 555/555 556/556
f 557/557 551/551 556/556
f 558/558 559/559 560/560
f 561/561 558/558 560/560
f 562/562 563/563 560/560
f 564/564 562/562 560/560
f 565/565 566/566 567/567
f 568/568 565/565 567/567
f 565/565 569/569 567/567
f 570/570 565/565 567/567
f 571/571 572/572 573/573
f 574/574 571/571 573/573
f 571/571 575/575 576/576
f 577/577 571/571 576/576
f 578/578 579/579 580/580
f 581/581 578/578 580/580
f 578/578 582/582 580/580
f 583/583 578/578 580/580
f 584/584 585/585 586/586
f 587/587 584/584 586/586
f 584/584 588/588 586/586
f 589/589 584/584 586/586
f 590/590 591/591 592/592
f 593/593 590/590 592/592
f 590/590 594/594 592/592
f 595/595 590/590 592/592
f 596/596 597/597 598/598
f 599/599 596/596 598/598
f 600/600 601/601 598/598
f 602/602 600/600 598/598
f 603/603 604/604 605/605
f 606/606 603/603 605/605
f 603/603 607/607 605/605
f 608/608 603/603 605/605
f 609/609 610/610 611/611
f 612/612 609/609 611/611
f 613/613 614/614 615/615
f 616/616 613/613 615/615
f 617/617 618/618 619/619
f 620/620 617/617 619/619
f 621/621 622/622 623/623
f 624/624 621/621 623/623
f 625/625 626/626 627/627
f 628/628 625/625 627/627
f 625/625 629/629 627/627
f 630/630 625/625 627/627
f 631/631 632/632 633/633
f 634/634 631/631 633/633
f 635/635 636/636 633/633
f 637/637 635/635 633/633
f 638/638 639/639 640/640
f 641/641 638/638 640/640
f 638/638 642/642 640/640
f 643/643 638/638 640/640
f 644/644 645/645 646/646
f 647/647 644/644 646/646
f 644/644 648/648 646/646
f 649/649 644/644 646/646
f 650/650 651/651 652/652
f 653/653 650/650 652/652
f 650/650 654/654 652/652
f 655/655 650/650 652/652
f 656/656 657/657 658/658
f 659/659 656/656 658/658
f 656/656 660/660 658/658
f 661/661 656/656 658/658
f 662/662 663/663 664/664
f 665/665 662/662 664/664
f 666/666 667/667 668/668
f 669/669 666/666 668/668
f 670/670 671/671 672/672
f 673/673 670/670 672/672
f 670/670 674/674 675/675
f 676/676 670/670 675/675
f 677/677 678/678 679/679
f 680/680 677/677 679/679
f 681/681 682/682 679/679
f 683/683 681/681 679/679
f 684/684 685/685 686/686
f 687/687 684/684 686/686
f 684/684 688/688 686/686
f 689/689 684/684 686/686
f 690/690 691/691 692/692
f 693/693 690/690 692/692
f 694/694 695/695 696/696
f 697/697 694/694 696/696
f 698/698 699/699 700/700
f 701/701 698/698 700/700
f 698/698 702/702 703/703
f 704/704 698/698 703/703
f 705/705 706/706 707/707
f 708/708 705/705 707/707
f 705/705 709/709 707/707
f 710/710 705/705 707/707
f 711/711 712/712 713/713
f 714/714 711/711 713/713
f 711/711 715/715 716/716
f 717/717 711/711 716/716
f 718/718 719/719 720/720
f 721/721 718/718 720/720
f 722/722 723/723 720/720
f 724/724 722/722 720/720
f 725/725 726/726 727/727
f 728/728 725/725 727/727
f 725/725 729/729 727/727
f 730/730 725/725 727/727
f 731/731 732/732 733/733
f 734/734 731/731 733/733
f 731/731 735/735 733/733
f 736/736 731/731 733/733
f 737/737 738/738 739/739
f 740/740 737/737 739/739
f 741/741 742/742 743/743
f 744/744 741/741 743/743
f 745/745 746/746 747/747
f 748/748 745/745 747/747
f 745/745 749/749 750/750
f 751/751 745/745 750/750
f 752/752 753/753 754/754
f 755/755 752/752 754/754
f 752/752 756/756 754/754
f 757/757 752/752 754/754
f 758/758 759/759 760/760
f 761/761 758/758 760/760
f 762/762 763/763 764/764
f 765/765 762/762 764/764
f 766/766 767/767 768/768
f 769/769 766/766 768/768
f 770/770 771/771 772/772
f 773/773 770/770 772/772
f 774/774 775/775 776/776
f 777/777 774/774 776/776
f 774/774 778/778 779/779
f 780/780 774/774 779/779
f 781/781 782/782 783/783
f 784/784 781/781 783/783
f 785/785 786/786 787/787
f 788/788 785/785 787/787
f 789/789 790/790 791/791
f 792/792 789/789 791/791
f 789/789 793/793 791/791
f 794/794 789/789 791/791
f 795/795 796/796 797/797
f 798/798 795/795 797/797
f 795/795 799/799 797/797
f 800/800 795/795 797/797
f 801/801 802/802 803/803
f 804/804 801/801 803/803
f 805/805 806/806 807/807
f 808/808 805/805 807/807
f 809/809 810/810 811/811
f 812/812 809/809 811/811
f 813/813 814/814 815/815
f 816/816 813/813 815/815
f 817/817 818/818 819/819
f 820/820 817/817 819/819
f 817/817 821/821 822/822
f 823/823 817/817 822/822
f 824/824 825/825 826/826
f 827/827 824/824 826/826
f 828/828 829/829 830/830
f 831/831 828/828 830/830
f 832/832 833/833 834/834
f 835/835 832/832 834/834
f 836/836 837/837 834/834
f 838/838 836/836 834/834
f 839/839 840/840 841/841
f 842/842 839/839 841/841
f 839/839 843/843 844/844
f 845/845 839/839 844/844
f 846/846 847/847 848/848
f 849/849 846/846 848/848
f 850/850 851/851 848/848
f 852/852 850/850 848/848
f 853/853 854/854 855/855
f 856/856 853/853 855/855
f 857/857 858/858 859/859
f 860/860 857/857 859/859
f 861/861 862/862 863/863
f 864/864 861/861 863/863
f 861/861 865/865 863/863
f 866/866 861/861 863/863
f 867/867 868/868 869/869
f 870/870 867/867 869/869
f 871/871 872/872 869/869
f 873/873 871/871 869/869
f 874/874 875/875 876/876
f 877/877 874/874 876/876
f 874/874 878/878 876/876
f 879/879 874/874 876/876
f 880/880 881/881 882/882
f 883/883 880/880 882/882
f 880/880 884/884 885/885
f 886/886 880/880 885/885
f 887/887 888/888 889/889
f 890/890 887/887 889/889
f 887/887 891/891 889/889
f 892/892 887/887 889/889
f 893/893 894/894 895/895
f 896/896 893/893 895/895
f 893/893 897/897 895/895
f 898/898 893/893 895/895
f 899/899 900/900 901/901
f 902/902 899/899 901/901
f 899/899 903/903 904/904
f 905/905 899/899 904/904
f 906/906 907/907 908/908
f 909/909 906/906 908/908
f 910/910 911/911 912/912
f 913/913 910/910 912/912
f 914/914 915/915 916/916
f 917/917 914/914 916/916
f 918/918 919/919 920/920
f 921/921 918/918 920/920
f 922/922 923/923 924/924
f 925/925 922/922 924/924
f 922/922 926/926 927/927
f 928/928 922/922 927/927
f 929/929 930/930 931/931
f 932/932 929/929 931/931
f 933/933 934/934 931/931
f 935/935 933/933 931/931
f 936/936 937/937 938/938
f 939/939 936/936 938/938
f 936/936 940/940 941/941
f 942/942 936/936 941/941
f 943/943 944/944 945/945
f 946/946 943/943 945/945
f 943/943 947/947 948/948
f 949/949 943/943 948/948
f 950/950 951/951 952/952
f 953/953 950/950 952/952
f 950/950 954/954 952/952
f 955/955 950/950 952/952
f 956/956 957/957 958/958
f 959/959 956/956 958/958
f 956/956 960/960 958/958
f 961/961 956/956 958/958
f 962/962 963/963 964/964
f 965/965 962/962 964/964
f 966/966 967/967 968/968
f 969/969 966/966 968/968
f 970/970 971/971 972/972
f 973/973 970/970 972/972
f 970/970 974/974 972/972
f 975/975 970/970 972/972
f 976/976 977/977 978/978
f 979/979 976/976 978/978
f 976/976 980/980 981/981
f 982/982 976/976 981/981
f 983/983 984/984 985/985
f 986/986 983/983 985/985
f 983/983 987/987 988/988
f 989/989 983/983 988/988
f 990/990 991/991 992/992
f 993/993 990/990 992/992
f 990/990 994/994 995/995
f 996/996 990/990 995/995
f 997/997 998/998 999/999
f 1000/1000 997/997 999/999
f 997/997 1001/1001 1002/1002
f 1003/1003 997/997 1002/1002
f 1004/1004 1005/1005 1006/1006
f 1007/1007 1004/1004 1006/1006
f 1008/1008 1009/1009 1010/1010
f 1011/1011 1008/1008 1010/1010
f 1012/1012 1013/1013 1014/1014
f 1015/1015 1012/1012 1014/1014
f 1016/1016 1017/1017 1014/1014
f 1018/1018 1016/1016 1014/1014
f 1019/1019 1020/1020 1021/1021
f 1022/1022 1019/1019 1021/1021
f 1019/1019 1023/1023 1021/1021
f 1024/1024 1019/1019 1021/1021
f 1025/1025 1026/1026 1027/1027
f 1028/1028 1025/1025 1027/1027
f 1025/1025 1029/1029 1030/1030
f 1031/1031 1025/1025 1030/1030
f 1032/1032 1033/1033 1034/1034
f 1035/1035 1032/1032 1034/1034
f 1036/1036 1037/1037 1034/1034
f 1038/1038 1036/1036 1034/1034
f 1039/1039 1040/1040 1041/1041
f 1042/1042 1039/1039 1041/1041
f 1043/1043 1044/1044 1045/1045
f 1046/1046 1043/1043 1045/1045
f 1047/1047 1048/1048 1049/1049
f 1050/1050 1047/1047 1049/1049
f 1047/1047 1051/1051 1052/1052
f 1053/1053 1047/1047 1052/1052
f 1054/1054 1055/1055 1056/1056
f 1057/1057 1054/1054 1056/1056
f 1054/1054 1058/1058 1056/1056
f 1059/1059 1054/1054 1056/1056
f 1060/1060 1061/1061 1062/1062
f 1063/1063 1060/1060 1062/1062
f 1064/1064 1065/1065 1066/1066
f 1067/1067 1064/1064 1066/1066
f 1068/1068 1069/1069 1070/1070
f 1071/1071 1068/1068 1070/1070
f 1072/1072 1073/1073 1074/1074
f 1075/1075 1072/1072 1074/1074
f 1076/1076 1077/1077 1078/1078
f 1079/1079 1076/1076 1078/1078
f 1076/1076 1080/1080 1078/1078
f 1081/1081 1076/1076 1078/1078
f 1082/1082 1083/1083 1084/1084
f 1085/1085 1082/1082 1084/1084
f 1082/1082 1086/1086 1084/1084
f 1087/1087 1082/1082 1084/1084
f 1088/1088 1089/1089 1090/1090
f 1091/1091 1088/1088 1090/1090
f 1092/1092 1093/1093 1090/1090
f 1094/1094 1092/1092 1090/1090
f 1095/1095 1096/1096 1097/1097
f 1098/1098 1095/1095 1097/1097
f 1095/1095 1099/1099 1100/1100
f 1101/1101 1095/1095 1100/1100
f 1102/1102 1103/1103 1104/1104
f 1105/1105 1102/1102 1104/1104
f 1102/1102 1106/1106 1104/1104
f 1107/1107 1102/1102 1104/1104
f 1108/1108 1109/1109 1110/1110
f 1111/1111 1108/1108 1110/1110
f 1112/1112 1113/1113 1110/1110
f 1114/1114 1112/1112 1110/1110
f 1115/1115 1116/1116 1117/1117
f 1118/1118 1115/1115 1117/1117
f 1115/1115 1119/1119 1120/1120
f 1121/1121 1115/1115 1120/1120
f 1122/1122 1123/1123 1124/1124
f 1125/1125 1122/1122 1124/1124
f 1122/1122 1126/1126 1124/1124
f 1127/1127 1122/1122 1124/1124
f 1128/1128 1129/1129 1130/1130
f 1131/1131 1128/1128 1130/1130
f 1128/1128 1132/1132 1130/1130
f 1133/1133 1128/1128 1130/1130
f 1134/1134 1135/1135 1136/1136
f 1137/1137 1134/1134 1136/1136
f 1138/1138 1139/1139 1140/1140
f 1141/1141 1138/1138 1140/1140
f 1142/1142 1143/1143 1144/1144
f 1145/1145 1142/1142 1144/1144
f 1142/1142 1146/1146 1144/1144
f 1147/1147 1142/1142 1144/1144
f 1148/1148 1149/1149 1150/1150
f 1151/1151 1148/1148 1150/1150
f 1152/1152 1153/1153 1150/1150
f 1154/1154 1152/1152 1150/1150
f 1155/1155 1156/1156 1157/1157
f 1158/1158 1155/1155 1157/1157
f 1155/1155 1159/1159 1160/1160
f 1161/1161 1155/1155 1160/1160
f 1162/1162 1163/1163 1164/1164
f 1165/1165 1162/1162 1164/1164
f 1166/1166 1167/1167 1164/1164
f 1168/1168 1166/1166 1164/1164
f 1169/1169 1170/1170 1171/1171
f 1172/1172 1169/1169 1171/1171
f 1173/1173 1174/1174 1171/1171
f 1175/1175 1173/1173 1171/1171
f 1176/1176 1177/1177 1178/1178
f 1179/1179 1176/1176 1178/1178
f 1176/1176 1180/1180 1178/1178
f 1181/1181 1176/1176 1178/1178
f 1182/1182 1183/1183 1184/1184
f 1185/1185 1182/1182 1184/1184
f 1182/1182 1186/1186 1184/1184
f 1187/1187 1182/1182 1184/1184
f 1188/1188 1189/1189 1190/1190
f 1191/1191 1188/1188 1190/1190
f 1188/1188 1192/1192 1190/1190
f 1193/1193 1188/1188 1190/1190
f 1194/1194 1195/1195 1196/1196
f 1197/1197 1194/1194 1196/1196
f 1194/1194 1198/1198 1196/1196
f 1199/1199 1194/1194 1196/1196
f 1200/1200 1201/1201 1202/1202
f 1203/1203 1200/1200 1202/1202
f 1204/1204 1205/1205 1202/1202
f 1206/1206 1204/1204 1202/1202
f 1207/1207 1208/1208 1209/1209
f 1210/1210 1207/1207 1209/1209
f 1207/1207 1211/1211 1209/1209
f 1212/1212 1207/1207 1209/1209
f 1213/1213 1214/1214 1215/1215
f 1216/1216 1213/1213 1215/1215
f 1217/1217 1218/1218 1219/1219
f 1220/1220 1217/1217 1219/1219
f 1221/1221 1222/1222 1223/1223
f 1224/1224 1221/1221 1223/1223
f 1225/1225 1226/1226 1223/1223
f 1227/1227 1225/1225 1223/1223
f 1228/1228 1229/1229 1230/1230
f 1231/1231 1228/1228 1230/1230
f 1228/1228 1232/1232 1230/1230
f 1233/1233 1228/1228 1230/1230
f 1234/1234 1235/1235 1236/1236
f 1237/1237 1234/1234 1236/1236
f 1238/1238 1239/1239 1236/1236
f 1240/1240 1238/1238 1236/1236
f 1241/1241 1242/1242 1243/1243
f 1244/1244 1241/1241 1243/1243
f 1241/1241 1245/1245 1243/1243
f 1246/1246 1241/1241 1243/1243
f 1247/1247 1248/1248 1249/1249
f 1250/1250 1247/1247 1249/1249
f 1247/1247 1251/1251 1252/1252
f 1253/1253 1247/1247 1252/1252
f 1254/1254 1255/1255 1256/1256
f 1257/1257 1254/1254 1256/1256
f 1258/1258 1259/1259 1256/1256
f 1260/1260 1258/1258 1256/1256
f 1261/1261 1262/1262 1263/1263
f 1264/1264 1261/1261 1263/1263
f 1265/1265 1266/1266 1263/1263
f 1267/1267 1265/1265 1263/1263
f 1268/1268 1269/1269 1270/1270
f 1271/1271 1268/1268 1270/1270
f 1268/1268 1272/1272 1270/1270
f 1273/1273 1268/1268 1270/1270
f 1274/1274 1275/1275 1276/1276
f 1277/1277 1274/1274 1276/1276
f 1274/1274 1278/1278 1279/1279
f 1280/1280 1274/1274 1279/1279
f 1281/1281 1282/1282 1283/1283
f 1284/1284 1281/1281 1283/1283
f 1281/1281 1285/1285 1286/1286
f 1287/1287 1281/1281 1286/1286
f 1288/1288 1289/1289 1290/1290
f 1291/1291 1288/1288 1290/1290
f 1292/1292 1293/1293 1290/1290
f 1294/1294 1292/1292 1290/1290
f 1295/1295 1296/1296 1297/1297
f 1298/1298 1295/1295 1297/1297
f 1299/1299 1300/1300 1301/1301
f 1302/1302 1299/1299 1301/1301
f 1303/1303 1304/1304 1305/1305
f 1306/1306 1303/1303 1305/1305
f 1307/1307 1308/1308 1309/1309
f 1310/1310 1307/1307 1309/1309
f 1311/1311 1312/1312 1313/1313
f 1314/1314 1311/1311 1313/1313
f 1311/1311 1315/1315 1313/1313
f 1316/1316 1311/1311 1313/1313
f 1317/1317 1318/1318 1319/1319
f 1320/1320 1317/1317 1319/1319
f 1317/1317 1321/1321 1319/1319
f 1322/1322 1317/1317 1319/1319
f 1323/1323 1324/1324 1325/1325
f 1326/1326 1323/1323 1325/1325
f 1323/1323 1327/1327 1328/1328
f 1329/1329 1323/1323 1328/1328
f 1330/1330 1331/1331 1332/1332
f 1333/1333 1330/1330 1332/1332
f 1334/1334 1335/1335 1336/1336
f 1337/1337 1334/1334 1336/1336
f 1338/1338 1339/1339 1340/1340
f 1341/1341 1338/1338 1340/1340
f 1342/1342 1343/1343 1340/1340
f 1344/1344 1342/1342 1340/1340
f 1345/1345 1346/1346 1347/1347
f 1348/1348 1345/1345 1347/1347
f 1345/1345 1349/1349 1347/1347
f 1350/1350 1345/1345 1347/1347
f 1351/1351 1352/1352 1353/1353
f 1354/1354 1351/1351 1353/1353
f 1351/1351 1355/1355 1353/1353
f 1356/1356 1351/1351 1353/1353
f 1357/1357 1358/1358 1359/1359
f 1360/1360 1357/1357 1359/1359
f 1357/1357 1361/1361 1359/1359
f 1362/1362 1357/1357 1359/1359
f 1363/1363 1364/1364 1365/1365
f 1366/1366 1363/1363 1365/1365
f 1367/1367 1368/1368 1365/1365
f 1369/1369 1367/1367 1365/1365
f 1370/1370 1371/1371 1372/1372
f 1373/1373 1370/1370 1372/1372
f 1374/1374 1375/1375 1372/1372
f 1376/1376 1374/1374 1372/1372
f 1377/1377 1378/1378 1379/1379
f 1380/1380 1377/1377 1379/1379
f 1377/1377 1381/1381 1382/1382
f 1383/1383 1377/1377 1382/1382
f 1384/1384 1385/1385 1386/1386
f 1387/1387 1384/1384 1386/1386
f 1388/1388 1389/1389 1386/1386
f 1390/1390 1388/1388 1386/1386
f 1391/1391 1392/1392 1393/1393
f 1394/1394 1391/1391 1393/1393
f 1391/1391 1395/1395 1396/1396
f 1397/1397 1391/1391 1396/1396
f 1398/1398 1399/1399 1400/1400
f 1401/1401 1398/1398 1400/1400
f 1398/1398 1402/1402 1403/1403
f 1404/1404 1398/1398 1403/1403
f 1405/1405 1406/1406 1407/1407
f 1408/1408 1405/1405 1407/1407
f 1409/1409 1410/1410 1407/1407
f 1411/1411 1409/1409 1407/1407
f 1412/1412 1413/1413 1414/1414
f 1415/1415 1412/1412 1414/1414
f 1412/1412 1416/1416 1417/1417
f 1418/1418 1412/1412 1417/1417
f 1419/1419 1420/1420 1421/1421
f 1422/1422 1419/1419 1421/1421
f 1423/1423 1424/1424 1425/1425
f 1426/1426 1423/1423 1425/1425
f 1427/1427 1428/1428 1429/1429
f 1430/1430 1427/1427 1429/1429
f 1427/1427 1431/1431 1429/1429
f 1432/1432 1427/1427 1429/1429
f 1433/1433 1434/1434 1435/1435
f 1436/1436 1433/1433 1435/1435
f 1433/1433 1437/1437 1435/1435
f 1438/1438 1433/1433 1435/1435
f 1439/1439 1440/1440 1441/1441
f 1442/1442 1439/1439 1441/1441
f 1443/1443 1444/1444 1441/1441
f 1445/1445 1443/1443 1441/1441
f 1446/1446 1447/1447 1448/1448
f 1449/1449 1446/1446 1448/1448
f 1446/1446 1450/1450 1451/1451
f 1452/1452 1446/1446 1451/1451
f 1453/1453 1454/1454 1455/1455
f 1456/1456 1453/1453 1455/1455
f 1453/1453 1457/1457 1455/1455
f 1458/1458 1453/1453 1455/1455
f 1459/1459 1460/1460 1461/1461
f 1462/1462 1459/1459 1461/1461
f 1459/1459 1463/1463 1461/1461
f 1464/1464 1459/1459 1461/1461
f 1465/1465 1466/1466 1467/1467
f 1468/1468 1465/1465 1467/1467
f 1469/1469 1470/1470 1467/1467
f 1471/1471 1469/1469 1467/1467
f 1472/1472 1473/1473 1474/1474
f 1475/1475 1472/1472 1474/1474
f 1476/1476 1477/1477 1474/1474
f 1478/1478 1476/1476 1474/1474
f 1479/1479 1480/1480 1481/1481
f 1482/1482 1479/1479 1481/1481
f 1483/1483 1484/1484 1481/1481
f 1485/1485 1483/1483 1481/1481
f 1486/1486 1487/1487 1488/1488
f 1489/1489 1486/1486 1488/1488
f 1486/1486 1490/1490 1488/1488
f 1491/1491 1486/1486 1488/1488
f 1492/1492 1493/1493 1494/1494
f 1495/1495 1492/1492 1494/1494
f 1492/1492 1496/1496 1494/1494
f 1497/1497 1492/1492 1494/1494
f 1498/1498 1499/1499 1500/1500
f 1501/1501 1498/1498 1500/1500
f 1502/1502 1503/1503 1504/1504
f 1505/1505 1502/1502 1504/1504
f 1506/1506 1507/1507 1508/1508
f 1509/1509 1506/1506 1508/1508
f 1506/1506 1510/1510 1511/1511
f 1512/1512 1506/1506 1511/1511
f 1513/1513 1514/1514 1515/1515
f 1516/1516 1513/1513 1515/1515
f 1513/1513 1517/1517 1518/1518
f 1519/1519 1513/1513 1518/1518
f 1520/1520 1521/1521 1522/1522
f 1523/1523 1520/1520 1522/1522
f 1524/1524 1525/1525 1522/1522
f 1526/1526 1524/1524 1522/1522
f 1527/1527 1528/1528 1529/1529
f 1530/1530 1527/1527 1529/1529
f 1527/1527 1531/1531 1529/1529
f 1532/1532 1527/1527 1529/1529
f 1533/1533 1534/1534 1535/1535
f 1536/1536 1533/1533 1535/1535
f 1533/1533 1537/1537 1535/1535
f 1538/1538 1533/1533 1535/1535
f 1539/1539 1540/1540 1541/1541
f 1542/1542 1539/1539 1541/1541
f 1539/1539 1543/1543 1541/1541
f 1544/1544 1539/1539 1541/1541
f 1545/1545 1546/1546 1547/1547
f 1548/1548 1545/1545 1547/1547
f 1545/1545 1549/1549 1550/1550
f 1551/1551 1545/1545 1550/1550
f 1552/1552 1553/1553 1554/1554
f 1555/1555 1552/1552 1554/1554
f 1556/1556 1557/1557 1558/1558
f 1559/1559 1556/1556 1558/1558
f 1560/1560 1561/1561 1562/1562
f 1563/1563 1560/1560 1562/1562
f 1560/1560 1564/1564 1565/1565
f 1566/1566 1560/1560 1565/1565
f 1567/1567 1568/1568 1569/1569
f 1570/1570 1567/1567 1569/1569
f 1571/1571 1572/1572 1569/1569
f 1573/1573 1571/1571 1569/1569
f 1574/1574 1575/1575 1576/1576
f 1577/1577 1574/1574 1576/1576
f 1578/1578 1579/1579 1576/1576
f 1580/1580 1578/1578 1576/1576
f 1581/1581 1582/1582 1583/1583
f 1584/1584 1581/1581 1583/1583
f 1585/1585 1586/1586 1587/1587
f 1588/1588 1585/1585 1587/1587
f 1589/1589 1590/1590 1591/1591
f 1592/1592 1589/1589 1591/1591
f 1593/1593 1594/1594 1591/1591
f 1595/1595 1593/1593 1591/1591
f 1596/1596 1597/1597 1598/1598
f 1599/1599 1596/1596 1598/1598
f 1600/1600 1601/1601 1598/1598
f 1602/1602 1600/1600 1598/1598
f 1603/1603 1604/1604 1605/1605
f 1606/1606 1603/1603 1605/1605
f 1607/1607 1608/1608 1609/1609
f 1610/1610 1607/1607 1609/1609
f 1611/1611 1612/1612 1613/1613
f 1614/1614 1611/1611 1613/1613
f 1615/1615 1616/1616 1617/1617
f 1618/1618 1615/1615 1617/1617
f 1619/1619 1620/1620 1621/1621
f 1622/1622 1619/1619 1621/1621
f 1619/1619 1623/1623 1624/1624
f 1625/1625 1619/1619 1624/1624
f 1626/1626 1627/1627 1628/1628
f 1629/1629 1626/1626 1628/1628
f 1626/1626 1630/1630 1631/1631
f 1632/1632 1626/1626 1631/1631
f 1633/1633 1634/1634 1635/1635
f 1636/1636 1633/1633 1635/1635
f 1637/1637 1638/1638 1635/1635
f 1639/1639 1637/1637 1635/1635
f 1640/1640 1641/1641 1642/1642
f 1643/1643 1640/1640 1642/1642
f 1644/1644 1645/1645 1642/1642
f 1646/1646 1644/1644 1642/1642
f 1647/1647 1648/1648 1649/1649
f 1650/1650 1647/1647 1649/1649
f 1647/1647 1651/1651 1649/1649
f 1652/1652 1647/1647 1649/1649
f 1653/1653 1654/1654 1655/1655
f 1656/1656 1653/1653 1655/1655
f 1653/1653 1657/1657 1655/1655
f 1658/1658 1653/1653 1655/1655
f 1659/1659 1660/1660 1661/1661
f 1662/1662 1659/1659 1661/1661
f 1659/1659 1663/1663 1661/1661
f 1664/1664 1659/1659 1661/1661
f 1665/1665 1666/1666 1667/1667
f 1668/1668 1665/1665 1667/1667
f 1665/1665 1669/1669 1667/1667
f 1670/1670 1665/1665 1667/1667
f 1671/1671 1672/1672 1673/1673
f 1674/1674 1671/1671 1673/1673
f 1675/1675 1676/1676 1673/1673
f 1677/1677 1675/1675 1673/1673
f 1678/1678 1679/1679 1680/1680
f 1681/1681 1678/1678 1680/1680
f 1678/1678 1682/1682 1680/1680
f 1683/1683 1678/1678 1680/1680
f 1684/1684 1685/1685 1686/1686
f 1687/1687 1684/1684 1686/1686
f 1688/1688 1689/1689 1686/1686
f 1690/1690 1688/1688 1686/1686
f 1691/1691 1692/1692 1693/1693
f 1694/1694 1691/1691 1693/1693
f 1695/1695 1696/1696 1697/1697
f 1698/1698 1695/1695 1697/1697
f 1699/1699 1700/1700 1701/1701
f 1702/1702 1699/1699 1701/1701
f 1699/1699 1703/1703 1704/1704
f 1705/1705 1699/1699 1704/1704
f 1706/1706 1707/1707 1708/1708
f 1709/1709 1706/1706 1708/1708
f 1706/1706 1710/1710 1711/1711
f 1712/1712 1706/1706 1711/1711
f 1713/1713 1714/1714 1715/1715
f 1716/1716 1713/1713 1715/1715
f 1713/1713 1717/1717 1715/1715
f 1718/1718 1713/1713 1715/1715
f 1719/1719 1720/1720 1721/1721
f 1722/1722 1719/1719 1721/1721
f 1723/1723 1724/1724 1721/1721
f 1725/1725 1723/1723 1721/1721
f 1726/1726 1727/1727 1728/1728
f 1729/1729 1726/1726 1728/1728
f 1726/1726 1730/1730 1728/1728
f 1731/1731 1726/1726 1728/1728
f 1732/1732 1733/1733 1734/1734
f 1735/1735 1732/1732 1734/1734
f 1736/1736 1737/1737 1734/1734
f 1738/1738 1736/1736 1734/1734
f 1739/1739 1740/1740 1741/1741
f 1742/1742 1739/1739 1741/1741
f 1739/1739 1743/1743 1744/1744
f 1745/1745 1739/1739 1744/1744
f 1746/1746 1747/1747 1748/1748
f 1749/1749 1746/1746 1748/1748
f 1746/1746 1750/1750 1751/1751
f 1752/1752 1746/1746 1751/1751
f 1753/1753 1754/1754 1755/1755
f 1756/1756 1753/1753 1755/1755
f 1757/1757 1754/1754 1753/1753
f 1758/1758 1759/1759 1754/1754
f 1757/1757 1758/1758 1754/1754
f 1760/1760 1759/1759 1758/1758
f 1761/1761 1762/1762 1759/1759
f 1760/1760 1761/1761 1759/1759
f 1763/1763 1762/1762 1761/1761
f 1764/1764 1765/1765 1762/1762
f 1763/1763 1764/1764 1762/1762
f 1766/1766 1765/1765 1764/1764
f 1767/1767 1768/1768 1765/1765
f 1766/1766 1767/1767 1765/1765
f 1769/1769 1768/1768 1767/1767
f 1770/1770 1771/1771 1768/1768
f 1769/1769 1770/1770 1768/1768
f 1772/1772 1771/1771 1770/1770
f 1773/1773 1774/1774 1771/1771
f 1772/1772 1773/1773 1771/1771
f 1775/1775 1774/1774 1773/1773
f 1776/1776 1777/1777 1774/1774
f 1775/1775 1776/1776 1774/1774
f 1778/1778 1777/1777 1776/1776
f 1779/1779 1780/1780 1777/1777
f 1778/1778 1779/1779 1777/1777
f 1781/1781 1780/1780 1779/1779
f 1782/1782 1783/1783 1780/1780
f 1781/1781 1782/1782 1780/1780
f 1784/1784 1783/1783 1782/1782
f 1785/1785 1786/1786 1783/1783
f 1784/1784 1785/1785 1783/1783
f 1787/1787 1786/1786 1785/1785
f 1788/1788 1789/1789 1786/1786
f 1787/1787 1788/1788 1786/1786
f 1790/1790 1789/1789 1788/1788
f 1791/1791 1792/1792 1789/1789
f 1790/1790 1791/1791 1789/1789
f 1793/1793 1792/1792 1791/1791
f 1794/1794 1795/1795 1792/1792
f 1793/1793 1794/1794 1792/1792
f 1796/1796 1795/1795 1794/1794
f 1797/1797 1798/1798 1795/1795
f 1796/1796 1797/1797 1795/1795
f 1799/1799 1798/1798 1797/1797
f 1800/1800 1801/1801 1798/1798
f 1799/1799 1800/1800 1798/1798
f 1802/1802 1801/1801 1800/1800
f 1803/1803 1755/1755 1804/1804
f 1754/1754 1804/1804 1755/1755
f 1754/1754 1759/1759 1804/1804
f 1805/1805 1804/1804 1759/1759
f 1805/1805 1759/1759 1806/1806
f 1762/1762 1806/1806 1759/1759
f 1762/1762 1765/1765 1806/1806
f 1807/1807 1806/1806 1765/1765
f 1807/1807 1765/1765 1808/1808
f 1768/1768 1808/1808 1765/1765
f 1768/1768 1771/1771 1808/1808
f 1809/1809 1808/1808 1771/1771
f 1809/1809 1771/1771 1810/1810
f 1774/1774 1810/1810 1771/1771
f 1774/1774 1777/1777 1810/1810
f 1811/1811 1810/1810 1777/1777
f 1811/1811 1777/1777 1812/1812
f 1780/1780 1812/1812 1777/1777
f 1780/1780 1783/1783 1812/1812
f 1813/1813 1812/1812 1783/1783
f 1813/1813 1783/1783 1814/1814
f 1786/1786 1814/1814 1783/1783
f 1786/1786 1789/1789 1814/1814
f 1815/1815 1814/1814 1789/1789
f 1815/1815 1789/1789 1816/1816
f 1792/1792 1816/1816 1789/1789
f 1792/1792 1795/1795 1816/1816
f 1817/1817 1816/1816 1795/1795
f 1817/1817 1795/1795 1818/1818
f 1798/1798 1818/1818 1795/1795
f 1798/1798 1801/1801 1818/1818
f 1819/1819 1818/1818 1801/1801
f 1820/1820 1803/1803 1821/1821
f 1804/1804 1821/1821 1803/1803
f 1804/1804 1805/1805 1821/1821
f 1822/1822 1821/1821 1805/1805
f 1822/1822 1805/1805 1823/1823
f 1806/1806 1823/1823 1805/1805
f 1806/1806 1807/1807 1823/1823
f 1824/1824 1823/1823 1807/1807
f 1824/1824 1807/1807 1825/1825
f 1808/1808 1825/1825 1807/1807
f 1808/1808 1809/1809 1825/1825
f 1826/1826 1825/1825 1809/1809
f 1826/1826 1809/1809 1827/1827
f 1810/1810 1827/1827 1809/1809
f 1810/1810 1811/1811 1827/1827
f 1828/1828 1827/1827 1811/1811
f 1828/1828 1811/1811 1829/1829
f 1812/1812 1829/1829 1811/1811
f 1812/1812 1813/1813 1829/1829
f 1830/1830 1829/1829 1813/1813
f 1830/1830 1813/1813 1831/1831
f 1814/1814 1831/1831 1813/1813
f 1814/1814 1815/1815 1831/1831
f 1832/1832 1831/1831 1815/1815
f 1832/1832 1815/1815 1833/1833
f 1816/1816 1833/1833 1815/1815
f 1816/1816 1817/1817 1833/1833
f 1834/1834 1833/1833 1817/1817
f 1834/1834 1817/1817 1835/1835
f 1818/1818 1835/1835 1817/1817
f 1818/1818 1819/1819 1835/1835
f 1836/1836 1835/1835 1819/1819
f 1837/1837 1820/1820 1838/1838
f 1821/1821 1838/1838 1820/1820
f 1821/1821 1822/1822 1838/1838
f 1839/1839 1838/1838 1822/1822
f 1839/1839 1822/1822 1840/1840
f 1823/1823 1840/1840 1822/1822
f 1823/1823 1824/1824 1840/1840
f 1841/1841 1840/1840 1824/1824
f 1841/1841 1824/1824 1842/1842
f 1825/1825 1842/1842 1824/1824
f 1825/1825 1826/1826 1842/1842
f 1843/1843 1842/1842 1826/1826
f 1843/1843 1826/1826 1844/1844
f 1827/1827 1844/1844 1826/1826
f 1827/1827 1828/1828 1844/1844
f 1845/1845 1844/1844 1828/1828
f 1845/1845 1828/1828 1846/1846
f 1829/1829 1846/1846 1828/1828
f 1829/1829 1830/1830 1846/1846
f 1847/1847 1846/1846 1830/1830
f 1847/1847 1830/1830 1848/1848
f 1831/1831 1848/1848 1830/1830
f 1831/1831 1832/1832 1848/1848
f 1849/1849 1848/1848 1832/1832
f 1849/1849 1832/1832 1850/1850
f 1833/1833 1850/1850 1832/1832
f 1833/1833 1834/1834 1850/1850
f 1851/1851 1850/1850 1834/1834
f 1851/1851 1834/1834 1852/1852
f 1835/1835 1852/1852 1834/1834
f 1835/1835 1836/1836 1852/1852
f 1853/1853 1852/1852 1836/1836
f 1854/1854 1837/1837 1855/1855
f 1838/1838 1855/1855 1837/1837
f 1838/1838 1839/1839 1855/1855
f 1856/1856 1855/1855 1839/1839
f 1856/1856 1839/1839 1857/1857
f 1840/1840 1857/1857 1839/1839
f 1840/1840 1841/1841 1857/1857
f 1858/1858 1857/1857 1841/1841
f 1858/1858 1841/1841 1859/1859
f 1842/1842 1859/1859 1841/1841
f 1842/1842 1843/1843 1859/1859
f 1860/1860 1859/1859 1843/1843
f 1860/1860 1843/1843 1861/1861
f 1844/1844 1861/1861 1843/1843
f 1844/1844 1845/1845 1861/1861
f 1862/1862 1861/1861 1845/1845
f 1862/1862 1845/1845 1863/1863
f 1846/1846 1863/1863 1845/1845
f 1846/1846 1847/1847 1863/1863
f 1864/1864 1863/1863 1847/1847
f 1864/1864 1847/1847 1865/1865
f 1848/1848 1865/1865 1847/1847
f 1848/1848 1849/1849 1865/1865
f 1866/1866 1865/1865 1849/1849
f 1866/1866 1849/1849 1867/1867
f 1850/1850 1867/1867 1849/1849
f 1850/1850 1851/1851 1867/1867
f 1868/1868 1867/1867 1851/1851
f 1868/1868 1851/1851 1869/1869
f 1852/1852 1869/1869 1851/1851
f 1852/1852 1853/1853 1869/1869
f 1870/1870 1869/1869 1853/1853
f 1871/1871 1854/1854 1872/1872
f 1855/1855 1872/1872 1854/1854
f 1855/1855 1856/1856 1872/1872
f 1873/1873 1872/1872 1856/1856
f 1873/1873 1856/1856 1874/1874
f 1857/1857 1874/1874 1856/1856
f 1857/1857 1858/1858 1874/1874
f 1875/1875 1874/1874 1858/1858
f 1875/1875 1858/1858 1876/1876
f 1859/1859 1876/1876 1858/1858
f 1859/1859 1860/1860 1876/1876
f 1877/1877 1876/1876 1860/1860
f 1877/1877 1860/1860 1878/1878
f 1861/1861 1878/1878 1860/1860
f 1861/1861 1862/1862 1878/1878
f 1879/1879 1878/1878 1862/1862
f 1879/1879 1862/1862 1880/1880
f 1863/1863 1880/1880 1862/1862
f 1863/1863 1864/1864 1880/1880
f 1881/1881 1880/1880 1864/1864
f 1881/1881 1864/1864 1882/1882
f 1865/1865 1882/1882 1864/1864
f 1865/1865 1866/1866 1882/1882
f 1883/1883 1882/1882 1866/1866
f 1883/1883 1866/1866 1884/1884
f 1867/1867 1884/1884 1866/1866
f 1867/1867 1868/1868 1884/1884
f 1885/1885 1884/1884 1868/1868
f 1885/1885 1868/1868 1886/1886
f 1869/1869 1886/1886 1868/1868
f 1869/1869 1870/1870 1886/1886
f 1887/1887 1886/1886 1870/1870
f 1888/1888 1871/1871 1889/1889
f 1872/1872 1889/1889 1871/1871
f 1872/1872 1873/1873 1889/1889
f 1890/1890 1889/1889 1873/1873
f 1890/1890 1873/1873 1891/1891
f 1874/1874 1891/1891 1873/1873
f 1874/1874 1875/1875 1891/1891
f 1892/1892 1891/1891 1875/1875
f 1892/1892 1875/1875 1893/1893
f 1876/1876 1893/1893 1875/1875
f 1876/1876 1877/1877 1893/1893
f 1894/1894 1893/1893 1877/1877
f 1894/1894 1877/1877 1895/1895
f 1878/1878 1895/1895 1877/1877
f 1878/1878 1879/1879 1895/1895
f 1896/1896 1895/1895 1879/1879
f 1896/1896 1879/1879 1897/1897
f 1880/1880 1897/1897 1879/1879
f 1880/1880 1881/1881 1897/1897
f 1898/1898 1897/1897 1881/1881
f 1898/1898 1881/1881 1899/1899
f 1882/1882 1899/1899 1881/1881
f 1882/1882 1883/1883 1899/1899
f 1900/1900 1899/1899 1883/1883
f 1900/1900 1883/1883 1901/1901
f 1884/1884 1901/1901 1883/1883
f 1884/1884 1885/1885 1901/1901
f 1902/1902 1901/1901 1885/1885
f 1902/1902 1885/1885 1903/1903
f 1886/1886 1903/1903 1885/1885
f 1886/1886 1887/1887 1903/1903
f 1904/1904 1903/1903 1887/1887
f 1905/1905 1888/1888 1906/1906
f 1889/1889 1906/1906 1888/1888
f 1889/1889 1890/1890 1906/1906
f 1907/1907 1906/1906 1890/1890
f 1907/1907 1890/1890 1908/1908
f 1891/1891 1908/1908 1890/1890
f 1891/1891 1892/1892 1908/1908
f 1909/1909 1908/1908 1892/1892
f 1909/1909 1892/1892 1910/1910
f 1893/1893 1910/1910 1892/1892
f 1893/1893 1894/1894 1910/1910
f 1911/1911 1910/1910 1894/1894
f 1911/1911 1894/1894 1912/1912
f 1895/1895 1912/1912 1894/1894
f 1895/1895 1896/1896 1912/1912
f 1913/1913 1912/1912 1896/1896
f 1913/1913 1896/1896 1914/1914
f 1897/1897 1914/1914 1896/1896
f 1897/1897 1898/1898 1914/1914
f 1915/1915 1914/1914 1898/1898
f 1915/1915 1898/1898 1916/1916
f 1899/1899 1916/1916 1898/1898
f 1899/1899 1900/1900 1916/1916
f 1917/1917 1916/1916 1900/1900
f 1917/1917 1900/1900 1918/1918
f 1901/1901 1918/1918 1900/1900
f 1901/1901 1902/1902 1918/1918
f 1919/1919 1918/1918 1902/1902
f 1919/1919 1902/1902 1920/1920
f 1903/1903 1920/1920 1902/1902
f 1903/1903 1904/1904 1920/1920
f 1921/1921 1920/1920 1904/1904
f 1905/1905 1906/1906 1922/1922
f 1907/1907 1923/1923 1906/1906
f 1906/1906 1923/1923 1922/1922
f 1907/1907 1908/1908 1923/1923
f 1909/1909 1924/1924 1908/1908
f 1908/1908 1924/1924 1923/1923
f 1909/1909 1910/1910 1924/1924
f 1911/1911 1925/1925 1910/1910
f 1910/1910 1925/1925 1924/1924
f 1911/1911 1912/1912 1925/1925
f 1913/1913 1926/1926 1912/1912
f 1912/1912 1926/1926 1925/1925
f 1913/1913 1914/1914 1926/1926
f 1915/1915 1927/1927 1914/1914
f 1914/1914 1927/1927 1926/1926
f 1915/1915 1916/1916 1927/1927
f 1917/1917 1928/1928 1916/1916
f 1916/1916 1928/1928 1927/1927
f 1917/1917 1918/1918 1928/1928
f 1919/1919 1929/1929 1918/1918
f 1918/1918 1929/1929 1928/1928
f 1919/1919 1920/1920 1929/1929
f 1921/1921 1930/1930 1920/1920
f 1920/1920 1930/1930 1929/1929
f 1931/1931 1922/1922 1932/1932
f 1923/1923 1932/1932 1922/1922
f 1923/1923 1924/1924 1932/1932
f 1933/1933 1932/1932 1924/1924
f 1933/1933 1924/1924 1934/1934
f 1925/1925 1934/1934 1924/1924
f 1925/1925 1926/1926 1934/1934
f 1935/1935 1934/1934 1926/1926
f 1935/1935 1926/1926 1936/1936
f 1927/1927 1936/1936 1926/1926
f 1927/1927 1928/1928 1936/1936
f 1937/1937 1936/1936 1928/1928
f 1937/1937 1928/1928 1938/1938
f 1929/1929 1938/1938 1928/1928
f 1929/1929 1930/1930 1938/1938
f 1939/1939 1938/1938 1930/1930
f 1940/1940 1931/1931 1941/1941
f 1932/1932 1941/1941 1931/1931
f 1932/1932 1933/1933 1941/1941
f 1942/1942 1941/1941 1933/1933
f 1942/1942 1933/1933 1943/1943
f 1934/1934 1943/1943 1933/1933
f 1934/1934 1935/1935 1943/1943
f 1944/1944 1943/1943 1935/1935
f 1944/1944 1935/1935 1945/1945
f 1936/1936 1945/1945 1935/1935
f 1936/1936 1937/1937 1945/1945
f 1946/1946 1945/1945 1937/1937
f 1946/1946 1937/1937 1947/1947
f 1938/1938 1947/1947 1937/1937
f 1938/1938 1939/1939 1947/1947
f 1948/1948 1947/1947 1939/1939
f 1949/1949 1940/1940 1950/1950
f 1941/1941 1950/1950 1940/1940
f 1941/1941 1942/1942 1950/1950
f 1951/1951 1950/1950 1942/1942
f 1951/1951 1942/1942 1952/1952
f 1943/1943 1952/1952 1942/1942
f 1943/1943 1944/1944 1952/1952
f 1953/1953 1952/1952 1944/1944
f 1953/1953 1944/1944 1954/1954
f 1945/1945 1954/1954 1944/1944
f 1945/1945 1946/1946 1954/1954
f 1955/1955 1954/1954 1946/1946
f 1955/1955 1946/1946 1956/1956
f 1947/1947 1956/1956 1946/1946
f 1947/1947 1948/1948 1956/1956
f 1957/1957 1956/1956 1948/1948
f 1958/1958 1949/1949 1959/1959
f 1950/1950 1959/1959 1949/1949
f 1950/1950 1951/1951 1959/1959
f 1960/1960 1959/1959 1951/1951
f 1960/1960 1951/1951 1961/1961
f 1952/1952 1961/1961 1951/1951
f 1952/1952 1953/1953 1961/1961
f 1962/1962 1961/1961 1953/1953
f 1962/1962 1953/1953 1963/1963
f 1954/1954 1963/1963 1953/1953
f 1954/1954 1955/1955 1963/1963
f 1964/1964 1963/1963 1955/1955
f 1964/1964 1955/1955 1965/1965
f 1956/1956 1965/1965 1955/1955
f 1956/1956 1957/1957 1965/1965
f 1966/1966 1965/1965 1957/1957
f 1967/1967 1958/1958 1968/1968
f 1959/1959 1968/1968 1958/1958
f 1959/1959 1960/1960 1968/1968
f 1969/1969 1968/1968 1960/1960
f 1969/1969 1960/1960 1970/1970
f 1961/1961 1970/1970 1960/1960
f 1961/1961 1962/1962 1970/1970
f 1971/1971 1970/1970 1962/1962
f 1971/1971 1962/1962 1972/1972
f 1963/1963 1972/1972 1962/1962
f 1963/1963 1964/1964 1972/1972
f 1973/1973 1972/1972 1964/1964
f 1973/1973 1964/1964 1974/1974
f 1965/1965 1974/1974 1964/1964
f 1965/1965 1966/1966 1974/1974
f 1975/1975 1974/1974 1966/1966
f 1976/1976 1967/1967 1977/1977
f 1968/1968 1977/1977 1967/1967
f 1968/1968 1969/1969 1977/1977
f 1978/1978 1977/1977 1969/1969
f 1978/1978 1969/1969 1979/1979
f 1970/1970 1979/1979 1969/1969
f 1970/1970 1971/1971 1979/1979
f 1980/1980 1979/1979 1971/1971
f 1980/1980 1971/1971 1981/1981
f 1972/1972 1981/1981 1971/1971
f 1972/1972 1973/1973 1981/1981
f 1982/1982 1981/1981 1973/1973
f 1982/1982 1973/1973 1983/1983
f 1974/1974 1983/1983 1973/1973
f 1974/1974 1975/1975 1983/1983
f 1984/1984 1983/1983 1975/1975
f 1985/1985 1976/1976 1986/1986
f 1977/1977 1986/1986 1976/1976
f 1977/1977 1978/1978 1986/1986
f 1987/1987 1986/1986 1978/1978
f 1987/1987 1978/1978 1988/1988
f 1979/1979 1988/1988 1978/1978
f 1979/1979 1980/1980 1988/1988
f 1989/1989 1988/1988 1980/1980
f 1989/1989 1980/1980 1990/1990
f 1981/1981 1990/1990 1980/1980
f 1981/1981 1982/1982 1990/1990
f 1991/1991 1990/1990 1982/1982
f 1991/1991 1982/1982 1992/1992
f 1983/1983 1992/1992 1982/1982
f 1983/1983 1984/1984 1992/1992
f 1993/1993 1992/1992 1984/1984
f 1994/1994 1985/1985 1995/1995
f 1986/1986 1995/1995 1985/1985
f 1986/1986 1987/1987 1995/1995
f 1996/1996 1995/1995 1987/1987
f 1996/1996 1987/1987 1997/1997
f 1988/1988 1997/1997 1987/1987
f 1988/1988 1989/1989 1997/1997
f 1998/1998 1997/1997 1989/1989
f 1998/1998 1989/1989 1999/1999
f 1990/1990 1999/1999 1989/1989
f 1990/1990 1991/1991 1999/1999
f 2000/2000 1999/1999 1991/1991
f 2000/2000 1991/1991 2001/2001
f 1992/1992 2001/2001 1991/1991
f 1992/1992 1993/1993 2001/2001
f 2002/2002 2001/2001 1993/1993
f 2003/2003 1994/1994 2004/2004
f 1995/1995 2004/2004 1994/1994
f 1995/1995 1996/1996 2004/2004
f 2005/2005 2004/2004 1996/1996
f 2005/2005 1996/1996 2006/2006
f 1997/1997 2006/2006 1996/1996
f 1997/1997 1998/1998 2006/2006
f 2007/2007 2006/2006 1998/1998
f 2007/2007 1998/1998 2008/2008
f 1999/1999 2008/2008 1998/1998
f 1999/1999 2000/2000 2008/2008
f 2009/2009 2008/2008 2000/2000
f 2009/2009 2000/2000 2010/2010
f 2001/2001 2010/2010 2000/2000
f 2001/2001 2002/2002 2010/2010
f 2011/2011 2010/2010 2002/2002
f 2003/2003 2004/2004 2012/2012
f 2004/2004 2005/2005 2013/2013
f 2005/2005 2006/2006 2014/2014
f 2006/2006 2007/2007 2015/2015
f 2007/2007 2008/2008 2016/2016
f 2008/2008 2009/2009 2017/2017
f 2009/2009 2010/2010 2018/2018
f 2010/2010 2011/2011 2019/2019
f 2020/2020 1854/1854 2021/2021
f 1855/1855 2021/2021 1854/1854
f 1855/1855 1856/1856 2021/2021
f 2022/2022 2021/2021 1856/1856
f 2022/2022 1856/1856 2023/2023
f 1857/1857 2023/2023 1856/1856
f 1857/1857 1858/1858 2023/2023
f 2024/2024 2023/2023 1858/1858
f 2024/2024 1858/1858 2025/2025
f 1859/1859 2025/2025 1858/1858
f 1859/1859 1860/1860 2025/2025
f 2026/2026 2025/2025 1860/1860
f 2026/2026 1860/1860 2027/2027
f 1861/1861 2027/2027 1860/1860
f 1861/1861 1862/1862 2027/2027
f 2028/2028 2027/2027 1862/1862
f 2028/2028 1862/1862 2029/2029
f 1863/1863 2029/2029 1862/1862
f 1863/1863 1864/1864 2029/2029
f 2030/2030 2029/2029 1864/1864
f 2030/2030 1864/1864 2031/2031
f 1865/1865 2031/2031 1864/1864
f 1865/1865 1866/1866 2031/2031
f 2032/2032 2031/2031 1866/1866
f 2032/2032 1866/1866 2033/2033
f 1867/1867 2033/2033 1866/1866
f 1867/1867 1868/1868 2033/2033
f 2034/2034 2033/2033 1868/1868
f 2034/2034 1868/1868 2035/2035
f 1869/1869 2035/2035 1868/1868
f 1869/1869 1870/1870 2035/2035
f 2036/2036 2035/2035 1870/1870
f 2037/2037 2020/2020 2038/2038
f 2021/2021 2038/2038 2020/2020
f 2021/2021 2022/2022 2038/2038
f 2039/2039 2038/2038 2022/2022
f 2039/2039 2022/2022 2040/2040
f 2023/2023 2040/2040 2022/2022
f 2023/2023 2024/2024 2040/2040
f 2041/2041 2040/2040 2024/2024
f 2041/2041 2024/2024 2042/2042
f 2025/2025 2042/2042 2024/2024
f 2025/2025 2026/2026 2042/2042
f 2043/2043 2042/2042 2026/2026
f 2043/2043 2026/2026 2044/2044
f 2027/2027 2044/2044 2026/2026
f 2027/2027 2028/2028 2044/2044
f 2045/2045 2044/2044 2028/2028
f 2045/2045 2028/2028 2046/2046
f 2029/2029 2046/2046 2028/2028
f 2029/2029 2030/2030 2046/2046
f 2047/2047 2046/2046 2030/2030
f 2047/2047 2030/2030 2048/2048
f 2031/2031 2048/2048 2030/2030
f 2031/2031 2032/2032 2048/2048
f 2049/2049 2048/2048 2032/2032
f 2049/2049 2032/2032 2050/2050
f 2033/2033 2050/2050 2032/2032
f 2033/2033 2034/2034 2050/2050
f 2051/2051 2050/2050 2034/2034
f 2051/2051 2034/2034 2052/2052
f 2035/2035 2052/2052 2034/2034
f 2035/2035 2036/2036 2052/2052
f 2053/2053 2052/2052 2036/2036
f 2054/2054 2037/2037 2055/2055
f 2038/2038 2055/2055 2037/2037
f 2038/2038 2039/2039 2055/2055
f 2056/2056 2055/2055 2039/2039
f 2056/2056 2039/2039 2057/2057
f 2040/2040 2057/2057 2039/2039
f 2040/2040 2041/2041 2057/2057
f 2058/2058 2057/2057 2041/2041
f 2058/2058 2041/2041 2059/2059
f 2042/2042 2059/2059 2041/2041
f 2042/2042 2043/2043 2059/2059
f 2060/2060 2059/2059 2043/2043
f 2060/2060 2043/2043 2061/2061
f 2044/2044 2061/2061 2043/2043
f 2044/2044 2045/2045 2061/2061
f 2062/2062 2061/2061 2045/2045
f 2062/2062 2045/2045 2063/2063
f 2046/2046 2063/2063 2045/2045
f 2046/2046 2047/2047 2063/2063
f 2064/2064 2063/2063 2047/2047
f 2064/2064 2047/2047 2065/2065
f 2048/2048 2065/2065 2047/2047
f 2048/2048 2049/2049 2065/2065
f 2066/2066 2065/2065 2049/2049
f 2066/2066 2049/2049 2067/2067
f 2050/2050 2067/2067 2049/2049
f 2050/2050 2051/2051 2067/2067
f 2068/2068 2067/2067 2051/2051
f 2068/2068 2051/2051 2069/2069
f 2052/2052 2069/2069 2051/2051
f 2052/2052 2053/2053 2069/2069
f 2070/2070 2069/2069 2053/2053
f 2054/2054 2055/2055 2071/2071
f 2055/2055 2056/2056 2072/2072
f 2055/2055 2072/2072 2071/2071
f 2056/2056 2057/2057 2072/2072
f 2057/2057 2058/2058 2073/2073
f 2057/2057 2073/2073 2072/2072
f 2058/2058 2059/2059 2073/2073
f 2059/2059 2060/2060 2074/2074
f 2059/2059 2074/2074 2073/2073
f 2060/2060 2061/2061 2074/2074
f 2061/2061 2062/2062 2075/2075
f 2061/2061 2075/2075 2074/2074
f 2062/2062 2063/2063 2075/2075
f 2063/2063 2064/2064 2076/2076
f 2063/2063 2076/2076 2075/2075
f 2064/2064 2065/2065 2076/2076
f 2065/2065 2066/2066 2077/2077
f 2065/2065 2077/2077 2076/2076
f 2066/2066 2067/2067 2077/2077
f 2067/2067 2068/2068 2078/2078
f 2067/2067 2078/2078 2077/2077
f 2068/2068 2069/2069 2078/2078
f 2069/2069 2070/2070 2079/2079
f 2069/2069 2079/2079 2078/2078
f 2080/2080 2071/2071 2081/2081
f 2072/2072 2081/2081 2071/2071
f 2072/2072 2073/2073 2081/2081
f 2082/2082 2081/2081 2073/2073
f 2082/2082 2073/2073 2083/2083
f 2074/2074 2083/2083 2073/2073
f 2074/2074 2075/2075 2083/2083
f 2084/2084 2083/2083 2075/2075
f 2084/2084 2075/2075 2085/2085
f 2076/2076 2085/2085 2075/2075
f 2076/2076 2077/2077 2085/2085
f 2086/2086 2085/2085 2077/2077
f 2086/2086 2077/2077 2087/2087
f 2078/2078 2087/2087 2077/2077
f 2078/2078 2079/2079 2087/2087
f 2088/2088 2087/2087 2079/2079
f 2089/2089 2080/2080 2090/2090
f 2081/2081 2090/2090 2080/2080
f 2081/2081 2082/2082 2090/2090
f 2091/2091 2090/2090 2082/2082
f 2091/2091 2082/2082 2092/2092
f 2083/2083 2092/2092 2082/2082
f 2083/2083 2084/2084 2092/2092
f 2093/2093 2092/2092 2084/2084
f 2093/2093 2084/2084 2094/2094
f 2085/2085 2094/2094 2084/2084
f 2085/2085 2086/2086 2094/2094
f 2095/2095 2094/2094 2086/2086
f 2095/2095 2086/2086 2096/2096
f 2087/2087 2096/2096 2086/2086
f 2087/2087 2088/2088 2096/2096
f 2097/2097 2096/2096 2088/2088
f 2098/2098 2089/2089 2099/2099
f 2090/2090 2099/2099 2089/2089
f 2090/2090 2091/2091 2099/2099
f 2100/2100 2099/2099 2091/2091
f 2100/2100 2091/2091 2101/2101
f 2092/2092 2101/2101 2091/2091
f 2092/2092 2093/2093 2101/2101
f 2102/2102 2101/2101 2093/2093
f 2102/2102 2093/2093 2103/2103
f 2094/2094 2103/2103 2093/2093
f 2094/2094 2095/2095 2103/2103
f 2104/2104 2103/2103 2095/2095
f 2104/2104 2095/2095 2105/2105
f 2096/2096 2105/2105 2095/2095
f 2096/2096 2097/2097 2105/2105
f 2106/2106 2105/2105 2097/2097
f 2107/2107 2098/2098 2108/2108
f 2099/2099 2108/2108 2098/2098
f 2099/2099 2100/2100 2108/2108
f 2109/2109 2108/2108 2100/2100
f 2109/2109 2100/2100 2110/2110
f 2101/2101 2110/2110 2100/2100
f 2101/2101 2102/2102 2110/2110
f 2111/2111 2110/2110 2102/2102
f 2111/2111 2102/2102 2112/2112
f 2103/2103 2112/2112 2102/2102
f 2103/2103 2104/2104 2112/2112
f 2113/2113 2112/2112 2104/2104
f 2113/2113 2104/2104 2114/2114
f 2105/2105 2114/2114 2104/2104
f 2105/2105 2106/2106 2114/2114
f 2115/2115 2114/2114 2106/2106
f 2116/2116 2107/2107 2117/2117
f 2108/2108 2117/2117 2107/2107
f 2108/2108 2109/2109 2117/2117
f 2118/2118 2117/2117 2109/2109
f 2118/2118 2109/2109 2119/2119
f 2110/2110 2119/2119 2109/2109
f 2110/2110 2111/2111 2119/2119
f 2120/2120 2119/2119 2111/2111
f 2120/2120 2111/2111 2121/2121
f 2112/2112 2121/2121 2111/2111
f 2112/2112 2113/2113 2121/2121
f 2122/2122 2121/2121 2113/2113
f 2122/2122 2113/2113 2123/2123
f 2114/2114 2123/2123 2113/2113
f 2114/2114 2115/2115 2123/2123
f 2124/2124 2123/2123 2115/2115
f 2125/2125 2116/2116 2126/2126
f 2117/2117 2126/2126 2116/2116
f 2117/2117 2118/2118 2126/2126
f 2127/2127 2126/2126 2118/2118
f 2127/2127 2118/2118 2128/2128
f 2119/2119 2128/2128 2118/2118
f 2119/2119 2120/2120 2128/2128
f 2129/2129 2128/2128 2120/2120
f 2129/2129 2120/2120 2130/2130
f 2121/2121 2130/2130 2120/2120
f 2121/2121 2122/2122 2130/2130
f 2131/2131 2130/2130 2122/2122
f 2131/2131 2122/2122 2132/2132
f 2123/2123 2132/2132 2122/2122
f 2123/2123 2124/2124 2132/2132
f 2133/2133 2132/2132 2124/2124
f 2134/2134 2125/2125 2135/2135
f 2126/2126 2135/2135 2125/2125
f 2126/2126 2127/2127 2135/2135
f 2136/2136 2135/2135 2127/2127
f 2136/2136 2127/2127 2137/2137
f 2128/2128 2137/2137 2127/2127
f 2128/2128 2129/2129 2137/2137
f 2138/2138 2137/2137 2129/2129
f 2138/2138 2129/2129 2139/2139
f 2130/2130 2139/2139 2129/2129
f 2130/2130 2131/2131 2139/2139
f 2140/2140 2139/2139 2131/2131
f 2140/2140 2131/2131 2141/2141
f 2132/2132 2141/2141 2131/2131
f 2132/2132 2133/2133 2141/2141
f 2142/2142 2141/2141 2133/2133
f 2143/2143 2134/2134 2144/2144
f 2135/2135 2144/2144 2134/2134
f 2135/2135 2136/2136 2144/2144
f 2145/2145 2144/2144 2136/2136
f 2145/2145 2136/2136 2146/2146
f 2137/2137 2146/2146 2136/2136
f 2137/2137 2138/2138 2146/2146
f 2147/2147 2146/2146 2138/2138
f 2147/2147 2138/2138 2148/2148
f 2139/2139 2148/2148 2138/2138
f 2139/2139 2140/2140 2148/2148
f 2149/2149 2148/2148 2140/2140
f 2149/2149 2140/2140 2150/2150
f 2141/2141 2150/2150 2140/2140
f 2141/2141 2142/2142 2150/2150
f 2151/2151 2150/2150 2142/2142
f 2152/2152 2143/2143 2153/2153
f 2144/2144 2153/2153 2143/2143
f 2144/2144 2145/2145 2153/2153
f 2154/2154 2153/2153 2145/2145
f 2154/2154 2145/2145 2155/2155
f 2146/2146 2155/2155 2145/2145
f 2146/2146 2147/2147 2155/2155
f 2156/2156 2155/2155 2147/2147
f 2156/2156 2147/2147 2157/2157
f 2148/2148 2157/2157 2147/2147
f 2148/2148 2149/2149 2157/2157
f 2158/2158 2157/2157 2149/2149
f 2158/2158 2149/2149 2159/2159
f 2150/2150 2159/2159 2149/2149
f 2150/2150 2151/2151 2159/2159
f 2160/2160 2159/2159 2151/2151
f 2152/2152 2153/2153 2161/2161
f 2153/2153 2154/2154 2162/2162
f 2154/2154 2155/2155 2163/2163
f 2155/2155 2156/2156 2164/2164
f 2156/2156 2157/2157 2165/2165
f 2157/2157 2158/2158 2166/2166
f 2158/2158 2159/2159 2167/2167
f 2159/2159 2160/2160 2168/2168
f 2169/2169 2170/2170 2171/2171
f 2172/2172 2171/2171 2170/2170
f 2172/2172 2173/2173 2171/2171
f 2174/2174 2171/2171 2173/2173
f 2174/2174 2173/2173 2175/2175
f 2176/2176 2175/2175 2173/2173
f 2176/2176 2177/2177 2175/2175
f 2178/2178 2175/2175 2177/2177
f 2178/2178 2177/2177 2179/2179
f 2180/2180 2179/2179 2177/2177
f 2180/2180 2181/2181 2179/2179
f 2182/2182 2179/2179 2181/2181
f 2182/2182 2181/2181 2183/2183
f 2184/2184 2183/2183 2181/2181
f 2184/2184 2185/2185 2183/2183
f 2186/2186 2183/2183 2185/2185
f 2187/2187 2169/2169 2188/2188
f 2171/2171 2188/2188 2169/2169
f 2171/2171 2174/2174 2188/2188
f 2189/2189 2188/2188 2174/2174
f 2189/2189 2174/2174 2190/2190
f 2175/2175 2190/2190 2174/2174
f 2175/2175 2178/2178 2190/2190
f 2191/2191 2190/2190 2178/2178
f 2191/2191 2178/2178 2192/2192
f 2179/2179 2192/2192 2178/2178
f 2179/2179 2182/2182 2192/2192
f 2193/2193 2192/2192 2182/2182
f 2193/2193 2182/2182 2194/2194
f 2183/2183 2194/2194 2182/2182
f 2183/2183 2186/2186 2194/2194
f 2195/2195 2194/2194 2186/2186
f 2196/2196 2187/2187 2197/2197
f 2188/2188 2197/2197 2187/2187
f 2188/2188 2189/2189 2197/2197
f 2198/2198 2197/2197 2189/2189
f 2198/2198 2189/2189 2199/2199
f 2190/2190 2199/2199 2189/2189
f 2190/2190 2191/2191 2199/2199
f 2200/2200 2199/2199 2191/2191
f 2200/2200 2191/2191 2201/2201
f 2192/2192 2201/2201 2191/2191
f 2192/2192 2193/2193 2201/2201
f 2202/2202 2201/2201 2193/2193
f 2202/2202 2193/2193 2203/2203
f 2194/2194 2203/2203 2193/2193
f 2194/2194 2195/2195 2203/2203
f 2204/2204 2203/2203 2195/2195
f 2205/2205 2196/2196 2206/2206
f 2197/2197 2206/2206 2196/2196
f 2197/2197 2198/2198 2206/2206
f 2207/2207 2206/2206 2198/2198
f 2207/2207 2198/2198 2208/2208
f 2199/2199 2208/2208 2198/2198
f 2199/2199 2200/2200 2208/2208
f 2209/2209 2208/2208 2200/2200
f 2209/2209 2200/2200 2210/2210
f 2201/2201 2210/2210 2200/2200
f 2201/2201 2202/2202 2210/2210
f 2211/2211 2210/2210 2202/2202
f 2211/2211 2202/2202 2212/2212
f 2203/2203 2212/2212 2202/2202
f 2203/2203 2204/2204 2212/2212
f 2213/2213 2212/2212 2204/2204
f 2214/2214 2205/2205 2215/2215
f 2206/2206 2215/2215 2205/2205
f 2206/2206 2207/2207 2215/2215
f 2216/2216 2215/2215 2207/2207
f 2216/2216 2207/2207 2217/2217
f 2208/2208 2217/2217 2207/2207
f 2208/2208 2209/2209 2217/2217
f 2218/2218 2217/2217 2209/2209
f 2218/2218 2209/2209 2219/2219
f 2210/2210 2219/2219 2209/2209
f 2210/2210 2211/2211 2219/2219
f 2220/2220 2219/2219 2211/2211
f 2220/2220 2211/2211 2221/2221
f 2212/2212 2221/2221 2211/2211
f 2212/2212 2213/2213 2221/2221
f 2222/2222 2221/2221 2213/2213
f 2223/2223 2214/2214 2224/2224
f 2215/2215 2224/2224 2214/2214
f 2215/2215 2216/2216 2224/2224
f 2225/2225 2224/2224 2216/2216
f 2225/2225 2216/2216 2226/2226
f 2217/2217 2226/2226 2216/2216
f 2217/2217 2218/2218 2226/2226
f 2227/2227 2226/2226 2218/2218
f 2227/2227 2218/2218 2228/2228
f 2219/2219 2228/2228 2218/2218
f 2219/2219 2220/2220 2228/2228
f 2229/2229 2228/2228 2220/2220
f 2229/2229 2220/2220 2230/2230
f 2221/2221 2230/2230 2220/2220
f 2221/2221 2222/2222 2230/2230
f 2231/2231 2230/2230 2222/2222
f 2223/2223 2224/2224 2232/2232
f 2225/2225 2233/2233 2224/2224
f 2224/2224 2233/2233 2232/2232
f 2225/2225 2226/2226 2233/2233
f 2227/2227 2234/2234 2226/2226
f 2226/2226 2234/2234 2233/2233
f 2227/2227 2228/2228 2234/2234
f 2229/2229 2235/2235 2228/2228
f 2228/2228 2235/2235 2234/2234
f 2229/2229 2230/2230 2235/2235
f 2231/2231 2236/2236 2230/2230
f 2230/2230 2236/2236 2235/2235
f 2237/2237 2232/2232 2238/2238
f 2233/2233 2238/2238 2232/2232
f 2233/2233 2234/2234 2238/2238
f 2239/2239 2238/2238 2234/2234
f 2239/2239 2234/2234 2240/2240
f 2235/2235 2240/2240 2234/2234
f 2235/2235 2236/2236 2240/2240
f 2241/2241 2240/2240 2236/2236
f 2242/2242 2237/2237 2243/2243
f 2238/2238 2243/2243 2237/2237
f 2238/2238 2239/2239 2243/2243
f 2244/2244 2243/2243 2239/2239
f 2244/2244 2239/2239 2245/2245
f 2240/2240 2245/2245 2239/2239
f 2240/2240 2241/2241 2245/2245
f 2246/2246 2245/2245 2241/2241
f 2247/2247 2242/2242 2248/2248
f 2243/2243 2248/2248 2242/2242
f 2243/2243 2244/2244 2248/2248
f 2249/2249 2248/2248 2244/2244
f 2249/2249 2244/2244 2250/2250
f 2245/2245 2250/2250 2244/2244
f 2245/2245 2246/2246 2250/2250
f 2251/2251 2250/2250 2246/2246
f 2252/2252 2247/2247 2253/2253
f 2248/2248 2253/2253 2247/2247
f 2248/2248 2249/2249 2253/2253
f 2254/2254 2253/2253 2249/2249
f 2254/2254 2249/2249 2255/2255
f 2250/2250 2255/2255 2249/2249
f 2250/2250 2251/2251 2255/2255
f 2256/2256 2255/2255 2251/2251
f 2257/2257 2252/2252 2258/2258
f 2253/2253 2258/2258 2252/2252
f 2253/2253 2254/2254 2258/2258
f 2259/2259 2258/2258 2254/2254
f 2259/2259 2254/2254 2260/2260
f 2255/2255 2260/2260 2254/2254
f 2255/2255 2256/2256 2260/2260
f 2261/2261 2260/2260 2256/2256
f 2258/2258 2262/2262 2257/2257
f 2258/2258 2259/2259 2262/2262
f 2260/2260 2263/2263 2259/2259
f 2260/2260 2261/2261 2263/2263
f 2264/2264 2265/2265 2266/2266
f 2267/2267 2266/2266 2265/2265
f 2267/2267 2268/2268 2266/2266
f 2269/2269 2266/2266 2268/2268
f 2269/2269 2268/2268 2270/2270
f 2271/2271 2270/2270 2268/2268
f 2271/2271 2272/2272 2270/2270
f 2273/2273 2270/2270 2272/2272
f 2273/2273 2272/2272 2274/2274
f 2275/2275 2274/2274 2272/2272
f 2275/2275 2276/2276 2274/2274
f 2277/2277 2274/2274 2276/2276
f 2277/2277 2276/2276 2278/2278
f 2279/2279 2278/2278 2276/2276
f 2279/2279 2280/2280 2278/2278
f 2281/2281 2278/2278 2280/2280
f 2282/2282 2264/2264 2283/2283
f 2266/2266 2283/2283 2264/2264
f 2266/2266 2269/2269 2283/2283
f 2284/2284 2283/2283 2269/2269
f 2284/2284 2269/2269 2285/2285
f 2270/2270 2285/2285 2269/2269
f 2270/2270 2273/2273 2285/2285
f 2286/2286 2285/2285 2273/2273
f 2286/2286 2273/2273 2287/2287
f 2274/2274 2287/2287 2273/2273
f 2274/2274 2277/2277 2287/2287
f 2288/2288 2287/2287 2277/2277
f 2288/2288 2277/2277 2289/2289
f 2278/2278 2289/2289 2277/2277
f 2278/2278 2281/2281 2289/2289
f 2290/2290 2289/2289 2281/2281
f 2291/2291 2282/2282 2292/2292
f 2283/2283 2292/2292 2282/2282
f 2283/2283 2284/2284 2292/2292
f 2293/2293 2292/2292 2284/2284
f 2293/2293 2284/2284 2294/2294
f 2285/2285 2294/2294 2284/2284
f 2285/2285 2286/2286 2294/2294
f 2295/2295 2294/2294 2286/2286
f 2295/2295 2286/2286 2296/2296
f 2287/2287 2296/2296 2286/2286
f 2287/2287 2288/2288 2296/2296
f 2297/2297 2296/2296 2288/2288
f 2297/2297 2288/2288 2298/2298
f 2289/2289 2298/2298 2288/2288
f 2289/2289 2290/2290 2298/2298
f 2299/2299 2298/2298 2290/2290
f 2300/2300 2291/2291 2301/2301
f 2292/2292 2301/2301 2291/2291
f 2292/2292 2293/2293 2301/2301
f 2302/2302 2301/2301 2293/2293
f 2302/2302 2293/2293 2303/2303
f 2294/2294 2303/2303 2293/2293
f 2294/2294 2295/2295 2303/2303
f 2304/2304 2303/2303 2295/2295
f 2304/2304 2295/2295 2305/2305
f 2296/2296 2305/2305 2295/2295
f 2296/2296 2297/2297 2305/2305
f 2306/2306 2305/2305 2297/2297
f 2306/2306 2297/2297 2307/2307
f 2298/2298 2307/2307 2297/2297
f 2298/2298 2299/2299 2307/2307
f 2308/2308 2307/2307 2299/2299
f 2309/2309 2300/2300 2310/2310
f 2301/2301 2310/2310 2300/2300
f 2301/2301 2302/2302 2310/2310
f 2311/2311 2310/2310 2302/2302
f 2311/2311 2302/2302 2312/2312
f 2303/2303 2312/2312 2302/2302
f 2303/2303 2304/2304 2312/2312
f 2313/2313 2312/2312 2304/2304
f 2313/2313 2304/2304 2314/2314
f 2305/2305 2314/2314 2304/2304
f 2305/2305 2306/2306 2314/2314
f 2315/2315 2314/2314 2306/2306
f 2315/2315 2306/2306 2316/2316
f 2307/2307 2316/2316 2306/2306
f 2307/2307 2308/2308 2316/2316
f 2317/2317 2316/2316 2308/2308
f 2318/2318 2309/2309 2319/2319
f 2310/2310 2319/2319 2309/2309
f 2310/2310 2311/2311 2319/2319
f 2320/2320 2319/2319 2311/2311
f 2320/2320 2311/2311 2321/2321
f 2312/2312 2321/2321 2311/2311
f 2312/2312 2313/2313 2321/2321
f 2322/2322 2321/2321 2313/2313
f 2322/2322 2313/2313 2323/2323
f 2314/2314 2323/2323 2313/2313
f 2314/2314 2315/2315 2323/2323
f 2324/2324 2323/2323 2315/2315
f 2324/2324 2315/2315 2325/2325
f 2316/2316 2325/2325 2315/2315
f 2316/2316 2317/2317 2325/2325
f 2326/2326 2325/2325 2317/2317
f 2318/2318 2319/2319 2327/2327
f 2320/2320 2328/2328 2319/2319
f 2319/2319 2328/2328 2327/2327
f 2320/2320 2321/2321 2328/2328
f 2322/2322 2329/2329 2321/2321
f 2321/2321 2329/2329 2328/2328
f 2322/2322 2323/2323 2329/2329
f 2324/2324 2330/2330 2323/2323
f 2323/2323 2330/2330 2329/2329
f 2324/2324 2325/2325 2330/2330
f 2326/2326 2331/2331 2325/2325
f 2325/2325 2331/2331 2330/2330
f 2332/2332 2327/2327 2333/2333
f 2328/2328 2333/2333 2327/2327
f 2328/2328 2329/2329 2333/2333
f 2334/2334 2333/2333 2329/2329
f 2334/2334 2329/2329 2335/2335
f 2330/2330 2335/2335 2329/2329
f 2330/2330 2331/2331 2335/2335
f 2336/2336 2335/2335 2331/2331
f 2337/2337 2332/2332 2338/2338
f 2333/2333 2338/2338 2332/2332
f 2333/2333 2334/2334 2338/2338
f 2339/2339 2338/2338 2334/2334
f 2339/2339 2334/2334 2340/2340
f 2335/2335 2340/2340 2334/2334
f 2335/2335 2336/2336 2340/2340
f 2341/2341 2340/2340 2336/2336
f 2342/2342 2337/2337 2343/2343
f 2338/2338 2343/2343 2337/2337
f 2338/2338 2339/2339 2343/2343
f 2344/2344 2343/2343 2339/2339
f 2344/2344 2339/2339 2345/2345
f 2340/2340 2345/2345 2339/2339
f 2340/2340 2341/2341 2345/2345
f 2346/2346 2345/2345 2341/2341
f 2347/2347 2342/2342 2348/2348
f 2343/2343 2348/2348 2342/2342
f 2343/2343 2344/2344 2348/2348
f 2349/2349 2348/2348 2344/2344
f 2349/2349 2344/2344 2350/2350
f 2345/2345 2350/2350 2344/2344
f 2345/2345 2346/2346 2350/2350
f 2351/2351 2350/2350 2346/2346
f 2352/2352 2347/2347 2353/2353
f 2348/2348 2353/2353 2347/2347
f 2348/2348 2349/2349 2353/2353
f 2354/2354 2353/2353 2349/2349
f 2354/2354 2349/2349 2355/2355
f 2350/2350 2355/2355 2349/2349
f 2350/2350 2351/2351 2355/2355
f 2356/2356 2355/2355 2351/2351
f 2353/2353 2357/2357 2352/2352
f 2353/2353 2354/2354 2357/2357
f 2355/2355 2358/2358 2354/2354
f 2355/2355 2356/2356 2358/2358
f 2359/2359 2360/2360 2361/2361
f 2362/2362 2361/2361 2360/2360
f 2362/2362 2363/2363 2361/2361
f 2364/2364 2361/2361 2363/2363
f 2364/2364 2363/2363 2365/2365
f 2366/2366 2365/2365 2363/2363
f 2366/2366 2367/2367 2365/2365
f 2368/2368 2365/2365 2367/2367
f 2368/2368 2367/2367 2369/2369
f 2370/2370 2369/2369 2367/2367
f 2370/2370 2371/2371 2369/2369
f 2372/2372 2369/2369 2371/2371
f 2372/2372 2371/2371 2373/2373
f 2374/2374 2373/2373 2371/2371
f 2374/2374 2375/2375 2373/2373
f 2376/2376 2373/2373 2375/2375
f 2377/2377 2359/2359 2378/2378
f 2361/2361 2378/2378 2359/2359
f 2361/2361 2364/2364 2378/2378
f 2379/2379 2378/2378 2364/2364
f 2379/2379 2364/2364 2380/2380
f 2365/2365 2380/2380 2364/2364
f 2365/2365 2368/2368 2380/2380
f 2381/2381 2380/2380 2368/2368
f 2381/2381 2368/2368 2382/2382
f 2369/2369 2382/2382 2368/2368
f 2369/2369 2372/2372 2382/2382
f 2383/2383 2382/2382 2372/2372
f 2383/2383 2372/2372 2384/2384
f 2373/2373 2384/2384 2372/2372
f 2373/2373 2376/2376 2384/2384
f 2385/2385 2384/2384 2376/2376
f 2386/2386 2377/2377 2387/2387
f 2378/2378 2387/2387 2377/2377
f 2378/2378 2379/2379 2387/2387
f 2388/2388 2387/2387 2379/2379
f 2388/2388 2379/2379 2389/2389
f 2380/2380 2389/2389 2379/2379
f 2380/2380 2381/2381 2389/2389
f 2390/2390 2389/2389 2381/2381
f 2390/2390 2381/2381 2391/2391
f 2382/2382 2391/2391 2381/2381
f 2382/2382 2383/2383 2391/2391
f 2392/2392 2391/2391 2383/2383
f 2392/2392 2383/2383 2393/2393
f 2384/2384 2393/2393 2383/2383
f 2384/2384 2385/2385 2393/2393
f 2394/2394 2393/2393 2385/2385
f 2395/2395 2386/2386 2396/2396
f 2387/2387 2396/2396 2386/2386
f 2387/2387 2388/2388 2396/2396
f 2397/2397 2396/2396 2388/2388
f 2397/2397 2388/2388 2398/2398
f 2389/2389 2398/2398 2388/2388
f 2389/2389 2390/2390 2398/2398
f 2399/2399 2398/2398 2390/2390
f 2399/2399 2390/2390 2400/2400
f 2391/2391 2400/2400 2390/2390
f 2391/2391 2392/2392 2400/2400
f 2401/2401 2400/2400 2392/2392
f 2401/2401 2392/2392 2402/2402
f 2393/2393 2402/2402 2392/2392
f 2393/2393 2394/2394 2402/2402
f 2403/2403 2402/2402 2394/2394
f 2404/2404 2395/2395 2405/2405
f 2396/2396 2405/2405 2395/2395
f 2396/2396 2397/2397 2405/2405
f 2406/2406 2405/2405 2397/2397
f 2406/2406 2397/2397 2407/2407
f 2398/2398 2407/2407 2397/2397
f 2398/2398 2399/2399 2407/2407
f 2408/2408 2407/2407 2399/2399
f 2408/2408 2399/2399 2409/2409
f 2400/2400 2409/2409 2399/2399
f 2400/2400 2401/2401 2409/2409
f 2410/2410 2409/2409 2401/2401
f 2410/2410 2401/2401 2411/2411
f 2402/2402 2411/2411 2401/2401
f 2402/2402 2403/2403 2411/2411
f 2412/2412 2411/2411 2403/2403
f 2413/2413 2404/2404 2414/2414
f 2405/2405 2414/2414 2404/2404
f 2405/2405 2406/2406 2414/2414
f 2415/2415 2414/2414 2406/2406
f 2415/2415 2406/2406 2416/2416
f 2407/2407 2416/2416 2406/2406
f 2407/2407 2408/2408 2416/2416
f 2417/2417 2416/2416 2408/2408
f 2417/2417 2408/2408 2418/2418
f 2409/2409 2418/2418 2408/2408
f 2409/2409 2410/2410 2418/2418
f 2419/2419 2418/2418 2410/2410
f 2419/2419 2410/2410 2420/2420
f 2411/2411 2420/2420 2410/2410
f 2411/2411 2412/2412 2420/2420
f 2421/2421 2420/2420 2412/2412
f 2413/2413 2414/2414 2422/2422
f 2415/2415 2423/2423 2414/2414
f 2414/2414 2423/2423 2422/2422
f 2415/2415 2416/2416 2423/2423
f 2417/2417 2424/2424 2416/2416
f 2416/2416 2424/2424 2423/2423
f 2417/2417 2418/2418 2424/2424
f 2419/2419 2425/2425 2418/2418
f 2418/2418 2425/2425 2424/2424
f 2419/2419 2420/2420 2425/2425
f 2421/2421 2426/2426 2420/2420
f 2420/2420 2426/2426 2425/2425
f 2427/2427 2422/2422 2428/2428
f 2423/2423 2428/2428 2422/2422
f 2423/2423 2424/2424 2428/2428
f 2429/2429 2428/2428 2424/2424
f 2429/2429 2424/2424 2430/2430
f 2425/2425 2430/2430 2424/2424
f 2425/2425 2426/2426 2430/2430
f 2431/2431 2430/2430 2426/2426
f 2432/2432 2427/2427 2433/2433
f 2428/2428 2433/2433 2427/2427
f 2428/2428 2429/2429 2433/2433
f 2434/2434 2433/2433 2429/2429
f 2434/2434 2429/2429 2435/2435
f 2430/2430 2435/2435 2429/2429
f 2430/2430 2431/2431 2435/2435
f 2436/2436 2435/2435 2431/2431
f 2437/2437 2432/2432 2438/2438
f 2433/2433 2438/2438 2432/2432
f 2433/2433 2434/2434 2438/2438
f 2439/2439 2438/2438 2434/2434
f 2439/2439 2434/2434 2440/2440
f 2435/2435 2440/2440 2434/2434
f 2435/2435 2436/2436 2440/2440
f 2441/2441 2440/2440 2436/2436
f 2442/2442 2437/2437 2443/2443
f 2438/2438 2443/2443 2437/2437
f 2438/2438 2439/2439 2443/2443
f 2444/2444 2443/2443 2439/2439
f 2444/2444 2439/2439 2445/2445
f 2440/2440 2445/2445 2439/2439
f 2440/2440 2441/2441 2445/2445
f 2446/2446 2445/2445 2441/2441
f 2447/2447 2442/2442 2448/2448
f 2443/2443 2448/2448 2442/2442
f 2443/2443 2444/2444 2448/2448
f 2449/2449 2448/2448 2444/2444
f 2449/2449 2444/2444 2450/2450
f 2445/2445 2450/2450 2444/2444
f 2445/2445 2446/2446 2450/2450
f 2451/2451 2450/2450 2446/2446
f 2448/2448 2452/2452 2447/2447
f 2448/2448 2449/2449 2452/2452
f 2450/2450 2453/2453 2449/2449
f 2450/2450 2451/2451 2453/2453
f 2454/2454 2455/2455 2456/2456
f 2457/2457 2456/2456 2455/2455
f 2457/2457 2458/2458 2456/2456
f 2459/2459 2456/2456 2458/2458
f 2459/2459 2458/2458 2460/2460
f 2461/2461 2460/2460 2458/2458
f 2461/2461 2462/2462 2460/2460
f 2463/2463 2460/2460 2462/2462
f 2463/2463 2462/2462 2464/2464
f 2465/2465 2464/2464 2462/2462
f 2465/2465 2466/2466 2464/2464
f 2467/2467 2464/2464 2466/2466
f 2467/2467 2466/2466 2468/2468
f 2469/2469 2468/2468 2466/2466
f 2469/2469 2470/2470 2468/2468
f 2471/2471 2468/2468 2470/2470
f 2472/2472 2454/2454 2473/2473
f 2456/2456 2473/2473 2454/2454
f 2456/2456 2459/2459 2473/2473
f 2474/2474 2473/2473 2459/2459
f 2474/2474 2459/2459 2475/2475
f 2460/2460 2475/2475 2459/2459
f 2460/2460 2463/2463 2475/2475
f 2476/2476 2475/2475 2463/2463
f 2476/2476 2463/2463 2477/2477
f 2464/2464 2477/2477 2463/2463
f 2464/2464 2467/2467 2477/2477
f 2478/2478 2477/2477 2467/2467
f 2478/2478 2467/2467 2479/2479
f 2468/2468 2479/2479 2467/2467
f 2468/2468 2471/2471 2479/2479
f 2480/2480 2479/2479 2471/2471
f 2481/2481 2472/2472 2482/2482
f 2473/2473 2482/2482 2472/2472
f 2473/2473 2474/2474 2482/2482
f 2483/2483 2482/2482 2474/2474
f 2483/2483 2474/2474 2484/2484
f 2475/2475 2484/2484 2474/2474
f 2475/2475 2476/2476 2484/2484
f 2485/2485 2484/2484 2476/2476
f 2485/2485 2476/2476 2486/2486
f 2477/2477 2486/2486 2476/2476
f 2477/2477 2478/2478 2486/2486
f 2487/2487 2486/2486 2478/2478
f 2487/2487 2478/2478 2488/2488
f 2479/2479 2488/2488 2478/2478
f 2479/2479 2480/2480 2488/2488
f 2489/2489 2488/2488 2480/2480
f 2490/2490 2481/2481 2491/2491
f 2482/2482 2491/2491 2481/2481
f 2482/2482 2483/2483 2491/2491
f 2492/2492 2491/2491 2483/2483
f 2492/2492 2483/2483 2493/2493
f 2484/2484 2493/2493 2483/2483
f 2484/2484 2485/2485 2493/2493
f 2494/2494 2493/2493 2485/2485
f 2494/2494 2485/2485 2495/2495
f 2486/2486 2495/2495 2485/2485
f 2486/2486 2487/2487 2495/2495
f 2496/2496 2495/2495 2487/2487
f 2496/2496 2487/2487 2497/2497
f 2488/2488 2497/2497 2487/2487
f 2488/2488 2489/2489 2497/2497
f 2498/2498 2497/2497 2489/2489
f 2499/2499 2490/2490 2500/2500
f 2491/2491 2500/2500 2490/2490
f 2491/2491 2492/2492 2500/2500
f 2501/2501 2500/2500 2492/2492
f 2501/2501 2492/2492 2502/2502
f 2493/2493 2502/2502 2492/2492
f 2493/2493 2494/2494 2502/2502
f 2503/2503 2502/2502 2494/2494
f 2503/2503 2494/2494 2504/2504
f 2495/2495 2504/2504 2494/2494
f 2495/2495 2496/2496 2504/2504
f 2505/2505 2504/2504 2496/2496
f 2505/2505 2496/2496 2506/2506
f 2497/2497 2506/2506 2496/2496
f 2497/2497 2498/2498 2506/2506
f 2507/2507 2506/2506 2498/2498
f 2508/2508 2499/2499 2509/2509
f 2500/2500 2509/2509 2499/2499
f 2500/2500 2501/2501 2509/2509
f 2510/2510 2509/2509 2501/2501
f 2510/2510 2501/2501 2511/2511
f 2502/2502 2511/2511 2501/2501
f 2502/2502 2503/2503 2511/2511
f 2512/2512 2511/2511 2503/2503
f 2512/2512 2503/2503 2513/2513
f 2504/2504 2513/2513 2503/2503
f 2504/2504 2505/2505 2513/2513
f 2514/2514 2513/2513 2505/2505
f 2514/2514 2505/2505 2515/2515
f 2506/2506 2515/2515 2505/2505
f 2506/2506 2507/2507 2515/2515
f 2516/2516 2515/2515 2507/2507
f 2508/2508 2509/2509 2517/2517
f 2510/2510 2518/2518 2509/2509
f 2509/2509 2518/2518 2517/2517
f 2510/2510 2511/2511 2518/2518
f 2512/2512 2519/2519 2511/2511
f 2511/2511 2519/2519 2518/2518
f 2512/2512 2513/2513 2519/2519
f 2514/2514 2520/2520 2513/2513
f 2513/2513 2520/2520 2519/2519
f 2514/2514 2515/2515 2520/2520
f 2516/2516 2521/2521 2515/2515
f 2515/2515 2521/2521 2520/2520
f 2522/2522 2517/2517 2523/2523
f 2518/2518 2523/2523 2517/2517
f 2518/2518 2519/2519 2523/2523
f 2524/2524 2523/2523 2519/2519
f 2524/2524 2519/2519 2525/2525
f 2520/2520 2525/2525 2519/2519
f 2520/2520 2521/2521 2525/2525
f 2526/2526 2525/2525 2521/2521
f 2527/2527 2522/2522 2528/2528
f 2523/2523 2528/2528 2522/2522
f 2523/2523 2524/2524 2528/2528
f 2529/2529 2528/2528 2524/2524
f 2529/2529 2524/2524 2530/2530
f 2525/2525 2530/2530 2524/2524
f 2525/2525 2526/2526 2530/2530
f 2531/2531 2530/2530 2526/2526
f 2532/2532 2527/2527 2533/2533
f 2528/2528 2533/2533 2527/2527
f 2528/2528 2529/2529 2533/2533
f 2534/2534 2533/2533 2529/2529
f 2534/2534 2529/2529 2535/2535
f 2530/2530 2535/2535 2529/2529
f 2530/2530 2531/2531 2535/2535
f 2536/2536 2535/2535 2531/2531
f 2537/2537 2532/2532 2538/2538
f 2533/2533 2538/2538 2532/2532
f 2533/2533 2534/2534 2538/2538
f 2539/2539 2538/2538 2534/2534
f 2539/2539 2534/2534 2540/2540
f 2535/2535 2540/2540 2534/2534
f 2535/2535 2536/2536 2540/2540
f 2541/2541 2540/2540 2536/2536
f 2542/2542 2537/2537 2543/2543
f 2538/2538 2543/2543 2537/2537
f 2538/2538 2539/2539 2543/2543
f 2544/2544 2543/2543 2539/2539
f 2544/2544 2539/2539 2545/2545
f 2540/2540 2545/2545 2539/2539
f 2540/2540 2541/2541 2545/2545
f 2546/2546 2545/2545 2541/2541
f 2543/2543 2547/2547 2542/2542
f 2543/2543 2544/2544 2547/2547
f 2545/2545 2548/2548 2544/2544
f 2545/2545 2546/2546 2548/2548
f 2549/2549 2550/2550 2551/2551
f 2552/2552 2551/2551 2550/2550
f 2552/2552 2553/2553 2551/2551
f 2554/2554 2551/2551 2553/2553
f 2554/2554 2553/2553 2555/2555
f 2556/2556 2555/2555 2553/2553
f 2556/2556 2557/2557 2555/2555
f 2558/2558 2555/2555 2557/2557
f 2558/2558 2557/2557 2559/2559
f 2560/2560 2559/2559 2557/2557
f 2560/2560 2561/2561 2559/2559
f 2562/2562 2559/2559 2561/2561
f 2562/2562 2561/2561 2563/2563
f 2564/2564 2563/2563 2561/2561
f 2564/2564 2565/2565 2563/2563
f 2566/2566 2563/2563 2565/2565
f 2567/2567 2549/2549 2568/2568
f 2551/2551 2568/2568 2549/2549
f 2551/2551 2554/2554 2568/2568
f 2569/2569 2568/2568 2554/2554
f 2569/2569 2554/2554 2570/2570
f 2555/2555 2570/2570 2554/2554
f 2555/2555 2558/2558 2570/2570
f 2571/2571 2570/2570 2558/2558
f 2571/2571 2558/2558 2572/2572
f 2559/2559 2572/2572 2558/2558
f 2559/2559 2562/2562 2572/2572
f 2573/2573 2572/2572 2562/2562
f 2573/2573 2562/2562 2574/2574
f 2563/2563 2574/2574 2562/2562
f 2563/2563 2566/2566 2574/2574
f 2575/2575 2574/2574 2566/2566
f 2576/2576 2567/2567 2577/2577
f 2568/2568 2577/2577 2567/2567
f 2568/2568 2569/2569 2577/2577
f 2578/2578 2577/2577 2569/2569
f 2578/2578 2569/2569 2579/2579
f 2570/2570 2579/2579 2569/2569
f 2570/2570 2571/2571 2579/2579
f 2580/2580 2579/2579 2571/2571
f 2580/2580 2571/2571 2581/2581
f 2572/2572 2581/2581 2571/2571
f 2572/2572 2573/2573 2581/2581
f 2582/2582 2581/2581 2573/2573
f 2582/2582 2573/2573 2583/2583
f 2574/2574 2583/2583 2573/2573
f 2574/2574 2575/2575 2583/2583
f 2584/2584 2583/2583 2575/2575
f 2585/2585 2576/2576 2586/2586
f 2577/2577 2586/2586 2576/2576
f 2577/2577 2578/2578 2586/2586
f 2587/2587 2586/2586 2578/2578
f 2587/2587 2578/2578 2588/2588
f 2579/2579 2588/2588 2578/2578
f 2579/2579 2580/2580 2588/2588
f 2589/2589 2588/2588 2580/2580
f 2589/2589 2580/2580 2590/2590
f 2581/2581 2590/2590 2580/2580
f 2581/2581 2582/2582 2590/2590
f 2591/2591 2590/2590 2582/2582
f 2591/2591 2582/2582 2592/2592
f 2583/2583 2592/2592 2582/2582
f 2583/2583 2584/2584 2592/2592
f 2593/2593 2592/2592 2584/2584
f 2594/2594 2585/2585 2595/2595
f 2586/2586 2595/2595 2585/2585
f 2586/2586 2587/2587 2595/2595
f 2596/2596 2595/2595 2587/2587
f 2596/2596 2587/2587 2597/2597
f 2588/2588 2597/2597 2587/2587
f 2588/2588 2589/2589 2597/2597
f 2598/2598 2597/2597 2589/2589
f 2598/2598 2589/2589 2599/2599
f 2590/2590 2599/2599 2589/2589
f 2590/2590 2591/2591 2599/2599
f 2600/2600 2599/2599 2591/2591
f 2600/2600 2591/2591 2601/2601
f 2592/2592 2601/2601 2591/2591
f 2592/2592 2593/2593 2601/2601
f 2602/2602 2601/2601 2593/2593
f 2603/2603 2594/2594 2604/2604
f 2595/2595 2604/2604 2594/2594
f 2595/2595 2596/2596 2604/2604
f 2605/2605 2604/2604 2596/2596
f 2605/2605 2596/2596 2606/2606
f 2597/2597 2606/2606 2596/2596
f 2597/2597 2598/2598 2606/2606
f 2607/2607 2606/2606 2598/2598
f 2607/2607 2598/2598 2608/2608
f 2599/2599 2608/2608 2598/2598
f 2599/2599 2600/2600 2608/2608
f 2609/2609 2608/2608 2600/2600
f 2609/2609 2600/2600 2610/2610
f 2601/2601 2610/2610 2600/2600
f 2601/2601 2602/2602 2610/2610
f 2611/2611 2610/2610 2602/2602
f 2603/2603 2604/2604 2612/2612
f 2605/2605 2613/2613 2604/2604
f 2604/2604 2613/2613 2612/2612
f 2605/2605 2606/2606 2613/2613
f 2607/2607 2614/2614 2606/2606
f 2606/2606 2614/2614 2613/2613
f 2607/2607 2608/2608 2614/2614
f 2609/2609 2615/2615 2608/2608
f 2608/2608 2615/2615 2614/2614
f 2609/2609 2610/2610 2615/2615
f 2611/2611 2616/2616 2610/2610
f 2610/2610 2616/2616 2615/2615
f 2617/2617 2612/2612 2618/2618
f 2613/2613 2618/2618 2612/2612
f 2613/2613 2614/2614 2618/2618
f 2619/2619 2618/2618 2614/2614
f 2619/2619 2614/2614 2620/2620
f 2615/2615 2620/2620 2614/2614
f 2615/2615 2616/2616 2620/2620
f 2621/2621 2620/2620 2616/2616
f 2622/2622 2617/2617 2623/2623
f 2618/2618 2623/2623 2617/2617
f 2618/2618 2619/2619 2623/2623
f 2624/2624 2623/2623 2619/2619
f 2624/2624 2619/2619 2625/2625
f 2620/2620 2625/2625 2619/2619
f 2620/2620 2621/2621 2625/2625
f 2626/2626 2625/2625 2621/2621
f 2627/2627 2622/2622 2628/2628
f 2623/2623 2628/2628 2622/2622
f 2623/2623 2624/2624 2628/2628
f 2629/2629 2628/2628 2624/2624
f 2629/2629 2624/2624 2630/2630
f 2625/2625 2630/2630 2624/2624
f 2625/2625 2626/2626 2630/2630
f 2631/2631 2630/2630 2626/2626
f 2632/2632 2627/2627 2633/2633
f 2628/2628 2633/2633 2627/2627
f 2628/2628 2629/2629 2633/2633
f 2634/2634 2633/2633 2629/2629
f 2634/2634 2629/2629 2635/2635
f 2630/2630 2635/2635 2629/2629
f 2630/2630 2631/2631 2635/2635
f 2636/2636 2635/2635 2631/2631
f 2637/2637 2632/2632 2638/2638
f 2633/2633 2638/2638 2632/2632
f 2633/2633 2634/2634 2638/2638
f 2639/2639 2638/2638 2634/2634
f 2639/2639 2634/2634 2640/2640
f 2635/2635 2640/2640 2634/2634
f 2635/2635 2636/2636 2640/2640
f 2641/2641 2640/2640 2636/2636
f 2638/2638 2642/2642 2637/2637
f 2638/2638 2639/2639 2642/2642
f 2640/2640 2643/2643 2639/2639
f 2640/2640 2641/2641 2643/2643
f 2644/2644 2645/2645 2646/2646
f 2647/2647 2646/2646 2645/2645
f 2647/2647 2648/2648 2646/2646
f 2649/2649 2646/2646 2648/2648
f 2649/2649 2648/2648 2650/2650
f 2651/2651 2650/2650 2648/2648
f 2651/2651 2652/2652 2650/2650
f 2653/2653 2650/2650 2652/2652
f 2653/2653 2652/2652 2654/2654
f 2655/2655 2654/2654 2652/2652
f 2655/2655 2656/2656 2654/2654
f 2657/2657 2654/2654 2656/2656
f 2657/2657 2656/2656 2658/2658
f 2659/2659 2658/2658 2656/2656
f 2659/2659 2660/2660 2658/2658
f 2661/2661 2658/2658 2660/2660
f 2662/2662 2644/2644 2663/2663
f 2646/2646 2663/2663 2644/2644
f 2646/2646 2649/2649 2663/2663
f 2664/2664 2663/2663 2649/2649
f 2664/2664 2649/2649 2665/2665
f 2650/2650 2665/2665 2649/2649
f 2650/2650 2653/2653 2665/2665
f 2666/2666 2665/2665 2653/2653
f 2666/2666 2653/2653 2667/2667
f 2654/2654 2667/2667 2653/2653
f 2654/2654 2657/2657 2667/2667
f 2668/2668 2667/2667 2657/2657
f 2668/2668 2657/2657 2669/2669
f 2658/2658 2669/2669 2657/2657
f 2658/2658 2661/2661 2669/2669
f 2670/2670 2669/2669 2661/2661
f 2671/2671 2662/2662 2672/2672
f 2663/2663 2672/2672 2662/2662
f 2663/2663 2664/2664 2672/2672
f 2673/2673 2672/2672 2664/2664
f 2673/2673 2664/2664 2674/2674
f 2665/2665 2674/2674 2664/2664
f 2665/2665 2666/2666 2674/2674
f 2675/2675 2674/2674 2666/2666
f 2675/2675 2666/2666 2676/2676
f 2667/2667 2676/2676 2666/2666
f 2667/2667 2668/2668 2676/2676
f 2677/2677 2676/2676 2668/2668
f 2677/2677 2668/2668 2678/2678
f 2669/2669 2678/2678 2668/2668
f 2669/2669 2670/2670 2678/2678
f 2679/2679 2678/2678 2670/2670
f 2680/2680 2671/2671 2681/2681
f 2672/2672 2681/2681 2671/2671
f 2672/2672 2673/2673 2681/2681
f 2682/2682 2681/2681 2673/2673
f 2682/2682 2673/2673 2683/2683
f 2674/2674 2683/2683 2673/2673
f 2674/2674 2675/2675 2683/2683
f 2684/2684 2683/2683 2675/2675
f 2684/2684 2675/2675 2685/2685
f 2676/2676 2685/2685 2675/2675
f 2676/2676 2677/2677 2685/2685
f 2686/2686 2685/2685 2677/2677
f 2686/2686 2677/2677 2687/2687
f 2678/2678 2687/2687 2677/2677
f 2678/2678 2679/2679 2687/2687
f 2688/2688 2687/2687 2679/2679
f 2689/2689 2680/2680 2690/2690
f 2681/2681 2690/2690 2680/2680
f 2681/2681 2682/2682 2690/2690
f 2691/2691 2690/2690 2682/2682
f 2691/2691 2682/2682 2692/2692
f 2683/2683 2692/2692 2682/2682
f 2683/2683 2684/2684 2692/2692
f 2693/2693 2692/2692 2684/2684
f 2693/2693 2684/2684 2694/2694
f 2685/2685 2694/2694 2684/2684
f 2685/2685 2686/2686 2694/2694
f 2695/2695 2694/2694 2686/2686
f 2695/2695 2686/2686 2696/2696
f 2687/2687 2696/2696 2686/2686
f 2687/2687 2688/2688 2696/2696
f 2697/2697 2696/2696 2688/2688
f 2698/2698 2689/2689 2699/2699
f 2690/2690 2699/2699 2689/2689
f 2690/2690 2691/2691 2699/2699
f 2700/2700 2699/2699 2691/2691
f 2700/2700 2691/2691 2701/2701
f 2692/2692 2701/2701 2691/2691
f 2692/2692 2693/2693 2701/2701
f 2702/2702 2701/2701 2693/2693
f 2702/2702 2693/2693 2703/2703
f 2694/2694 2703/2703 2693/2693
f 2694/2694 2695/2695 2703/2703
f 2704/2704 2703/2703 2695/2695
f 2704/2704 2695/2695 2705/2705
f 2696/2696 2705/2705 2695/2695
f 2696/2696 2697/2697 2705/2705
f 2706/2706 2705/2705 2697/2697
f 2698/2698 2699/2699 2707/2707
f 2700/2700 2708/2708 2699/2699
f 2699/2699 2708/2708 2707/2707
f 2700/2700 2701/2701 2708/2708
f 2702/2702 2709/2709 2701/2701
f 2701/2701 2709/2709 2708/2708
f 2702/2702 2703/2703 2709/2709
f 2704/2704 2710/2710 2703/2703
f 2703/2703 2710/2710 2709/2709
f 2704/2704 2705/2705 2710/2710
f 2706/2706 2711/2711 2705/2705
f 2705/2705 2711/2711 2710/2710
f 2712/2712 2707/2707 2713/2713
f 2708/2708 2713/2713 2707/2707
f 2708/2708 2709/2709 2713/2713
f 2714/2714 2713/2713 2709/2709
f 2714/2714 2709/2709 2715/2715
f 2710/2710 2715/2715 2709/2709
f 2710/2710 2711/2711 2715/2715
f 2716/2716 2715/2715 2711/2711
f 2717/2717 2712/2712 2718/2718
f 2713/2713 2718/2718 2712/2712
f 2713/2713 2714/2714 2718/2718
f 2719/2719 2718/2718 2714/2714
f 2719/2719 2714/2714 2720/2720
f 2715/2715 2720/2720 2714/2714
f 2715/2715 2716/2716 2720/2720
f 2721/2721 2720/2720 2716/2716
f 2722/2722 2717/2717 2723/2723
f 2718/2718 2723/2723 2717/2717
f 2718/2718 2719/2719 2723/2723
f 2724/2724 2723/2723 2719/2719
f 2724/2724 2719/2719 2725/2725
f 2720/2720 2725/2725 2719/2719
f 2720/2720 2721/2721 2725/2725
f 2726/2726 2725/2725 2721/2721
f 2727/2727 2722/2722 2728/2728
f 2723/2723 2728/2728 2722/2722
f 2723/2723 2724/2724 2728/2728
f 2729/2729 2728/2728 2724/2724
f 2729/2729 2724/2724 2730/2730
f 2725/2725 2730/2730 2724/2724
f 2725/2725 2726/2726 2730/2730
f 2731/2731 2730/2730 2726/2726
f 2732/2732 2727/2727 2733/2733
f 2728/2728 2733/2733 2727/2727
f 2728/2728 2729/2729 2733/2733
f 2734/2734 2733/2733 2729/2729
f 2734/2734 2729/2729 2735/2735
f 2730/2730 2735/2735 2729/2729
f 2730/2730 2731/2731 2735/2735
f 2736/2736 2735/2735 2731/2731
f 2733/2733 2737/2737 2732/2732
f 2733/2733 2734/2734 2737/2737
f 2735/2735 2738/2738 2734/2734
f 2735/2735 2736/2736 2738/2738
f 2223/2223 2224/2224 2739/2739
f 2225/2225 2740/2740 2224/2224
f 2224/2224 2740/2740 2739/2739
f 2225/2225 2226/2226 2740/2740
f 2227/2227 2741/2741 2226/2226
f 2226/2226 2741/2741 2740/2740
f 2227/2227 2228/2228 2741/2741
f 2229/2229 2742/2742 2228/2228
f 2228/2228 2742/2742 2741/2741
f 2229/2229 2230/2230 2742/2742
f 2231/2231 2743/2743 2230/2230
f 2230/2230 2743/2743 2742/2742
f 2744/2744 2739/2739 2745/2745
f 2740/2740 2745/2745 2739/2739
f 2740/2740 2741/2741 2745/2745
f 2746/2746 2745/2745 2741/2741
f 2746/2746 2741/2741 2747/2747
f 2742/2742 2747/2747 2741/2741
f 2742/2742 2743/2743 2747/2747
f 2748/2748 2747/2747 2743/2743
f 2749/2749 2744/2744 2750/2750
f 2745/2745 2750/2750 2744/2744
f 2745/2745 2746/2746 2750/2750
f 2751/2751 2750/2750 2746/2746
f 2751/2751 2746/2746 2752/2752
f 2747/2747 2752/2752 2746/2746
f 2747/2747 2748/2748 2752/2752
f 2753/2753 2752/2752 2748/2748
f 2754/2754 2749/2749 2755/2755
f 2750/2750 2755/2755 2749/2749
f 2750/2750 2751/2751 2755/2755
f 2756/2756 2755/2755 2751/2751
f 2756/2756 2751/2751 2757/2757
f 2752/2752 2757/2757 2751/2751
f 2752/2752 2753/2753 2757/2757
f 2758/2758 2757/2757 2753/2753
f 2759/2759 2754/2754 2760/2760
f 2755/2755 2760/2760 2754/2754
f 2755/2755 2756/2756 2760/2760
f 2761/2761 2760/2760 2756/2756
f 2761/2761 2756/2756 2762/2762
f 2757/2757 2762/2762 2756/2756
f 2757/2757 2758/2758 2762/2762
f 2763/2763 2762/2762 2758/2758
f 2764/2764 2759/2759 2765/2765
f 2760/2760 2765/2765 2759/2759
f 2760/2760 2761/2761 2765/2765
f 2766/2766 2765/2765 2761/2761
f 2766/2766 2761/2761 2767/2767
f 2762/2762 2767/2767 2761/2761
f 2762/2762 2763/2763 2767/2767
f 2768/2768 2767/2767 2763/2763
f 2765/2765 2769/2769 2764/2764
f 2765/2765 2766/2766 2769/2769
f 2767/2767 2770/2770 2766/2766
f 2767/2767 2768/2768 2770/2770
f 2332/2332 2333/2333 2771/2771
f 2772/2772 2771/2771 2333/2333
f 2333/2333 2334/2334 2772/2772
f 2773/2773 2772/2772 2334/2334
f 2334/2334 2335/2335 2773/2773
f 2774/2774 2773/2773 2335/2335
f 2335/2335 2336/2336 2774/2774
f 2775/2775 2774/2774 2336/2336
f 2776/2776 2771/2771 2777/2777
f 2772/2772 2777/2777 2771/2771
f 2772/2772 2773/2773 2777/2777
f 2778/2778 2777/2777 2773/2773
f 2778/2778 2773/2773 2779/2779
f 2774/2774 2779/2779 2773/2773
f 2774/2774 2775/2775 2779/2779
f 2780/2780 2779/2779 2775/2775
f 2781/2781 2776/2776 2782/2782
f 2777/2777 2782/2782 2776/2776
f 2777/2777 2778/2778 2782/2782
f 2783/2783 2782/2782 2778/2778
f 2783/2783 2778/2778 2784/2784
f 2779/2779 2784/2784 2778/2778
f 2779/2779 2780/2780 2784/2784
f 2785/2785 2784/2784 2780/2780
f 2786/2786 2781/2781 2787/2787
f 2782/2782 2787/2787 2781/2781
f 2782/2782 2783/2783 2787/2787
f 2788/2788 2787/2787 2783/2783
f 2788/2788 2783/2783 2789/2789
f 2784/2784 2789/2789 2783/2783
f 2784/2784 2785/2785 2789/2789
f 2790/2790 2789/2789 2785/2785
f 2787/2787 2791/2791 2786/2786
f 2787/2787 2788/2788 2791/2791
f 2789/2789 2792/2792 2788/2788
f 2789/2789 2790/2790 2792/2792
f 2427/2427 2428/2428 2793/2793
f 2794/2794 2793/2793 2428/2428
f 2428/2428 2429/2429 2794/2794
f 2795/2795 2794/2794 2429/2429
f 2429/2429 2430/2430 2795/2795
f 2796/2796 2795/2795 2430/2430
f 2430/2430 2431/2431 2796/2796
f 2797/2797 2796/2796 2431/2431
f 2798/2798 2793/2793 2799/2799
f 2794/2794 2799/2799 2793/2793
f 2794/2794 2795/2795 2799/2799
f 2800/2800 2799/2799 2795/2795
f 2800/2800 2795/2795 2801/2801
f 2796/2796 2801/2801 2795/2795
f 2796/2796 2797/2797 2801/2801
f 2802/2802 2801/2801 2797/2797
f 2803/2803 2798/2798 2804/2804
f 2799/2799 2804/2804 2798/2798
f 2799/2799 2800/2800 2804/2804
f 2805/2805 2804/2804 2800/2800
f 2805/2805 2800/2800 2806/2806
f 2801/2801 2806/2806 2800/2800
f 2801/2801 2802/2802 2806/2806
f 2807/2807 2806/2806 2802/2802
f 2808/2808 2803/2803 2809/2809
f 2804/2804 2809/2809 2803/2803
f 2804/2804 2805/2805 2809/2809
f 2810/2810 2809/2809 2805/2805
f 2810/2810 2805/2805 2811/2811
f 2806/2806 2811/2811 2805/2805
f 2806/2806 2807/2807 2811/2811
f 2812/2812 2811/2811 2807/2807
f 2809/2809 2813/2813 2808/2808
f 2809/2809 2810/2810 2813/2813
f 2811/2811 2814/2814 2810/2810
f 2811/2811 2812/2812 2814/2814
f 2522/2522 2523/2523 2815/2815
f 2816/2816 2815/2815 2523/2523
f 2523/2523 2524/2524 2816/2816
f 2817/2817 2816/2816 2524/2524
f 2524/2524 2525/2525 2817/2817
f 2818/2818 2817/2817 2525/2525
f 2525/2525 2526/2526 2818/2818
f 2819/2819 2818/2818 2526/2526
f 2820/2820 2815/2815 2821/2821
f 2816/2816 2821/2821 2815/2815
f 2816/2816 2817/2817 2821/2821
f 2822/2822 2821/2821 2817/2817
f 2822/2822 2817/2817 2823/2823
f 2818/2818 2823/2823 2817/2817
f 2818/2818 2819/2819 2823/2823
f 2824/2824 2823/2823 2819/2819
f 2825/2825 2820/2820 2826/2826
f 2821/2821 2826/2826 2820/2820
f 2821/2821 2822/2822 2826/2826
f 2827/2827 2826/2826 2822/2822
f 2827/2827 2822/2822 2828/2828
f 2823/2823 2828/2828 2822/2822
f 2823/2823 2824/2824 2828/2828
f 2829/2829 2828/2828 2824/2824
f 2830/2830 2825/2825 2831/2831
f 2826/2826 2831/2831 2825/2825
f 2826/2826 2827/2827 2831/2831
f 2832/2832 2831/2831 2827/2827
f 2832/2832 2827/2827 2833/2833
f 2828/2828 2833/2833 2827/2827
f 2828/2828 2829/2829 2833/2833
f 2834/2834 2833/2833 2829/2829
f 2831/2831 2835/2835 2830/2830
f 2831/2831 2832/2832 2835/2835
f 2833/2833 2836/2836 2832/2832
f 2833/2833 2834/2834 2836/2836
f 2603/2603 2604/2604 2837/2837
f 2605/2605 2838/2838 2604/2604
f 2604/2604 2838/2838 2837/2837
f 2605/2605 2606/2606 2838/2838
f 2607/2607 2839/2839 2606/2606
f 2606/2606 2839/2839 2838/2838
f 2607/2607 2608/2608 2839/2839
f 2609/2609 2840/2840 2608/2608
f 2608/2608 2840/2840 2839/2839
f 2609/2609 2610/2610 2840/2840
f 2611/2611 2841/2841 2610/2610
f 2610/2610 2841/2841 2840/2840
f 2842/2842 2837/2837 2843/2843
f 2838/2838 2843/2843 2837/2837
f 2838/2838 2839/2839 2843/2843
f 2844/2844 2843/2843 2839/2839
f 2844/2844 2839/2839 2845/2845
f 2840/2840 2845/2845 2839/2839
f 2840/2840 2841/2841 2845/2845
f 2846/2846 2845/2845 2841/2841
f 2847/2847 2842/2842 2848/2848
f 2843/2843 2848/2848 2842/2842
f 2843/2843 2844/2844 2848/2848
f 2849/2849 2848/2848 2844/2844
f 2849/2849 2844/2844 2850/2850
f 2845/2845 2850/2850 2844/2844
f 2845/2845 2846/2846 2850/2850
f 2851/2851 2850/2850 2846/2846
f 2852/2852 2847/2847 2853/2853
f 2848/2848 2853/2853 2847/2847
f 2848/2848 2849/2849 2853/2853
f 2854/2854 2853/2853 2849/2849
f 2854/2854 2849/2849 2855/2855
f 2850/2850 2855/2855 2849/2849
f 2850/2850 2851/2851 2855/2855
f 2856/2856 2855/2855 2851/2851
f 2857/2857 2852/2852 2858/2858
f 2853/2853 2858/2858 2852/2852
f 2853/2853 2854/2854 2858/2858
f 2859/2859 2858/2858 2854/2854
f 2859/2859 2854/2854 2860/2860
f 2855/2855 2860/2860 2854/2854
f 2855/2855 2856/2856 2860/2860
f 2861/2861 2860/2860 2856/2856
f 2862/2862 2857/2857 2863/2863
f 2858/2858 2863/2863 2857/2857
f 2858/2858 2859/2859 2863/2863
f 2864/2864 2863/2863 2859/2859
f 2864/2864 2859/2859 2865/2865
f 2860/2860 2865/2865 2859/2859
f 2860/2860 2861/2861 2865/2865
f 2866/2866 2865/2865 2861/2861
f 2863/2863 2867/2867 2862/2862
f 2863/2863 2864/2864 2867/2867
f 2865/2865 2868/2868 2864/2864
f 2865/2865 2866/2866 2868/2868
f 2698/2698 2699/2699 2869/2869
f 2700/2700 2870/2870 2699/2699
f 2699/2699 2870/2870 2869/2869
f 2700/2700 2701/2701 2870/2870
f 2702/2702 2871/2871 2701/2701
f 2701/2701 2871/2871 2870/2870
f 2702/2702 2703/2703 2871/2871
f 2704/2704 2872/2872 2703/2703
f 2703/2703 2872/2872 2871/2871
f 2704/2704 2705/2705 2872/2872
f 2706/2706 2873/2873 2705/2705
f 2705/2705 2873/2873 2872/2872
f 2874/2874 2869/2869 2875/2875
f 2870/2870 2875/2875 2869/2869
f 2870/2870 2871/2871 2875/2875
f 2876/2876 2875/2875 2871/2871
f 2876/2876 2871/2871 2877/2877
f 2872/2872 2877/2877 2871/2871
f 2872/2872 2873/2873 2877/2877
f 2878/2878 2877/2877 2873/2873
f 2879/2879 2874/2874 2880/2880
f 2875/2875 2880/2880 2874/2874
f 2875/2875 2876/2876 2880/2880
f 2881/2881 2880/2880 2876/2876
f 2881/2881 2876/2876 2882/2882
f 2877/2877 2882/2882 2876/2876
f 2877/2877 2878/2878 2882/2882
f 2883/2883 2882/2882 2878/2878
f 2884/2884 2879/2879 2885/2885
f 2880/2880 2885/2885 2879/2879
f 2880/2880 2881/2881 2885/2885
f 2886/2886 2885/2885 2881/2881
f 2886/2886 2881/2881 2887/2887
f 2882/2882 2887/2887 2881/2881
f 2882/2882 2883/2883 2887/2887
f 2888/2888 2887/2887 2883/2883
f 2889/2889 2884/2884 2890/2890
f 2885/2885 2890/2890 2884/2884
f 2885/2885 2886/2886 2890/2890
f 2891/2891 2890/2890 2886/2886
f 2891/2891 2886/2886 2892/2892
f 2887/2887 2892/2892 2886/2886
f 2887/2887 2888/2888 2892/2892
f 2893/2893 2892/2892 2888/2888
f 2894/2894 2889/2889 2895/2895
f 2890/2890 2895/2895 2889/2889
f 2890/2890 2891/2891 2895/2895
f 2896/2896 2895/2895 2891/2891
f 2896/2896 2891/2891 2897/2897
f 2892/2892 2897/2897 2891/2891
f 2892/2892 2893/2893 2897/2897
f 2898/2898 2897/2897 2893/2893
f 2895/2895 2899/2899 2894/2894
f 2895/2895 2896/2896 2899/2899
f 2897/2897 2900/2900 2896/2896
f 2897/2897 2898/2898 2900/2900
f 2901/2901 2902/2902 2903/2903
f 2904/2904 2903/2903 2902/2902
f 2904/2904 2905/2905 2903/2903
f 2906/2906 2903/2903 2905/2905
f 2906/2906 2905/2905 2907/2907
f 2908/2908 2907/2907 2905/2905
f 2908/2908 2909/2909 2907/2907
f 2910/2910 2907/2907 2909/2909
f 2910/2910 2909/2909 2911/2911
f 2912/2912 2911/2911 2909/2909
f 2913/2913 2901/2901 2914/2914
f 2903/2903 2914/2914 2901/2901
f 2903/2903 2906/2906 2914/2914
f 2915/2915 2914/2914 2906/2906
f 2915/2915 2906/2906 2916/2916
f 2907/2907 2916/2916 2906/2906
f 2907/2907 2910/2910 2916/2916
f 2917/2917 2916/2916 2910/2910
f 2917/2917 2910/2910 2918/2918
f 2911/2911 2918/2918 2910/2910
f 2919/2919 2913/2913 2920/2920
f 2914/2914 2920/2920 2913/2913
f 2914/2914 2915/2915 2920/2920
f 2921/2921 2920/2920 2915/2915
f 2921/2921 2915/2915 2922/2922
f 2916/2916 2922/2922 2915/2915
f 2916/2916 2917/2917 2922/2922
f 2923/2923 2922/2922 2917/2917
f 2923/2923 2917/2917 2924/2924
f 2918/2918 2924/2924 2917/2917
f 2925/2925 2919/2919 2926/2926
f 2920/2920 2926/2926 2919/2919
f 2920/2920 2921/2921 2926/2926
f 2927/2927 2926/2926 2921/2921
f 2927/2927 2921/2921 2928/2928
f 2922/2922 2928/2928 2921/2921
f 2922/2922 2923/2923 2928/2928
f 2929/2929 2928/2928 2923/2923
f 2929/2929 2923/2923 2930/2930
f 2924/2924 2930/2930 2923/2923
f 2931/2931 2925/2925 2932/2932
f 2926/2926 2932/2932 2925/2925
f 2926/2926 2927/2927 2932/2932
f 2933/2933 2932/2932 2927/2927
f 2933/2933 2927/2927 2934/2934
f 2928/2928 2934/2934 2927/2927
f 2928/2928 2929/2929 2934/2934
f 2935/2935 2934/2934 2929/2929
f 2935/2935 2929/2929 2936/2936
f 2930/2930 2936/2936 2929/2929
f 2932/2932 2937/2937 2931/2931
f 2932/2932 2933/2933 2937/2937
f 2934/2934 2938/2938 2933/2933
f 2934/2934 2935/2935 2938/2938
f 2936/2936 2939/2939 2935/2935
f 2940/2940 2941/2941 2942/2942
f 2943/2943 2942/2942 2941/2941
f 2943/2943 2944/2944 2942/2942
f 2945/2945 2942/2942 2944/2944
f 2945/2945 2944/2944 2946/2946
f 2947/2947 2946/2946 2944/2944
f 2947/2947 2948/2948 2946/2946
f 2949/2949 2946/2946 2948/2948
f 2949/2949 2948/2948 2950/2950
f 2951/2951 2950/2950 2948/2948
f 2952/2952 2940/2940 2953/2953
f 2942/2942 2953/2953 2940/2940
f 2942/2942 2945/2945 2953/2953
f 2954/2954 2953/2953 2945/2945
f 2954/2954 2945/2945 2955/2955
f 2946/2946 2955/2955 2945/2945
f 2946/2946 2949/2949 2955/2955
f 2956/2956 2955/2955 2949/2949
f 2956/2956 2949/2949 2957/2957
f 2950/2950 2957/2957 2949/2949
f 2958/2958 2952/2952 2959/2959
f 2953/2953 2959/2959 2952/2952
f 2953/2953 2954/2954 2959/2959
f 2960/2960 2959/2959 2954/2954
f 2960/2960 2954/2954 2961/2961
f 2955/2955 2961/2961 2954/2954
f 2955/2955 2956/2956 2961/2961
f 2962/2962 2961/2961 2956/2956
f 2962/2962 2956/2956 2963/2963
f 2957/2957 2963/2963 2956/2956
f 2964/2964 2958/2958 2965/2965
f 2959/2959 2965/2965 2958/2958
f 2959/2959 2960/2960 2965/2965
f 2966/2966 2965/2965 2960/2960
f 2966/2966 2960/2960 2967/2967
f 2961/2961 2967/2967 2960/2960
f 2961/2961 2962/2962 2967/2967
f 2968/2968 2967/2967 2962/2962
f 2968/2968 2962/2962 2969/2969
f 2963/2963 2969/2969 2962/2962
f 2970/2970 2964/2964 2971/2971
f 2965/2965 2971/2971 2964/2964
f 2965/2965 2966/2966 2971/2971
f 2972/2972 2971/2971 2966/2966
f 2972/2972 2966/2966 2973/2973
f 2967/2967 2973/2973 2966/2966
f 2967/2967 2968/2968 2973/2973
f 2974/2974 2973/2973 2968/2968
f 2974/2974 2968/2968 2975/2975
f 2969/2969 2975/2975 2968/2968
f 2971/2971 2976/2976 2970/2970
f 2971/2971 2972/2972 2976/2976
f 2973/2973 2977/2977 2972/2972
f 2973/2973 2974/2974 2977/2977
f 2975/2975 2978/2978 2974/2974
f 2979/2979 2980/2980 2981/2981
f 2982/2982 2981/2981 2980/2980
f 2982/2982 2983/2983 2981/2981
f 2984/2984 2981/2981 2983/2983
f 2984/2984 2983/2983 2985/2985
f 2986/2986 2985/2985 2983/2983
f 2986/2986 2987/2987 2985/2985
f 2988/2988 2985/2985 2987/2987
f 2988/2988 2987/2987 2989/2989
f 2990/2990 2989/2989 2987/2987
f 2991/2991 2979/2979 2992/2992
f 2981/2981 2992/2992 2979/2979
f 2981/2981 2984/2984 2992/2992
f 2993/2993 2992/2992 2984/2984
f 2993/2993 2984/2984 2994/2994
f 2985/2985 2994/2994 2984/2984
f 2985/2985 2988/2988 2994/2994
f 2995/2995 2994/2994 2988/2988
f 2995/2995 2988/2988 2996/2996
f 2989/2989 2996/2996 2988/2988
f 2997/2997 2991/2991 2998/2998
f 2992/2992 2998/2998 2991/2991
f 2992/2992 2993/2993 2998/2998
f 2999/2999 2998/2998 2993/2993
f 2999/2999 2993/2993 3000/3000
f 2994/2994 3000/3000 2993/2993
f 2994/2994 2995/2995 3000/3000
f 3001/3001 3000/3000 2995/2995
f 3001/3001 2995/2995 3002/3002
f 2996/2996 3002/3002 2995/2995
f 3003/3003 2997/2997 3004/3004
f 2998/2998 3004/3004 2997/2997
f 2998/2998 2999/2999 3004/3004
f 3005/3005 3004/3004 2999/2999
f 3005/3005 2999/2999 3006/3006
f 3000/3000 3006/3006 2999/2999
f 3000/3000 3001/3001 3006/3006
f 3007/3007 3006/3006 3001/3001
f 3007/3007 3001/3001 3008/3008
f 3002/3002 3008/3008 3001/3001
f 3009/3009 3003/3003 3010/3010
f 3004/3004 3010/3010 3003/3003
f 3004/3004 3005/3005 3010/3010
f 3011/3011 3010/3010 3005/3005
f 3011/3011 3005/3005 3012/3012
f 3006/3006 3012/3012 3005/3005
f 3006/3006 3007/3007 3012/3012
f 3013/3013 3012/3012 3007/3007
f 3013/3013 3007/3007 3014/3014
f 3008/3008 3014/3014 3007/3007
f 3010/3010 3015/3015 3009/3009
f 3010/3010 3011/3011 3015/3015
f 3012/3012 3016/3016 3011/3011
f 3012/3012 3013/3013 3016/3016
f 3014/3014 3017/3017 3013/3013
f 3018/3018 3019/3019 3020/3020
f 3021/3021 3020/3020 3019/3019
f 3021/3021 3022/3022 3020/3020
f 3023/3023 3020/3020 3022/3022
f 3023/3023 3022/3022 3024/3024
f 3025/3025 3024/3024 3022/3022
f 3025/3025 3026/3026 3024/3024
f 3027/3027 3024/3024 3026/3026
f 3027/3027 3026/3026 3028/3028
f 3029/3029 3028/3028 3026/3026
f 3030/3030 3018/3018 3031/3031
f 3020/3020 3031/3031 3018/3018
f 3020/3020 3023/3023 3031/3031
f 3032/3032 3031/3031 3023/3023
f 3032/3032 3023/3023 3033/3033
f 3024/3024 3033/3033 3023/3023
f 3024/3024 3027/3027 3033/3033
f 3034/3034 3033/3033 3027/3027
f 3034/3034 3027/3027 3035/3035
f 3028/3028 3035/3035 3027/3027
f 3036/3036 3030/3030 3037/3037
f 3031/3031 3037/3037 3030/3030
f 3031/3031 3032/3032 3037/3037
f 3038/3038 3037/3037 3032/3032
f 3038/3038 3032/3032 3039/3039
f 3033/3033 3039/3039 3032/3032
f 3033/3033 3034/3034 3039/3039
f 3040/3040 3039/3039 3034/3034
f 3040/3040 3034/3034 3041/3041
f 3035/3035 3041/3041 3034/3034
f 3042/3042 3036/3036 3043/3043
f 3037/3037 3043/3043 3036/3036
f 3037/3037 3038/3038 3043/3043
f 3044/3044 3043/3043 3038/3038
f 3044/3044 3038/3038 3045/3045
f 3039/3039 3045/3045 3038/3038
f 3039/3039 3040/3040 3045/3045
f 3046/3046 3045/3045 3040/3040
f 3046/3046 3040/3040 3047/3047
f 3041/3041 3047/3047 3040/3040
f 3048/3048 3042/3042 3049/3049
f 3043/3043 3049/3049 3042/3042
f 3043/3043 3044/3044 3049/3049
f 3050/3050 3049/3049 3044/3044
f 3050/3050 3044/3044 3051/3051
f 3045/3045 3051/3051 3044/3044
f 3045/3045 3046/3046 3051/3051
f 3052/3052 3051/3051 3046/3046
f 3052/3052 3046/3046 3053/3053
f 3047/3047 3053/3053 3046/3046
f 3049/3049 3054/3054 3048/3048
f 3049/3049 3050/3050 3054/3054
f 3051/3051 3055/3055 3050/3050
f 3051/3051 3052/3052 3055/3055
f 3053/3053 3056/3056 3052/3052
f 3057/3057 3058/3058 3059/3059
f 3060/3060 3059/3059 3058/3058
f 3060/3060 3061/3061 3059/3059
f 3062/3062 3059/3059 3061/3061
f 3062/3062 3061/3061 3063/3063
f 3064/3064 3063/3063 3061/3061
f 3064/3064 3065/3065 3063/3063
f 3066/3066 3063/3063 3065/3065
f 3066/3066 3065/3065 3067/3067
f 3068/3068 3067/3067 3065/3065
f 3069/3069 3057/3057 3070/3070
f 3059/3059 3070/3070 3057/3057
f 3059/3059 3062/3062 3070/3070
f 3071/3071 3070/3070 3062/3062
f 3071/3071 3062/3062 3072/3072
f 3063/3063 3072/3072 3062/3062
f 3063/3063 3066/3066 3072/3072
f 3073/3073 3072/3072 3066/3066
f 3073/3073 3066/3066 3074/3074
f 3067/3067 3074/3074 3066/3066
f 3075/3075 3069/3069 3076/3076
f 3070/3070 3076/3076 3069/3069
f 3070/3070 3071/3071 3076/3076
f 3077/3077 3076/3076 3071/3071
f 3077/3077 3071/3071 3078/3078
f 3072/3072 3078/3078 3071/3071
f 3072/3072 3073/3073 3078/3078
f 3079/3079 3078/3078 3073/3073
f 3079/3079 3073/3073 3080/3080
f 3074/3074 3080/3080 3073/3073
f 3081/3081 3075/3075 3082/3082
f 3076/3076 3082/3082 3075/3075
f 3076/3076 3077/3077 3082/3082
f 3083/3083 3082/3082 3077/3077
f 3083/3083 3077/3077 3084/3084
f 3078/3078 3084/3084 3077/3077
f 3078/3078 3079/3079 3084/3084
f 3085/3085 3084/3084 3079/3079
f 3085/3085 3079/3079 3086/3086
f 3080/3080 3086/3086 3079/3079
f 3087/3087 3081/3081 3088/3088
f 3082/3082 3088/3088 3081/3081
f 3082/3082 3083/3083 3088/3088
f 3089/3089 3088/3088 3083/3083
f 3089/3089 3083/3083 3090/3090
f 3084/3084 3090/3090 3083/3083
f 3084/3084 3085/3085 3090/3090
f 3091/3091 3090/3090 3085/3085
f 3091/3091 3085/3085 3092/3092
f 3086/3086 3092/3092 3085/3085
f 3088/3088 3093/3093 3087/3087
f 3088/3088 3089/3089 3093/3093
f 3090/3090 3094/3094 3089/3089
f 3090/3090 3091/3091 3094/3094
f 3092/3092 3095/3095 3091/3091
f 3096/3096 3097/3097 3098/3098
f 3099/3099 3098/3098 3097/3097
f 3099/3099 3100/3100 3098/3098
f 3101/3101 3098/3098 3100/3100
f 3101/3101 3100/3100 3102/3102
f 3103/3103 3102/3102 3100/3100
f 3103/3103 3104/3104 3102/3102
f 3105/3105 3102/3102 3104/3104
f 3105/3105 3104/3104 3106/3106
f 3107/3107 3106/3106 3104/3104
f 3108/3108 3096/3096 3109/3109
f 3098/3098 3109/3109 3096/3096
f 3098/3098 3101/3101 3109/3109
f 3110/3110 3109/3109 3101/3101
f 3110/3110 3101/3101 3111/3111
f 3102/3102 3111/3111 3101/3101
f 3102/3102 3105/3105 3111/3111
f 3112/3112 3111/3111 3105/3105
f 3112/3112 3105/3105 3113/3113
f 3106/3106 3113/3113 3105/3105
f 3114/3114 3108/3108 3115/3115
f 3109/3109 3115/3115 3108/3108
f 3109/3109 3110/3110 3115/3115
f 3116/3116 3115/3115 3110/3110
f 3116/3116 3110/3110 3117/3117
f 3111/3111 3117/3117 3110/3110
f 3111/3111 3112/3112 3117/3117
f 3118/3118 3117/3117 3112/3112
f 3118/3118 3112/3112 3119/3119
f 3113/3113 3119/3119 3112/3112
f 3120/3120 3114/3114 3121/3121
f 3115/3115 3121/3121 3114/3114
f 3115/3115 3116/3116 3121/3121
f 3122/3122 3121/3121 3116/3116
f 3122/3122 3116/3116 3123/3123
f 3117/3117 3123/3123 3116/3116
f 3117/3117 3118/3118 3123/3123
f 3124/3124 3123/3123 3118/3118
f 3124/3124 3118/3118 3125/3125
f 3119/3119 3125/3125 3118/3118
f 3126/3126 3120/3120 3127/3127
f 3121/3121 3127/3127 3120/3120
f 3121/3121 3122/3122 3127/3127
f 3128/3128 3127/3127 3122/3122
f 3128/3128 3122/3122 3129/3129
f 3123/3123 3129/3129 3122/3122
f 3123/3123 3124/3124 3129/3129
f 3130/3130 3129/3129 3124/3124
f 3130/3130 3124/3124 3131/3131
f 3125/3125 3131/3131 3124/3124
f 3127/3127 3132/3132 3126/3126
f 3127/3127 3128/3128 3132/3132
f 3129/3129 3133/3133 3128/3128
f 3129/3129 3130/3130 3133/3133
f 3131/3131 3134/3134 3130/3130
f 3135/3135 3136/3136 3137/3137
f 3138/3138 3137/3137 3136/3136
f 3138/3138 3139/3139 3137/3137
f 3140/3140 3137/3137 3139/3139
f 3140/3140 3139/3139 3141/3141
f 3142/3142 3141/3141 3139/3139
f 3142/3142 3143/3143 3141/3141
f 3144/3144 3141/3141 3143/3143
f 3144/3144 3143/3143 3145/3145
f 3146/3146 3145/3145 3143/3143
f 3147/3147 3135/3135 3148/3148
f 3137/3137 3148/3148 3135/3135
f 3137/3137 3140/3140 3148/3148
f 3149/3149 3148/3148 3140/3140
f 3149/3149 3140/3140 3150/3150
f 3141/3141 3150/3150 3140/3140
f 3141/3141 3144/3144 3150/3150
f 3151/3151 3150/3150 3144/3144
f 3151/3151 3144/3144 3152/3152
f 3145/3145 3152/3152 3144/3144
f 3153/3153 3147/3147 3154/3154
f 3148/3148 3154/3154 3147/3147
f 3148/3148 3149/3149 3154/3154
f 3155/3155 3154/3154 3149/3149
f 3155/3155 3149/3149 3156/3156
f 3150/3150 3156/3156 3149/3149
f 3150/3150 3151/3151 3156/3156
f 3157/3157 3156/3156 3151/3151
f 3157/3157 3151/3151 3158/3158
f 3152/3152 3158/3158 3151/3151
f 3159/3159 3153/3153 3160/3160
f 3154/3154 3160/3160 3153/3153
f 3154/3154 3155/3155 3160/3160
f 3161/3161 3160/3160 3155/3155
f 3161/3161 3155/3155 3162/3162
f 3156/3156 3162/3162 3155/3155
f 3156/3156 3157/3157 3162/3162
f 3163/3163 3162/3162 3157/3157
f 3163/3163 3157/3157 3164/3164
f 3158/3158 3164/3164 3157/3157
f 3165/3165 3159/3159 3166/3166
f 3160/3160 3166/3166 3159/3159
f 3160/3160 3161/3161 3166/3166
f 3167/3167 3166/3166 3161/3161
f 3167/3167 3161/3161 3168/3168
f 3162/3162 3168/3168 3161/3161
f 3162/3162 3163/3163 3168/3168
f 3169/3169 3168/3168 3163/3163
f 3169/3169 3163/3163 3170/3170
f 3164/3164 3170/3170 3163/3163
f 3166/3166 3171/3171 3165/3165
f 3166/3166 3167/3167 3171/3171
f 3168/3168 3172/3172 3167/3167
f 3168/3168 3169/3169 3172/3172
f 3170/3170 3173/3173 3169/3169
f 3174/3174 3175/3175 3176/3176
f 3177/3177 3176/3176 3175/3175
f 3177/3177 3178/3178 3176/3176
f 3179/3179 3176/3176 3178/3178
f 3179/3179 3178/3178 3180/3180
f 3181/3181 3180/3180 3178/3178
f 3181/3181 3182/3182 3180/3180
f 3183/3183 3180/3180 3182/3182
f 3183/3183 3182/3182 3184/3184
f 3185/3185 3184/3184 3182/3182
f 3186/3186 3174/3174 3187/3187
f 3176/3176 3187/3187 3174/3174
f 3176/3176 3179/3179 3187/3187
f 3188/3188 3187/3187 3179/3179
f 3188/3188 3179/3179 3189/3189
f 3180/3180 3189/3189 3179/3179
f 3180/3180 3183/3183 3189/3189
f 3190/3190 3189/3189 3183/3183
f 3190/3190 3183/3183 3191/3191
f 3184/3184 3191/3191 3183/3183
f 3192/3192 3186/3186 3193/3193
f 3187/3187 3193/3193 3186/3186
f 3187/3187 3188/3188 3193/3193
f 3194/3194 3193/3193 3188/3188
f 3194/3194 3188/3188 3195/3195
f 3189/3189 3195/3195 3188/3188
f 3189/3189 3190/3190 3195/3195
f 3196/3196 3195/3195 3190/3190
f 3196/3196 3190/3190 3197/3197
f 3191/3191 3197/3197 3190/3190
f 3198/3198 3192/3192 3199/3199
f 3193/3193 3199/3199 3192/3192
f 3193/3193 3194/3194 3199/3199
f 3200/3200 3199/3199 3194/3194
f 3200/3200 3194/3194 3201/3201
f 3195/3195 3201/3201 3194/3194
f 3195/3195 3196/3196 3201/3201
f 3202/3202 3201/3201 3196/3196
f 3202/3202 3196/3196 3203/3203
f 3197/3197 3203/3203 3196/3196
f 3204/3204 3198/3198 3205/3205
f 3199/3199 3205/3205 3198/3198
f 3199/3199 3200/3200 3205/3205
f 3206/3206 3205/3205 3200/3200
f 3206/3206 3200/3200 3207/3207
f 3201/3201 3207/3207 3200/3200
f 3201/3201 3202/3202 3207/3207
f 3208/3208 3207/3207 3202/3202
f 3208/3208 3202/3202 3209/3209
f 3203/3203 3209/3209 3202/3202
f 3205/3205 3210/3210 3204/3204
f 3205/3205 3206/3206 3210/3210
f 3207/3207 3211/3211 3206/3206
f 3207/3207 3208/3208 3211/3211
f 3209/3209 3212/3212 3208/3208
f 3213/3213 3214/3214 3215/3215
f 3216/3216 3215/3215 3214/3214
f 3216/3216 3217/3217 3215/3215
f 3218/3218 3215/3215 3217/3217
f 3218/3218 3217/3217 3219/3219
f 3220/3220 3219/3219 3217/3217
f 3220/3220 3221/3221 3219/3219
f 3222/3222 3219/3219 3221/3221
f 3222/3222 3221/3221 3223/3223
f 3224/3224 3223/3223 3221/3221
f 3225/3225 3213/3213 3226/3226
f 3215/3215 3226/3226 3213/3213
f 3215/3215 3218/3218 3226/3226
f 3227/3227 3226/3226 3218/3218
f 3227/3227 3218/3218 3228/3228
f 3219/3219 3228/3228 3218/3218
f 3219/3219 3222/3222 3228/3228
f 3229/3229 3228/3228 3222/3222
f 3229/3229 3222/3222 3230/3230
f 3223/3223 3230/3230 3222/3222
f 3231/3231 3225/3225 3232/3232
f 3226/3226 3232/3232 3225/3225
f 3226/3226 3227/3227 3232/3232
f 3233/3233 3232/3232 3227/3227
f 3233/3233 3227/3227 3234/3234
f 3228/3228 3234/3234 3227/3227
f 3228/3228 3229/3229 3234/3234
f 3235/3235 3234/3234 3229/3229
f 3235/3235 3229/3229 3236/3236
f 3230/3230 3236/3236 3229/3229
f 3237/3237 3231/3231 3238/3238
f 3232/3232 3238/3238 3231/3231
f 3232/3232 3233/3233 3238/3238
f 3239/3239 3238/3238 3233/3233
f 3239/3239 3233/3233 3240/3240
f 3234/3234 3240/3240 3233/3233
f 3234/3234 3235/3235 3240/3240
f 3241/3241 3240/3240 3235/3235
f 3241/3241 3235/3235 3242/3242
f 3236/3236 3242/3242 3235/3235
f 3243/3243 3237/3237 3244/3244
f 3238/3238 3244/3244 3237/3237
f 3238/3238 3239/3239 3244/3244
f 3245/3245 3244/3244 3239/3239
f 3245/3245 3239/3239 3246/3246
f 3240/3240 3246/3246 3239/3239
f 3240/3240 3241/3241 3246/3246
f 3247/3247 3246/3246 3241/3241
f 3247/3247 3241/3241 3248/3248
f 3242/3242 3248/3248 3241/3241
f 3244/3244 3249/3249 3243/3243
f 3244/3244 3245/3245 3249/3249
f 3246/3246 3250/3250 3245/3245
f 3246/3246 3247/3247 3250/3250
f 3248/3248 3251/3251 3247/3247
f 3252/3252 3253/3253 3254/3254
f 3255/3255 3254/3254 3253/3253
f 3255/3255 3256/3256 3254/3254
f 3257/3257 3254/3254 3256/3256
f 3257/3257 3256/3256 3258/3258
f 3259/3259 3258/3258 3256/3256
f 3259/3259 3260/3260 3258/3258
f 3261/3261 3258/3258 3260/3260
f 3261/3261 3260/3260 3262/3262
f 3263/3263 3262/3262 3260/3260
f 3264/3264 3252/3252 3265/3265
f 3254/3254 3265/3265 3252/3252
f 3254/3254 3257/3257 3265/3265
f 3266/3266 3265/3265 3257/3257
f 3266/3266 3257/3257 3267/3267
f 3258/3258 3267/3267 3257/3257
f 3258/3258 3261/3261 3267/3267
f 3268/3268 3267/3267 3261/3261
f 3268/3268 3261/3261 3269/3269
f 3262/3262 3269/3269 3261/3261
f 3270/3270 3264/3264 3271/3271
f 3265/3265 3271/3271 3264/3264
f 3265/3265 3266/3266 3271/3271
f 3272/3272 3271/3271 3266/3266
f 3272/3272 3266/3266 3273/3273
f 3267/3267 3273/3273 3266/3266
f 3267/3267 3268/3268 3273/3273
f 3274/3274 3273/3273 3268/3268
f 3274/3274 3268/3268 3275/3275
f 3269/3269 3275/3275 3268/3268
f 3276/3276 3270/3270 3277/3277
f 3271/3271 3277/3277 3270/3270
f 3271/3271 3272/3272 3277/3277
f 3278/3278 3277/3277 3272/3272
f 3278/3278 3272/3272 3279/3279
f 3273/3273 3279/3279 3272/3272
f 3273/3273 3274/3274 3279/3279
f 3280/3280 3279/3279 3274/3274
f 3280/3280 3274/3274 3281/3281
f 3275/3275 3281/3281 3274/3274
f 3282/3282 3276/3276 3283/3283
f 3277/3277 3283/3283 3276/3276
f 3277/3277 3278/3278 3283/3283
f 3284/3284 3283/3283 3278/3278
f 3284/3284 3278/3278 3285/3285
f 3279/3279 3285/3285 3278/3278
f 3279/3279 3280/3280 3285/3285
f 3286/3286 3285/3285 3280/3280
f 3286/3286 3280/3280 3287/3287
f 3281/3281 3287/3287 3280/3280
f 3283/3283 3288/3288 3282/3282
f 3283/3283 3284/3284 3288/3288
f 3285/3285 3289/3289 3284/3284
f 3285/3285 3286/3286 3289/3289
f 3287/3287 3290/3290 3286/3286
f 3291/3291 3292/3292 3293/3293
f 3294/3294 3293/3293 3292/3292
f 3294/3294 3295/3295 3293/3293
f 3296/3296 3293/3293 3295/3295
f 3296/3296 3295/3295 3297/3297
f 3298/3298 3297/3297 3295/3295
f 3298/3298 3299/3299 3297/3297
f 3300/3300 3297/3297 3299/3299
f 3300/3300 3299/3299 3301/3301
f 3302/3302 3301/3301 3299/3299
f 3303/3303 3291/3291 3304/3304
f 3293/3293 3304/3304 3291/3291
f 3293/3293 3296/3296 3304/3304
f 3305/3305 3304/3304 3296/3296
f 3305/3305 3296/3296 3306/3306
f 3297/3297 3306/3306 3296/3296
f 3297/3297 3300/3300 3306/3306
f 3307/3307 3306/3306 3300/3300
f 3307/3307 3300/3300 3308/3308
f 3301/3301 3308/3308 3300/3300
f 3309/3309 3303/3303 3310/3310
f 3304/3304 3310/3310 3303/3303
f 3304/3304 3305/3305 3310/3310
f 3311/3311 3310/3310 3305/3305
f 3311/3311 3305/3305 3312/3312
f 3306/3306 3312/3312 3305/3305
f 3306/3306 3307/3307 3312/3312
f 3313/3313 3312/3312 3307/3307
f 3313/3313 3307/3307 3314/3314
f 3308/3308 3314/3314 3307/3307
f 3315/3315 3309/3309 3316/3316
f 3310/3310 3316/3316 3309/3309
f 3310/3310 3311/3311 3316/3316
f 3317/3317 3316/3316 3311/3311
f 3317/3317 3311/3311 3318/3318
f 3312/3312 3318/3318 3311/3311
f 3312/3312 3313/3313 3318/3318
f 3319/3319 3318/3318 3313/3313
f 3319/3319 3313/3313 3320/3320
f 3314/3314 3320/3320 3313/3313
f 3321/3321 3315/3315 3322/3322
f 3316/3316 3322/3322 3315/3315
f 3316/3316 3317/3317 3322/3322
f 3323/3323 3322/3322 3317/3317
f 3323/3323 3317/3317 3324/3324
f 3318/3318 3324/3324 3317/3317
f 3318/3318 3319/3319 3324/3324
f 3325/3325 3324/3324 3319/3319
f 3325/3325 3319/3319 3326/3326
f 3320/3320 3326/3326 3319/3319
f 3322/3322 3327/3327 3321/3321
f 3322/3322 3323/3323 3327/3327
f 3324/3324 3328/3328 3323/3323
f 3324/3324 3325/3325 3328/3328
f 3326/3326 3329/3329 3325/3325
f 3330/3330 3331/3331 3332/3332
f 3333/3333 3332/3332 3331/3331
f 3333/3333 3334/3334 3332/3332
f 3335/3335 3332/3332 3334/3334
f 3335/3335 3334/3334 3336/3336
f 3337/3337 3336/3336 3334/3334
f 3337/3337 3338/3338 3336/3336
f 3339/3339 3336/3336 3338/3338
f 3339/3339 3338/3338 3340/3340
f 3341/3341 3340/3340 3338/3338
f 3342/3342 3330/3330 3343/3343
f 3332/3332 3343/3343 3330/3330
f 3332/3332 3335/3335 3343/3343
f 3344/3344 3343/3343 3335/3335
f 3344/3344 3335/3335 3345/3345
f 3336/3336 3345/3345 3335/3335
f 3336/3336 3339/3339 3345/3345
f 3346/3346 3345/3345 3339/3339
f 3346/3346 3339/3339 3347/3347
f 3340/3340 3347/3347 3339/3339
f 3348/3348 3342/3342 3349/3349
f 3343/3343 3349/3349 3342/3342
f 3343/3343 3344/3344 3349/3349
f 3350/3350 3349/3349 3344/3344
f 3350/3350 3344/3344 3351/3351
f 3345/3345 3351/3351 3344/3344
f 3345/3345 3346/3346 3351/3351
f 3352/3352 3351/3351 3346/3346
f 3352/3352 3346/3346 3353/3353
f 3347/3347 3353/3353 3346/3346
f 3354/3354 3348/3348 3355/3355
f 3349/3349 3355/3355 3348/3348
f 3349/3349 3350/3350 3355/3355
f 3356/3356 3355/3355 3350/3350
f 3356/3356 3350/3350 3357/3357
f 3351/3351 3357/3357 3350/3350
f 3351/3351 3352/3352 3357/3357
f 3358/3358 3357/3357 3352/3352
f 3358/3358 3352/3352 3359/3359
f 3353/3353 3359/3359 3352/3352
f 3360/3360 3354/3354 3361/3361
f 3355/3355 3361/3361 3354/3354
f 3355/3355 3356/3356 3361/3361
f 3362/3362 3361/3361 3356/3356
f 3362/3362 3356/3356 3363/3363
f 3357/3357 3363/3363 3356/3356
f 3357/3357 3358/3358 3363/3363
f 3364/3364 3363/3363 3358/3358
f 3364/3364 3358/3358 3365/3365
f 3359/3359 3365/3365 3358/3358
f 3361/3361 3366/3366 3360/3360
f 3361/3361 3362/3362 3366/3366
f 3363/3363 3367/3367 3362/3362
f 3363/3363 3364/3364 3367/3367
f 3365/3365 3368/3368 3364/3364
f 3369/3369 3370/3370 3371/3371
f 3372/3372 3371/3371 3370/3370
f 3372/3372 3373/3373 3371/3371
f 3374/3374 3371/3371 3373/3373
f 3374/3374 3373/3373 3375/3375
f 3376/3376 3375/3375 3373/3373
f 3376/3376 3377/3377 3375/3375
f 3378/3378 3375/3375 3377/3377
f 3378/3378 3377/3377 3379/3379
f 3380/3380 3379/3379 3377/3377
f 3381/3381 3369/3369 3382/3382
f 3371/3371 3382/3382 3369/3369
f 3371/3371 3374/3374 3382/3382
f 3383/3383 3382/3382 3374/3374
f 3383/3383 3374/3374 3384/3384
f 3375/3375 3384/3384 3374/3374
f 3375/3375 3378/3378 3384/3384
f 3385/3385 3384/3384 3378/3378
f 3385/3385 3378/3378 3386/3386
f 3379/3379 3386/3386 3378/3378
f 3387/3387 3381/3381 3388/3388
f 3382/3382 3388/3388 3381/3381
f 3382/3382 3383/3383 3388/3388
f 3389/3389 3388/3388 3383/3383
f 3389/3389 3383/3383 3390/3390
f 3384/3384 3390/3390 3383/3383
f 3384/3384 3385/3385 3390/3390
f 3391/3391 3390/3390 3385/3385
f 3391/3391 3385/3385 3392/3392
f 3386/3386 3392/3392 3385/3385
f 3393/3393 3387/3387 3394/3394
f 3388/3388 3394/3394 3387/3387
f 3388/3388 3389/3389 3394/3394
f 3395/3395 3394/3394 3389/3389
f 3395/3395 3389/3389 3396/3396
f 3390/3390 3396/3396 3389/3389
f 3390/3390 3391/3391 3396/3396
f 3397/3397 3396/3396 3391/3391
f 3397/3397 3391/3391 3398/3398
f 3392/3392 3398/3398 3391/3391
f 3399/3399 3393/3393 3400/3400
f 3394/3394 3400/3400 3393/3393
f 3394/3394 3395/3395 3400/3400
f 3401/3401 3400/3400 3395/3395
f 3401/3401 3395/3395 3402/3402
f 3396/3396 3402/3402 3395/3395
f 3396/3396 3397/3397 3402/3402
f 3403/3403 3402/3402 3397/3397
f 3403/3403 3397/3397 3404/3404
f 3398/3398 3404/3404 3397/3397
f 3400/3400 3405/3405 3399/3399
f 3400/3400 3401/3401 3405/3405
f 3402/3402 3406/3406 3401/3401
f 3402/3402 3403/3403 3406/3406
f 3404/3404 3407/3407 3403/3403
f 3408/3408 3409/3409 3410/3410
f 3411/3411 3410/3410 3409/3409
f 3411/3411 3412/3412 3410/3410
f 3413/3413 3410/3410 3412/3412
f 3413/3413 3412/3412 3414/3414
f 3415/3415 3414/3414 3412/3412
f 3415/3415 3416/3416 3414/3414
f 3417/3417 3414/3414 3416/3416
f 3417/3417 3416/3416 3418/3418
f 3419/3419 3418/3418 3416/3416
f 3420/3420 3408/3408 3421/3421
f 3410/3410 3421/3421 3408/3408
f 3410/3410 3413/3413 3421/3421
f 3422/3422 3421/3421 3413/3413
f 3422/3422 3413/3413 3423/3423
f 3414/3414 3423/3423 3413/3413
f 3414/3414 3417/3417 3423/3423
f 3424/3424 3423/3423 3417/3417
f 3424/3424 3417/3417 3425/3425
f 3418/3418 3425/3425 3417/3417
f 3426/3426 3420/3420 3427/3427
f 3421/3421 3427/3427 3420/3420
f 3421/3421 3422/3422 3427/3427
f 3428/3428 3427/3427 3422/3422
f 3428/3428 3422/3422 3429/3429
f 3423/3423 3429/3429 3422/3422
f 3423/3423 3424/3424 3429/3429
f 3430/3430 3429/3429 3424/3424
f 3430/3430 3424/3424 3431/3431
f 3425/3425 3431/3431 3424/3424
f 3432/3432 3426/3426 3433/3433
f 3427/3427 3433/3433 3426/3426
f 3427/3427 3428/3428 3433/3433
f 3434/3434 3433/3433 3428/3428
f 3434/3434 3428/3428 3435/3435
f 3429/3429 3435/3435 3428/3428
f 3429/3429 3430/3430 3435/3435
f 3436/3436 3435/3435 3430/3430
f 3436/3436 3430/3430 3437/3437
f 3431/3431 3437/3437 3430/3430
f 3438/3438 3432/3432 3439/3439
f 3433/3433 3439/3439 3432/3432
f 3433/3433 3434/3434 3439/3439
f 3440/3440 3439/3439 3434/3434
f 3440/3440 3434/3434 3441/3441
f 3435/3435 3441/3441 3434/3434
f 3435/3435 3436/3436 3441/3441
f 3442/3442 3441/3441 3436/3436
f 3442/3442 3436/3436 3443/3443
f 3437/3437 3443/3443 3436/3436
f 3439/3439 3444/3444 3438/3438
f 3439/3439 3440/3440 3444/3444
f 3441/3441 3445/3445 3440/3440
f 3441/3441 3442/3442 3445/3445
f 3443/3443 3446/3446 3442/3442
f 3447/3447 3448/3448 3449/3449
f 3450/3450 3449/3449 3448/3448
f 3450/3450 3451/3451 3449/3449
f 3452/3452 3449/3449 3451/3451
f 3452/3452 3451/3451 3453/3453
f 3454/3454 3453/3453 3451/3451
f 3454/3454 3455/3455 3453/3453
f 3456/3456 3453/3453 3455/3455
f 3456/3456 3455/3455 3457/3457
f 3458/3458 3457/3457 3455/3455
f 3459/3459 3447/3447 3460/3460
f 3449/3449 3460/3460 3447/3447
f 3449/3449 3452/3452 3460/3460
f 3461/3461 3460/3460 3452/3452
f 3461/3461 3452/3452 3462/3462
f 3453/3453 3462/3462 3452/3452
f 3453/3453 3456/3456 3462/3462
f 3463/3463 3462/3462 3456/3456
f 3463/3463 3456/3456 3464/3464
f 3457/3457 3464/3464 3456/3456
f 3465/3465 3459/3459 3466/3466
f 3460/3460 3466/3466 3459/3459
f 3460/3460 3461/3461 3466/3466
f 3467/3467 3466/3466 3461/3461
f 3467/3467 3461/3461 3468/3468
f 3462/3462 3468/3468 3461/3461
f 3462/3462 3463/3463 3468/3468
f 3469/3469 3468/3468 3463/3463
f 3469/3469 3463/3463 3470/3470
f 3464/3464 3470/3470 3463/3463
f 3471/3471 3465/3465 3472/3472
f 3466/3466 3472/3472 3465/3465
f 3466/3466 3467/3467 3472/3472
f 3473/3473 3472/3472 3467/3467
f 3473/3473 3467/3467 3474/3474
f 3468/3468 3474/3474 3467/3467
f 3468/3468 3469/3469 3474/3474
f 3475/3475 3474/3474 3469/3469
f 3475/3475 3469/3469 3476/3476
f 3470/3470 3476/3476 3469/3469
f 3477/3477 3471/3471 3478/3478
f 3472/3472 3478/3478 3471/3471
f 3472/3472 3473/3473 3478/3478
f 3479/3479 3478/3478 3473/3473
f 3479/3479 3473/3473 3480/3480
f 3474/3474 3480/3480 3473/3473
f 3474/3474 3475/3475 3480/3480
f 3481/3481 3480/3480 3475/3475
f 3481/3481 3475/3475 3482/3482
f 3476/3476 3482/3482 3475/3475
f 3478/3478 3483/3483 3477/3477
f 3478/3478 3479/3479 3483/3483
f 3480/3480 3484/3484 3479/3479
f 3480/3480 3481/3481 3484/3484
f 3482/3482 3485/3485 3481/3481
f 3486/3486 3487/3487 3488/3488
f 3489/3489 3488/3488 3487/3487
f 3489/3489 3490/3490 3488/3488
f 3491/3491 3488/3488 3490/3490
f 3491/3491 3490/3490 3492/3492
f 3493/3493 3492/3492 3490/3490
f 3493/3493 3494/3494 3492/3492
f 3495/3495 3492/3492 3494/3494
f 3495/3495 3494/3494 3496/3496
f 3497/3497 3496/3496 3494/3494
f 3498/3498 3486/3486 3499/3499
f 3488/3488 3499/3499 3486/3486
f 3488/3488 3491/3491 3499/3499
f 3500/3500 3499/3499 3491/3491
f 3500/3500 3491/3491 3501/3501
f 3492/3492 3501/3501 3491/3491
f 3492/3492 3495/3495 3501/3501
f 3502/3502 3501/3501 3495/3495
f 3502/3502 3495/3495 3503/3503
f 3496/3496 3503/3503 3495/3495
f 3504/3504 3498/3498 3505/3505
f 3499/3499 3505/3505 3498/3498
f 3499/3499 3500/3500 3505/3505
f 3506/3506 3505/3505 3500/3500
f 3506/3506 3500/3500 3507/3507
f 3501/3501 3507/3507 3500/3500
f 3501/3501 3502/3502 3507/3507
f 3508/3508 3507/3507 3502/3502
f 3508/3508 3502/3502 3509/3509
f 3503/3503 3509/3509 3502/3502
f 3510/3510 3504/3504 3511/3511
f 3505/3505 3511/3511 3504/3504
f 3505/3505 3506/3506 3511/3511
f 3512/3512 3511/3511 3506/3506
f 3512/3512 3506/3506 3513/3513
f 3507/3507 3513/3513 3506/3506
f 3507/3507 3508/3508 3513/3513
f 3514/3514 3513/3513 3508/3508
f 3514/3514 3508/3508 3515/3515
f 3509/3509 3515/3515 3508/3508
f 3516/3516 3510/3510 3517/3517
f 3511/3511 3517/3517 3510/3510
f 3511/3511 3512/3512 3517/3517
f 3518/3518 3517/3517 3512/3512
f 3518/3518 3512/3512 3519/3519
f 3513/3513 3519/3519 3512/3512
f 3513/3513 3514/3514 3519/3519
f 3520/3520 3519/3519 3514/3514
f 3520/3520 3514/3514 3521/3521
f 3515/3515 3521/3521 3514/3514
f 3517/3517 3522/3522 3516/3516
f 3517/3517 3518/3518 3522/3522
f 3519/3519 3523/3523 3518/3518
f 3519/3519 3520/3520 3523/3523
f 3521/3521 3524/3524 3520/3520
f 3525/3525 3526/3526 3527/3527
f 3528/3528 3527/3527 3526/3526
f 3528/3528 3529/3529 3527/3527
f 3530/3530 3527/3527 3529/3529
f 3530/3530 3529/3529 3531/3531
f 3532/3532 3531/3531 3529/3529
f 3532/3532 3533/3533 3531/3531
f 3534/3534 3531/3531 3533/3533
f 3534/3534 3533/3533 3535/3535
f 3536/3536 3535/3535 3533/3533
f 3537/3537 3525/3525 3538/3538
f 3527/3527 3538/3538 3525/3525
f 3527/3527 3530/3530 3538/3538
f 3539/3539 3538/3538 3530/3530
f 3539/3539 3530/3530 3540/3540
f 3531/3531 3540/3540 3530/3530
f 3531/3531 3534/3534 3540/3540
f 3541/3541 3540/3540 3534/3534
f 3541/3541 3534/3534 3542/3542
f 3535/3535 3542/3542 3534/3534
f 3543/3543 3537/3537 3544/3544
f 3538/3538 3544/3544 3537/3537
f 3538/3538 3539/3539 3544/3544
f 3545/3545 3544/3544 3539/3539
f 3545/3545 3539/3539 3546/3546
f 3540/3540 3546/3546 3539/3539
f 3540/3540 3541/3541 3546/3546
f 3547/3547 3546/3546 3541/3541
f 3547/3547 3541/3541 3548/3548
f 3542/3542 3548/3548 3541/3541
f 3549/3549 3543/3543 3550/3550
f 3544/3544 3550/3550 3543/3543
f 3544/3544 3545/3545 3550/3550
f 3551/3551 3550/3550 3545/3545
f 3551/3551 3545/3545 3552/3552
f 3546/3546 3552/3552 3545/3545
f 3546/3546 3547/3547 3552/3552
f 3553/3553 3552/3552 3547/3547
f 3553/3553 3547/3547 3554/3554
f 3548/3548 3554/3554 3547/3547
f 3555/3555 3549/3549 3556/3556
f 3550/3550 3556/3556 3549/3549
f 3550/3550 3551/3551 3556/3556
f 3557/3557 3556/3556 3551/3551
f 3557/3557 3551/3551 3558/3558
f 3552/3552 3558/3558 3551/3551
f 3552/3552 3553/3553 3558/3558
f 3559/3559 3558/3558 3553/3553
f 3559/3559 3553/3553 3560/3560
f 3554/3554 3560/3560 3553/3553
f 3556/3556 3561/3561 3555/3555
f 3556/3556 3557/3557 3561/3561
f 3558/3558 3562/3562 3557/3557
f 3558/3558 3559/3559 3562/3562
f 3560/3560 3563/3563 3559/3559
f 3564/3564 3565/3565 3566/3566
f 3567/3567 3566/3566 3565/3565
f 3567/3567 3568/3568 3566/3566
f 3569/3569 3566/3566 3568/3568
f 3569/3569 3568/3568 3570/3570
f 3571/3571 3570/3570 3568/3568
f 3571/3571 3572/3572 3570/3570
f 3573/3573 3570/3570 3572/3572
f 3573/3573 3572/3572 3574/3574
f 3575/3575 3574/3574 3572/3572
f 3576/3576 3564/3564 3577/3577
f 3566/3566 3577/3577 3564/3564
f 3566/3566 3569/3569 3577/3577
f 3578/3578 3577/3577 3569/3569
f 3578/3578 3569/3569 3579/3579
f 3570/3570 3579/3579 3569/3569
f 3570/3570 3573/3573 3579/3579
f 3580/3580 3579/3579 3573/3573
f 3580/3580 3573/3573 3581/3581
f 3574/3574 3581/3581 3573/3573
f 3582/3582 3576/3576 3583/3583
f 3577/3577 3583/3583 3576/3576
f 3577/3577 3578/3578 3583/3583
f 3584/3584 3583/3583 3578/3578
f 3584/3584 3578/3578 3585/3585
f 3579/3579 3585/3585 3578/3578
f 3579/3579 3580/3580 3585/3585
f 3586/3586 3585/3585 3580/3580
f 3586/3586 3580/3580 3587/3587
f 3581/3581 3587/3587 3580/3580
f 3588/3588 3582/3582 3589/3589
f 3583/3583 3589/3589 3582/3582
f 3583/3583 3584/3584 3589/3589
f 3590/3590 3589/3589 3584/3584
f 3590/3590 3584/3584 3591/3591
f 3585/3585 3591/3591 3584/3584
f 3585/3585 3586/3586 3591/3591
f 3592/3592 3591/3591 3586/3586
f 3592/3592 3586/3586 3593/3593
f 3587/3587 3593/3593 3586/3586
f 3594/3594 3588/3588 3595/3595
f 3589/3589 3595/3595 3588/3588
f 3589/3589 3590/3590 3595/3595
f 3596/3596 3595/3595 3590/3590
f 3596/3596 3590/3590 3597/3597
f 3591/3591 3597/3597 3590/3590
f 3591/3591 3592/3592 3597/3597
f 3598/3598 3597/3597 3592/3592
f 3598/3598 3592/3592 3599/3599
f 3593/3593 3599/3599 3592/3592
f 3595/3595 3600/3600 3594/3594
f 3595/3595 3596/3596 3600/3600
f 3597/3597 3601/3601 3596/3596
f 3597/3597 3598/3598 3601/3601
f 3599/3599 3602/3602 3598/3598
f 3603/3603 3604/3604 3605/3605
f 3606/3606 3605/3605 3604/3604
f 3606/3606 3607/3607 3605/3605
f 3608/3608 3605/3605 3607/3607
f 3608/3608 3607/3607 3609/3609
f 3610/3610 3609/3609 3607/3607
f 3610/3610 3611/3611 3609/3609
f 3612/3612 3609/3609 3611/3611
f 3612/3612 3611/3611 3613/3613
f 3614/3614 3613/3613 3611/3611
f 3615/3615 3603/3603 3616/3616
f 3605/3605 3616/3616 3603/3603
f 3605/3605 3608/3608 3616/3616
f 3617/3617 3616/3616 3608/3608
f 3617/3617 3608/3608 3618/3618
f 3609/3609 3618/3618 3608/3608
f 3609/3609 3612/3612 3618/3618
f 3619/3619 3618/3618 3612/3612
f 3619/3619 3612/3612 3620/3620
f 3613/3613 3620/3620 3612/3612
f 3621/3621 3615/3615 3622/3622
f 3616/3616 3622/3622 3615/3615
f 3616/3616 3617/3617 3622/3622
f 3623/3623 3622/3622 3617/3617
f 3623/3623 3617/3617 3624/3624
f 3618/3618 3624/3624 3617/3617
f 3618/3618 3619/3619 3624/3624
f 3625/3625 3624/3624 3619/3619
f 3625/3625 3619/3619 3626/3626
f 3620/3620 3626/3626 3619/3619
f 3627/3627 3621/3621 3628/3628
f 3622/3622 3628/3628 3621/3621
f 3622/3622 3623/3623 3628/3628
f 3629/3629 3628/3628 3623/3623
f 3629/3629 3623/3623 3630/3630
f 3624/3624 3630/3630 3623/3623
f 3624/3624 3625/3625 3630/3630
f 3631/3631 3630/3630 3625/3625
f 3631/3631 3625/3625 3632/3632
f 3626/3626 3632/3632 3625/3625
f 3633/3633 3627/3627 3634/3634
f 3628/3628 3634/3634 3627/3627
f 3628/3628 3629/3629 3634/3634
f 3635/3635 3634/3634 3629/3629
f 3635/3635 3629/3629 3636/3636
f 3630/3630 3636/3636 3629/3629
f 3630/3630 3631/3631 3636/3636
f 3637/3637 3636/3636 3631/3631
f 3637/3637 3631/3631 3638/3638
f 3632/3632 3638/3638 3631/3631
f 3634/3634 3639/3639 3633/3633
f 3634/3634 3635/3635 3639/3639
f 3636/3636 3640/3640 3635/3635
f 3636/3636 3637/3637 3640/3640
f 3638/3638 3641/3641 3637/3637
f 3642/3642 3643/3643 3644/3644
f 3645/3645 3644/3644 3643/3643
f 3645/3645 3646/3646 3644/3644
f 3647/3647 3644/3644 3646/3646
f 3647/3647 3646/3646 3648/3648
f 3649/3649 3648/3648 3646/3646
f 3649/3649 3650/3650 3648/3648
f 3651/3651 3648/3648 3650/3650
f 3651/3651 3650/3650 3652/3652
f 3653/3653 3652/3652 3650/3650
f 3654/3654 3642/3642 3655/3655
f 3644/3644 3655/3655 3642/3642
f 3644/3644 3647/3647 3655/3655
f 3656/3656 3655/3655 3647/3647
f 3656/3656 3647/3647 3657/3657
f 3648/3648 3657/3657 3647/3647
f 3648/3648 3651/3651 3657/3657
f 3658/3658 3657/3657 3651/3651
f 3658/3658 3651/3651 3659/3659
f 3652/3652 3659/3659 3651/3651
f 3660/3660 3654/3654 3661/3661
f 3655/3655 3661/3661 3654/3654
f 3655/3655 3656/3656 3661/3661
f 3662/3662 3661/3661 3656/3656
f 3662/3662 3656/3656 3663/3663
f 3657/3657 3663/3663 3656/3656
f 3657/3657 3658/3658 3663/3663
f 3664/3664 3663/3663 3658/3658
f 3664/3664 3658/3658 3665/3665
f 3659/3659 3665/3665 3658/3658
f 3666/3666 3660/3660 3667/3667
f 3661/3661 3667/3667 3660/3660
f 3661/3661 3662/3662 3667/3667
f 3668/3668 3667/3667 3662/3662
f 3668/3668 3662/3662 3669/3669
f 3663/3663 3669/3669 3662/3662
f 3663/3663 3664/3664 3669/3669
f 3670/3670 3669/3669 3664/3664
f 3670/3670 3664/3664 3671/3671
f 3665/3665 3671/3671 3664/3664
f 3672/3672 3666/3666 3673/3673
f 3667/3667 3673/3673 3666/3666
f 3667/3667 3668/3668 3673/3673
f 3674/3674 3673/3673 3668/3668
f 3674/3674 3668/3668 3675/3675
f 3669/3669 3675/3675 3668/3668
f 3669/3669 3670/3670 3675/3675
f 3676/3676 3675/3675 3670/3670
f 3676/3676 3670/3670 3677/3677
f 3671/3671 3677/3677 3670/3670
f 3673/3673 3678/3678 3672/3672
f 3673/3673 3674/3674 3678/3678
f 3675/3675 3679/3679 3674/3674
f 3675/3675 3676/3676 3679/3679
f 3677/3677 3680/3680 3676/3676
f 3681/3681 3682/3682 3683/3683
f 3684/3684 3683/3683 3682/3682
f 3684/3684 3685/3685 3683/3683
f 3686/3686 3683/3683 3685/3685
f 3686/3686 3685/3685 3687/3687
f 3688/3688 3687/3687 3685/3685
f 3688/3688 3689/3689 3687/3687
f 3690/3690 3687/3687 3689/3689
f 3690/3690 3689/3689 3691/3691
f 3692/3692 3691/3691 3689/3689
f 3693/3693 3681/3681 3694/3694
f 3683/3683 3694/3694 3681/3681
f 3683/3683 3686/3686 3694/3694
f 3695/3695 3694/3694 3686/3686
f 3695/3695 3686/3686 3696/3696
f 3687/3687 3696/3696 3686/3686
f 3687/3687 3690/3690 3696/3696
f 3697/3697 3696/3696 3690/3690
f 3697/3697 3690/3690 3698/3698
f 3691/3691 3698/3698 3690/3690
f 3699/3699 3693/3693 3700/3700
f 3694/3694 3700/3700 3693/3693
f 3694/3694 3695/3695 3700/3700
f 3701/3701 3700/3700 3695/3695
f 3701/3701 3695/3695 3702/3702
f 3696/3696 3702/3702 3695/3695
f 3696/3696 3697/3697 3702/3702
f 3703/3703 3702/3702 3697/3697
f 3703/3703 3697/3697 3704/3704
f 3698/3698 3704/3704 3697/3697
f 3705/3705 3699/3699 3706/3706
f 3700/3700 3706/3706 3699/3699
f 3700/3700 3701/3701 3706/3706
f 3707/3707 3706/3706 3701/3701
f 3707/3707 3701/3701 3708/3708
f 3702/3702 3708/3708 3701/3701
f 3702/3702 3703/3703 3708/3708
f 3709/3709 3708/3708 3703/3703
f 3709/3709 3703/3703 3710/3710
f 3704/3704 3710/3710 3703/3703
f 3711/3711 3705/3705 3712/3712
f 3706/3706 3712/3712 3705/3705
f 3706/3706 3707/3707 3712/3712
f 3713/3713 3712/3712 3707/3707
f 3713/3713 3707/3707 3714/3714
f 3708/3708 3714/3714 3707/3707
f 3708/3708 3709/3709 3714/3714
f 3715/3715 3714/3714 3709/3709
f 3715/3715 3709/3709 3716/3716
f 3710/3710 3716/3716 3709/3709
f 3712/3712 3717/3717 3711/3711
f 3712/3712 3713/3713 3717/3717
f 3714/3714 3718/3718 3713/3713
f 3714/3714 3715/3715 3718/3718
f 3716/3716 3719/3719 3715/3715
f 3720/3720 3721/3721 3722/3722
f 3723/3723 3722/3722 3721/3721
f 3723/3723 3724/3724 3722/3722
f 3725/3725 3722/3722 3724/3724
f 3725/3725 3724/3724 3726/3726
f 3727/3727 3726/3726 3724/3724
f 3727/3727 3728/3728 3726/3726
f 3729/3729 3726/3726 3728/3728
f 3729/3729 3728/3728 3730/3730
f 3731/3731 3730/3730 3728/3728
f 3732/3732 3720/3720 3733/3733
f 3722/3722 3733/3733 3720/3720
f 3722/3722 3725/3725 3733/3733
f 3734/3734 3733/3733 3725/3725
f 3734/3734 3725/3725 3735/3735
f 3726/3726 3735/3735 3725/3725
f 3726/3726 3729/3729 3735/3735
f 3736/3736 3735/3735 3729/3729
f 3736/3736 3729/3729 3737/3737
f 3730/3730 3737/3737 3729/3729
f 3738/3738 3732/3732 3739/3739
f 3733/3733 3739/3739 3732/3732
f 3733/3733 3734/3734 3739/3739
f 3740/3740 3739/3739 3734/3734
f 3740/3740 3734/3734 3741/3741
f 3735/3735 3741/3741 3734/3734
f 3735/3735 3736/3736 3741/3741
f 3742/3742 3741/3741 3736/3736
f 3742/3742 3736/3736 3743/3743
f 3737/3737 3743/3743 3736/3736
f 3744/3744 3738/3738 3745/3745
f 3739/3739 3745/3745 3738/3738
f 3739/3739 3740/3740 3745/3745
f 3746/3746 3745/3745 3740/3740
f 3746/3746 3740/3740 3747/3747
f 3741/3741 3747/3747 3740/3740
f 3741/3741 3742/3742 3747/3747
f 3748/3748 3747/3747 3742/3742
f 3748/3748 3742/3742 3749/3749
f 3743/3743 3749/3749 3742/3742
f 3750/3750 3744/3744 3751/3751
f 3745/3745 3751/3751 3744/3744
f 3745/3745 3746/3746 3751/3751
f 3752/3752 3751/3751 3746/3746
f 3752/3752 3746/3746 3753/3753
f 3747/3747 3753/3753 3746/3746
f 3747/3747 3748/3748 3753/3753
f 3754/3754 3753/3753 3748/3748
f 3754/3754 3748/3748 3755/3755
f 3749/3749 3755/3755 3748/3748
f 3751/3751 3756/3756 3750/3750
f 3751/3751 3752/3752 3756/3756
f 3753/3753 3757/3757 3752/3752
f 3753/3753 3754/3754 3757/3757
f 3755/3755 3758/3758 3754/3754
f 3759/3759 3760/3760 3761/3761
f 3762/3762 3761/3761 3760/3760
f 3762/3762 3763/3763 3761/3761
f 3764/3764 3761/3761 3763/3763
f 3764/3764 3763/3763 3765/3765
f 3766/3766 3765/3765 3763/3763
f 3766/3766 3767/3767 3765/3765
f 3768/3768 3765/3765 3767/3767
f 3768/3768 3767/3767 3769/3769
f 3770/3770 3769/3769 3767/3767
f 3771/3771 3759/3759 3772/3772
f 3761/3761 3772/3772 3759/3759
f 3761/3761 3764/3764 3772/3772
f 3773/3773 3772/3772 3764/3764
f 3773/3773 3764/3764 3774/3774
f 3765/3765 3774/3774 3764/3764
f 3765/3765 3768/3768 3774/3774
f 3775/3775 3774/3774 3768/3768
f 3775/3775 3768/3768 3776/3776
f 3769/3769 3776/3776 3768/3768
f 3777/3777 3771/3771 3778/3778
f 3772/3772 3778/3778 3771/3771
f 3772/3772 3773/3773 3778/3778
f 3779/3779 3778/3778 3773/3773
f 3779/3779 3773/3773 3780/3780
f 3774/3774 3780/3780 3773/3773
f 3774/3774 3775/3775 3780/3780
f 3781/3781 3780/3780 3775/3775
f 3781/3781 3775/3775 3782/3782
f 3776/3776 3782/3782 3775/3775
f 3783/3783 3777/3777 3784/3784
f 3778/3778 3784/3784 3777/3777
f 3778/3778 3779/3779 3784/3784
f 3785/3785 3784/3784 3779/3779
f 3785/3785 3779/3779 3786/3786
f 3780/3780 3786/3786 3779/3779
f 3780/3780 3781/3781 3786/3786
f 3787/3787 3786/3786 3781/3781
f 3787/3787 3781/3781 3788/3788
f 3782/3782 3788/3788 3781/3781
f 3789/3789 3783/3783 3790/3790
f 3784/3784 3790/3790 3783/3783
f 3784/3784 3785/3785 3790/3790
f 3791/3791 3790/3790 3785/3785
f 3791/3791 3785/3785 3792/3792
f 3786/3786 3792/3792 3785/3785
f 3786/3786 3787/3787 3792/3792
f 3793/3793 3792/3792 3787/3787
f 3793/3793 3787/3787 3794/3794
f 3788/3788 3794/3794 3787/3787
f 3790/3790 3795/3795 3789/3789
f 3790/3790 3791/3791 3795/3795
f 3792/3792 3796/3796 3791/3791
f 3792/3792 3793/3793 3796/3796
f 3794/3794 3797/3797 3793/3793
f 3798/3798 3799/3799 3800/3800
f 3801/3801 3800/3800 3799/3799
f 3801/3801 3802/3802 3800/3800
f 3803/3803 3800/3800 3802/3802
f 3803/3803 3802/3802 3804/3804
f 3805/3805 3804/3804 3802/3802
f 3805/3805 3806/3806 3804/3804
f 3807/3807 3804/3804 3806/3806
f 3807/3807 3806/3806 3808/3808
f 3809/3809 3808/3808 3806/3806
f 3810/3810 3798/3798 3811/3811
f 3800/3800 3811/3811 3798/3798
f 3800/3800 3803/3803 3811/3811
f 3812/3812 3811/3811 3803/3803
f 3812/3812 3803/3803 3813/3813
f 3804/3804 3813/3813 3803/3803
f 3804/3804 3807/3807 3813/3813
f 3814/3814 3813/3813 3807/3807
f 3814/3814 3807/3807 3815/3815
f 3808/3808 3815/3815 3807/3807
f 3816/3816 3810/3810 3817/3817
f 3811/3811 3817/3817 3810/3810
f 3811/3811 3812/3812 3817/3817
f 3818/3818 3817/3817 3812/3812
f 3818/3818 3812/3812 3819/3819
f 3813/3813 3819/3819 3812/3812
f 3813/3813 3814/3814 3819/3819
f 3820/3820 3819/3819 3814/3814
f 3820/3820 3814/3814 3821/3821
f 3815/3815 3821/3821 3814/3814
f 3822/3822 3816/3816 3823/3823
f 3817/3817 3823/3823 3816/3816
f 3817/3817 3818/3818 3823/3823
f 3824/3824 3823/3823 3818/3818
f 3824/3824 3818/3818 3825/3825
f 3819/3819 3825/3825 3818/3818
f 3819/3819 3820/3820 3825/3825
f 3826/3826 3825/3825 3820/3820
f 3826/3826 3820/3820 3827/3827
f 3821/3821 3827/3827 3820/3820
f 3828/3828 3822/3822 3829/3829
f 3823/3823 3829/3829 3822/3822
f 3823/3823 3824/3824 3829/3829
f 3830/3830 3829/3829 3824/3824
f 3830/3830 3824/3824 3831/3831
f 3825/3825 3831/3831 3824/3824
f 3825/3825 3826/3826 3831/3831
f 3832/3832 3831/3831 3826/3826
f 3832/3832 3826/3826 3833/3833
f 3827/3827 3833/3833 3826/3826
f 3829/3829 3834/3834 3828/3828
f 3829/3829 3830/3830 3834/3834
f 3831/3831 3835/3835 3830/3830
f 3831/3831 3832/3832 3835/3835
f 3833/3833 3836/3836 3832/3832
f 2919/2919 2920/2920 3837/3837
f 3838/3838 3837/3837 2920/2920
f 2920/2920 2921/2921 3838/3838
f 3839/3839 3838/3838 2921/2921
f 2921/2921 2922/2922 3839/3839
f 3840/3840 3839/3839 2922/2922
f 2922/2922 2923/2923 3840/3840
f 3841/3841 3840/3840 2923/2923
f 2923/2923 2924/2924 3841/3841
f 3842/3842 3841/3841 2924/2924
f 3843/3843 3837/3837 3844/3844
f 3838/3838 3844/3844 3837/3837
f 3838/3838 3839/3839 3844/3844
f 3845/3845 3844/3844 3839/3839
f 3845/3845 3839/3839 3846/3846
f 3840/3840 3846/3846 3839/3839
f 3840/3840 3841/3841 3846/3846
f 3847/3847 3846/3846 3841/3841
f 3847/3847 3841/3841 3848/3848
f 3842/3842 3848/3848 3841/3841
f 3844/3844 3849/3849 3843/3843
f 3844/3844 3845/3845 3849/3849
f 3846/3846 3850/3850 3845/3845
f 3846/3846 3847/3847 3850/3850
f 3848/3848 3851/3851 3847/3847
f 2964/2964 2965/2965 3852/3852
f 3853/3853 3852/3852 2965/2965
f 2965/2965 2966/2966 3853/3853
f 3854/3854 3853/3853 2966/2966
f 2966/2966 2967/2967 3854/3854
f 3855/3855 3854/3854 2967/2967
f 2967/2967 2968/2968 3855/3855
f 3856/3856 3855/3855 2968/2968
f 2968/2968 2969/2969 3856/3856
f 3857/3857 3856/3856 2969/2969
f 3853/3853 3858/3858 3852/3852
f 3853/3853 3854/3854 3858/3858
f 3855/3855 3859/3859 3854/3854
f 3855/3855 3856/3856 3859/3859
f 3857/3857 3860/3860 3856/3856
f 3003/3003 3004/3004 3861/3861
f 3862/3862 3861/3861 3004/3004
f 3004/3004 3005/3005 3862/3862
f 3863/3863 3862/3862 3005/3005
f 3005/3005 3006/3006 3863/3863
f 3864/3864 3863/3863 3006/3006
f 3006/3006 3007/3007 3864/3864
f 3865/3865 3864/3864 3007/3007
f 3007/3007 3008/3008 3865/3865
f 3866/3866 3865/3865 3008/3008
f 3862/3862 3867/3867 3861/3861
f 3862/3862 3863/3863 3867/3867
f 3864/3864 3868/3868 3863/3863
f 3864/3864 3865/3865 3868/3868
f 3866/3866 3869/3869 3865/3865
f 3042/3042 3043/3043 3870/3870
f 3871/3871 3870/3870 3043/3043
f 3043/3043 3044/3044 3871/3871
f 3872/3872 3871/3871 3044/3044
f 3044/3044 3045/3045 3872/3872
f 3873/3873 3872/3872 3045/3045
f 3045/3045 3046/3046 3873/3873
f 3874/3874 3873/3873 3046/3046
f 3046/3046 3047/3047 3874/3874
f 3875/3875 3874/3874 3047/3047
f 3871/3871 3876/3876 3870/3870
f 3871/3871 3872/3872 3876/3876
f 3873/3873 3877/3877 3872/3872
f 3873/3873 3874/3874 3877/3877
f 3875/3875 3878/3878 3874/3874
f 3075/3075 3076/3076 3879/3879
f 3880/3880 3879/3879 3076/3076
f 3076/3076 3077/3077 3880/3880
f 3881/3881 3880/3880 3077/3077
f 3077/3077 3078/3078 3881/3881
f 3882/3882 3881/3881 3078/3078
f 3078/3078 3079/3079 3882/3882
f 3883/3883 3882/3882 3079/3079
f 3079/3079 3080/3080 3883/3883
f 3884/3884 3883/3883 3080/3080
f 3885/3885 3879/3879 3886/3886
f 3880/3880 3886/3886 3879/3879
f 3880/3880 3881/3881 3886/3886
f 3887/3887 3886/3886 3881/3881
f 3887/3887 3881/3881 3888/3888
f 3882/3882 3888/3888 3881/3881
f 3882/3882 3883/3883 3888/3888
f 3889/3889 3888/3888 3883/3883
f 3889/3889 3883/3883 3890/3890
f 3884/3884 3890/3890 3883/3883
f 3886/3886 3891/3891 3885/3885
f 3886/3886 3887/3887 3891/3891
f 3888/3888 3892/3892 3887/3887
f 3888/3888 3889/3889 3892/3892
f 3890/3890 3893/3893 3889/3889
f 3114/3114 3115/3115 3894/3894
f 3895/3895 3894/3894 3115/3115
f 3115/3115 3116/3116 3895/3895
f 3896/3896 3895/3895 3116/3116
f 3116/3116 3117/3117 3896/3896
f 3897/3897 3896/3896 3117/3117
f 3117/3117 3118/3118 3897/3897
f 3898/3898 3897/3897 3118/3118
f 3118/3118 3119/3119 3898/3898
f 3899/3899 3898/3898 3119/3119
f 3900/3900 3894/3894 3901/3901
f 3895/3895 3901/3901 3894/3894
f 3895/3895 3896/3896 3901/3901
f 3902/3902 3901/3901 3896/3896
f 3902/3902 3896/3896 3903/3903
f 3897/3897 3903/3903 3896/3896
f 3897/3897 3898/3898 3903/3903
f 3904/3904 3903/3903 3898/3898
f 3904/3904 3898/3898 3905/3905
f 3899/3899 3905/3905 3898/3898
f 3901/3901 3906/3906 3900/3900
f 3901/3901 3902/3902 3906/3906
f 3903/3903 3907/3907 3902/3902
f 3903/3903 3904/3904 3907/3907
f 3905/3905 3908/3908 3904/3904
f 3153/3153 3154/3154 3909/3909
f 3910/3910 3909/3909 3154/3154
f 3154/3154 3155/3155 3910/3910
f 3911/3911 3910/3910 3155/3155
f 3155/3155 3156/3156 3911/3911
f 3912/3912 3911/3911 3156/3156
f 3156/3156 3157/3157 3912/3912
f 3913/3913 3912/3912 3157/3157
f 3157/3157 3158/3158 3913/3913
f 3914/3914 3913/3913 3158/3158
f 3915/3915 3909/3909 3916/3916
f 3910/3910 3916/3916 3909/3909
f 3910/3910 3911/3911 3916/3916
f 3917/3917 3916/3916 3911/3911
f 3917/3917 3911/3911 3918/3918
f 3912/3912 3918/3918 3911/3911
f 3912/3912 3913/3913 3918/3918
f 3919/3919 3918/3918 3913/3913
f 3919/3919 3913/3913 3920/3920
f 3914/3914 3920/3920 3913/3913
f 3916/3916 3921/3921 3915/3915
f 3916/3916 3917/3917 3921/3921
f 3918/3918 3922/3922 3917/3917
f 3918/3918 3919/3919 3922/3922
f 3920/3920 3923/3923 3919/3919
f 3198/3198 3199/3199 3924/3924
f 3925/3925 3924/3924 3199/3199
f 3199/3199 3200/3200 3925/3925
f 3926/3926 3925/3925 3200/3200
f 3200/3200 3201/3201 3926/3926
f 3927/3927 3926/3926 3201/3201
f 3201/3201 3202/3202 3927/3927
f 3928/3928 3927/3927 3202/3202
f 3202/3202 3203/3203 3928/3928
f 3929/3929 3928/3928 3203/3203
f 3925/3925 3930/3930 3924/3924
f 3925/3925 3926/3926 3930/3930
f 3927/3927 3931/3931 3926/3926
f 3927/3927 3928/3928 3931/3931
f 3929/3929 3932/3932 3928/3928
f 3231/3231 3232/3232 3933/3933
f 3934/3934 3933/3933 3232/3232
f 3232/3232 3233/3233 3934/3934
f 3935/3935 3934/3934 3233/3233
f 3233/3233 3234/3234 3935/3935
f 3936/3936 3935/3935 3234/3234
f 3234/3234 3235/3235 3936/3936
f 3937/3937 3936/3936 3235/3235
f 3235/3235 3236/3236 3937/3937
f 3938/3938 3937/3937 3236/3236
f 3939/3939 3933/3933 3940/3940
f 3934/3934 3940/3940 3933/3933
f 3934/3934 3935/3935 3940/3940
f 3941/3941 3940/3940 3935/3935
f 3941/3941 3935/3935 3942/3942
f 3936/3936 3942/3942 3935/3935
f 3936/3936 3937/3937 3942/3942
f 3943/3943 3942/3942 3937/3937
f 3943/3943 3937/3937 3944/3944
f 3938/3938 3944/3944 3937/3937
f 3940/3940 3945/3945 3939/3939
f 3940/3940 3941/3941 3945/3945
f 3942/3942 3946/3946 3941/3941
f 3942/3942 3943/3943 3946/3946
f 3944/3944 3947/3947 3943/3943
f 3276/3276 3277/3277 3948/3948
f 3949/3949 3948/3948 3277/3277
f 3277/3277 3278/3278 3949/3949
f 3950/3950 3949/3949 3278/3278
f 3278/3278 3279/3279 3950/3950
f 3951/3951 3950/3950 3279/3279
f 3279/3279 3280/3280 3951/3951
f 3952/3952 3951/3951 3280/3280
f 3280/3280 3281/3281 3952/3952
f 3953/3953 3952/3952 3281/3281
f 3949/3949 3954/3954 3948/3948
f 3949/3949 3950/3950 3954/3954
f 3951/3951 3955/3955 3950/3950
f 3951/3951 3952/3952 3955/3955
f 3953/3953 3956/3956 3952/3952
f 3315/3315 3316/3316 3957/3957
f 3958/3958 3957/3957 3316/3316
f 3316/3316 3317/3317 3958/3958
f 3959/3959 3958/3958 3317/3317
f 3317/3317 3318/3318 3959/3959
f 3960/3960 3959/3959 3318/3318
f 3318/3318 3319/3319 3960/3960
f 3961/3961 3960/3960 3319/3319
f 3319/3319 3320/3320 3961/3961
f 3962/3962 3961/3961 3320/3320
f 3958/3958 3963/3963 3957/3957
f 3958/3958 3959/3959 3963/3963
f 3960/3960 3964/3964 3959/3959
f 3960/3960 3961/3961 3964/3964
f 3962/3962 3965/3965 3961/3961
f 3348/3348 3349/3349 3966/3966
f 3967/3967 3966/3966 3349/3349
f 3349/3349 3350/3350 3967/3967
f 3968/3968 3967/3967 3350/3350
f 3350/3350 3351/3351 3968/3968
f 3969/3969 3968/3968 3351/3351
f 3351/3351 3352/3352 3969/3969
f 3970/3970 3969/3969 3352/3352
f 3352/3352 3353/3353 3970/3970
f 3971/3971 3970/3970 3353/3353
f 3972/3972 3966/3966 3973/3973
f 3967/3967 3973/3973 3966/3966
f 3967/3967 3968/3968 3973/3973
f 3974/3974 3973/3973 3968/3968
f 3974/3974 3968/3968 3975/3975
f 3969/3969 3975/3975 3968/3968
f 3969/3969 3970/3970 3975/3975
f 3976/3976 3975/3975 3970/3970
f 3976/3976 3970/3970 3977/3977
f 3971/3971 3977/3977 3970/3970
f 3973/3973 3978/3978 3972/3972
f 3973/3973 3974/3974 3978/3978
f 3975/3975 3979/3979 3974/3974
f 3975/3975 3976/3976 3979/3979
f 3977/3977 3980/3980 3976/3976
f 3981/3981 3982/3982 3983/3983
f 3984/3984 3983/3983 3982/3982
f 3984/3984 3985/3985 3983/3983
f 3986/3986 3983/3983 3985/3985
f 3986/3986 3985/3985 3987/3987
f 3988/3988 3987/3987 3985/3985
f 3988/3988 3989/3989 3987/3987
f 3990/3990 3987/3987 3989/3989
f 3990/3990 3989/3989 3991/3991
f 3992/3992 3991/3991 3989/3989
f 3992/3992 3993/3993 3991/3991
f 3994/3994 3991/3991 3993/3993
f 3994/3994 3993/3993 3995/3995
f 3996/3996 3995/3995 3993/3993
f 3996/3996 3997/3997 3995/3995
f 3998/3998 3995/3995 3997/3997
f 3999/3999 3981/3981 4000/4000
f 3983/3983 4000/4000 3981/3981
f 3983/3983 3986/3986 4000/4000
f 4001/4001 4000/4000 3986/3986
f 4001/4001 3986/3986 4002/4002
f 3987/3987 4002/4002 3986/3986
f 3987/3987 3990/3990 4002/4002
f 4003/4003 4002/4002 3990/3990
f 4003/4003 3990/3990 4004/4004
f 3991/3991 4004/4004 3990/3990
f 3991/3991 3994/3994 4004/4004
f 4005/4005 4004/4004 3994/3994
f 4005/4005 3994/3994 4006/4006
f 3995/3995 4006/4006 3994/3994
f 3995/3995 3998/3998 4006/4006
f 4007/4007 4006/4006 3998/3998
f 4008/4008 3999/3999 4009/4009
f 4000/4000 4009/4009 3999/3999
f 4000/4000 4001/4001 4009/4009
f 4010/4010 4009/4009 4001/4001
f 4010/4010 4001/4001 4011/4011
f 4002/4002 4011/4011 4001/4001
f 4002/4002 4003/4003 4011/4011
f 4012/4012 4011/4011 4003/4003
f 4012/4012 4003/4003 4013/4013
f 4004/4004 4013/4013 4003/4003
f 4004/4004 4005/4005 4013/4013
f 4014/4014 4013/4013 4005/4005
f 4014/4014 4005/4005 4015/4015
f 4006/4006 4015/4015 4005/4005
f 4006/4006 4007/4007 4015/4015
f 4016/4016 4015/4015 4007/4007
f 4017/4017 4008/4008 4018/4018
f 4009/4009 4018/4018 4008/4008
f 4009/4009 4010/4010 4018/4018
f 4019/4019 4018/4018 4010/4010
f 4019/4019 4010/4010 4020/4020
f 4011/4011 4020/4020 4010/4010
f 4011/4011 4012/4012 4020/4020
f 4021/4021 4020/4020 4012/4012
f 4021/4021 4012/4012 4022/4022
f 4013/4013 4022/4022 4012/4012
f 4013/4013 4014/4014 4022/4022
f 4023/4023 4022/4022 4014/4014
f 4023/4023 4014/4014 4024/4024
f 4015/4015 4024/4024 4014/4014
f 4015/4015 4016/4016 4024/4024
f 4025/4025 4024/4024 4016/4016
f 4026/4026 4017/4017 4027/4027
f 4018/4018 4027/4027 4017/4017
f 4018/4018 4019/4019 4027/4027
f 4028/4028 4027/4027 4019/4019
f 4028/4028 4019/4019 4029/4029
f 4020/4020 4029/4029 4019/4019
f 4020/4020 4021/4021 4029/4029
f 4030/4030 4029/4029 4021/4021
f 4030/4030 4021/4021 4031/4031
f 4022/4022 4031/4031 4021/4021
f 4022/4022 4023/4023 4031/4031
f 4032/4032 4031/4031 4023/4023
f 4032/4032 4023/4023 4033/4033
f 4024/4024 4033/4033 4023/4023
f 4024/4024 4025/4025 4033/4033
f 4034/4034 4033/4033 4025/4025
f 4035/4035 4026/4026 4036/4036
f 4027/4027 4036/4036 4026/4026
f 4027/4027 4028/4028 4036/4036
f 4037/4037 4036/4036 4028/4028
f 4037/4037 4028/4028 4038/4038
f 4029/4029 4038/4038 4028/4028
f 4029/4029 4030/4030 4038/4038
f 4039/4039 4038/4038 4030/4030
f 4039/4039 4030/4030 4040/4040
f 4031/4031 4040/4040 4030/4030
f 4031/4031 4032/4032 4040/4040
f 4041/4041 4040/4040 4032/4032
f 4041/4041 4032/4032 4042/4042
f 4033/4033 4042/4042 4032/4032
f 4033/4033 4034/4034 4042/4042
f 4043/4043 4042/4042 4034/4034
f 4044/4044 4035/4035 4045/4045
f 4036/4036 4045/4045 4035/4035
f 4036/4036 4037/4037 4045/4045
f 4046/4046 4045/4045 4037/4037
f 4046/4046 4037/4037 4047/4047
f 4038/4038 4047/4047 4037/4037
f 4038/4038 4039/4039 4047/4047
f 4048/4048 4047/4047 4039/4039
f 4048/4048 4039/4039 4049/4049
f 4040/4040 4049/4049 4039/4039
f 4040/4040 4041/4041 4049/4049
f 4050/4050 4049/4049 4041/4041
f 4050/4050 4041/4041 4051/4051
f 4042/4042 4051/4051 4041/4041
f 4042/4042 4043/4043 4051/4051
f 4052/4052 4051/4051 4043/4043
f 4053/4053 4044/4044 4054/4054
f 4045/4045 4054/4054 4044/4044
f 4045/4045 4046/4046 4054/4054
f 4055/4055 4054/4054 4046/4046
f 4055/4055 4046/4046 4056/4056
f 4047/4047 4056/4056 4046/4046
f 4047/4047 4048/4048 4056/4056
f 4057/4057 4056/4056 4048/4048
f 4057/4057 4048/4048 4058/4058
f 4049/4049 4058/4058 4048/4048
f 4049/4049 4050/4050 4058/4058
f 4059/4059 4058/4058 4050/4050
f 4059/4059 4050/4050 4060/4060
f 4051/4051 4060/4060 4050/4050
f 4051/4051 4052/4052 4060/4060
f 4061/4061 4060/4060 4052/4052
f 4062/4062 4053/4053 4063/4063
f 4054/4054 4063/4063 4053/4053
f 4054/4054 4055/4055 4063/4063
f 4064/4064 4063/4063 4055/4055
f 4064/4064 4055/4055 4065/4065
f 4056/4056 4065/4065 4055/4055
f 4056/4056 4057/4057 4065/4065
f 4066/4066 4065/4065 4057/4057
f 4066/4066 4057/4057 4067/4067
f 4058/4058 4067/4067 4057/4057
f 4058/4058 4059/4059 4067/4067
f 4068/4068 4067/4067 4059/4059
f 4068/4068 4059/4059 4069/4069
f 4060/4060 4069/4069 4059/4059
f 4060/4060 4061/4061 4069/4069
f 4070/4070 4069/4069 4061/4061
f 4062/4062 4063/4063 4071/4071
f 4064/4064 4072/4072 4063/4063
f 4063/4063 4072/4072 4071/4071
f 4064/4064 4065/4065 4072/4072
f 4066/4066 4073/4073 4065/4065
f 4065/4065 4073/4073 4072/4072
f 4066/4066 4067/4067 4073/4073
f 4068/4068 4074/4074 4067/4067
f 4067/4067 4074/4074 4073/4073
f 4068/4068 4069/4069 4074/4074
f 4070/4070 4075/4075 4069/4069
f 4069/4069 4075/4075 4074/4074
f 4076/4076 4071/4071 4077/4077
f 4072/4072 4077/4077 4071/4071
f 4072/4072 4073/4073 4077/4077
f 4078/4078 4077/4077 4073/4073
f 4078/4078 4073/4073 4079/4079
f 4074/4074 4079/4079 4073/4073
f 4074/4074 4075/4075 4079/4079
f 4080/4080 4079/4079 4075/4075
f 4081/4081 4076/4076 4082/4082
f 4077/4077 4082/4082 4076/4076
f 4077/4077 4078/4078 4082/4082
f 4083/4083 4082/4082 4078/4078
f 4083/4083 4078/4078 4084/4084
f 4079/4079 4084/4084 4078/4078
f 4079/4079 4080/4080 4084/4084
f 4085/4085 4084/4084 4080/4080
f 4086/4086 4081/4081 4087/4087
f 4082/4082 4087/4087 4081/4081
f 4082/4082 4083/4083 4087/4087
f 4088/4088 4087/4087 4083/4083
f 4088/4088 4083/4083 4089/4089
f 4084/4084 4089/4089 4083/4083
f 4084/4084 4085/4085 4089/4089
f 4090/4090 4089/4089 4085/4085
f 4091/4091 4086/4086 4092/4092
f 4087/4087 4092/4092 4086/4086
f 4087/4087 4088/4088 4092/4092
f 4093/4093 4092/4092 4088/4088
f 4093/4093 4088/4088 4094/4094
f 4089/4089 4094/4094 4088/4088
f 4089/4089 4090/4090 4094/4094
f 4095/4095 4094/4094 4090/4090
f 4096/4096 4091/4091 4097/4097
f 4092/4092 4097/4097 4091/4091
f 4092/4092 4093/4093 4097/4097
f 4098/4098 4097/4097 4093/4093
f 4098/4098 4093/4093 4099/4099
f 4094/4094 4099/4099 4093/4093
f 4094/4094 4095/4095 4099/4099
f 4100/4100 4099/4099 4095/4095
f 4097/4097 4101/4101 4096/4096
f 4097/4097 4098/4098 4101/4101
f 4099/4099 4102/4102 4098/4098
f 4099/4099 4100/4100 4102/4102
f 4103/4103 4104/4104 4105/4105
f 4106/4106 4105/4105 4104/4104
f 4106/4106 4107/4107 4105/4105
f 4108/4108 4105/4105 4107/4107
f 4108/4108 4107/4107 4109/4109
f 4110/4110 4109/4109 4107/4107
f 4110/4110 4111/4111 4109/4109
f 4112/4112 4109/4109 4111/4111
f 4112/4112 4111/4111 4113/4113
f 4114/4114 4113/4113 4111/4111
f 4114/4114 4115/4115 4113/4113
f 4116/4116 4113/4113 4115/4115
f 4116/4116 4115/4115 4117/4117
f 4118/4118 4117/4117 4115/4115
f 4118/4118 4119/4119 4117/4117
f 4120/4120 4117/4117 4119/4119
f 4121/4121 4103/4103 4122/4122
f 4105/4105 4122/4122 4103/4103
f 4105/4105 4108/4108 4122/4122
f 4123/4123 4122/4122 4108/4108
f 4123/4123 4108/4108 4124/4124
f 4109/4109 4124/4124 4108/4108
f 4109/4109 4112/4112 4124/4124
f 4125/4125 4124/4124 4112/4112
f 4125/4125 4112/4112 4126/4126
f 4113/4113 4126/4126 4112/4112
f 4113/4113 4116/4116 4126/4126
f 4127/4127 4126/4126 4116/4116
f 4127/4127 4116/4116 4128/4128
f 4117/4117 4128/4128 4116/4116
f 4117/4117 4120/4120 4128/4128
f 4129/4129 4128/4128 4120/4120
f 4130/4130 4121/4121 4131/4131
f 4122/4122 4131/4131 4121/4121
f 4122/4122 4123/4123 4131/4131
f 4132/4132 4131/4131 4123/4123
f 4132/4132 4123/4123 4133/4133
f 4124/4124 4133/4133 4123/4123
f 4124/4124 4125/4125 4133/4133
f 4134/4134 4133/4133 4125/4125
f 4134/4134 4125/4125 4135/4135
f 4126/4126 4135/4135 4125/4125
f 4126/4126 4127/4127 4135/4135
f 4136/4136 4135/4135 4127/4127
f 4136/4136 4127/4127 4137/4137
f 4128/4128 4137/4137 4127/4127
f 4128/4128 4129/4129 4137/4137
f 4138/4138 4137/4137 4129/4129
f 4139/4139 4130/4130 4140/4140
f 4131/4131 4140/4140 4130/4130
f 4131/4131 4132/4132 4140/4140
f 4141/4141 4140/4140 4132/4132
f 4141/4141 4132/4132 4142/4142
f 4133/4133 4142/4142 4132/4132
f 4133/4133 4134/4134 4142/4142
f 4143/4143 4142/4142 4134/4134
f 4143/4143 4134/4134 4144/4144
f 4135/4135 4144/4144 4134/4134
f 4135/4135 4136/4136 4144/4144
f 4145/4145 4144/4144 4136/4136
f 4145/4145 4136/4136 4146/4146
f 4137/4137 4146/4146 4136/4136
f 4137/4137 4138/4138 4146/4146
f 4147/4147 4146/4146 4138/4138
f 4148/4148 4139/4139 4149/4149
f 4140/4140 4149/4149 4139/4139
f 4140/4140 4141/4141 4149/4149
f 4150/4150 4149/4149 4141/4141
f 4150/4150 4141/4141 4151/4151
f 4142/4142 4151/4151 4141/4141
f 4142/4142 4143/4143 4151/4151
f 4152/4152 4151/4151 4143/4143
f 4152/4152 4143/4143 4153/4153
f 4144/4144 4153/4153 4143/4143
f 4144/4144 4145/4145 4153/4153
f 4154/4154 4153/4153 4145/4145
f 4154/4154 4145/4145 4155/4155
f 4146/4146 4155/4155 4145/4145
f 4146/4146 4147/4147 4155/4155
f 4156/4156 4155/4155 4147/4147
f 4157/4157 4148/4148 4158/4158
f 4149/4149 4158/4158 4148/4148
f 4149/4149 4150/4150 4158/4158
f 4159/4159 4158/4158 4150/4150
f 4159/4159 4150/4150 4160/4160
f 4151/4151 4160/4160 4150/4150
f 4151/4151 4152/4152 4160/4160
f 4161/4161 4160/4160 4152/4152
f 4161/4161 4152/4152 4162/4162
f 4153/4153 4162/4162 4152/4152
f 4153/4153 4154/4154 4162/4162
f 4163/4163 4162/4162 4154/4154
f 4163/4163 4154/4154 4164/4164
f 4155/4155 4164/4164 4154/4154
f 4155/4155 4156/4156 4164/4164
f 4165/4165 4164/4164 4156/4156
f 4166/4166 4157/4157 4167/4167
f 4158/4158 4167/4167 4157/4157
f 4158/4158 4159/4159 4167/4167
f 4168/4168 4167/4167 4159/4159
f 4168/4168 4159/4159 4169/4169
f 4160/4160 4169/4169 4159/4159
f 4160/4160 4161/4161 4169/4169
f 4170/4170 4169/4169 4161/4161
f 4170/4170 4161/4161 4171/4171
f 4162/4162 4171/4171 4161/4161
f 4162/4162 4163/4163 4171/4171
f 4172/4172 4171/4171 4163/4163
f 4172/4172 4163/4163 4173/4173
f 4164/4164 4173/4173 4163/4163
f 4164/4164 4165/4165 4173/4173
f 4174/4174 4173/4173 4165/4165
f 4175/4175 4166/4166 4176/4176
f 4167/4167 4176/4176 4166/4166
f 4167/4167 4168/4168 4176/4176
f 4177/4177 4176/4176 4168/4168
f 4177/4177 4168/4168 4178/4178
f 4169/4169 4178/4178 4168/4168
f 4169/4169 4170/4170 4178/4178
f 4179/4179 4178/4178 4170/4170
f 4179/4179 4170/4170 4180/4180
f 4171/4171 4180/4180 4170/4170
f 4171/4171 4172/4172 4180/4180
f 4181/4181 4180/4180 4172/4172
f 4181/4181 4172/4172 4182/4182
f 4173/4173 4182/4182 4172/4172
f 4173/4173 4174/4174 4182/4182
f 4183/4183 4182/4182 4174/4174
f 4184/4184 4175/4175 4185/4185
f 4176/4176 4185/4185 4175/4175
f 4176/4176 4177/4177 4185/4185
f 4186/4186 4185/4185 4177/4177
f 4186/4186 4177/4177 4187/4187
f 4178/4178 4187/4187 4177/4177
f 4178/4178 4179/4179 4187/4187
f 4188/4188 4187/4187 4179/4179
f 4188/4188 4179/4179 4189/4189
f 4180/4180 4189/4189 4179/4179
f 4180/4180 4181/4181 4189/4189
f 4190/4190 4189/4189 4181/4181
f 4190/4190 4181/4181 4191/4191
f 4182/4182 4191/4191 4181/4181
f 4182/4182 4183/4183 4191/4191
f 4192/4192 4191/4191 4183/4183
f 4184/4184 4185/4185 4193/4193
f 4186/4186 4194/4194 4185/4185
f 4185/4185 4194/4194 4193/4193
f 4186/4186 4187/4187 4194/4194
f 4188/4188 4195/4195 4187/4187
f 4187/4187 4195/4195 4194/4194
f 4188/4188 4189/4189 4195/4195
f 4190/4190 4196/4196 4189/4189
f 4189/4189 4196/4196 4195/4195
f 4190/4190 4191/4191 4196/4196
f 4192/4192 4197/4197 4191/4191
f 4191/4191 4197/4197 4196/4196
f 4198/4198 4193/4193 4199/4199
f 4194/4194 4199/4199 4193/4193
f 4194/4194 4195/4195 4199/4199
f 4200/4200 4199/4199 4195/4195
f 4200/4200 4195/4195 4201/4201
f 4196/4196 4201/4201 4195/4195
f 4196/4196 4197/4197 4201/4201
f 4202/4202 4201/4201 4197/4197
f 4203/4203 4198/4198 4204/4204
f 4199/4199 4204/4204 4198/4198
f 4199/4199 4200/4200 4204/4204
f 4205/4205 4204/4204 4200/4200
f 4205/4205 4200/4200 4206/4206
f 4201/4201 4206/4206 4200/4200
f 4201/4201 4202/4202 4206/4206
f 4207/4207 4206/4206 4202/4202
f 4208/4208 4203/4203 4209/4209
f 4204/4204 4209/4209 4203/4203
f 4204/4204 4205/4205 4209/4209
f 4210/4210 4209/4209 4205/4205
f 4210/4210 4205/4205 4211/4211
f 4206/4206 4211/4211 4205/4205
f 4206/4206 4207/4207 4211/4211
f 4212/4212 4211/4211 4207/4207
f 4213/4213 4208/4208 4214/4214
f 4209/4209 4214/4214 4208/4208
f 4209/4209 4210/4210 4214/4214
f 4215/4215 4214/4214 4210/4210
f 4215/4215 4210/4210 4216/4216
f 4211/4211 4216/4216 4210/4210
f 4211/4211 4212/4212 4216/4216
f 4217/4217 4216/4216 4212/4212
f 4218/4218 4213/4213 4219/4219
f 4214/4214 4219/4219 4213/4213
f 4214/4214 4215/4215 4219/4219
f 4220/4220 4219/4219 4215/4215
f 4220/4220 4215/4215 4221/4221
f 4216/4216 4221/4221 4215/4215
f 4216/4216 4217/4217 4221/4221
f 4222/4222 4221/4221 4217/4217
f 4219/4219 4223/4223 4218/4218
f 4219/4219 4220/4220 4223/4223
f 4221/4221 4224/4224 4220/4220
f 4221/4221 4222/4222 4224/4224
f 4225/4225 4226/4226 4227/4227
f 4228/4228 4227/4227 4226/4226
f 4228/4228 4229/4229 4227/4227
f 4230/4230 4227/4227 4229/4229
f 4230/4230 4229/4229 4231/4231
f 4232/4232 4231/4231 4229/4229
f 4232/4232 4233/4233 4231/4231
f 4234/4234 4231/4231 4233/4233
f 4234/4234 4233/4233 4235/4235
f 4236/4236 4235/4235 4233/4233
f 4236/4236 4237/4237 4235/4235
f 4238/4238 4235/4235 4237/4237
f 4238/4238 4237/4237 4239/4239
f 4240/4240 4239/4239 4237/4237
f 4240/4240 4241/4241 4239/4239
f 4242/4242 4239/4239 4241/4241
f 4243/4243 4225/4225 4244/4244
f 4227/4227 4244/4244 4225/4225
f 4227/4227 4230/4230 4244/4244
f 4245/4245 4244/4244 4230/4230
f 4245/4245 4230/4230 4246/4246
f 4231/4231 4246/4246 4230/4230
f 4231/4231 4234/4234 4246/4246
f 4247/4247 4246/4246 4234/4234
f 4247/4247 4234/4234 4248/4248
f 4235/4235 4248/4248 4234/4234
f 4235/4235 4238/4238 4248/4248
f 4249/4249 4248/4248 4238/4238
f 4249/4249 4238/4238 4250/4250
f 4239/4239 4250/4250 4238/4238
f 4239/4239 4242/4242 4250/4250
f 4251/4251 4250/4250 4242/4242
f 4252/4252 4243/4243 4253/4253
f 4244/4244 4253/4253 4243/4243
f 4244/4244 4245/4245 4253/4253
f 4254/4254 4253/4253 4245/4245
f 4254/4254 4245/4245 4255/4255
f 4246/4246 4255/4255 4245/4245
f 4246/4246 4247/4247 4255/4255
f 4256/4256 4255/4255 4247/4247
f 4256/4256 4247/4247 4257/4257
f 4248/4248 4257/4257 4247/4247
f 4248/4248 4249/4249 4257/4257
f 4258/4258 4257/4257 4249/4249
f 4258/4258 4249/4249 4259/4259
f 4250/4250 4259/4259 4249/4249
f 4250/4250 4251/4251 4259/4259
f 4260/4260 4259/4259 4251/4251
f 4261/4261 4252/4252 4262/4262
f 4253/4253 4262/4262 4252/4252
f 4253/4253 4254/4254 4262/4262
f 4263/4263 4262/4262 4254/4254
f 4263/4263 4254/4254 4264/4264
f 4255/4255 4264/4264 4254/4254
f 4255/4255 4256/4256 4264/4264
f 4265/4265 4264/4264 4256/4256
f 4265/4265 4256/4256 4266/4266
f 4257/4257 4266/4266 4256/4256
f 4257/4257 4258/4258 4266/4266
f 4267/4267 4266/4266 4258/4258
f 4267/4267 4258/4258 4268/4268
f 4259/4259 4268/4268 4258/4258
f 4259/4259 4260/4260 4268/4268
f 4269/4269 4268/4268 4260/4260
f 4270/4270 4261/4261 4271/4271
f 4262/4262 4271/4271 4261/4261
f 4262/4262 4263/4263 4271/4271
f 4272/4272 4271/4271 4263/4263
f 4272/4272 4263/4263 4273/4273
f 4264/4264 4273/4273 4263/4263
f 4264/4264 4265/4265 4273/4273
f 4274/4274 4273/4273 4265/4265
f 4274/4274 4265/4265 4275/4275
f 4266/4266 4275/4275 4265/4265
f 4266/4266 4267/4267 4275/4275
f 4276/4276 4275/4275 4267/4267
f 4276/4276 4267/4267 4277/4277
f 4268/4268 4277/4277 4267/4267
f 4268/4268 4269/4269 4277/4277
f 4278/4278 4277/4277 4269/4269
f 4279/4279 4270/4270 4280/4280
f 4271/4271 4280/4280 4270/4270
f 4271/4271 4272/4272 4280/4280
f 4281/4281 4280/4280 4272/4272
f 4281/4281 4272/4272 4282/4282
f 4273/4273 4282/4282 4272/4272
f 4273/4273 4274/4274 4282/4282
f 4283/4283 4282/4282 4274/4274
f 4283/4283 4274/4274 4284/4284
f 4275/4275 4284/4284 4274/4274
f 4275/4275 4276/4276 4284/4284
f 4285/4285 4284/4284 4276/4276
f 4285/4285 4276/4276 4286/4286
f 4277/4277 4286/4286 4276/4276
f 4277/4277 4278/4278 4286/4286
f 4287/4287 4286/4286 4278/4278
f 4288/4288 4279/4279 4289/4289
f 4280/4280 4289/4289 4279/4279
f 4280/4280 4281/4281 4289/4289
f 4290/4290 4289/4289 4281/4281
f 4290/4290 4281/4281 4291/4291
f 4282/4282 4291/4291 4281/4281
f 4282/4282 4283/4283 4291/4291
f 4292/4292 4291/4291 4283/4283
f 4292/4292 4283/4283 4293/4293
f 4284/4284 4293/4293 4283/4283
f 4284/4284 4285/4285 4293/4293
f 4294/4294 4293/4293 4285/4285
f 4294/4294 4285/4285 4295/4295
f 4286/4286 4295/4295 4285/4285
f 4286/4286 4287/4287 4295/4295
f 4296/4296 4295/4295 4287/4287
f 4297/4297 4288/4288 4298/4298
f 4289/4289 4298/4298 4288/4288
f 4289/4289 4290/4290 4298/4298
f 4299/4299 4298/4298 4290/4290
f 4299/4299 4290/4290 4300/4300
f 4291/4291 4300/4300 4290/4290
f 4291/4291 4292/4292 4300/4300
f 4301/4301 4300/4300 4292/4292
f 4301/4301 4292/4292 4302/4302
f 4293/4293 4302/4302 4292/4292
f 4293/4293 4294/4294 4302/4302
f 4303/4303 4302/4302 4294/4294
f 4303/4303 4294/4294 4304/4304
f 4295/4295 4304/4304 4294/4294
f 4295/4295 4296/4296 4304/4304
f 4305/4305 4304/4304 4296/4296
f 4306/4306 4297/4297 4307/4307
f 4298/4298 4307/4307 4297/4297
f 4298/4298 4299/4299 4307/4307
f 4308/4308 4307/4307 4299/4299
f 4308/4308 4299/4299 4309/4309
f 4300/4300 4309/4309 4299/4299
f 4300/4300 4301/4301 4309/4309
f 4310/4310 4309/4309 4301/4301
f 4310/4310 4301/4301 4311/4311
f 4302/4302 4311/4311 4301/4301
f 4302/4302 4303/4303 4311/4311
f 4312/4312 4311/4311 4303/4303
f 4312/4312 4303/4303 4313/4313
f 4304/4304 4313/4313 4303/4303
f 4304/4304 4305/4305 4313/4313
f 4314/4314 4313/4313 4305/4305
f 4306/4306 4307/4307 4315/4315
f 4308/4308 4316/4316 4307/4307
f 4307/4307 4316/4316 4315/4315
f 4308/4308 4309/4309 4316/4316
f 4310/4310 4317/4317 4309/4309
f 4309/4309 4317/4317 4316/4316
f 4310/4310 4311/4311 4317/4317
f 4312/4312 4318/4318 4311/4311
f 4311/4311 4318/4318 4317/4317
f 4312/4312 4313/4313 4318/4318
f 4314/4314 4319/4319 4313/4313
f 4313/4313 4319/4319 4318/4318
f 4320/4320 4315/4315 4321/4321
f 4316/4316 4321/4321 4315/4315
f 4316/4316 4317/4317 4321/4321
f 4322/4322 4321/4321 4317/4317
f 4322/4322 4317/4317 4323/4323
f 4318/4318 4323/4323 4317/4317
f 4318/4318 4319/4319 4323/4323
f 4324/4324 4323/4323 4319/4319
f 4325/4325 4320/4320 4326/4326
f 4321/4321 4326/4326 4320/4320
f 4321/4321 4322/4322 4326/4326
f 4327/4327 4326/4326 4322/4322
f 4327/4327 4322/4322 4328/4328
f 4323/4323 4328/4328 4322/4322
f 4323/4323 4324/4324 4328/4328
f 4329/4329 4328/4328 4324/4324
f 4330/4330 4325/4325 4331/4331
f 4326/4326 4331/4331 4325/4325
f 4326/4326 4327/4327 4331/4331
f 4332/4332 4331/4331 4327/4327
f 4332/4332 4327/4327 4333/4333
f 4328/4328 4333/4333 4327/4327
f 4328/4328 4329/4329 4333/4333
f 4334/4334 4333/4333 4329/4329
f 4335/4335 4330/4330 4336/4336
f 4331/4331 4336/4336 4330/4330
f 4331/4331 4332/4332 4336/4336
f 4337/4337 4336/4336 4332/4332
f 4337/4337 4332/4332 4338/4338
f 4333/4333 4338/4338 4332/4332
f 4333/4333 4334/4334 4338/4338
f 4339/4339 4338/4338 4334/4334
f 4340/4340 4335/4335 4341/4341
f 4336/4336 4341/4341 4335/4335
f 4336/4336 4337/4337 4341/4341
f 4342/4342 4341/4341 4337/4337
f 4342/4342 4337/4337 4343/4343
f 4338/4338 4343/4343 4337/4337
f 4338/4338 4339/4339 4343/4343
f 4344/4344 4343/4343 4339/4339
f 4341/4341 4345/4345 4340/4340
f 4341/4341 4342/4342 4345/4345
f 4343/4343 4346/4346 4342/4342
f 4343/4343 4344/4344 4346/4346
f 4347/4347 4348/4348 4349/4349
f 4350/4350 4349/4349 4348/4348
f 4350/4350 4351/4351 4349/4349
f 4352/4352 4349/4349 4351/4351
f 4352/4352 4351/4351 4353/4353
f 4354/4354 4353/4353 4351/4351
f 4354/4354 4355/4355 4353/4353
f 4356/4356 4353/4353 4355/4355
f 4356/4356 4355/4355 4357/4357
f 4358/4358 4357/4357 4355/4355
f 4358/4358 4359/4359 4357/4357
f 4360/4360 4357/4357 4359/4359
f 4360/4360 4359/4359 4361/4361
f 4362/4362 4361/4361 4359/4359
f 4362/4362 4363/4363 4361/4361
f 4364/4364 4361/4361 4363/4363
f 4365/4365 4347/4347 4366/4366
f 4349/4349 4366/4366 4347/4347
f 4349/4349 4352/4352 4366/4366
f 4367/4367 4366/4366 4352/4352
f 4367/4367 4352/4352 4368/4368
f 4353/4353 4368/4368 4352/4352
f 4353/4353 4356/4356 4368/4368
f 4369/4369 4368/4368 4356/4356
f 4369/4369 4356/4356 4370/4370
f 4357/4357 4370/4370 4356/4356
f 4357/4357 4360/4360 4370/4370
f 4371/4371 4370/4370 4360/4360
f 4371/4371 4360/4360 4372/4372
f 4361/4361 4372/4372 4360/4360
f 4361/4361 4364/4364 4372/4372
f 4373/4373 4372/4372 4364/4364
f 4374/4374 4365/4365 4375/4375
f 4366/4366 4375/4375 4365/4365
f 4366/4366 4367/4367 4375/4375
f 4376/4376 4375/4375 4367/4367
f 4376/4376 4367/4367 4377/4377
f 4368/4368 4377/4377 4367/4367
f 4368/4368 4369/4369 4377/4377
f 4378/4378 4377/4377 4369/4369
f 4378/4378 4369/4369 4379/4379
f 4370/4370 4379/4379 4369/4369
f 4370/4370 4371/4371 4379/4379
f 4380/4380 4379/4379 4371/4371
f 4380/4380 4371/4371 4381/4381
f 4372/4372 4381/4381 4371/4371
f 4372/4372 4373/4373 4381/4381
f 4382/4382 4381/4381 4373/4373
f 4383/4383 4374/4374 4384/4384
f 4375/4375 4384/4384 4374/4374
f 4375/4375 4376/4376 4384/4384
f 4385/4385 4384/4384 4376/4376
f 4385/4385 4376/4376 4386/4386
f 4377/4377 4386/4386 4376/4376
f 4377/4377 4378/4378 4386/4386
f 4387/4387 4386/4386 4378/4378
f 4387/4387 4378/4378 4388/4388
f 4379/4379 4388/4388 4378/4378
f 4379/4379 4380/4380 4388/4388
f 4389/4389 4388/4388 4380/4380
f 4389/4389 4380/4380 4390/4390
f 4381/4381 4390/4390 4380/4380
f 4381/4381 4382/4382 4390/4390
f 4391/4391 4390/4390 4382/4382
f 4392/4392 4383/4383 4393/4393
f 4384/4384 4393/4393 4383/4383
f 4384/4384 4385/4385 4393/4393
f 4394/4394 4393/4393 4385/4385
f 4394/4394 4385/4385 4395/4395
f 4386/4386 4395/4395 4385/4385
f 4386/4386 4387/4387 4395/4395
f 4396/4396 4395/4395 4387/4387
f 4396/4396 4387/4387 4397/4397
f 4388/4388 4397/4397 4387/4387
f 4388/4388 4389/4389 4397/4397
f 4398/4398 4397/4397 4389/4389
f 4398/4398 4389/4389 4399/4399
f 4390/4390 4399/4399 4389/4389
f 4390/4390 4391/4391 4399/4399
f 4400/4400 4399/4399 4391/4391
f 4401/4401 4392/4392 4402/4402
f 4393/4393 4402/4402 4392/4392
f 4393/4393 4394/4394 4402/4402
f 4403/4403 4402/4402 4394/4394
f 4403/4403 4394/4394 4404/4404
f 4395/4395 4404/4404 4394/4394
f 4395/4395 4396/4396 4404/4404
f 4405/4405 4404/4404 4396/4396
f 4405/4405 4396/4396 4406/4406
f 4397/4397 4406/4406 4396/4396
f 4397/4397 4398/4398 4406/4406
f 4407/4407 4406/4406 4398/4398
f 4407/4407 4398/4398 4408/4408
f 4399/4399 4408/4408 4398/4398
f 4399/4399 4400/4400 4408/4408
f 4409/4409 4408/4408 4400/4400
f 4410/4410 4401/4401 4411/4411
f 4402/4402 4411/4411 4401/4401
f 4402/4402 4403/4403 4411/4411
f 4412/4412 4411/4411 4403/4403
f 4412/4412 4403/4403 4413/4413
f 4404/4404 4413/4413 4403/4403
f 4404/4404 4405/4405 4413/4413
f 4414/4414 4413/4413 4405/4405
f 4414/4414 4405/4405 4415/4415
f 4406/4406 4415/4415 4405/4405
f 4406/4406 4407/4407 4415/4415
f 4416/4416 4415/4415 4407/4407
f 4416/4416 4407/4407 4417/4417
f 4408/4408 4417/4417 4407/4407
f 4408/4408 4409/4409 4417/4417
f 4418/4418 4417/4417 4409/4409
f 4419/4419 4410/4410 4420/4420
f 4411/4411 4420/4420 4410/4410
f 4411/4411 4412/4412 4420/4420
f 4421/4421 4420/4420 4412/4412
f 4421/4421 4412/4412 4422/4422
f 4413/4413 4422/4422 4412/4412
f 4413/4413 4414/4414 4422/4422
f 4423/4423 4422/4422 4414/4414
f 4423/4423 4414/4414 4424/4424
f 4415/4415 4424/4424 4414/4414
f 4415/4415 4416/4416 4424/4424
f 4425/4425 4424/4424 4416/4416
f 4425/4425 4416/4416 4426/4426
f 4417/4417 4426/4426 4416/4416
f 4417/4417 4418/4418 4426/4426
f 4427/4427 4426/4426 4418/4418
f 4428/4428 4419/4419 4429/4429
f 4420/4420 4429/4429 4419/4419
f 4420/4420 4421/4421 4429/4429
f 4430/4430 4429/4429 4421/4421
f 4430/4430 4421/4421 4431/4431
f 4422/4422 4431/4431 4421/4421
f 4422/4422 4423/4423 4431/4431
f 4432/4432 4431/4431 4423/4423
f 4432/4432 4423/4423 4433/4433
f 4424/4424 4433/4433 4423/4423
f 4424/4424 4425/4425 4433/4433
f 4434/4434 4433/4433 4425/4425
f 4434/4434 4425/4425 4435/4435
f 4426/4426 4435/4435 4425/4425
f 4426/4426 4427/4427 4435/4435
f 4436/4436 4435/4435 4427/4427
f 4428/4428 4429/4429 4437/4437
f 4430/4430 4438/4438 4429/4429
f 4429/4429 4438/4438 4437/4437
f 4430/4430 4431/4431 4438/4438
f 4432/4432 4439/4439 4431/4431
f 4431/4431 4439/4439 4438/4438
f 4432/4432 4433/4433 4439/4439
f 4434/4434 4440/4440 4433/4433
f 4433/4433 4440/4440 4439/4439
f 4434/4434 4435/4435 4440/4440
f 4436/4436 4441/4441 4435/4435
f 4435/4435 4441/4441 4440/4440
f 4442/4442 4437/4437 4443/4443
f 4438/4438 4443/4443 4437/4437
f 4438/4438 4439/4439 4443/4443
f 4444/4444 4443/4443 4439/4439
f 4444/4444 4439/4439 4445/4445
f 4440/4440 4445/4445 4439/4439
f 4440/4440 4441/4441 4445/4445
f 4446/4446 4445/4445 4441/4441
f 4447/4447 4442/4442 4448/4448
f 4443/4443 4448/4448 4442/4442
f 4443/4443 4444/4444 4448/4448
f 4449/4449 4448/4448 4444/4444
f 4449/4449 4444/4444 4450/4450
f 4445/4445 4450/4450 4444/4444
f 4445/4445 4446/4446 4450/4450
f 4451/4451 4450/4450 4446/4446
f 4452/4452 4447/4447 4453/4453
f 4448/4448 4453/4453 4447/4447
f 4448/4448 4449/4449 4453/4453
f 4454/4454 4453/4453 4449/4449
f 4454/4454 4449/4449 4455/4455
f 4450/4450 4455/4455 4449/4449
f 4450/4450 4451/4451 4455/4455
f 4456/4456 4455/4455 4451/4451
f 4457/4457 4452/4452 4458/4458
f 4453/4453 4458/4458 4452/4452
f 4453/4453 4454/4454 4458/4458
f 4459/4459 4458/4458 4454/4454
f 4459/4459 4454/4454 4460/4460
f 4455/4455 4460/4460 4454/4454
f 4455/4455 4456/4456 4460/4460
f 4461/4461 4460/4460 4456/4456
f 4462/4462 4457/4457 4463/4463
f 4458/4458 4463/4463 4457/4457
f 4458/4458 4459/4459 4463/4463
f 4464/4464 4463/4463 4459/4459
f 4464/4464 4459/4459 4465/4465
f 4460/4460 4465/4465 4459/4459
f 4460/4460 4461/4461 4465/4465
f 4466/4466 4465/4465 4461/4461
f 4463/4463 4467/4467 4462/4462
f 4463/4463 4464/4464 4467/4467
f 4465/4465 4468/4468 4464/4464
f 4465/4465 4466/4466 4468/4468
f 4469/4469 4470/4470 4471/4471
f 4472/4472 4471/4471 4470/4470
f 4472/4472 4473/4473 4471/4471
f 4474/4474 4471/4471 4473/4473
f 4474/4474 4473/4473 4475/4475
f 4476/4476 4475/4475 4473/4473
f 4476/4476 4477/4477 4475/4475
f 4478/4478 4475/4475 4477/4477
f 4478/4478 4477/4477 4479/4479
f 4480/4480 4479/4479 4477/4477
f 4480/4480 4481/4481 4479/4479
f 4482/4482 4479/4479 4481/4481
f 4482/4482 4481/4481 4483/4483
f 4484/4484 4483/4483 4481/4481
f 4484/4484 4485/4485 4483/4483
f 4486/4486 4483/4483 4485/4485
f 4487/4487 4469/4469 4488/4488
f 4471/4471 4488/4488 4469/4469
f 4471/4471 4474/4474 4488/4488
f 4489/4489 4488/4488 4474/4474
f 4489/4489 4474/4474 4490/4490
f 4475/4475 4490/4490 4474/4474
f 4475/4475 4478/4478 4490/4490
f 4491/4491 4490/4490 4478/4478
f 4491/4491 4478/4478 4492/4492
f 4479/4479 4492/4492 4478/4478
f 4479/4479 4482/4482 4492/4492
f 4493/4493 4492/4492 4482/4482
f 4493/4493 4482/4482 4494/4494
f 4483/4483 4494/4494 4482/4482
f 4483/4483 4486/4486 4494/4494
f 4495/4495 4494/4494 4486/4486
f 4496/4496 4487/4487 4497/4497
f 4488/4488 4497/4497 4487/4487
f 4488/4488 4489/4489 4497/4497
f 4498/4498 4497/4497 4489/4489
f 4498/4498 4489/4489 4499/4499
f 4490/4490 4499/4499 4489/4489
f 4490/4490 4491/4491 4499/4499
f 4500/4500 4499/4499 4491/4491
f 4500/4500 4491/4491 4501/4501
f 4492/4492 4501/4501 4491/4491
f 4492/4492 4493/4493 4501/4501
f 4502/4502 4501/4501 4493/4493
f 4502/4502 4493/4493 4503/4503
f 4494/4494 4503/4503 4493/4493
f 4494/4494 4495/4495 4503/4503
f 4504/4504 4503/4503 4495/4495
f 4505/4505 4496/4496 4506/4506
f 4497/4497 4506/4506 4496/4496
f 4497/4497 4498/4498 4506/4506
f 4507/4507 4506/4506 4498/4498
f 4507/4507 4498/4498 4508/4508
f 4499/4499 4508/4508 4498/4498
f 4499/4499 4500/4500 4508/4508
f 4509/4509 4508/4508 4500/4500
f 4509/4509 4500/4500 4510/4510
f 4501/4501 4510/4510 4500/4500
f 4501/4501 4502/4502 4510/4510
f 4511/4511 4510/4510 4502/4502
f 4511/4511 4502/4502 4512/4512
f 4503/4503 4512/4512 4502/4502
f 4503/4503 4504/4504 4512/4512
f 4513/4513 4512/4512 4504/4504
f 4514/4514 4505/4505 4515/4515
f 4506/4506 4515/4515 4505/4505
f 4506/4506 4507/4507 4515/4515
f 4516/4516 4515/4515 4507/4507
f 4516/4516 4507/4507 4517/4517
f 4508/4508 4517/4517 4507/4507
f 4508/4508 4509/4509 4517/4517
f 4518/4518 4517/4517 4509/4509
f 4518/4518 4509/4509 4519/4519
f 4510/4510 4519/4519 4509/4509
f 4510/4510 4511/4511 4519/4519
f 4520/4520 4519/4519 4511/4511
f 4520/4520 4511/4511 4521/4521
f 4512/4512 4521/4521 4511/4511
f 4512/4512 4513/4513 4521/4521
f 4522/4522 4521/4521 4513/4513
f 4523/4523 4514/4514 4524/4524
f 4515/4515 4524/4524 4514/4514
f 4515/4515 4516/4516 4524/4524
f 4525/4525 4524/4524 4516/4516
f 4525/4525 4516/4516 4526/4526
f 4517/4517 4526/4526 4516/4516
f 4517/4517 4518/4518 4526/4526
f 4527/4527 4526/4526 4518/4518
f 4527/4527 4518/4518 4528/4528
f 4519/4519 4528/4528 4518/4518
f 4519/4519 4520/4520 4528/4528
f 4529/4529 4528/4528 4520/4520
f 4529/4529 4520/4520 4530/4530
f 4521/4521 4530/4530 4520/4520
f 4521/4521 4522/4522 4530/4530
f 4531/4531 4530/4530 4522/4522
f 4532/4532 4523/4523 4533/4533
f 4524/4524 4533/4533 4523/4523
f 4524/4524 4525/4525 4533/4533
f 4534/4534 4533/4533 4525/4525
f 4534/4534 4525/4525 4535/4535
f 4526/4526 4535/4535 4525/4525
f 4526/4526 4527/4527 4535/4535
f 4536/4536 4535/4535 4527/4527
f 4536/4536 4527/4527 4537/4537
f 4528/4528 4537/4537 4527/4527
f 4528/4528 4529/4529 4537/4537
f 4538/4538 4537/4537 4529/4529
f 4538/4538 4529/4529 4539/4539
f 4530/4530 4539/4539 4529/4529
f 4530/4530 4531/4531 4539/4539
f 4540/4540 4539/4539 4531/4531
f 4541/4541 4532/4532 4542/4542
f 4533/4533 4542/4542 4532/4532
f 4533/4533 4534/4534 4542/4542
f 4543/4543 4542/4542 4534/4534
f 4543/4543 4534/4534 4544/4544
f 4535/4535 4544/4544 4534/4534
f 4535/4535 4536/4536 4544/4544
f 4545/4545 4544/4544 4536/4536
f 4545/4545 4536/4536 4546/4546
f 4537/4537 4546/4546 4536/4536
f 4537/4537 4538/4538 4546/4546
f 4547/4547 4546/4546 4538/4538
f 4547/4547 4538/4538 4548/4548
f 4539/4539 4548/4548 4538/4538
f 4539/4539 4540/4540 4548/4548
f 4549/4549 4548/4548 4540/4540
f 4550/4550 4541/4541 4551/4551
f 4542/4542 4551/4551 4541/4541
f 4542/4542 4543/4543 4551/4551
f 4552/4552 4551/4551 4543/4543
f 4552/4552 4543/4543 4553/4553
f 4544/4544 4553/4553 4543/4543
f 4544/4544 4545/4545 4553/4553
f 4554/4554 4553/4553 4545/4545
f 4554/4554 4545/4545 4555/4555
f 4546/4546 4555/4555 4545/4545
f 4546/4546 4547/4547 4555/4555
f 4556/4556 4555/4555 4547/4547
f 4556/4556 4547/4547 4557/4557
f 4548/4548 4557/4557 4547/4547
f 4548/4548 4549/4549 4557/4557
f 4558/4558 4557/4557 4549/4549
f 4550/4550 4551/4551 4559/4559
f 4552/4552 4560/4560 4551/4551
f 4551/4551 4560/4560 4559/4559
f 4552/4552 4553/4553 4560/4560
f 4554/4554 4561/4561 4553/4553
f 4553/4553 4561/4561 4560/4560
f 4554/4554 4555/4555 4561/4561
f 4556/4556 4562/4562 4555/4555
f 4555/4555 4562/4562 4561/4561
f 4556/4556 4557/4557 4562/4562
f 4558/4558 4563/4563 4557/4557
f 4557/4557 4563/4563 4562/4562
f 4564/4564 4559/4559 4565/4565
f 4560/4560 4565/4565 4559/4559
f 4560/4560 4561/4561 4565/4565
f 4566/4566 4565/4565 4561/4561
f 4566/4566 4561/4561 4567/4567
f 4562/4562 4567/4567 4561/4561
f 4562/4562 4563/4563 4567/4567
f 4568/4568 4567/4567 4563/4563
f 4569/4569 4564/4564 4570/4570
f 4565/4565 4570/4570 4564/4564
f 4565/4565 4566/4566 4570/4570
f 4571/4571 4570/4570 4566/4566
f 4571/4571 4566/4566 4572/4572
f 4567/4567 4572/4572 4566/4566
f 4567/4567 4568/4568 4572/4572
f 4573/4573 4572/4572 4568/4568
f 4574/4574 4569/4569 4575/4575
f 4570/4570 4575/4575 4569/4569
f 4570/4570 4571/4571 4575/4575
f 4576/4576 4575/4575 4571/4571
f 4576/4576 4571/4571 4577/4577
f 4572/4572 4577/4577 4571/4571
f 4572/4572 4573/4573 4577/4577
f 4578/4578 4577/4577 4573/4573
f 4579/4579 4574/4574 4580/4580
f 4575/4575 4580/4580 4574/4574
f 4575/4575 4576/4576 4580/4580
f 4581/4581 4580/4580 4576/4576
f 4581/4581 4576/4576 4582/4582
f 4577/4577 4582/4582 4576/4576
f 4577/4577 4578/4578 4582/4582
f 4583/4583 4582/4582 4578/4578
f 4584/4584 4579/4579 4585/4585
f 4580/4580 4585/4585 4579/4579
f 4580/4580 4581/4581 4585/4585
f 4586/4586 4585/4585 4581/4581
f 4586/4586 4581/4581 4587/4587
f 4582/4582 4587/4587 4581/4581
f 4582/4582 4583/4583 4587/4587
f 4588/4588 4587/4587 4583/4583
f 4585/4585 4589/4589 4584/4584
f 4585/4585 4586/4586 4589/4589
f 4587/4587 4590/4590 4586/4586
f 4587/4587 4588/4588 4590/4590
f 4591/4591 4592/4592 4593/4593
f 4594/4594 4593/4593 4592/4592
f 4594/4594 4595/4595 4593/4593
f 4596/4596 4593/4593 4595/4595
f 4596/4596 4595/4595 4597/4597
f 4598/4598 4597/4597 4595/4595
f 4598/4598 4599/4599 4597/4597
f 4600/4600 4597/4597 4599/4599
f 4600/4600 4599/4599 4601/4601
f 4602/4602 4601/4601 4599/4599
f 4602/4602 4603/4603 4601/4601
f 4604/4604 4601/4601 4603/4603
f 4604/4604 4603/4603 4605/4605
f 4606/4606 4605/4605 4603/4603
f 4606/4606 4607/4607 4605/4605
f 4608/4608 4605/4605 4607/4607
f 4609/4609 4591/4591 4610/4610
f 4593/4593 4610/4610 4591/4591
f 4593/4593 4596/4596 4610/4610
f 4611/4611 4610/4610 4596/4596
f 4611/4611 4596/4596 4612/4612
f 4597/4597 4612/4612 4596/4596
f 4597/4597 4600/4600 4612/4612
f 4613/4613 4612/4612 4600/4600
f 4613/4613 4600/4600 4614/4614
f 4601/4601 4614/4614 4600/4600
f 4601/4601 4604/4604 4614/4614
f 4615/4615 4614/4614 4604/4604
f 4615/4615 4604/4604 4616/4616
f 4605/4605 4616/4616 4604/4604
f 4605/4605 4608/4608 4616/4616
f 4617/4617 4616/4616 4608/4608
f 4618/4618 4609/4609 4619/4619
f 4610/4610 4619/4619 4609/4609
f 4610/4610 4611/4611 4619/4619
f 4620/4620 4619/4619 4611/4611
f 4620/4620 4611/4611 4621/4621
f 4612/4612 4621/4621 4611/4611
f 4612/4612 4613/4613 4621/4621
f 4622/4622 4621/4621 4613/4613
f 4622/4622 4613/4613 4623/4623
f 4614/4614 4623/4623 4613/4613
f 4614/4614 4615/4615 4623/4623
f 4624/4624 4623/4623 4615/4615
f 4624/4624 4615/4615 4625/4625
f 4616/4616 4625/4625 4615/4615
f 4616/4616 4617/4617 4625/4625
f 4626/4626 4625/4625 4617/4617
f 4627/4627 4618/4618 4628/4628
f 4619/4619 4628/4628 4618/4618
f 4619/4619 4620/4620 4628/4628
f 4629/4629 4628/4628 4620/4620
f 4629/4629 4620/4620 4630/4630
f 4621/4621 4630/4630 4620/4620
f 4621/4621 4622/4622 4630/4630
f 4631/4631 4630/4630 4622/4622
f 4631/4631 4622/4622 4632/4632
f 4623/4623 4632/4632 4622/4622
f 4623/4623 4624/4624 4632/4632
f 4633/4633 4632/4632 4624/4624
f 4633/4633 4624/4624 4634/4634
f 4625/4625 4634/4634 4624/4624
f 4625/4625 4626/4626 4634/4634
f 4635/4635 4634/4634 4626/4626
f 4636/4636 4627/4627 4637/4637
f 4628/4628 4637/4637 4627/4627
f 4628/4628 4629/4629 4637/4637
f 4638/4638 4637/4637 4629/4629
f 4638/4638 4629/4629 4639/4639
f 4630/4630 4639/4639 4629/4629
f 4630/4630 4631/4631 4639/4639
f 4640/4640 4639/4639 4631/4631
f 4640/4640 4631/4631 4641/4641
f 4632/4632 4641/4641 4631/4631
f 4632/4632 4633/4633 4641/4641
f 4642/4642 4641/4641 4633/4633
f 4642/4642 4633/4633 4643/4643
f 4634/4634 4643/4643 4633/4633
f 4634/4634 4635/4635 4643/4643
f 4644/4644 4643/4643 4635/4635
f 4645/4645 4636/4636 4646/4646
f 4637/4637 4646/4646 4636/4636
f 4637/4637 4638/4638 4646/4646
f 4647/4647 4646/4646 4638/4638
f 4647/4647 4638/4638 4648/4648
f 4639/4639 4648/4648 4638/4638
f 4639/4639 4640/4640 4648/4648
f 4649/4649 4648/4648 4640/4640
f 4649/4649 4640/4640 4650/4650
f 4641/4641 4650/4650 4640/4640
f 4641/4641 4642/4642 4650/4650
f 4651/4651 4650/4650 4642/4642
f 4651/4651 4642/4642 4652/4652
f 4643/4643 4652/4652 4642/4642
f 4643/4643 4644/4644 4652/4652
f 4653/4653 4652/4652 4644/4644
f 4654/4654 4645/4645 4655/4655
f 4646/4646 4655/4655 4645/4645
f 4646/4646 4647/4647 4655/4655
f 4656/4656 4655/4655 4647/4647
f 4656/4656 4647/4647 4657/4657
f 4648/4648 4657/4657 4647/4647
f 4648/4648 4649/4649 4657/4657
f 4658/4658 4657/4657 4649/4649
f 4658/4658 4649/4649 4659/4659
f 4650/4650 4659/4659 4649/4649
f 4650/4650 4651/4651 4659/4659
f 4660/4660 4659/4659 4651/4651
f 4660/4660 4651/4651 4661/4661
f 4652/4652 4661/4661 4651/4651
f 4652/4652 4653/4653 4661/4661
f 4662/4662 4661/4661 4653/4653
f 4663/4663 4654/4654 4664/4664
f 4655/4655 4664/4664 4654/4654
f 4655/4655 4656/4656 4664/4664
f 4665/4665 4664/4664 4656/4656
f 4665/4665 4656/4656 4666/4666
f 4657/4657 4666/4666 4656/4656
f 4657/4657 4658/4658 4666/4666
f 4667/4667 4666/4666 4658/4658
f 4667/4667 4658/4658 4668/4668
f 4659/4659 4668/4668 4658/4658
f 4659/4659 4660/4660 4668/4668
f 4669/4669 4668/4668 4660/4660
f 4669/4669 4660/4660 4670/4670
f 4661/4661 4670/4670 4660/4660
f 4661/4661 4662/4662 4670/4670
f 4671/4671 4670/4670 4662/4662
f 4672/4672 4663/4663 4673/4673
f 4664/4664 4673/4673 4663/4663
f 4664/4664 4665/4665 4673/4673
f 4674/4674 4673/4673 4665/4665
f 4674/4674 4665/4665 4675/4675
f 4666/4666 4675/4675 4665/4665
f 4666/4666 4667/4667 4675/4675
f 4676/4676 4675/4675 4667/4667
f 4676/4676 4667/4667 4677/4677
f 4668/4668 4677/4677 4667/4667
f 4668/4668 4669/4669 4677/4677
f 4678/4678 4677/4677 4669/4669
f 4678/4678 4669/4669 4679/4679
f 4670/4670 4679/4679 4669/4669
f 4670/4670 4671/4671 4679/4679
f 4680/4680 4679/4679 4671/4671
f 4672/4672 4673/4673 4681/4681
f 4674/4674 4682/4682 4673/4673
f 4673/4673 4682/4682 4681/4681
f 4674/4674 4675/4675 4682/4682
f 4676/4676 4683/4683 4675/4675
f 4675/4675 4683/4683 4682/4682
f 4676/4676 4677/4677 4683/4683
f 4678/4678 4684/4684 4677/4677
f 4677/4677 4684/4684 4683/4683
f 4678/4678 4679/4679 4684/4684
f 4680/4680 4685/4685 4679/4679
f 4679/4679 4685/4685 4684/4684
f 4686/4686 4681/4681 4687/4687
f 4682/4682 4687/4687 4681/4681
f 4682/4682 4683/4683 4687/4687
f 4688/4688 4687/4687 4683/4683
f 4688/4688 4683/4683 4689/4689
f 4684/4684 4689/4689 4683/4683
f 4684/4684 4685/4685 4689/4689
f 4690/4690 4689/4689 4685/4685
f 4691/4691 4686/4686 4692/4692
f 4687/4687 4692/4692 4686/4686
f 4687/4687 4688/4688 4692/4692
f 4693/4693 4692/4692 4688/4688
f 4693/4693 4688/4688 4694/4694
f 4689/4689 4694/4694 4688/4688
f 4689/4689 4690/4690 4694/4694
f 4695/4695 4694/4694 4690/4690
f 4696/4696 4691/4691 4697/4697
f 4692/4692 4697/4697 4691/4691
f 4692/4692 4693/4693 4697/4697
f 4698/4698 4697/4697 4693/4693
f 4698/4698 4693/4693 4699/4699
f 4694/4694 4699/4699 4693/4693
f 4694/4694 4695/4695 4699/4699
f 4700/4700 4699/4699 4695/4695
f 4701/4701 4696/4696 4702/4702
f 4697/4697 4702/4702 4696/4696
f 4697/4697 4698/4698 4702/4702
f 4703/4703 4702/4702 4698/4698
f 4703/4703 4698/4698 4704/4704
f 4699/4699 4704/4704 4698/4698
f 4699/4699 4700/4700 4704/4704
f 4705/4705 4704/4704 4700/4700
f 4706/4706 4701/4701 4707/4707
f 4702/4702 4707/4707 4701/4701
f 4702/4702 4703/4703 4707/4707
f 4708/4708 4707/4707 4703/4703
f 4708/4708 4703/4703 4709/4709
f 4704/4704 4709/4709 4703/4703
f 4704/4704 4705/4705 4709/4709
f 4710/4710 4709/4709 4705/4705
f 4707/4707 4711/4711 4706/4706
f 4707/4707 4708/4708 4711/4711
f 4709/4709 4712/4712 4708/4708
f 4709/4709 4710/4710 4712/4712
f 4713/4713 4714/4714 4715/4715
f 4716/4716 4715/4715 4714/4714
f 4716/4716 4717/4717 4715/4715
f 4718/4718 4715/4715 4717/4717
f 4718/4718 4717/4717 4719/4719
f 4720/4720 4719/4719 4717/4717
f 4720/4720 4721/4721 4719/4719
f 4722/4722 4719/4719 4721/4721
f 4722/4722 4721/4721 4723/4723
f 4724/4724 4723/4723 4721/4721
f 4724/4724 4725/4725 4723/4723
f 4726/4726 4723/4723 4725/4725
f 4726/4726 4725/4725 4727/4727
f 4728/4728 4727/4727 4725/4725
f 4728/4728 4729/4729 4727/4727
f 4730/4730 4727/4727 4729/4729
f 4731/4731 4713/4713 4732/4732
f 4715/4715 4732/4732 4713/4713
f 4715/4715 4718/4718 4732/4732
f 4733/4733 4732/4732 4718/4718
f 4733/4733 4718/4718 4734/4734
f 4719/4719 4734/4734 4718/4718
f 4719/4719 4722/4722 4734/4734
f 4735/4735 4734/4734 4722/4722
f 4735/4735 4722/4722 4736/4736
f 4723/4723 4736/4736 4722/4722
f 4723/4723 4726/4726 4736/4736
f 4737/4737 4736/4736 4726/4726
f 4737/4737 4726/4726 4738/4738
f 4727/4727 4738/4738 4726/4726
f 4727/4727 4730/4730 4738/4738
f 4739/4739 4738/4738 4730/4730
f 4740/4740 4731/4731 4741/4741
f 4732/4732 4741/4741 4731/4731
f 4732/4732 4733/4733 4741/4741
f 4742/4742 4741/4741 4733/4733
f 4742/4742 4733/4733 4743/4743
f 4734/4734 4743/4743 4733/4733
f 4734/4734 4735/4735 4743/4743
f 4744/4744 4743/4743 4735/4735
f 4744/4744 4735/4735 4745/4745
f 4736/4736 4745/4745 4735/4735
f 4736/4736 4737/4737 4745/4745
f 4746/4746 4745/4745 4737/4737
f 4746/4746 4737/4737 4747/4747
f 4738/4738 4747/4747 4737/4737
f 4738/4738 4739/4739 4747/4747
f 4748/4748 4747/4747 4739/4739
f 4749/4749 4740/4740 4750/4750
f 4741/4741 4750/4750 4740/4740
f 4741/4741 4742/4742 4750/4750
f 4751/4751 4750/4750 4742/4742
f 4751/4751 4742/4742 4752/4752
f 4743/4743 4752/4752 4742/4742
f 4743/4743 4744/4744 4752/4752
f 4753/4753 4752/4752 4744/4744
f 4753/4753 4744/4744 4754/4754
f 4745/4745 4754/4754 4744/4744
f 4745/4745 4746/4746 4754/4754
f 4755/4755 4754/4754 4746/4746
f 4755/4755 4746/4746 4756/4756
f 4747/4747 4756/4756 4746/4746
f 4747/4747 4748/4748 4756/4756
f 4757/4757 4756/4756 4748/4748
f 4758/4758 4749/4749 4759/4759
f 4750/4750 4759/4759 4749/4749
f 4750/4750 4751/4751 4759/4759
f 4760/4760 4759/4759 4751/4751
f 4760/4760 4751/4751 4761/4761
f 4752/4752 4761/4761 4751/4751
f 4752/4752 4753/4753 4761/4761
f 4762/4762 4761/4761 4753/4753
f 4762/4762 4753/4753 4763/4763
f 4754/4754 4763/4763 4753/4753
f 4754/4754 4755/4755 4763/4763
f 4764/4764 4763/4763 4755/4755
f 4764/4764 4755/4755 4765/4765
f 4756/4756 4765/4765 4755/4755
f 4756/4756 4757/4757 4765/4765
f 4766/4766 4765/4765 4757/4757
f 4767/4767 4758/4758 4768/4768
f 4759/4759 4768/4768 4758/4758
f 4759/4759 4760/4760 4768/4768
f 4769/4769 4768/4768 4760/4760
f 4769/4769 4760/4760 4770/4770
f 4761/4761 4770/4770 4760/4760
f 4761/4761 4762/4762 4770/4770
f 4771/4771 4770/4770 4762/4762
f 4771/4771 4762/4762 4772/4772
f 4763/4763 4772/4772 4762/4762
f 4763/4763 4764/4764 4772/4772
f 4773/4773 4772/4772 4764/4764
f 4773/4773 4764/4764 4774/4774
f 4765/4765 4774/4774 4764/4764
f 4765/4765 4766/4766 4774/4774
f 4775/4775 4774/4774 4766/4766
f 4776/4776 4767/4767 4777/4777
f 4768/4768 4777/4777 4767/4767
f 4768/4768 4769/4769 4777/4777
f 4778/4778 4777/4777 4769/4769
f 4778/4778 4769/4769 4779/4779
f 4770/4770 4779/4779 4769/4769
f 4770/4770 4771/4771 4779/4779
f 4780/4780 4779/4779 4771/4771
f 4780/4780 4771/4771 4781/4781
f 4772/4772 4781/4781 4771/4771
f 4772/4772 4773/4773 4781/4781
f 4782/4782 4781/4781 4773/4773
f 4782/4782 4773/4773 4783/4783
f 4774/4774 4783/4783 4773/4773
f 4774/4774 4775/4775 4783/4783
f 4784/4784 4783/4783 4775/4775
f 4785/4785 4776/4776 4786/4786
f 4777/4777 4786/4786 4776/4776
f 4777/4777 4778/4778 4786/4786
f 4787/4787 4786/4786 4778/4778
f 4787/4787 4778/4778 4788/4788
f 4779/4779 4788/4788 4778/4778
f 4779/4779 4780/4780 4788/4788
f 4789/4789 4788/4788 4780/4780
f 4789/4789 4780/4780 4790/4790
f 4781/4781 4790/4790 4780/4780
f 4781/4781 4782/4782 4790/4790
f 4791/4791 4790/4790 4782/4782
f 4791/4791 4782/4782 4792/4792
f 4783/4783 4792/4792 4782/4782
f 4783/4783 4784/4784 4792/4792
f 4793/4793 4792/4792 4784/4784
f 4794/4794 4785/4785 4795/4795
f 4786/4786 4795/4795 4785/4785
f 4786/4786 4787/4787 4795/4795
f 4796/4796 4795/4795 4787/4787
f 4796/4796 4787/4787 4797/4797
f 4788/4788 4797/4797 4787/4787
f 4788/4788 4789/4789 4797/4797
f 4798/4798 4797/4797 4789/4789
f 4798/4798 4789/4789 4799/4799
f 4790/4790 4799/4799 4789/4789
f 4790/4790 4791/4791 4799/4799
f 4800/4800 4799/4799 4791/4791
f 4800/4800 4791/4791 4801/4801
f 4792/4792 4801/4801 4791/4791
f 4792/4792 4793/4793 4801/4801
f 4802/4802 4801/4801 4793/4793
f 4794/4794 4795/4795 4803/4803
f 4796/4796 4804/4804 4795/4795
f 4795/4795 4804/4804 4803/4803
f 4796/4796 4797/4797 4804/4804
f 4798/4798 4805/4805 4797/4797
f 4797/4797 4805/4805 4804/4804
f 4798/4798 4799/4799 4805/4805
f 4800/4800 4806/4806 4799/4799
f 4799/4799 4806/4806 4805/4805
f 4800/4800 4801/4801 4806/4806
f 4802/4802 4807/4807 4801/4801
f 4801/4801 4807/4807 4806/4806
f 4808/4808 4803/4803 4809/4809
f 4804/4804 4809/4809 4803/4803
f 4804/4804 4805/4805 4809/4809
f 4810/4810 4809/4809 4805/4805
f 4810/4810 4805/4805 4811/4811
f 4806/4806 4811/4811 4805/4805
f 4806/4806 4807/4807 4811/4811
f 4812/4812 4811/4811 4807/4807
f 4813/4813 4808/4808 4814/4814
f 4809/4809 4814/4814 4808/4808
f 4809/4809 4810/4810 4814/4814
f 4815/4815 4814/4814 4810/4810
f 4815/4815 4810/4810 4816/4816
f 4811/4811 4816/4816 4810/4810
f 4811/4811 4812/4812 4816/4816
f 4817/4817 4816/4816 4812/4812
f 4818/4818 4813/4813 4819/4819
f 4814/4814 4819/4819 4813/4813
f 4814/4814 4815/4815 4819/4819
f 4820/4820 4819/4819 4815/4815
f 4820/4820 4815/4815 4821/4821
f 4816/4816 4821/4821 4815/4815
f 4816/4816 4817/4817 4821/4821
f 4822/4822 4821/4821 4817/4817
f 4823/4823 4818/4818 4824/4824
f 4819/4819 4824/4824 4818/4818
f 4819/4819 4820/4820 4824/4824
f 4825/4825 4824/4824 4820/4820
f 4825/4825 4820/4820 4826/4826
f 4821/4821 4826/4826 4820/4820
f 4821/4821 4822/4822 4826/4826
f 4827/4827 4826/4826 4822/4822
f 4828/4828 4823/4823 4829/4829
f 4824/4824 4829/4829 4823/4823
f 4824/4824 4825/4825 4829/4829
f 4830/4830 4829/4829 4825/4825
f 4830/4830 4825/4825 4831/4831
f 4826/4826 4831/4831 4825/4825
f 4826/4826 4827/4827 4831/4831
f 4832/4832 4831/4831 4827/4827
f 4829/4829 4833/4833 4828/4828
f 4829/4829 4830/4830 4833/4833
f 4831/4831 4834/4834 4830/4830
f 4831/4831 4832/4832 4834/4834
f 4071/4071 4072/4072 4835/4835
f 4836/4836 4835/4835 4072/4072
f 4072/4072 4073/4073 4836/4836
f 4837/4837 4836/4836 4073/4073
f 4073/4073 4074/4074 4837/4837
f 4838/4838 4837/4837 4074/4074
f 4074/4074 4075/4075 4838/4838
f 4839/4839 4838/4838 4075/4075
f 4840/4840 4835/4835 4841/4841
f 4836/4836 4841/4841 4835/4835
f 4836/4836 4837/4837 4841/4841
f 4842/4842 4841/4841 4837/4837
f 4842/4842 4837/4837 4843/4843
f 4838/4838 4843/4843 4837/4837
f 4838/4838 4839/4839 4843/4843
f 4844/4844 4843/4843 4839/4839
f 4845/4845 4840/4840 4846/4846
f 4841/4841 4846/4846 4840/4840
f 4841/4841 4842/4842 4846/4846
f 4847/4847 4846/4846 4842/4842
f 4847/4847 4842/4842 4848/4848
f 4843/4843 4848/4848 4842/4842
f 4843/4843 4844/4844 4848/4848
f 4849/4849 4848/4848 4844/4844
f 4850/4850 4845/4845 4851/4851
f 4846/4846 4851/4851 4845/4845
f 4846/4846 4847/4847 4851/4851
f 4852/4852 4851/4851 4847/4847
f 4852/4852 4847/4847 4853/4853
f 4848/4848 4853/4853 4847/4847
f 4848/4848 4849/4849 4853/4853
f 4854/4854 4853/4853 4849/4849
f 4855/4855 4850/4850 4856/4856
f 4851/4851 4856/4856 4850/4850
f 4851/4851 4852/4852 4856/4856
f 4857/4857 4856/4856 4852/4852
f 4857/4857 4852/4852 4858/4858
f 4853/4853 4858/4858 4852/4852
f 4853/4853 4854/4854 4858/4858
f 4859/4859 4858/4858 4854/4854
f 4856/4856 4860/4860 4855/4855
f 4856/4856 4857/4857 4860/4860
f 4858/4858 4861/4861 4857/4857
f 4858/4858 4859/4859 4861/4861
f 4193/4193 4194/4194 4862/4862
f 4863/4863 4862/4862 4194/4194
f 4194/4194 4195/4195 4863/4863
f 4864/4864 4863/4863 4195/4195
f 4195/4195 4196/4196 4864/4864
f 4865/4865 4864/4864 4196/4196
f 4196/4196 4197/4197 4865/4865
f 4866/4866 4865/4865 4197/4197
f 4867/4867 4862/4862 4868/4868
f 4863/4863 4868/4868 4862/4862
f 4863/4863 4864/4864 4868/4868
f 4869/4869 4868/4868 4864/4864
f 4869/4869 4864/4864 4870/4870
f 4865/4865 4870/4870 4864/4864
f 4865/4865 4866/4866 4870/4870
f 4871/4871 4870/4870 4866/4866
f 4872/4872 4867/4867 4873/4873
f 4868/4868 4873/4873 4867/4867
f 4868/4868 4869/4869 4873/4873
f 4874/4874 4873/4873 4869/4869
f 4874/4874 4869/4869 4875/4875
f 4870/4870 4875/4875 4869/4869
f 4870/4870 4871/4871 4875/4875
f 4876/4876 4875/4875 4871/4871
f 4877/4877 4872/4872 4878/4878
f 4873/4873 4878/4878 4872/4872
f 4873/4873 4874/4874 4878/4878
f 4879/4879 4878/4878 4874/4874
f 4879/4879 4874/4874 4880/4880
f 4875/4875 4880/4880 4874/4874
f 4875/4875 4876/4876 4880/4880
f 4881/4881 4880/4880 4876/4876
f 4882/4882 4877/4877 4883/4883
f 4878/4878 4883/4883 4877/4877
f 4878/4878 4879/4879 4883/4883
f 4884/4884 4883/4883 4879/4879
f 4884/4884 4879/4879 4885/4885
f 4880/4880 4885/4885 4879/4879
f 4880/4880 4881/4881 4885/4885
f 4886/4886 4885/4885 4881/4881
f 4883/4883 4887/4887 4882/4882
f 4883/4883 4884/4884 4887/4887
f 4885/4885 4888/4888 4884/4884
f 4885/4885 4886/4886 4888/4888
f 4315/4315 4316/4316 4889/4889
f 4890/4890 4889/4889 4316/4316
f 4316/4316 4317/4317 4890/4890
f 4891/4891 4890/4890 4317/4317
f 4317/4317 4318/4318 4891/4891
f 4892/4892 4891/4891 4318/4318
f 4318/4318 4319/4319 4892/4892
f 4893/4893 4892/4892 4319/4319
f 4894/4894 4889/4889 4895/4895
f 4890/4890 4895/4895 4889/4889
f 4890/4890 4891/4891 4895/4895
f 4896/4896 4895/4895 4891/4891
f 4896/4896 4891/4891 4897/4897
f 4892/4892 4897/4897 4891/4891
f 4892/4892 4893/4893 4897/4897
f 4898/4898 4897/4897 4893/4893
f 4899/4899 4894/4894 4900/4900
f 4895/4895 4900/4900 4894/4894
f 4895/4895 4896/4896 4900/4900
f 4901/4901 4900/4900 4896/4896
f 4901/4901 4896/4896 4902/4902
f 4897/4897 4902/4902 4896/4896
f 4897/4897 4898/4898 4902/4902
f 4903/4903 4902/4902 4898/4898
f 4904/4904 4899/4899 4905/4905
f 4900/4900 4905/4905 4899/4899
f 4900/4900 4901/4901 4905/4905
f 4906/4906 4905/4905 4901/4901
f 4906/4906 4901/4901 4907/4907
f 4902/4902 4907/4907 4901/4901
f 4902/4902 4903/4903 4907/4907
f 4908/4908 4907/4907 4903/4903
f 4909/4909 4904/4904 4910/4910
f 4905/4905 4910/4910 4904/4904
f 4905/4905 4906/4906 4910/4910
f 4911/4911 4910/4910 4906/4906
f 4911/4911 4906/4906 4912/4912
f 4907/4907 4912/4912 4906/4906
f 4907/4907 4908/4908 4912/4912
f 4913/4913 4912/4912 4908/4908
f 4910/4910 4914/4914 4909/4909
f 4910/4910 4911/4911 4914/4914
f 4912/4912 4915/4915 4911/4911
f 4912/4912 4913/4913 4915/4915
f 4437/4437 4438/4438 4916/4916
f 4917/4917 4916/4916 4438/4438
f 4438/4438 4439/4439 4917/4917
f 4918/4918 4917/4917 4439/4439
f 4439/4439 4440/4440 4918/4918
f 4919/4919 4918/4918 4440/4440
f 4440/4440 4441/4441 4919/4919
f 4920/4920 4919/4919 4441/4441
f 4921/4921 4916/4916 4922/4922
f 4917/4917 4922/4922 4916/4916
f 4917/4917 4918/4918 4922/4922
f 4923/4923 4922/4922 4918/4918
f 4923/4923 4918/4918 4924/4924
f 4919/4919 4924/4924 4918/4918
f 4919/4919 4920/4920 4924/4924
f 4925/4925 4924/4924 4920/4920
f 4926/4926 4921/4921 4927/4927
f 4922/4922 4927/4927 4921/4921
f 4922/4922 4923/4923 4927/4927
f 4928/4928 4927/4927 4923/4923
f 4928/4928 4923/4923 4929/4929
f 4924/4924 4929/4929 4923/4923
f 4924/4924 4925/4925 4929/4929
f 4930/4930 4929/4929 4925/4925
f 4931/4931 4926/4926 4932/4932
f 4927/4927 4932/4932 4926/4926
f 4927/4927 4928/4928 4932/4932
f 4933/4933 4932/4932 4928/4928
f 4933/4933 4928/4928 4934/4934
f 4929/4929 4934/4934 4928/4928
f 4929/4929 4930/4930 4934/4934
f 4935/4935 4934/4934 4930/4930
f 4936/4936 4931/4931 4937/4937
f 4932/4932 4937/4937 4931/4931
f 4932/4932 4933/4933 4937/4937
f 4938/4938 4937/4937 4933/4933
f 4938/4938 4933/4933 4939/4939
f 4934/4934 4939/4939 4933/4933
f 4934/4934 4935/4935 4939/4939
f 4940/4940 4939/4939 4935/4935
f 4937/4937 4941/4941 4936/4936
f 4937/4937 4938/4938 4941/4941
f 4939/4939 4942/4942 4938/4938
f 4939/4939 4940/4940 4942/4942
f 4559/4559 4560/4560 4943/4943
f 4944/4944 4943/4943 4560/4560
f 4560/4560 4561/4561 4944/4944
f 4945/4945 4944/4944 4561/4561
f 4561/4561 4562/4562 4945/4945
f 4946/4946 4945/4945 4562/4562
f 4562/4562 4563/4563 4946/4946
f 4947/4947 4946/4946 4563/4563
f 4948/4948 4943/4943 4949/4949
f 4944/4944 4949/4949 4943/4943
f 4944/4944 4945/4945 4949/4949
f 4950/4950 4949/4949 4945/4945
f 4950/4950 4945/4945 4951/4951
f 4946/4946 4951/4951 4945/4945
f 4946/4946 4947/4947 4951/4951
f 4952/4952 4951/4951 4947/4947
f 4953/4953 4948/4948 4954/4954
f 4949/4949 4954/4954 4948/4948
f 4949/4949 4950/4950 4954/4954
f 4955/4955 4954/4954 4950/4950
f 4955/4955 4950/4950 4956/4956
f 4951/4951 4956/4956 4950/4950
f 4951/4951 4952/4952 4956/4956
f 4957/4957 4956/4956 4952/4952
f 4958/4958 4953/4953 4959/4959
f 4954/4954 4959/4959 4953/4953
f 4954/4954 4955/4955 4959/4959
f 4960/4960 4959/4959 4955/4955
f 4960/4960 4955/4955 4961/4961
f 4956/4956 4961/4961 4955/4955
f 4956/4956 4957/4957 4961/4961
f 4962/4962 4961/4961 4957/4957
f 4963/4963 4958/4958 4964/4964
f 4959/4959 4964/4964 4958/4958
f 4959/4959 4960/4960 4964/4964
f 4965/4965 4964/4964 4960/4960
f 4965/4965 4960/4960 4966/4966
f 4961/4961 4966/4966 4960/4960
f 4961/4961 4962/4962 4966/4966
f 4967/4967 4966/4966 4962/4962
f 4964/4964 4968/4968 4963/4963
f 4964/4964 4965/4965 4968/4968
f 4966/4966 4969/4969 4965/4965
f 4966/4966 4967/4967 4969/4969
f 4681/4681 4682/4682 4970/4970
f 4971/4971 4970/4970 4682/4682
f 4682/4682 4683/4683 4971/4971
f 4972/4972 4971/4971 4683/4683
f 4683/4683 4684/4684 4972/4972
f 4973/4973 4972/4972 4684/4684
f 4684/4684 4685/4685 4973/4973
f 4974/4974 4973/4973 4685/4685
f 4975/4975 4970/4970 4976/4976
f 4971/4971 4976/4976 4970/4970
f 4971/4971 4972/4972 4976/4976
f 4977/4977 4976/4976 4972/4972
f 4977/4977 4972/4972 4978/4978
f 4973/4973 4978/4978 4972/4972
f 4973/4973 4974/4974 4978/4978
f 4979/4979 4978/4978 4974/4974
f 4980/4980 4975/4975 4981/4981
f 4976/4976 4981/4981 4975/4975
f 4976/4976 4977/4977 4981/4981
f 4982/4982 4981/4981 4977/4977
f 4982/4982 4977/4977 4983/4983
f 4978/4978 4983/4983 4977/4977
f 4978/4978 4979/4979 4983/4983
f 4984/4984 4983/4983 4979/4979
f 4985/4985 4980/4980 4986/4986
f 4981/4981 4986/4986 4980/4980
f 4981/4981 4982/4982 4986/4986
f 4987/4987 4986/4986 4982/4982
f 4987/4987 4982/4982 4988/4988
f 4983/4983 4988/4988 4982/4982
f 4983/4983 4984/4984 4988/4988
f 4989/4989 4988/4988 4984/4984
f 4990/4990 4985/4985 4991/4991
f 4986/4986 4991/4991 4985/4985
f 4986/4986 4987/4987 4991/4991
f 4992/4992 4991/4991 4987/4987
f 4992/4992 4987/4987 4993/4993
f 4988/4988 4993/4993 4987/4987
f 4988/4988 4989/4989 4993/4993
f 4994/4994 4993/4993 4989/4989
f 4991/4991 4995/4995 4990/4990
f 4991/4991 4992/4992 4995/4995
f 4993/4993 4996/4996 4992/4992
f 4993/4993 4994/4994 4996/4996
f 4803/4803 4804/4804 4997/4997
f 4998/4998 4997/4997 4804/4804
f 4804/4804 4805/4805 4998/4998
f 4999/4999 4998/4998 4805/4805
f 4805/4805 4806/4806 4999/4999
f 5000/5000 4999/4999 4806/4806
f 4806/4806 4807/4807 5000/5000
f 5001/5001 5000/5000 4807/4807
f 5002/5002 4997/4997 5003/5003
f 4998/4998 5003/5003 4997/4997
f 4998/4998 4999/4999 5003/5003
f 5004/5004 5003/5003 4999/4999
f 5004/5004 4999/4999 5005/5005
f 5000/5000 5005/5005 4999/4999
f 5000/5000 5001/5001 5005/5005
f 5006/5006 5005/5005 5001/5001
f 5007/5007 5002/5002 5008/5008
f 5003/5003 5008/5008 5002/5002
f 5003/5003 5004/5004 5008/5008
f 5009/5009 5008/5008 5004/5004
f 5009/5009 5004/5004 5010/5010
f 5005/5005 5010/5010 5004/5004
f 5005/5005 5006/5006 5010/5010
f 5011/5011 5010/5010 5006/5006
f 5012/5012 5007/5007 5013/5013
f 5008/5008 5013/5013 5007/5007
f 5008/5008 5009/5009 5013/5013
f 5014/5014 5013/5013 5009/5009
f 5014/5014 5009/5009 5015/5015
f 5010/5010 5015/5015 5009/5009
f 5010/5010 5011/5011 5015/5015
f 5016/5016 5015/5015 5011/5011
f 5017/5017 5012/5012 5018/5018
f 5013/5013 5018/5018 5012/5012
f 5013/5013 5014/5014 5018/5018
f 5019/5019 5018/5018 5014/5014
f 5019/5019 5014/5014 5020/5020
f 5015/5015 5020/5020 5014/5014
f 5015/5015 5016/5016 5020/5020
f 5021/5021 5020/5020 5016/5016
f 5018/5018 5022/5022 5017/5017
f 5018/5018 5019/5019 5022/5022
f 5020/5020 5023/5023 5019/5019
f 5020/5020 5021/5021 5023/5023
f 5024/5024 5025/5025 5026/5026
f 5027/5027 5026/5026 5025/5025
f 5027/5027 5028/5028 5026/5026
f 5029/5029 5026/5026 5028/5028
f 5029/5029 5028/5028 5030/5030
f 5031/5031 5030/5030 5028/5028
f 5031/5031 5032/5032 5030/5030
f 5033/5033 5030/5030 5032/5032
f 5033/5033 5032/5032 5034/5034
f 5035/5035 5034/5034 5032/5032
f 5036/5036 5024/5024 5037/5037
f 5026/5026 5037/5037 5024/5024
f 5026/5026 5029/5029 5037/5037
f 5038/5038 5037/5037 5029/5029
f 5038/5038 5029/5029 5039/5039
f 5030/5030 5039/5039 5029/5029
f 5030/5030 5033/5033 5039/5039
f 5040/5040 5039/5039 5033/5033
f 5040/5040 5033/5033 5041/5041
f 5034/5034 5041/5041 5033/5033
f 5042/5042 5036/5036 5043/5043
f 5037/5037 5043/5043 5036/5036
f 5037/5037 5038/5038 5043/5043
f 5044/5044 5043/5043 5038/5038
f 5044/5044 5038/5038 5045/5045
f 5039/5039 5045/5045 5038/5038
f 5039/5039 5040/5040 5045/5045
f 5046/5046 5045/5045 5040/5040
f 5046/5046 5040/5040 5047/5047
f 5041/5041 5047/5047 5040/5040
f 5048/5048 5042/5042 5049/5049
f 5043/5043 5049/5049 5042/5042
f 5043/5043 5044/5044 5049/5049
f 5050/5050 5049/5049 5044/5044
f 5050/5050 5044/5044 5051/5051
f 5045/5045 5051/5051 5044/5044
f 5045/5045 5046/5046 5051/5051
f 5052/5052 5051/5051 5046/5046
f 5052/5052 5046/5046 5053/5053
f 5047/5047 5053/5053 5046/5046
f 5054/5054 5048/5048 5055/5055
f 5049/5049 5055/5055 5048/5048
f 5049/5049 5050/5050 5055/5055
f 5056/5056 5055/5055 5050/5050
f 5056/5056 5050/5050 5057/5057
f 5051/5051 5057/5057 5050/5050
f 5051/5051 5052/5052 5057/5057
f 5058/5058 5057/5057 5052/5052
f 5058/5058 5052/5052 5059/5059
f 5053/5053 5059/5059 5052/5052
f 5055/5055 5060/5060 5054/5054
f 5055/5055 5056/5056 5060/5060
f 5057/5057 5061/5061 5056/5056
f 5057/5057 5058/5058 5061/5061
f 5059/5059 5062/5062 5058/5058
f 5063/5063 5064/5064 5065/5065
f 5066/5066 5065/5065 5064/5064
f 5066/5066 5067/5067 5065/5065
f 5068/5068 5065/5065 5067/5067
f 5068/5068 5067/5067 5069/5069
f 5070/5070 5069/5069 5067/5067
f 5070/5070 5071/5071 5069/5069
f 5072/5072 5069/5069 5071/5071
f 5072/5072 5071/5071 5073/5073
f 5074/5074 5073/5073 5071/5071
f 5075/5075 5063/5063 5076/5076
f 5065/5065 5076/5076 5063/5063
f 5065/5065 5068/5068 5076/5076
f 5077/5077 5076/5076 5068/5068
f 5077/5077 5068/5068 5078/5078
f 5069/5069 5078/5078 5068/5068
f 5069/5069 5072/5072 5078/5078
f 5079/5079 5078/5078 5072/5072
f 5079/5079 5072/5072 5080/5080
f 5073/5073 5080/5080 5072/5072
f 5081/5081 5075/5075 5082/5082
f 5076/5076 5082/5082 5075/5075
f 5076/5076 5077/5077 5082/5082
f 5083/5083 5082/5082 5077/5077
f 5083/5083 5077/5077 5084/5084
f 5078/5078 5084/5084 5077/5077
f 5078/5078 5079/5079 5084/5084
f 5085/5085 5084/5084 5079/5079
f 5085/5085 5079/5079 5086/5086
f 5080/5080 5086/5086 5079/5079
f 5087/5087 5081/5081 5088/5088
f 5082/5082 5088/5088 5081/5081
f 5082/5082 5083/5083 5088/5088
f 5089/5089 5088/5088 5083/5083
f 5089/5089 5083/5083 5090/5090
f 5084/5084 5090/5090 5083/5083
f 5084/5084 5085/5085 5090/5090
f 5091/5091 5090/5090 5085/5085
f 5091/5091 5085/5085 5092/5092
f 5086/5086 5092/5092 5085/5085
f 5093/5093 5087/5087 5094/5094
f 5088/5088 5094/5094 5087/5087
f 5088/5088 5089/5089 5094/5094
f 5095/5095 5094/5094 5089/5089
f 5095/5095 5089/5089 5096/5096
f 5090/5090 5096/5096 5089/5089
f 5090/5090 5091/5091 5096/5096
f 5097/5097 5096/5096 5091/5091
f 5097/5097 5091/5091 5098/5098
f 5092/5092 5098/5098 5091/5091
f 5094/5094 5099/5099 5093/5093
f 5094/5094 5095/5095 5099/5099
f 5096/5096 5100/5100 5095/5095
f 5096/5096 5097/5097 5100/5100
f 5098/5098 5101/5101 5097/5097
f 5102/5102 5103/5103 5104/5104
f 5105/5105 5104/5104 5103/5103
f 5105/5105 5106/5106 5104/5104
f 5107/5107 5104/5104 5106/5106
f 5107/5107 5106/5106 5108/5108
f 5109/5109 5108/5108 5106/5106
f 5109/5109 5110/5110 5108/5108
f 5111/5111 5108/5108 5110/5110
f 5111/5111 5110/5110 5112/5112
f 5113/5113 5112/5112 5110/5110
f 5114/5114 5102/5102 5115/5115
f 5104/5104 5115/5115 5102/5102
f 5104/5104 5107/5107 5115/5115
f 5116/5116 5115/5115 5107/5107
f 5116/5116 5107/5107 5117/5117
f 5108/5108 5117/5117 5107/5107
f 5108/5108 5111/5111 5117/5117
f 5118/5118 5117/5117 5111/5111
f 5118/5118 5111/5111 5119/5119
f 5112/5112 5119/5119 5111/5111
f 5120/5120 5114/5114 5121/5121
f 5115/5115 5121/5121 5114/5114
f 5115/5115 5116/5116 5121/5121
f 5122/5122 5121/5121 5116/5116
f 5122/5122 5116/5116 5123/5123
f 5117/5117 5123/5123 5116/5116
f 5117/5117 5118/5118 5123/5123
f 5124/5124 5123/5123 5118/5118
f 5124/5124 5118/5118 5125/5125
f 5119/5119 5125/5125 5118/5118
f 5126/5126 5120/5120 5127/5127
f 5121/5121 5127/5127 5120/5120
f 5121/5121 5122/5122 5127/5127
f 5128/5128 5127/5127 5122/5122
f 5128/5128 5122/5122 5129/5129
f 5123/5123 5129/5129 5122/5122
f 5123/5123 5124/5124 5129/5129
f 5130/5130 5129/5129 5124/5124
f 5130/5130 5124/5124 5131/5131
f 5125/5125 5131/5131 5124/5124
f 5132/5132 5126/5126 5133/5133
f 5127/5127 5133/5133 5126/5126
f 5127/5127 5128/5128 5133/5133
f 5134/5134 5133/5133 5128/5128
f 5134/5134 5128/5128 5135/5135
f 5129/5129 5135/5135 5128/5128
f 5129/5129 5130/5130 5135/5135
f 5136/5136 5135/5135 5130/5130
f 5136/5136 5130/5130 5137/5137
f 5131/5131 5137/5137 5130/5130
f 5133/5133 5138/5138 5132/5132
f 5133/5133 5134/5134 5138/5138
f 5135/5135 5139/5139 5134/5134
f 5135/5135 5136/5136 5139/5139
f 5137/5137 5140/5140 5136/5136
f 5141/5141 5142/5142 5143/5143
f 5144/5144 5143/5143 5142/5142
f 5144/5144 5145/5145 5143/5143
f 5146/5146 5143/5143 5145/5145
f 5146/5146 5145/5145 5147/5147
f 5148/5148 5147/5147 5145/5145
f 5148/5148 5149/5149 5147/5147
f 5150/5150 5147/5147 5149/5149
f 5150/5150 5149/5149 5151/5151
f 5152/5152 5151/5151 5149/5149
f 5153/5153 5141/5141 5154/5154
f 5143/5143 5154/5154 5141/5141
f 5143/5143 5146/5146 5154/5154
f 5155/5155 5154/5154 5146/5146
f 5155/5155 5146/5146 5156/5156
f 5147/5147 5156/5156 5146/5146
f 5147/5147 5150/5150 5156/5156
f 5157/5157 5156/5156 5150/5150
f 5157/5157 5150/5150 5158/5158
f 5151/5151 5158/5158 5150/5150
f 5159/5159 5153/5153 5160/5160
f 5154/5154 5160/5160 5153/5153
f 5154/5154 5155/5155 5160/5160
f 5161/5161 5160/5160 5155/5155
f 5161/5161 5155/5155 5162/5162
f 5156/5156 5162/5162 5155/5155
f 5156/5156 5157/5157 5162/5162
f 5163/5163 5162/5162 5157/5157
f 5163/5163 5157/5157 5164/5164
f 5158/5158 5164/5164 5157/5157
f 5165/5165 5159/5159 5166/5166
f 5160/5160 5166/5166 5159/5159
f 5160/5160 5161/5161 5166/5166
f 5167/5167 5166/5166 5161/5161
f 5167/5167 5161/5161 5168/5168
f 5162/5162 5168/5168 5161/5161
f 5162/5162 5163/5163 5168/5168
f 5169/5169 5168/5168 5163/5163
f 5169/5169 5163/5163 5170/5170
f 5164/5164 5170/5170 5163/5163
f 5171/5171 5165/5165 5172/5172
f 5166/5166 5172/5172 5165/5165
f 5166/5166 5167/5167 5172/5172
f 5173/5173 5172/5172 5167/5167
f 5173/5173 5167/5167 5174/5174
f 5168/5168 5174/5174 5167/5167
f 5168/5168 5169/5169 5174/5174
f 5175/5175 5174/5174 5169/5169
f 5175/5175 5169/5169 5176/5176
f 5170/5170 5176/5176 5169/5169
f 5172/5172 5177/5177 5171/5171
f 5172/5172 5173/5173 5177/5177
f 5174/5174 5178/5178 5173/5173
f 5174/5174 5175/5175 5178/5178
f 5176/5176 5179/5179 5175/5175
f 5180/5180 5181/5181 5182/5182
f 5183/5183 5182/5182 5181/5181
f 5183/5183 5184/5184 5182/5182
f 5185/5185 5182/5182 5184/5184
f 5185/5185 5184/5184 5186/5186
f 5187/5187 5186/5186 5184/5184
f 5187/5187 5188/5188 5186/5186
f 5189/5189 5186/5186 5188/5188
f 5189/5189 5188/5188 5190/5190
f 5191/5191 5190/5190 5188/5188
f 5192/5192 5180/5180 5193/5193
f 5182/5182 5193/5193 5180/5180
f 5182/5182 5185/5185 5193/5193
f 5194/5194 5193/5193 5185/5185
f 5194/5194 5185/5185 5195/5195
f 5186/5186 5195/5195 5185/5185
f 5186/5186 5189/5189 5195/5195
f 5196/5196 5195/5195 5189/5189
f 5196/5196 5189/5189 5197/5197
f 5190/5190 5197/5197 5189/5189
f 5198/5198 5192/5192 5199/5199
f 5193/5193 5199/5199 5192/5192
f 5193/5193 5194/5194 5199/5199
f 5200/5200 5199/5199 5194/5194
f 5200/5200 5194/5194 5201/5201
f 5195/5195 5201/5201 5194/5194
f 5195/5195 5196/5196 5201/5201
f 5202/5202 5201/5201 5196/5196
f 5202/5202 5196/5196 5203/5203
f 5197/5197 5203/5203 5196/5196
f 5204/5204 5198/5198 5205/5205
f 5199/5199 5205/5205 5198/5198
f 5199/5199 5200/5200 5205/5205
f 5206/5206 5205/5205 5200/5200
f 5206/5206 5200/5200 5207/5207
f 5201/5201 5207/5207 5200/5200
f 5201/5201 5202/5202 5207/5207
f 5208/5208 5207/5207 5202/5202
f 5208/5208 5202/5202 5209/5209
f 5203/5203 5209/5209 5202/5202
f 5210/5210 5204/5204 5211/5211
f 5205/5205 5211/5211 5204/5204
f 5205/5205 5206/5206 5211/5211
f 5212/5212 5211/5211 5206/5206
f 5212/5212 5206/5206 5213/5213
f 5207/5207 5213/5213 5206/5206
f 5207/5207 5208/5208 5213/5213
f 5214/5214 5213/5213 5208/5208
f 5214/5214 5208/5208 5215/5215
f 5209/5209 5215/5215 5208/5208
f 5211/5211 5216/5216 5210/5210
f 5211/5211 5212/5212 5216/5216
f 5213/5213 5217/5217 5212/5212
f 5213/5213 5214/5214 5217/5217
f 5215/5215 5218/5218 5214/5214
f 5219/5219 5220/5220 5221/5221
f 5222/5222 5221/5221 5220/5220
f 5222/5222 5223/5223 5221/5221
f 5224/5224 5221/5221 5223/5223
f 5224/5224 5223/5223 5225/5225
f 5226/5226 5225/5225 5223/5223
f 5226/5226 5227/5227 5225/5225
f 5228/5228 5225/5225 5227/5227
f 5228/5228 5227/5227 5229/5229
f 5230/5230 5229/5229 5227/5227
f 5231/5231 5219/5219 5232/5232
f 5221/5221 5232/5232 5219/5219
f 5221/5221 5224/5224 5232/5232
f 5233/5233 5232/5232 5224/5224
f 5233/5233 5224/5224 5234/5234
f 5225/5225 5234/5234 5224/5224
f 5225/5225 5228/5228 5234/5234
f 5235/5235 5234/5234 5228/5228
f 5235/5235 5228/5228 5236/5236
f 5229/5229 5236/5236 5228/5228
f 5237/5237 5231/5231 5238/5238
f 5232/5232 5238/5238 5231/5231
f 5232/5232 5233/5233 5238/5238
f 5239/5239 5238/5238 5233/5233
f 5239/5239 5233/5233 5240/5240
f 5234/5234 5240/5240 5233/5233
f 5234/5234 5235/5235 5240/5240
f 5241/5241 5240/5240 5235/5235
f 5241/5241 5235/5235 5242/5242
f 5236/5236 5242/5242 5235/5235
f 5243/5243 5237/5237 5244/5244
f 5238/5238 5244/5244 5237/5237
f 5238/5238 5239/5239 5244/5244
f 5245/5245 5244/5244 5239/5239
f 5245/5245 5239/5239 5246/5246
f 5240/5240 5246/5246 5239/5239
f 5240/5240 5241/5241 5246/5246
f 5247/5247 5246/5246 5241/5241
f 5247/5247 5241/5241 5248/5248
f 5242/5242 5248/5248 5241/5241
f 5249/5249 5243/5243 5250/5250
f 5244/5244 5250/5250 5243/5243
f 5244/5244 5245/5245 5250/5250
f 5251/5251 5250/5250 5245/5245
f 5251/5251 5245/5245 5252/5252
f 5246/5246 5252/5252 5245/5245
f 5246/5246 5247/5247 5252/5252
f 5253/5253 5252/5252 5247/5247
f 5253/5253 5247/5247 5254/5254
f 5248/5248 5254/5254 5247/5247
f 5250/5250 5255/5255 5249/5249
f 5250/5250 5251/5251 5255/5255
f 5252/5252 5256/5256 5251/5251
f 5252/5252 5253/5253 5256/5256
f 5254/5254 5257/5257 5253/5253
f 5258/5258 5259/5259 5260/5260
f 5261/5261 5260/5260 5259/5259
f 5261/5261 5262/5262 5260/5260
f 5263/5263 5260/5260 5262/5262
f 5263/5263 5262/5262 5264/5264
f 5265/5265 5264/5264 5262/5262
f 5265/5265 5266/5266 5264/5264
f 5267/5267 5264/5264 5266/5266
f 5267/5267 5266/5266 5268/5268
f 5269/5269 5268/5268 5266/5266
f 5270/5270 5258/5258 5271/5271
f 5260/5260 5271/5271 5258/5258
f 5260/5260 5263/5263 5271/5271
f 5272/5272 5271/5271 5263/5263
f 5272/5272 5263/5263 5273/5273
f 5264/5264 5273/5273 5263/5263
f 5264/5264 5267/5267 5273/5273
f 5274/5274 5273/5273 5267/5267
f 5274/5274 5267/5267 5275/5275
f 5268/5268 5275/5275 5267/5267
f 5276/5276 5270/5270 5277/5277
f 5271/5271 5277/5277 5270/5270
f 5271/5271 5272/5272 5277/5277
f 5278/5278 5277/5277 5272/5272
f 5278/5278 5272/5272 5279/5279
f 5273/5273 5279/5279 5272/5272
f 5273/5273 5274/5274 5279/5279
f 5280/5280 5279/5279 5274/5274
f 5280/5280 5274/5274 5281/5281
f 5275/5275 5281/5281 5274/5274
f 5282/5282 5276/5276 5283/5283
f 5277/5277 5283/5283 5276/5276
f 5277/5277 5278/5278 5283/5283
f 5284/5284 5283/5283 5278/5278
f 5284/5284 5278/5278 5285/5285
f 5279/5279 5285/5285 5278/5278
f 5279/5279 5280/5280 5285/5285
f 5286/5286 5285/5285 5280/5280
f 5286/5286 5280/5280 5287/5287
f 5281/5281 5287/5287 5280/5280
f 5288/5288 5282/5282 5289/5289
f 5283/5283 5289/5289 5282/5282
f 5283/5283 5284/5284 5289/5289
f 5290/5290 5289/5289 5284/5284
f 5290/5290 5284/5284 5291/5291
f 5285/5285 5291/5291 5284/5284
f 5285/5285 5286/5286 5291/5291
f 5292/5292 5291/5291 5286/5286
f 5292/5292 5286/5286 5293/5293
f 5287/5287 5293/5293 5286/5286
f 5289/5289 5294/5294 5288/5288
f 5289/5289 5290/5290 5294/5294
f 5291/5291 5295/5295 5290/5290
f 5291/5291 5292/5292 5295/5295
f 5293/5293 5296/5296 5292/5292
f 5297/5297 5298/5298 5299/5299
f 5300/5300 5299/5299 5298/5298
f 5300/5300 5301/5301 5299/5299
f 5302/5302 5299/5299 5301/5301
f 5302/5302 5301/5301 5303/5303
f 5304/5304 5303/5303 5301/5301
f 5304/5304 5305/5305 5303/5303
f 5306/5306 5303/5303 5305/5305
f 5306/5306 5305/5305 5307/5307
f 5308/5308 5307/5307 5305/5305
f 5309/5309 5297/5297 5310/5310
f 5299/5299 5310/5310 5297/5297
f 5299/5299 5302/5302 5310/5310
f 5311/5311 5310/5310 5302/5302
f 5311/5311 5302/5302 5312/5312
f 5303/5303 5312/5312 5302/5302
f 5303/5303 5306/5306 5312/5312
f 5313/5313 5312/5312 5306/5306
f 5313/5313 5306/5306 5314/5314
f 5307/5307 5314/5314 5306/5306
f 5315/5315 5309/5309 5316/5316
f 5310/5310 5316/5316 5309/5309
f 5310/5310 5311/5311 5316/5316
f 5317/5317 5316/5316 5311/5311
f 5317/5317 5311/5311 5318/5318
f 5312/5312 5318/5318 5311/5311
f 5312/5312 5313/5313 5318/5318
f 5319/5319 5318/5318 5313/5313
f 5319/5319 5313/5313 5320/5320
f 5314/5314 5320/5320 5313/5313
f 5321/5321 5315/5315 5322/5322
f 5316/5316 5322/5322 5315/5315
f 5316/5316 5317/5317 5322/5322
f 5323/5323 5322/5322 5317/5317
f 5323/5323 5317/5317 5324/5324
f 5318/5318 5324/5324 5317/5317
f 5318/5318 5319/5319 5324/5324
f 5325/5325 5324/5324 5319/5319
f 5325/5325 5319/5319 5326/5326
f 5320/5320 5326/5326 5319/5319
f 5327/5327 5321/5321 5328/5328
f 5322/5322 5328/5328 5321/5321
f 5322/5322 5323/5323 5328/5328
f 5329/5329 5328/5328 5323/5323
f 5329/5329 5323/5323 5330/5330
f 5324/5324 5330/5330 5323/5323
f 5324/5324 5325/5325 5330/5330
f 5331/5331 5330/5330 5325/5325
f 5331/5331 5325/5325 5332/5332
f 5326/5326 5332/5332 5325/5325
f 5328/5328 5333/5333 5327/5327
f 5328/5328 5329/5329 5333/5333
f 5330/5330 5334/5334 5329/5329
f 5330/5330 5331/5331 5334/5334
f 5332/5332 5335/5335 5331/5331
f 5336/5336 5337/5337 5338/5338
f 5339/5339 5338/5338 5337/5337
f 5339/5339 5340/5340 5338/5338
f 5341/5341 5338/5338 5340/5340
f 5341/5341 5340/5340 5342/5342
f 5343/5343 5342/5342 5340/5340
f 5343/5343 5344/5344 5342/5342
f 5345/5345 5342/5342 5344/5344
f 5345/5345 5344/5344 5346/5346
f 5347/5347 5346/5346 5344/5344
f 5348/5348 5336/5336 5349/5349
f 5338/5338 5349/5349 5336/5336
f 5338/5338 5341/5341 5349/5349
f 5350/5350 5349/5349 5341/5341
f 5350/5350 5341/5341 5351/5351
f 5342/5342 5351/5351 5341/5341
f 5342/5342 5345/5345 5351/5351
f 5352/5352 5351/5351 5345/5345
f 5352/5352 5345/5345 5353/5353
f 5346/5346 5353/5353 5345/5345
f 5354/5354 5348/5348 5355/5355
f 5349/5349 5355/5355 5348/5348
f 5349/5349 5350/5350 5355/5355
f 5356/5356 5355/5355 5350/5350
f 5356/5356 5350/5350 5357/5357
f 5351/5351 5357/5357 5350/5350
f 5351/5351 5352/5352 5357/5357
f 5358/5358 5357/5357 5352/5352
f 5358/5358 5352/5352 5359/5359
f 5353/5353 5359/5359 5352/5352
f 5360/5360 5354/5354 5361/5361
f 5355/5355 5361/5361 5354/5354
f 5355/5355 5356/5356 5361/5361
f 5362/5362 5361/5361 5356/5356
f 5362/5362 5356/5356 5363/5363
f 5357/5357 5363/5363 5356/5356
f 5357/5357 5358/5358 5363/5363
f 5364/5364 5363/5363 5358/5358
f 5364/5364 5358/5358 5365/5365
f 5359/5359 5365/5365 5358/5358
f 5366/5366 5360/5360 5367/5367
f 5361/5361 5367/5367 5360/5360
f 5361/5361 5362/5362 5367/5367
f 5368/5368 5367/5367 5362/5362
f 5368/5368 5362/5362 5369/5369
f 5363/5363 5369/5369 5362/5362
f 5363/5363 5364/5364 5369/5369
f 5370/5370 5369/5369 5364/5364
f 5370/5370 5364/5364 5371/5371
f 5365/5365 5371/5371 5364/5364
f 5367/5367 5372/5372 5366/5366
f 5367/5367 5368/5368 5372/5372
f 5369/5369 5373/5373 5368/5368
f 5369/5369 5370/5370 5373/5373
f 5371/5371 5374/5374 5370/5370
f 5375/5375 5376/5376 5377/5377
f 5378/5378 5377/5377 5376/5376
f 5378/5378 5379/5379 5377/5377
f 5380/5380 5377/5377 5379/5379
f 5380/5380 5379/5379 5381/5381
f 5382/5382 5381/5381 5379/5379
f 5382/5382 5383/5383 5381/5381
f 5384/5384 5381/5381 5383/5383
f 5384/5384 5383/5383 5385/5385
f 5386/5386 5385/5385 5383/5383
f 5387/5387 5375/5375 5388/5388
f 5377/5377 5388/5388 5375/5375
f 5377/5377 5380/5380 5388/5388
f 5389/5389 5388/5388 5380/5380
f 5389/5389 5380/5380 5390/5390
f 5381/5381 5390/5390 5380/5380
f 5381/5381 5384/5384 5390/5390
f 5391/5391 5390/5390 5384/5384
f 5391/5391 5384/5384 5392/5392
f 5385/5385 5392/5392 5384/5384
f 5393/5393 5387/5387 5394/5394
f 5388/5388 5394/5394 5387/5387
f 5388/5388 5389/5389 5394/5394
f 5395/5395 5394/5394 5389/5389
f 5395/5395 5389/5389 5396/5396
f 5390/5390 5396/5396 5389/5389
f 5390/5390 5391/5391 5396/5396
f 5397/5397 5396/5396 5391/5391
f 5397/5397 5391/5391 5398/5398
f 5392/5392 5398/5398 5391/5391
f 5399/5399 5393/5393 5400/5400
f 5394/5394 5400/5400 5393/5393
f 5394/5394 5395/5395 5400/5400
f 5401/5401 5400/5400 5395/5395
f 5401/5401 5395/5395 5402/5402
f 5396/5396 5402/5402 5395/5395
f 5396/5396 5397/5397 5402/5402
f 5403/5403 5402/5402 5397/5397
f 5403/5403 5397/5397 5404/5404
f 5398/5398 5404/5404 5397/5397
f 5405/5405 5399/5399 5406/5406
f 5400/5400 5406/5406 5399/5399
f 5400/5400 5401/5401 5406/5406
f 5407/5407 5406/5406 5401/5401
f 5407/5407 5401/5401 5408/5408
f 5402/5402 5408/5408 5401/5401
f 5402/5402 5403/5403 5408/5408
f 5409/5409 5408/5408 5403/5403
f 5409/5409 5403/5403 5410/5410
f 5404/5404 5410/5410 5403/5403
f 5406/5406 5411/5411 5405/5405
f 5406/5406 5407/5407 5411/5411
f 5408/5408 5412/5412 5407/5407
f 5408/5408 5409/5409 5412/5412
f 5410/5410 5413/5413 5409/5409
f 5414/5414 5415/5415 5416/5416
f 5417/5417 5416/5416 5415/5415
f 5417/5417 5418/5418 5416/5416
f 5419/5419 5416/5416 5418/5418
f 5419/5419 5418/5418 5420/5420
f 5421/5421 5420/5420 5418/5418
f 5421/5421 5422/5422 5420/5420
f 5423/5423 5420/5420 5422/5422
f 5423/5423 5422/5422 5424/5424
f 5425/5425 5424/5424 5422/5422
f 5426/5426 5414/5414 5427/5427
f 5416/5416 5427/5427 5414/5414
f 5416/5416 5419/5419 5427/5427
f 5428/5428 5427/5427 5419/5419
f 5428/5428 5419/5419 5429/5429
f 5420/5420 5429/5429 5419/5419
f 5420/5420 5423/5423 5429/5429
f 5430/5430 5429/5429 5423/5423
f 5430/5430 5423/5423 5431/5431
f 5424/5424 5431/5431 5423/5423
f 5432/5432 5426/5426 5433/5433
f 5427/5427 5433/5433 5426/5426
f 5427/5427 5428/5428 5433/5433
f 5434/5434 5433/5433 5428/5428
f 5434/5434 5428/5428 5435/5435
f 5429/5429 5435/5435 5428/5428
f 5429/5429 5430/5430 5435/5435
f 5436/5436 5435/5435 5430/5430
f 5436/5436 5430/5430 5437/5437
f 5431/5431 5437/5437 5430/5430
f 5438/5438 5432/5432 5439/5439
f 5433/5433 5439/5439 5432/5432
f 5433/5433 5434/5434 5439/5439
f 5440/5440 5439/5439 5434/5434
f 5440/5440 5434/5434 5441/5441
f 5435/5435 5441/5441 5434/5434
f 5435/5435 5436/5436 5441/5441
f 5442/5442 5441/5441 5436/5436
f 5442/5442 5436/5436 5443/5443
f 5437/5437 5443/5443 5436/5436
f 5444/5444 5438/5438 5445/5445
f 5439/5439 5445/5445 5438/5438
f 5439/5439 5440/5440 5445/5445
f 5446/5446 5445/5445 5440/5440
f 5446/5446 5440/5440 5447/5447
f 5441/5441 5447/5447 5440/5440
f 5441/5441 5442/5442 5447/5447
f 5448/5448 5447/5447 5442/5442
f 5448/5448 5442/5442 5449/5449
f 5443/5443 5449/5449 5442/5442
f 5445/5445 5450/5450 5444/5444
f 5445/5445 5446/5446 5450/5450
f 5447/5447 5451/5451 5446/5446
f 5447/5447 5448/5448 5451/5451
f 5449/5449 5452/5452 5448/5448
f 5453/5453 5454/5454 5455/5455
f 5456/5456 5455/5455 5454/5454
f 5456/5456 5457/5457 5455/5455
f 5458/5458 5455/5455 5457/5457
f 5458/5458 5457/5457 5459/5459
f 5460/5460 5459/5459 5457/5457
f 5460/5460 5461/5461 5459/5459
f 5462/5462 5459/5459 5461/5461
f 5462/5462 5461/5461 5463/5463
f 5464/5464 5463/5463 5461/5461
f 5465/5465 5453/5453 5466/5466
f 5455/5455 5466/5466 5453/5453
f 5455/5455 5458/5458 5466/5466
f 5467/5467 5466/5466 5458/5458
f 5467/5467 5458/5458 5468/5468
f 5459/5459 5468/5468 5458/5458
f 5459/5459 5462/5462 5468/5468
f 5469/5469 5468/5468 5462/5462
f 5469/5469 5462/5462 5470/5470
f 5463/5463 5470/5470 5462/5462
f 5471/5471 5465/5465 5472/5472
f 5466/5466 5472/5472 5465/5465
f 5466/5466 5467/5467 5472/5472
f 5473/5473 5472/5472 5467/5467
f 5473/5473 5467/5467 5474/5474
f 5468/5468 5474/5474 5467/5467
f 5468/5468 5469/5469 5474/5474
f 5475/5475 5474/5474 5469/5469
f 5475/5475 5469/5469 5476/5476
f 5470/5470 5476/5476 5469/5469
f 5477/5477 5471/5471 5478/5478
f 5472/5472 5478/5478 5471/5471
f 5472/5472 5473/5473 5478/5478
f 5479/5479 5478/5478 5473/5473
f 5479/5479 5473/5473 5480/5480
f 5474/5474 5480/5480 5473/5473
f 5474/5474 5475/5475 5480/5480
f 5481/5481 5480/5480 5475/5475
f 5481/5481 5475/5475 5482/5482
f 5476/5476 5482/5482 5475/5475
f 5483/5483 5477/5477 5484/5484
f 5478/5478 5484/5484 5477/5477
f 5478/5478 5479/5479 5484/5484
f 5485/5485 5484/5484 5479/5479
f 5485/5485 5479/5479 5486/5486
f 5480/5480 5486/5486 5479/5479
f 5480/5480 5481/5481 5486/5486
f 5487/5487 5486/5486 5481/5481
f 5487/5487 5481/5481 5488/5488
f 5482/5482 5488/5488 5481/5481
f 5484/5484 5489/5489 5483/5483
f 5484/5484 5485/5485 5489/5489
f 5486/5486 5490/5490 5485/5485
f 5486/5486 5487/5487 5490/5490
f 5488/5488 5491/5491 5487/5487
f 5492/5492 5493/5493 5494/5494
f 5495/5495 5494/5494 5493/5493
f 5495/5495 5496/5496 5494/5494
f 5497/5497 5494/5494 5496/5496
f 5497/5497 5496/5496 5498/5498
f 5499/5499 5498/5498 5496/5496
f 5499/5499 5500/5500 5498/5498
f 5501/5501 5498/5498 5500/5500
f 5501/5501 5500/5500 5502/5502
f 5503/5503 5502/5502 5500/5500
f 5504/5504 5492/5492 5505/5505
f 5494/5494 5505/5505 5492/5492
f 5494/5494 5497/5497 5505/5505
f 5506/5506 5505/5505 5497/5497
f 5506/5506 5497/5497 5507/5507
f 5498/5498 5507/5507 5497/5497
f 5498/5498 5501/5501 5507/5507
f 5508/5508 5507/5507 5501/5501
f 5508/5508 5501/5501 5509/5509
f 5502/5502 5509/5509 5501/5501
f 5510/5510 5504/5504 5511/5511
f 5505/5505 5511/5511 5504/5504
f 5505/5505 5506/5506 5511/5511
f 5512/5512 5511/5511 5506/5506
f 5512/5512 5506/5506 5513/5513
f 5507/5507 5513/5513 5506/5506
f 5507/5507 5508/5508 5513/5513
f 5514/5514 5513/5513 5508/5508
f 5514/5514 5508/5508 5515/5515
f 5509/5509 5515/5515 5508/5508
f 5516/5516 5510/5510 5517/5517
f 5511/5511 5517/5517 5510/5510
f 5511/5511 5512/5512 5517/5517
f 5518/5518 5517/5517 5512/5512
f 5518/5518 5512/5512 5519/5519
f 5513/5513 5519/5519 5512/5512
f 5513/5513 5514/5514 5519/5519
f 5520/5520 5519/5519 5514/5514
f 5520/5520 5514/5514 5521/5521
f 5515/5515 5521/5521 5514/5514
f 5522/5522 5516/5516 5523/5523
f 5517/5517 5523/5523 5516/5516
f 5517/5517 5518/5518 5523/5523
f 5524/5524 5523/5523 5518/5518
f 5524/5524 5518/5518 5525/5525
f 5519/5519 5525/5525 5518/5518
f 5519/5519 5520/5520 5525/5525
f 5526/5526 5525/5525 5520/5520
f 5526/5526 5520/5520 5527/5527
f 5521/5521 5527/5527 5520/5520
f 5523/5523 5528/5528 5522/5522
f 5523/5523 5524/5524 5528/5528
f 5525/5525 5529/5529 5524/5524
f 5525/5525 5526/5526 5529/5529
f 5527/5527 5530/5530 5526/5526
f 5531/5531 5532/5532 5533/5533
f 5534/5534 5533/5533 5532/5532
f 5534/5534 5535/5535 5533/5533
f 5536/5536 5533/5533 5535/5535
f 5536/5536 5535/5535 5537/5537
f 5538/5538 5537/5537 5535/5535
f 5538/5538 5539/5539 5537/5537
f 5540/5540 5537/5537 5539/5539
f 5540/5540 5539/5539 5541/5541
f 5542/5542 5541/5541 5539/5539
f 5543/5543 5531/5531 5544/5544
f 5533/5533 5544/5544 5531/5531
f 5533/5533 5536/5536 5544/5544
f 5545/5545 5544/5544 5536/5536
f 5545/5545 5536/5536 5546/5546
f 5537/5537 5546/5546 5536/5536
f 5537/5537 5540/5540 5546/5546
f 5547/5547 5546/5546 5540/5540
f 5547/5547 5540/5540 5548/5548
f 5541/5541 5548/5548 5540/5540
f 5549/5549 5543/5543 5550/5550
f 5544/5544 5550/5550 5543/5543
f 5544/5544 5545/5545 5550/5550
f 5551/5551 5550/5550 5545/5545
f 5551/5551 5545/5545 5552/5552
f 5546/5546 5552/5552 5545/5545
f 5546/5546 5547/5547 5552/5552
f 5553/5553 5552/5552 5547/5547
f 5553/5553 5547/5547 5554/5554
f 5548/5548 5554/5554 5547/5547
f 5555/5555 5549/5549 5556/5556
f 5550/5550 5556/5556 5549/5549
f 5550/5550 5551/5551 5556/5556
f 5557/5557 5556/5556 5551/5551
f 5557/5557 5551/5551 5558/5558
f 5552/5552 5558/5558 5551/5551
f 5552/5552 5553/5553 5558/5558
f 5559/5559 5558/5558 5553/5553
f 5559/5559 5553/5553 5560/5560
f 5554/5554 5560/5560 5553/5553
f 5561/5561 5555/5555 5562/5562
f 5556/5556 5562/5562 5555/5555
f 5556/5556 5557/5557 5562/5562
f 5563/5563 5562/5562 5557/5557
f 5563/5563 5557/5557 5564/5564
f 5558/5558 5564/5564 5557/5557
f 5558/5558 5559/5559 5564/5564
f 5565/5565 5564/5564 5559/5559
f 5565/5565 5559/5559 5566/5566
f 5560/5560 5566/5566 5559/5559
f 5562/5562 5567/5567 5561/5561
f 5562/5562 5563/5563 5567/5567
f 5564/5564 5568/5568 5563/5563
f 5564/5564 5565/5565 5568/5568
f 5566/5566 5569/5569 5565/5565
f 5570/5570 5571/5571 5572/5572
f 5573/5573 5572/5572 5571/5571
f 5573/5573 5574/5574 5572/5572
f 5575/5575 5572/5572 5574/5574
f 5575/5575 5574/5574 5576/5576
f 5577/5577 5576/5576 5574/5574
f 5577/5577 5578/5578 5576/5576
f 5579/5579 5576/5576 5578/5578
f 5579/5579 5578/5578 5580/5580
f 5581/5581 5580/5580 5578/5578
f 5582/5582 5570/5570 5583/5583
f 5572/5572 5583/5583 5570/5570
f 5572/5572 5575/5575 5583/5583
f 5584/5584 5583/5583 5575/5575
f 5584/5584 5575/5575 5585/5585
f 5576/5576 5585/5585 5575/5575
f 5576/5576 5579/5579 5585/5585
f 5586/5586 5585/5585 5579/5579
f 5586/5586 5579/5579 5587/5587
f 5580/5580 5587/5587 5579/5579
f 5588/5588 5582/5582 5589/5589
f 5583/5583 5589/5589 5582/5582
f 5583/5583 5584/5584 5589/5589
f 5590/5590 5589/5589 5584/5584
f 5590/5590 5584/5584 5591/5591
f 5585/5585 5591/5591 5584/5584
f 5585/5585 5586/5586 5591/5591
f 5592/5592 5591/5591 5586/5586
f 5592/5592 5586/5586 5593/5593
f 5587/5587 5593/5593 5586/5586
f 5594/5594 5588/5588 5595/5595
f 5589/5589 5595/5595 5588/5588
f 5589/5589 5590/5590 5595/5595
f 5596/5596 5595/5595 5590/5590
f 5596/5596 5590/5590 5597/5597
f 5591/5591 5597/5597 5590/5590
f 5591/5591 5592/5592 5597/5597
f 5598/5598 5597/5597 5592/5592
f 5598/5598 5592/5592 5599/5599
f 5593/5593 5599/5599 5592/5592
f 5600/5600 5594/5594 5601/5601
f 5595/5595 5601/5601 5594/5594
f 5595/5595 5596/5596 5601/5601
f 5602/5602 5601/5601 5596/5596
f 5602/5602 5596/5596 5603/5603
f 5597/5597 5603/5603 5596/5596
f 5597/5597 5598/5598 5603/5603
f 5604/5604 5603/5603 5598/5598
f 5604/5604 5598/5598 5605/5605
f 5599/5599 5605/5605 5598/5598
f 5601/5601 5606/5606 5600/5600
f 5601/5601 5602/5602 5606/5606
f 5603/5603 5607/5607 5602/5602
f 5603/5603 5604/5604 5607/5607
f 5605/5605 5608/5608 5604/5604
f 5609/5609 5610/5610 5611/5611
f 5612/5612 5611/5611 5610/5610
f 5612/5612 5613/5613 5611/5611
f 5614/5614 5611/5611 5613/5613
f 5614/5614 5613/5613 5615/5615
f 5616/5616 5615/5615 5613/5613
f 5616/5616 5617/5617 5615/5615
f 5618/5618 5615/5615 5617/5617
f 5618/5618 5617/5617 5619/5619
f 5620/5620 5619/5619 5617/5617
f 5621/5621 5609/5609 5622/5622
f 5611/5611 5622/5622 5609/5609
f 5611/5611 5614/5614 5622/5622
f 5623/5623 5622/5622 5614/5614
f 5623/5623 5614/5614 5624/5624
f 5615/5615 5624/5624 5614/5614
f 5615/5615 5618/5618 5624/5624
f 5625/5625 5624/5624 5618/5618
f 5625/5625 5618/5618 5626/5626
f 5619/5619 5626/5626 5618/5618
f 5627/5627 5621/5621 5628/5628
f 5622/5622 5628/5628 5621/5621
f 5622/5622 5623/5623 5628/5628
f 5629/5629 5628/5628 5623/5623
f 5629/5629 5623/5623 5630/5630
f 5624/5624 5630/5630 5623/5623
f 5624/5624 5625/5625 5630/5630
f 5631/5631 5630/5630 5625/5625
f 5631/5631 5625/5625 5632/5632
f 5626/5626 5632/5632 5625/5625
f 5633/5633 5627/5627 5634/5634
f 5628/5628 5634/5634 5627/5627
f 5628/5628 5629/5629 5634/5634
f 5635/5635 5634/5634 5629/5629
f 5635/5635 5629/5629 5636/5636
f 5630/5630 5636/5636 5629/5629
f 5630/5630 5631/5631 5636/5636
f 5637/5637 5636/5636 5631/5631
f 5637/5637 5631/5631 5638/5638
f 5632/5632 5638/5638 5631/5631
f 5639/5639 5633/5633 5640/5640
f 5634/5634 5640/5640 5633/5633
f 5634/5634 5635/5635 5640/5640
f 5641/5641 5640/5640 5635/5635
f 5641/5641 5635/5635 5642/5642
f 5636/5636 5642/5642 5635/5635
f 5636/5636 5637/5637 5642/5642
f 5643/5643 5642/5642 5637/5637
f 5643/5643 5637/5637 5644/5644
f 5638/5638 5644/5644 5637/5637
f 5640/5640 5645/5645 5639/5639
f 5640/5640 5641/5641 5645/5645
f 5642/5642 5646/5646 5641/5641
f 5642/5642 5643/5643 5646/5646
f 5644/5644 5647/5647 5643/5643
f 5648/5648 5649/5649 5650/5650
f 5651/5651 5650/5650 5649/5649
f 5651/5651 5652/5652 5650/5650
f 5653/5653 5650/5650 5652/5652
f 5653/5653 5652/5652 5654/5654
f 5655/5655 5654/5654 5652/5652
f 5655/5655 5656/5656 5654/5654
f 5657/5657 5654/5654 5656/5656
f 5657/5657 5656/5656 5658/5658
f 5659/5659 5658/5658 5656/5656
f 5660/5660 5648/5648 5661/5661
f 5650/5650 5661/5661 5648/5648
f 5650/5650 5653/5653 5661/5661
f 5662/5662 5661/5661 5653/5653
f 5662/5662 5653/5653 5663/5663
f 5654/5654 5663/5663 5653/5653
f 5654/5654 5657/5657 5663/5663
f 5664/5664 5663/5663 5657/5657
f 5664/5664 5657/5657 5665/5665
f 5658/5658 5665/5665 5657/5657
f 5666/5666 5660/5660 5667/5667
f 5661/5661 5667/5667 5660/5660
f 5661/5661 5662/5662 5667/5667
f 5668/5668 5667/5667 5662/5662
f 5668/5668 5662/5662 5669/5669
f 5663/5663 5669/5669 5662/5662
f 5663/5663 5664/5664 5669/5669
f 5670/5670 5669/5669 5664/5664
f 5670/5670 5664/5664 5671/5671
f 5665/5665 5671/5671 5664/5664
f 5672/5672 5666/5666 5673/5673
f 5667/5667 5673/5673 5666/5666
f 5667/5667 5668/5668 5673/5673
f 5674/5674 5673/5673 5668/5668
f 5674/5674 5668/5668 5675/5675
f 5669/5669 5675/5675 5668/5668
f 5669/5669 5670/5670 5675/5675
f 5676/5676 5675/5675 5670/5670
f 5676/5676 5670/5670 5677/5677
f 5671/5671 5677/5677 5670/5670
f 5678/5678 5672/5672 5679/5679
f 5673/5673 5679/5679 5672/5672
f 5673/5673 5674/5674 5679/5679
f 5680/5680 5679/5679 5674/5674
f 5680/5680 5674/5674 5681/5681
f 5675/5675 5681/5681 5674/5674
f 5675/5675 5676/5676 5681/5681
f 5682/5682 5681/5681 5676/5676
f 5682/5682 5676/5676 5683/5683
f 5677/5677 5683/5683 5676/5676
f 5679/5679 5684/5684 5678/5678
f 5679/5679 5680/5680 5684/5684
f 5681/5681 5685/5685 5680/5680
f 5681/5681 5682/5682 5685/5685
f 5683/5683 5686/5686 5682/5682
f 5687/5687 5688/5688 5689/5689
f 5690/5690 5689/5689 5688/5688
f 5690/5690 5691/5691 5689/5689
f 5692/5692 5689/5689 5691/5691
f 5692/5692 5691/5691 5693/5693
f 5694/5694 5693/5693 5691/5691
f 5694/5694 5695/5695 5693/5693
f 5696/5696 5693/5693 5695/5695
f 5696/5696 5695/5695 5697/5697
f 5698/5698 5697/5697 5695/5695
f 5699/5699 5687/5687 5700/5700
f 5689/5689 5700/5700 5687/5687
f 5689/5689 5692/5692 5700/5700
f 5701/5701 5700/5700 5692/5692
f 5701/5701 5692/5692 5702/5702
f 5693/5693 5702/5702 5692/5692
f 5693/5693 5696/5696 5702/5702
f 5703/5703 5702/5702 5696/5696
f 5703/5703 5696/5696 5704/5704
f 5697/5697 5704/5704 5696/5696
f 5705/5705 5699/5699 5706/5706
f 5700/5700 5706/5706 5699/5699
f 5700/5700 5701/5701 5706/5706
f 5707/5707 5706/5706 5701/5701
f 5707/5707 5701/5701 5708/5708
f 5702/5702 5708/5708 5701/5701
f 5702/5702 5703/5703 5708/5708
f 5709/5709 5708/5708 5703/5703
f 5709/5709 5703/5703 5710/5710
f 5704/5704 5710/5710 5703/5703
f 5711/5711 5705/5705 5712/5712
f 5706/5706 5712/5712 5705/5705
f 5706/5706 5707/5707 5712/5712
f 5713/5713 5712/5712 5707/5707
f 5713/5713 5707/5707 5714/5714
f 5708/5708 5714/5714 5707/5707
f 5708/5708 5709/5709 5714/5714
f 5715/5715 5714/5714 5709/5709
f 5715/5715 5709/5709 5716/5716
f 5710/5710 5716/5716 5709/5709
f 5717/5717 5711/5711 5718/5718
f 5712/5712 5718/5718 5711/5711
f 5712/5712 5713/5713 5718/5718
f 5719/5719 5718/5718 5713/5713
f 5719/5719 5713/5713 5720/5720
f 5714/5714 5720/5720 5713/5713
f 5714/5714 5715/5715 5720/5720
f 5721/5721 5720/5720 5715/5715
f 5721/5721 5715/5715 5722/5722
f 5716/5716 5722/5722 5715/5715
f 5718/5718 5723/5723 5717/5717
f 5718/5718 5719/5719 5723/5723
f 5720/5720 5724/5724 5719/5719
f 5720/5720 5721/5721 5724/5724
f 5722/5722 5725/5725 5721/5721
f 5726/5726 5727/5727 5728/5728
f 5729/5729 5728/5728 5727/5727
f 5729/5729 5730/5730 5728/5728
f 5731/5731 5728/5728 5730/5730
f 5731/5731 5730/5730 5732/5732
f 5733/5733 5732/5732 5730/5730
f 5733/5733 5734/5734 5732/5732
f 5735/5735 5732/5732 5734/5734
f 5735/5735 5734/5734 5736/5736
f 5737/5737 5736/5736 5734/5734
f 5738/5738 5726/5726 5739/5739
f 5728/5728 5739/5739 5726/5726
f 5728/5728 5731/5731 5739/5739
f 5740/5740 5739/5739 5731/5731
f 5740/5740 5731/5731 5741/5741
f 5732/5732 5741/5741 5731/5731
f 5732/5732 5735/5735 5741/5741
f 5742/5742 5741/5741 5735/5735
f 5742/5742 5735/5735 5743/5743
f 5736/5736 5743/5743 5735/5735
f 5744/5744 5738/5738 5745/5745
f 5739/5739 5745/5745 5738/5738
f 5739/5739 5740/5740 5745/5745
f 5746/5746 5745/5745 5740/5740
f 5746/5746 5740/5740 5747/5747
f 5741/5741 5747/5747 5740/5740
f 5741/5741 5742/5742 5747/5747
f 5748/5748 5747/5747 5742/5742
f 5748/5748 5742/5742 5749/5749
f 5743/5743 5749/5749 5742/5742
f 5750/5750 5744/5744 5751/5751
f 5745/5745 5751/5751 5744/5744
f 5745/5745 5746/5746 5751/5751
f 5752/5752 5751/5751 5746/5746
f 5752/5752 5746/5746 5753/5753
f 5747/5747 5753/5753 5746/5746
f 5747/5747 5748/5748 5753/5753
f 5754/5754 5753/5753 5748/5748
f 5754/5754 5748/5748 5755/5755
f 5749/5749 5755/5755 5748/5748
f 5756/5756 5750/5750 5757/5757
f 5751/5751 5757/5757 5750/5750
f 5751/5751 5752/5752 5757/5757
f 5758/5758 5757/5757 5752/5752
f 5758/5758 5752/5752 5759/5759
f 5753/5753 5759/5759 5752/5752
f 5753/5753 5754/5754 5759/5759
f 5760/5760 5759/5759 5754/5754
f 5760/5760 5754/5754 5761/5761
f 5755/5755 5761/5761 5754/5754
f 5757/5757 5762/5762 5756/5756
f 5757/5757 5758/5758 5762/5762
f 5759/5759 5763/5763 5758/5758
f 5759/5759 5760/5760 5763/5763
f 5761/5761 5764/5764 5760/5760
f 5765/5765 5766/5766 5767/5767
f 5768/5768 5767/5767 5766/5766
f 5768/5768 5769/5769 5767/5767
f 5770/5770 5767/5767 5769/5769
f 5770/5770 5769/5769 5771/5771
f 5772/5772 5771/5771 5769/5769
f 5772/5772 5773/5773 5771/5771
f 5774/5774 5771/5771 5773/5773
f 5774/5774 5773/5773 5775/5775
f 5776/5776 5775/5775 5773/5773
f 5777/5777 5765/5765 5778/5778
f 5767/5767 5778/5778 5765/5765
f 5767/5767 5770/5770 5778/5778
f 5779/5779 5778/5778 5770/5770
f 5779/5779 5770/5770 5780/5780
f 5771/5771 5780/5780 5770/5770
f 5771/5771 5774/5774 5780/5780
f 5781/5781 5780/5780 5774/5774
f 5781/5781 5774/5774 5782/5782
f 5775/5775 5782/5782 5774/5774
f 5783/5783 5777/5777 5784/5784
f 5778/5778 5784/5784 5777/5777
f 5778/5778 5779/5779 5784/5784
f 5785/5785 5784/5784 5779/5779
f 5785/5785 5779/5779 5786/5786
f 5780/5780 5786/5786 5779/5779
f 5780/5780 5781/5781 5786/5786
f 5787/5787 5786/5786 5781/5781
f 5787/5787 5781/5781 5788/5788
f 5782/5782 5788/5788 5781/5781
f 5789/5789 5783/5783 5790/5790
f 5784/5784 5790/5790 5783/5783
f 5784/5784 5785/5785 5790/5790
f 5791/5791 5790/5790 5785/5785
f 5791/5791 5785/5785 5792/5792
f 5786/5786 5792/5792 5785/5785
f 5786/5786 5787/5787 5792/5792
f 5793/5793 5792/5792 5787/5787
f 5793/5793 5787/5787 5794/5794
f 5788/5788 5794/5794 5787/5787
f 5795/5795 5789/5789 5796/5796
f 5790/5790 5796/5796 5789/5789
f 5790/5790 5791/5791 5796/5796
f 5797/5797 5796/5796 5791/5791
f 5797/5797 5791/5791 5798/5798
f 5792/5792 5798/5798 5791/5791
f 5792/5792 5793/5793 5798/5798
f 5799/5799 5798/5798 5793/5793
f 5799/5799 5793/5793 5800/5800
f 5794/5794 5800/5800 5793/5793
f 5796/5796 5801/5801 5795/5795
f 5796/5796 5797/5797 5801/5801
f 5798/5798 5802/5802 5797/5797
f 5798/5798 5799/5799 5802/5802
f 5800/5800 5803/5803 5799/5799
f 5804/5804 5805/5805 5806/5806
f 5807/5807 5806/5806 5805/5805
f 5807/5807 5808/5808 5806/5806
f 5809/5809 5806/5806 5808/5808
f 5809/5809 5808/5808 5810/5810
f 5811/5811 5810/5810 5808/5808
f 5811/5811 5812/5812 5810/5810
f 5813/5813 5810/5810 5812/5812
f 5813/5813 5812/5812 5814/5814
f 5815/5815 5814/5814 5812/5812
f 5816/5816 5804/5804 5817/5817
f 5806/5806 5817/5817 5804/5804
f 5806/5806 5809/5809 5817/5817
f 5818/5818 5817/5817 5809/5809
f 5818/5818 5809/5809 5819/5819
f 5810/5810 5819/5819 5809/5809
f 5810/5810 5813/5813 5819/5819
f 5820/5820 5819/5819 5813/5813
f 5820/5820 5813/5813 5821/5821
f 5814/5814 5821/5821 5813/5813
f 5822/5822 5816/5816 5823/5823
f 5817/5817 5823/5823 5816/5816
f 5817/5817 5818/5818 5823/5823
f 5824/5824 5823/5823 5818/5818
f 5824/5824 5818/5818 5825/5825
f 5819/5819 5825/5825 5818/5818
f 5819/5819 5820/5820 5825/5825
f 5826/5826 5825/5825 5820/5820
f 5826/5826 5820/5820 5827/5827
f 5821/5821 5827/5827 5820/5820
f 5828/5828 5822/5822 5829/5829
f 5823/5823 5829/5829 5822/5822
f 5823/5823 5824/5824 5829/5829
f 5830/5830 5829/5829 5824/5824
f 5830/5830 5824/5824 5831/5831
f 5825/5825 5831/5831 5824/5824
f 5825/5825 5826/5826 5831/5831
f 5832/5832 5831/5831 5826/5826
f 5832/5832 5826/5826 5833/5833
f 5827/5827 5833/5833 5826/5826
f 5834/5834 5828/5828 5835/5835
f 5829/5829 5835/5835 5828/5828
f 5829/5829 5830/5830 5835/5835
f 5836/5836 5835/5835 5830/5830
f 5836/5836 5830/5830 5837/5837
f 5831/5831 5837/5837 5830/5830
f 5831/5831 5832/5832 5837/5837
f 5838/5838 5837/5837 5832/5832
f 5838/5838 5832/5832 5839/5839
f 5833/5833 5839/5839 5832/5832
f 5835/5835 5840/5840 5834/5834
f 5835/5835 5836/5836 5840/5840
f 5837/5837 5841/5841 5836/5836
f 5837/5837 5838/5838 5841/5841
f 5839/5839 5842/5842 5838/5838
f 5843/5843 5844/5844 5845/5845
f 5846/5846 5845/5845 5844/5844
f 5846/5846 5847/5847 5845/5845
f 5848/5848 5845/5845 5847/5847
f 5848/5848 5847/5847 5849/5849
f 5850/5850 5849/5849 5847/5847
f 5850/5850 5851/5851 5849/5849
f 5852/5852 5849/5849 5851/5851
f 5852/5852 5851/5851 5853/5853
f 5854/5854 5853/5853 5851/5851
f 5855/5855 5843/5843 5856/5856
f 5845/5845 5856/5856 5843/5843
f 5845/5845 5848/5848 5856/5856
f 5857/5857 5856/5856 5848/5848
f 5857/5857 5848/5848 5858/5858
f 5849/5849 5858/5858 5848/5848
f 5849/5849 5852/5852 5858/5858
f 5859/5859 5858/5858 5852/5852
f 5859/5859 5852/5852 5860/5860
f 5853/5853 5860/5860 5852/5852
f 5861/5861 5855/5855 5862/5862
f 5856/5856 5862/5862 5855/5855
f 5856/5856 5857/5857 5862/5862
f 5863/5863 5862/5862 5857/5857
f 5863/5863 5857/5857 5864/5864
f 5858/5858 5864/5864 5857/5857
f 5858/5858 5859/5859 5864/5864
f 5865/5865 5864/5864 5859/5859
f 5865/5865 5859/5859 5866/5866
f 5860/5860 5866/5866 5859/5859
f 5867/5867 5861/5861 5868/5868
f 5862/5862 5868/5868 5861/5861
f 5862/5862 5863/5863 5868/5868
f 5869/5869 5868/5868 5863/5863
f 5869/5869 5863/5863 5870/5870
f 5864/5864 5870/5870 5863/5863
f 5864/5864 5865/5865 5870/5870
f 5871/5871 5870/5870 5865/5865
f 5871/5871 5865/5865 5872/5872
f 5866/5866 5872/5872 5865/5865
f 5873/5873 5867/5867 5874/5874
f 5868/5868 5874/5874 5867/5867
f 5868/5868 5869/5869 5874/5874
f 5875/5875 5874/5874 5869/5869
f 5875/5875 5869/5869 5876/5876
f 5870/5870 5876/5876 5869/5869
f 5870/5870 5871/5871 5876/5876
f 5877/5877 5876/5876 5871/5871
f 5877/5877 5871/5871 5878/5878
f 5872/5872 5878/5878 5871/5871
f 5874/5874 5879/5879 5873/5873
f 5874/5874 5875/5875 5879/5879
f 5876/5876 5880/5880 5875/5875
f 5876/5876 5877/5877 5880/5880
f 5878/5878 5881/5881 5877/5877
f 5882/5882 5883/5883 5884/5884
f 5885/5885 5884/5884 5883/5883
f 5885/5885 5886/5886 5884/5884
f 5887/5887 5884/5884 5886/5886
f 5887/5887 5886/5886 5888/5888
f 5889/5889 5888/5888 5886/5886
f 5889/5889 5890/5890 5888/5888
f 5891/5891 5888/5888 5890/5890
f 5891/5891 5890/5890 5892/5892
f 5893/5893 5892/5892 5890/5890
f 5894/5894 5882/5882 5895/5895
f 5884/5884 5895/5895 5882/5882
f 5884/5884 5887/5887 5895/5895
f 5896/5896 5895/5895 5887/5887
f 5896/5896 5887/5887 5897/5897
f 5888/5888 5897/5897 5887/5887
f 5888/5888 5891/5891 5897/5897
f 5898/5898 5897/5897 5891/5891
f 5898/5898 5891/5891 5899/5899
f 5892/5892 5899/5899 5891/5891
f 5900/5900 5894/5894 5901/5901
f 5895/5895 5901/5901 5894/5894
f 5895/5895 5896/5896 5901/5901
f 5902/5902 5901/5901 5896/5896
f 5902/5902 5896/5896 5903/5903
f 5897/5897 5903/5903 5896/5896
f 5897/5897 5898/5898 5903/5903
f 5904/5904 5903/5903 5898/5898
f 5904/5904 5898/5898 5905/5905
f 5899/5899 5905/5905 5898/5898
f 5906/5906 5900/5900 5907/5907
f 5901/5901 5907/5907 5900/5900
f 5901/5901 5902/5902 5907/5907
f 5908/5908 5907/5907 5902/5902
f 5908/5908 5902/5902 5909/5909
f 5903/5903 5909/5909 5902/5902
f 5903/5903 5904/5904 5909/5909
f 5910/5910 5909/5909 5904/5904
f 5910/5910 5904/5904 5911/5911
f 5905/5905 5911/5911 5904/5904
f 5912/5912 5906/5906 5913/5913
f 5907/5907 5913/5913 5906/5906
f 5907/5907 5908/5908 5913/5913
f 5914/5914 5913/5913 5908/5908
f 5914/5914 5908/5908 5915/5915
f 5909/5909 5915/5915 5908/5908
f 5909/5909 5910/5910 5915/5915
f 5916/5916 5915/5915 5910/5910
f 5916/5916 5910/5910 5917/5917
f 5911/5911 5917/5917 5910/5910
f 5913/5913 5918/5918 5912/5912
f 5913/5913 5914/5914 5918/5918
f 5915/5915 5919/5919 5914/5914
f 5915/5915 5916/5916 5919/5919
f 5917/5917 5920/5920 5916/5916
f 5921/5921 5922/5922 5923/5923
f 5924/5924 5923/5923 5922/5922
f 5924/5924 5925/5925 5923/5923
f 5926/5926 5923/5923 5925/5925
f 5926/5926 5925/5925 5927/5927
f 5928/5928 5927/5927 5925/5925
f 5928/5928 5929/5929 5927/5927
f 5930/5930 5927/5927 5929/5929
f 5930/5930 5929/5929 5931/5931
f 5932/5932 5931/5931 5929/5929
f 5933/5933 5921/5921 5934/5934
f 5923/5923 5934/5934 5921/5921
f 5923/5923 5926/5926 5934/5934
f 5935/5935 5934/5934 5926/5926
f 5935/5935 5926/5926 5936/5936
f 5927/5927 5936/5936 5926/5926
f 5927/5927 5930/5930 5936/5936
f 5937/5937 5936/5936 5930/5930
f 5937/5937 5930/5930 5938/5938
f 5931/5931 5938/5938 5930/5930
f 5939/5939 5933/5933 5940/5940
f 5934/5934 5940/5940 5933/5933
f 5934/5934 5935/5935 5940/5940
f 5941/5941 5940/5940 5935/5935
f 5941/5941 5935/5935 5942/5942
f 5936/5936 5942/5942 5935/5935
f 5936/5936 5937/5937 5942/5942
f 5943/5943 5942/5942 5937/5937
f 5943/5943 5937/5937 5944/5944
f 5938/5938 5944/5944 5937/5937
f 5945/5945 5939/5939 5946/5946
f 5940/5940 5946/5946 5939/5939
f 5940/5940 5941/5941 5946/5946
f 5947/5947 5946/5946 5941/5941
f 5947/5947 5941/5941 5948/5948
f 5942/5942 5948/5948 5941/5941
f 5942/5942 5943/5943 5948/5948
f 5949/5949 5948/5948 5943/5943
f 5949/5949 5943/5943 5950/5950
f 5944/5944 5950/5950 5943/5943
f 5951/5951 5945/5945 5952/5952
f 5946/5946 5952/5952 5945/5945
f 5946/5946 5947/5947 5952/5952
f 5953/5953 5952/5952 5947/5947
f 5953/5953 5947/5947 5954/5954
f 5948/5948 5954/5954 5947/5947
f 5948/5948 5949/5949 5954/5954
f 5955/5955 5954/5954 5949/5949
f 5955/5955 5949/5949 5956/5956
f 5950/5950 5956/5956 5949/5949
f 5952/5952 5957/5957 5951/5951
f 5952/5952 5953/5953 5957/5957
f 5954/5954 5958/5958 5953/5953
f 5954/5954 5955/5955 5958/5958
f 5956/5956 5959/5959 5955/5955
f 5960/5960 5961/5961 5962/5962
f 5963/5963 5962/5962 5961/5961
f 5963/5963 5964/5964 5962/5962
f 5965/5965 5962/5962 5964/5964
f 5965/5965 5964/5964 5966/5966
f 5967/5967 5966/5966 5964/5964
f 5967/5967 5968/5968 5966/5966
f 5969/5969 5966/5966 5968/5968
f 5969/5969 5968/5968 5970/5970
f 5971/5971 5970/5970 5968/5968
f 5972/5972 5960/5960 5973/5973
f 5962/5962 5973/5973 5960/5960
f 5962/5962 5965/5965 5973/5973
f 5974/5974 5973/5973 5965/5965
f 5974/5974 5965/5965 5975/5975
f 5966/5966 5975/5975 5965/5965
f 5966/5966 5969/5969 5975/5975
f 5976/5976 5975/5975 5969/5969
f 5976/5976 5969/5969 5977/5977
f 5970/5970 5977/5977 5969/5969
f 5978/5978 5972/5972 5979/5979
f 5973/5973 5979/5979 5972/5972
f 5973/5973 5974/5974 5979/5979
f 5980/5980 5979/5979 5974/5974
f 5980/5980 5974/5974 5981/5981
f 5975/5975 5981/5981 5974/5974
f 5975/5975 5976/5976 5981/5981
f 5982/5982 5981/5981 5976/5976
f 5982/5982 5976/5976 5983/5983
f 5977/5977 5983/5983 5976/5976
f 5984/5984 5978/5978 5985/5985
f 5979/5979 5985/5985 5978/5978
f 5979/5979 5980/5980 5985/5985
f 5986/5986 5985/5985 5980/5980
f 5986/5986 5980/5980 5987/5987
f 5981/5981 5987/5987 5980/5980
f 5981/5981 5982/5982 5987/5987
f 5988/5988 5987/5987 5982/5982
f 5988/5988 5982/5982 5989/5989
f 5983/5983 5989/5989 5982/5982
f 5990/5990 5984/5984 5991/5991
f 5985/5985 5991/5991 5984/5984
f 5985/5985 5986/5986 5991/5991
f 5992/5992 5991/5991 5986/5986
f 5992/5992 5986/5986 5993/5993
f 5987/5987 5993/5993 5986/5986
f 5987/5987 5988/5988 5993/5993
f 5994/5994 5993/5993 5988/5988
f 5994/5994 5988/5988 5995/5995
f 5989/5989 5995/5995 5988/5988
f 5991/5991 5996/5996 5990/5990
f 5991/5991 5992/5992 5996/5996
f 5993/5993 5997/5997 5992/5992
f 5993/5993 5994/5994 5997/5997
f 5995/5995 5998/5998 5994/5994
f 5999/5999 6000/6000 6001/6001
f 6002/6002 6001/6001 6000/6000
f 6002/6002 6003/6003 6001/6001
f 6004/6004 6001/6001 6003/6003
f 6004/6004 6003/6003 6005/6005
f 6006/6006 6005/6005 6003/6003
f 6006/6006 6007/6007 6005/6005
f 6008/6008 6005/6005 6007/6007
f 6008/6008 6007/6007 6009/6009
f 6010/6010 6009/6009 6007/6007
f 6011/6011 5999/5999 6012/6012
f 6001/6001 6012/6012 5999/5999
f 6001/6001 6004/6004 6012/6012
f 6013/6013 6012/6012 6004/6004
f 6013/6013 6004/6004 6014/6014
f 6005/6005 6014/6014 6004/6004
f 6005/6005 6008/6008 6014/6014
f 6015/6015 6014/6014 6008/6008
f 6015/6015 6008/6008 6016/6016
f 6009/6009 6016/6016 6008/6008
f 6017/6017 6011/6011 6018/6018
f 6012/6012 6018/6018 6011/6011
f 6012/6012 6013/6013 6018/6018
f 6019/6019 6018/6018 6013/6013
f 6019/6019 6013/6013 6020/6020
f 6014/6014 6020/6020 6013/6013
f 6014/6014 6015/6015 6020/6020
f 6021/6021 6020/6020 6015/6015
f 6021/6021 6015/6015 6022/6022
f 6016/6016 6022/6022 6015/6015
f 6023/6023 6017/6017 6024/6024
f 6018/6018 6024/6024 6017/6017
f 6018/6018 6019/6019 6024/6024
f 6025/6025 6024/6024 6019/6019
f 6025/6025 6019/6019 6026/6026
f 6020/6020 6026/6026 6019/6019
f 6020/6020 6021/6021 6026/6026
f 6027/6027 6026/6026 6021/6021
f 6027/6027 6021/6021 6028/6028
f 6022/6022 6028/6028 6021/6021
f 6029/6029 6023/6023 6030/6030
f 6024/6024 6030/6030 6023/6023
f 6024/6024 6025/6025 6030/6030
f 6031/6031 6030/6030 6025/6025
f 6031/6031 6025/6025 6032/6032
f 6026/6026 6032/6032 6025/6025
f 6026/6026 6027/6027 6032/6032
f 6033/6033 6032/6032 6027/6027
f 6033/6033 6027/6027 6034/6034
f 6028/6028 6034/6034 6027/6027
f 6030/6030 6035/6035 6029/6029
f 6030/6030 6031/6031 6035/6035
f 6032/6032 6036/6036 6031/6031
f 6032/6032 6033/6033 6036/6036
f 6034/6034 6037/6037 6033/6033
f 6038/6038 6039/6039 6040/6040
f 6041/6041 6040/6040 6039/6039
f 6041/6041 6042/6042 6040/6040
f 6043/6043 6040/6040 6042/6042
f 6043/6043 6042/6042 6044/6044
f 6045/6045 6044/6044 6042/6042
f 6045/6045 6046/6046 6044/6044
f 6047/6047 6044/6044 6046/6046
f 6047/6047 6046/6046 6048/6048
f 6049/6049 6048/6048 6046/6046
f 6050/6050 6038/6038 6051/6051
f 6040/6040 6051/6051 6038/6038
f 6040/6040 6043/6043 6051/6051
f 6052/6052 6051/6051 6043/6043
f 6052/6052 6043/6043 6053/6053
f 6044/6044 6053/6053 6043/6043
f 6044/6044 6047/6047 6053/6053
f 6054/6054 6053/6053 6047/6047
f 6054/6054 6047/6047 6055/6055
f 6048/6048 6055/6055 6047/6047
f 6056/6056 6050/6050 6057/6057
f 6051/6051 6057/6057 6050/6050
f 6051/6051 6052/6052 6057/6057
f 6058/6058 6057/6057 6052/6052
f 6058/6058 6052/6052 6059/6059
f 6053/6053 6059/6059 6052/6052
f 6053/6053 6054/6054 6059/6059
f 6060/6060 6059/6059 6054/6054
f 6060/6060 6054/6054 6061/6061
f 6055/6055 6061/6061 6054/6054
f 6062/6062 6056/6056 6063/6063
f 6057/6057 6063/6063 6056/6056
f 6057/6057 6058/6058 6063/6063
f 6064/6064 6063/6063 6058/6058
f 6064/6064 6058/6058 6065/6065
f 6059/6059 6065/6065 6058/6058
f 6059/6059 6060/6060 6065/6065
f 6066/6066 6065/6065 6060/6060
f 6066/6066 6060/6060 6067/6067
f 6061/6061 6067/6067 6060/6060
f 6068/6068 6062/6062 6069/6069
f 6063/6063 6069/6069 6062/6062
f 6063/6063 6064/6064 6069/6069
f 6070/6070 6069/6069 6064/6064
f 6070/6070 6064/6064 6071/6071
f 6065/6065 6071/6071 6064/6064
f 6065/6065 6066/6066 6071/6071
f 6072/6072 6071/6071 6066/6066
f 6072/6072 6066/6066 6073/6073
f 6067/6067 6073/6073 6066/6066
f 6069/6069 6074/6074 6068/6068
f 6069/6069 6070/6070 6074/6074
f 6071/6071 6075/6075 6070/6070
f 6071/6071 6072/6072 6075/6075
f 6073/6073 6076/6076 6072/6072
f 6077/6077 6078/6078 6079/6079
f 6080/6080 6079/6079 6078/6078
f 6080/6080 6081/6081 6079/6079
f 6082/6082 6079/6079 6081/6081
f 6082/6082 6081/6081 6083/6083
f 6084/6084 6083/6083 6081/6081
f 6084/6084 6085/6085 6083/6083
f 6086/6086 6083/6083 6085/6085
f 6086/6086 6085/6085 6087/6087
f 6088/6088 6087/6087 6085/6085
f 6089/6089 6077/6077 6090/6090
f 6079/6079 6090/6090 6077/6077
f 6079/6079 6082/6082 6090/6090
f 6091/6091 6090/6090 6082/6082
f 6091/6091 6082/6082 6092/6092
f 6083/6083 6092/6092 6082/6082
f 6083/6083 6086/6086 6092/6092
f 6093/6093 6092/6092 6086/6086
f 6093/6093 6086/6086 6094/6094
f 6087/6087 6094/6094 6086/6086
f 6095/6095 6089/6089 6096/6096
f 6090/6090 6096/6096 6089/6089
f 6090/6090 6091/6091 6096/6096
f 6097/6097 6096/6096 6091/6091
f 6097/6097 6091/6091 6098/6098
f 6092/6092 6098/6098 6091/6091
f 6092/6092 6093/6093 6098/6098
f 6099/6099 6098/6098 6093/6093
f 6099/6099 6093/6093 6100/6100
f 6094/6094 6100/6100 6093/6093
f 6101/6101 6095/6095 6102/6102
f 6096/6096 6102/6102 6095/6095
f 6096/6096 6097/6097 6102/6102
f 6103/6103 6102/6102 6097/6097
f 6103/6103 6097/6097 6104/6104
f 6098/6098 6104/6104 6097/6097
f 6098/6098 6099/6099 6104/6104
f 6105/6105 6104/6104 6099/6099
f 6105/6105 6099/6099 6106/6106
f 6100/6100 6106/6106 6099/6099
f 6107/6107 6101/6101 6108/6108
f 6102/6102 6108/6108 6101/6101
f 6102/6102 6103/6103 6108/6108
f 6109/6109 6108/6108 6103/6103
f 6109/6109 6103/6103 6110/6110
f 6104/6104 6110/6110 6103/6103
f 6104/6104 6105/6105 6110/6110
f 6111/6111 6110/6110 6105/6105
f 6111/6111 6105/6105 6112/6112
f 6106/6106 6112/6112 6105/6105
f 6108/6108 6113/6113 6107/6107
f 6108/6108 6109/6109 6113/6113
f 6110/6110 6114/6114 6109/6109
f 6110/6110 6111/6111 6114/6114
f 6112/6112 6115/6115 6111/6111
f 6116/6116 6117/6117 6118/6118
f 6119/6119 6118/6118 6117/6117
f 6119/6119 6120/6120 6118/6118
f 6121/6121 6118/6118 6120/6120
f 6121/6121 6120/6120 6122/6122
f 6123/6123 6122/6122 6120/6120
f 6123/6123 6124/6124 6122/6122
f 6125/6125 6122/6122 6124/6124
f 6125/6125 6124/6124 6126/6126
f 6127/6127 6126/6126 6124/6124
f 6128/6128 6116/6116 6129/6129
f 6118/6118 6129/6129 6116/6116
f 6118/6118 6121/6121 6129/6129
f 6130/6130 6129/6129 6121/6121
f 6130/6130 6121/6121 6131/6131
f 6122/6122 6131/6131 6121/6121
f 6122/6122 6125/6125 6131/6131
f 6132/6132 6131/6131 6125/6125
f 6132/6132 6125/6125 6133/6133
f 6126/6126 6133/6133 6125/6125
f 6134/6134 6128/6128 6135/6135
f 6129/6129 6135/6135 6128/6128
f 6129/6129 6130/6130 6135/6135
f 6136/6136 6135/6135 6130/6130
f 6136/6136 6130/6130 6137/6137
f 6131/6131 6137/6137 6130/6130
f 6131/6131 6132/6132 6137/6137
f 6138/6138 6137/6137 6132/6132
f 6138/6138 6132/6132 6139/6139
f 6133/6133 6139/6139 6132/6132
f 6140/6140 6134/6134 6141/6141
f 6135/6135 6141/6141 6134/6134
f 6135/6135 6136/6136 6141/6141
f 6142/6142 6141/6141 6136/6136
f 6142/6142 6136/6136 6143/6143
f 6137/6137 6143/6143 6136/6136
f 6137/6137 6138/6138 6143/6143
f 6144/6144 6143/6143 6138/6138
f 6144/6144 6138/6138 6145/6145
f 6139/6139 6145/6145 6138/6138
f 6146/6146 6140/6140 6147/6147
f 6141/6141 6147/6147 6140/6140
f 6141/6141 6142/6142 6147/6147
f 6148/6148 6147/6147 6142/6142
f 6148/6148 6142/6142 6149/6149
f 6143/6143 6149/6149 6142/6142
f 6143/6143 6144/6144 6149/6149
f 6150/6150 6149/6149 6144/6144
f 6150/6150 6144/6144 6151/6151
f 6145/6145 6151/6151 6144/6144
f 6147/6147 6152/6152 6146/6146
f 6147/6147 6148/6148 6152/6152
f 6149/6149 6153/6153 6148/6148
f 6149/6149 6150/6150 6153/6153
f 6151/6151 6154/6154 6150/6150
f 6155/6155 6156/6156 6157/6157
f 6158/6158 6157/6157 6156/6156
f 6158/6158 6159/6159 6157/6157
f 6160/6160 6157/6157 6159/6159
f 6160/6160 6159/6159 6161/6161
f 6162/6162 6161/6161 6159/6159
f 6162/6162 6163/6163 6161/6161
f 6164/6164 6161/6161 6163/6163
f 6164/6164 6163/6163 6165/6165
f 6166/6166 6165/6165 6163/6163
f 6167/6167 6155/6155 6168/6168
f 6157/6157 6168/6168 6155/6155
f 6157/6157 6160/6160 6168/6168
f 6169/6169 6168/6168 6160/6160
f 6169/6169 6160/6160 6170/6170
f 6161/6161 6170/6170 6160/6160
f 6161/6161 6164/6164 6170/6170
f 6171/6171 6170/6170 6164/6164
f 6171/6171 6164/6164 6172/6172
f 6165/6165 6172/6172 6164/6164
f 6173/6173 6167/6167 6174/6174
f 6168/6168 6174/6174 6167/6167
f 6168/6168 6169/6169 6174/6174
f 6175/6175 6174/6174 6169/6169
f 6175/6175 6169/6169 6176/6176
f 6170/6170 6176/6176 6169/6169
f 6170/6170 6171/6171 6176/6176
f 6177/6177 6176/6176 6171/6171
f 6177/6177 6171/6171 6178/6178
f 6172/6172 6178/6178 6171/6171
f 6179/6179 6173/6173 6180/6180
f 6174/6174 6180/6180 6173/6173
f 6174/6174 6175/6175 6180/6180
f 6181/6181 6180/6180 6175/6175
f 6181/6181 6175/6175 6182/6182
f 6176/6176 6182/6182 6175/6175
f 6176/6176 6177/6177 6182/6182
f 6183/6183 6182/6182 6177/6177
f 6183/6183 6177/6177 6184/6184
f 6178/6178 6184/6184 6177/6177
f 6185/6185 6179/6179 6186/6186
f 6180/6180 6186/6186 6179/6179
f 6180/6180 6181/6181 6186/6186
f 6187/6187 6186/6186 6181/6181
f 6187/6187 6181/6181 6188/6188
f 6182/6182 6188/6188 6181/6181
f 6182/6182 6183/6183 6188/6188
f 6189/6189 6188/6188 6183/6183
f 6189/6189 6183/6183 6190/6190
f 6184/6184 6190/6190 6183/6183
f 6186/6186 6191/6191 6185/6185
f 6186/6186 6187/6187 6191/6191
f 6188/6188 6192/6192 6187/6187
f 6188/6188 6189/6189 6192/6192
f 6190/6190 6193/6193 6189/6189
f 6194/6194 6195/6195 6196/6196
f 6197/6197 6196/6196 6195/6195
f 6197/6197 6198/6198 6196/6196
f 6199/6199 6196/6196 6198/6198
f 6199/6199 6198/6198 6200/6200
f 6201/6201 6200/6200 6198/6198
f 6201/6201 6202/6202 6200/6200
f 6203/6203 6200/6200 6202/6202
f 6203/6203 6202/6202 6204/6204
f 6205/6205 6204/6204 6202/6202
f 6206/6206 6194/6194 6207/6207
f 6196/6196 6207/6207 6194/6194
f 6196/6196 6199/6199 6207/6207
f 6208/6208 6207/6207 6199/6199
f 6208/6208 6199/6199 6209/6209
f 6200/6200 6209/6209 6199/6199
f 6200/6200 6203/6203 6209/6209
f 6210/6210 6209/6209 6203/6203
f 6210/6210 6203/6203 6211/6211
f 6204/6204 6211/6211 6203/6203
f 6212/6212 6206/6206 6213/6213
f 6207/6207 6213/6213 6206/6206
f 6207/6207 6208/6208 6213/6213
f 6214/6214 6213/6213 6208/6208
f 6214/6214 6208/6208 6215/6215
f 6209/6209 6215/6215 6208/6208
f 6209/6209 6210/6210 6215/6215
f 6216/6216 6215/6215 6210/6210
f 6216/6216 6210/6210 6217/6217
f 6211/6211 6217/6217 6210/6210
f 6218/6218 6212/6212 6219/6219
f 6213/6213 6219/6219 6212/6212
f 6213/6213 6214/6214 6219/6219
f 6220/6220 6219/6219 6214/6214
f 6220/6220 6214/6214 6221/6221
f 6215/6215 6221/6221 6214/6214
f 6215/6215 6216/6216 6221/6221
f 6222/6222 6221/6221 6216/6216
f 6222/6222 6216/6216 6223/6223
f 6217/6217 6223/6223 6216/6216
f 6224/6224 6218/6218 6225/6225
f 6219/6219 6225/6225 6218/6218
f 6219/6219 6220/6220 6225/6225
f 6226/6226 6225/6225 6220/6220
f 6226/6226 6220/6220 6227/6227
f 6221/6221 6227/6227 6220/6220
f 6221/6221 6222/6222 6227/6227
f 6228/6228 6227/6227 6222/6222
f 6228/6228 6222/6222 6229/6229
f 6223/6223 6229/6229 6222/6222
f 6225/6225 6230/6230 6224/6224
f 6225/6225 6226/6226 6230/6230
f 6227/6227 6231/6231 6226/6226
f 6227/6227 6228/6228 6231/6231
f 6229/6229 6232/6232 6228/6228
f 6233/6233 6234/6234 6235/6235
f 6236/6236 6235/6235 6234/6234
f 6236/6236 6237/6237 6235/6235
f 6238/6238 6235/6235 6237/6237
f 6238/6238 6237/6237 6239/6239
f 6240/6240 6239/6239 6237/6237
f 6240/6240 6241/6241 6239/6239
f 6242/6242 6239/6239 6241/6241
f 6242/6242 6241/6241 6243/6243
f 6244/6244 6243/6243 6241/6241
f 6245/6245 6233/6233 6246/6246
f 6235/6235 6246/6246 6233/6233
f 6235/6235 6238/6238 6246/6246
f 6247/6247 6246/6246 6238/6238
f 6247/6247 6238/6238 6248/6248
f 6239/6239 6248/6248 6238/6238
f 6239/6239 6242/6242 6248/6248
f 6249/6249 6248/6248 6242/6242
f 6249/6249 6242/6242 6250/6250
f 6243/6243 6250/6250 6242/6242
f 6251/6251 6245/6245 6252/6252
f 6246/6246 6252/6252 6245/6245
f 6246/6246 6247/6247 6252/6252
f 6253/6253 6252/6252 6247/6247
f 6253/6253 6247/6247 6254/6254
f 6248/6248 6254/6254 6247/6247
f 6248/6248 6249/6249 6254/6254
f 6255/6255 6254/6254 6249/6249
f 6255/6255 6249/6249 6256/6256
f 6250/6250 6256/6256 6249/6249
f 6257/6257 6251/6251 6258/6258
f 6252/6252 6258/6258 6251/6251
f 6252/6252 6253/6253 6258/6258
f 6259/6259 6258/6258 6253/6253
f 6259/6259 6253/6253 6260/6260
f 6254/6254 6260/6260 6253/6253
f 6254/6254 6255/6255 6260/6260
f 6261/6261 6260/6260 6255/6255
f 6261/6261 6255/6255 6262/6262
f 6256/6256 6262/6262 6255/6255
f 6263/6263 6257/6257 6264/6264
f 6258/6258 6264/6264 6257/6257
f 6258/6258 6259/6259 6264/6264
f 6265/6265 6264/6264 6259/6259
f 6265/6265 6259/6259 6266/6266
f 6260/6260 6266/6266 6259/6259
f 6260/6260 6261/6261 6266/6266
f 6267/6267 6266/6266 6261/6261
f 6267/6267 6261/6261 6268/6268
f 6262/6262 6268/6268 6261/6261
f 6264/6264 6269/6269 6263/6263
f 6264/6264 6265/6265 6269/6269
f 6266/6266 6270/6270 6265/6265
f 6266/6266 6267/6267 6270/6270
f 6268/6268 6271/6271 6267/6267
f 5042/5042 5043/5043 6272/6272
f 6273/6273 6272/6272 5043/5043
f 5043/5043 5044/5044 6273/6273
f 6274/6274 6273/6273 5044/5044
f 5044/5044 5045/5045 6274/6274
f 6275/6275 6274/6274 5045/5045
f 5045/5045 5046/5046 6275/6275
f 6276/6276 6275/6275 5046/5046
f 5046/5046 5047/5047 6276/6276
f 6277/6277 6276/6276 5047/5047
f 6278/6278 6272/6272 6279/6279
f 6273/6273 6279/6279 6272/6272
f 6273/6273 6274/6274 6279/6279
f 6280/6280 6279/6279 6274/6274
f 6280/6280 6274/6274 6281/6281
f 6275/6275 6281/6281 6274/6274
f 6275/6275 6276/6276 6281/6281
f 6282/6282 6281/6281 6276/6276
f 6282/6282 6276/6276 6283/6283
f 6277/6277 6283/6283 6276/6276
f 6279/6279 6284/6284 6278/6278
f 6279/6279 6280/6280 6284/6284
f 6281/6281 6285/6285 6280/6280
f 6281/6281 6282/6282 6285/6285
f 6283/6283 6286/6286 6282/6282
f 5087/5087 5088/5088 6287/6287
f 6288/6288 6287/6287 5088/5088
f 5088/5088 5089/5089 6288/6288
f 6289/6289 6288/6288 5089/5089
f 5089/5089 5090/5090 6289/6289
f 6290/6290 6289/6289 5090/5090
f 5090/5090 5091/5091 6290/6290
f 6291/6291 6290/6290 5091/5091
f 5091/5091 5092/5092 6291/6291
f 6292/6292 6291/6291 5092/5092
f 6288/6288 6293/6293 6287/6287
f 6288/6288 6289/6289 6293/6293
f 6290/6290 6294/6294 6289/6289
f 6290/6290 6291/6291 6294/6294
f 6292/6292 6295/6295 6291/6291
f 5126/5126 5127/5127 6296/6296
f 6297/6297 6296/6296 5127/5127
f 5127/5127 5128/5128 6297/6297
f 6298/6298 6297/6297 5128/5128
f 5128/5128 5129/5129 6298/6298
f 6299/6299 6298/6298 5129/5129
f 5129/5129 5130/5130 6299/6299
f 6300/6300 6299/6299 5130/5130
f 5130/5130 5131/5131 6300/6300
f 6301/6301 6300/6300 5131/5131
f 6297/6297 6302/6302 6296/6296
f 6297/6297 6298/6298 6302/6302
f 6299/6299 6303/6303 6298/6298
f 6299/6299 6300/6300 6303/6303
f 6301/6301 6304/6304 6300/6300
f 5165/5165 5166/5166 6305/6305
f 6306/6306 6305/6305 5166/5166
f 5166/5166 5167/5167 6306/6306
f 6307/6307 6306/6306 5167/5167
f 5167/5167 5168/5168 6307/6307
f 6308/6308 6307/6307 5168/5168
f 5168/5168 5169/5169 6308/6308
f 6309/6309 6308/6308 5169/5169
f 5169/5169 5170/5170 6309/6309
f 6310/6310 6309/6309 5170/5170
f 6306/6306 6311/6311 6305/6305
f 6306/6306 6307/6307 6311/6311
f 6308/6308 6312/6312 6307/6307
f 6308/6308 6309/6309 6312/6312
f 6310/6310 6313/6313 6309/6309
f 5198/5198 5199/5199 6314/6314
f 6315/6315 6314/6314 5199/5199
f 5199/5199 5200/5200 6315/6315
f 6316/6316 6315/6315 5200/5200
f 5200/5200 5201/5201 6316/6316
f 6317/6317 6316/6316 5201/5201
f 5201/5201 5202/5202 6317/6317
f 6318/6318 6317/6317 5202/5202
f 5202/5202 5203/5203 6318/6318
f 6319/6319 6318/6318 5203/5203
f 6320/6320 6314/6314 6321/6321
f 6315/6315 6321/6321 6314/6314
f 6315/6315 6316/6316 6321/6321
f 6322/6322 6321/6321 6316/6316
f 6322/6322 6316/6316 6323/6323
f 6317/6317 6323/6323 6316/6316
f 6317/6317 6318/6318 6323/6323
f 6324/6324 6323/6323 6318/6318
f 6324/6324 6318/6318 6325/6325
f 6319/6319 6325/6325 6318/6318
f 6321/6321 6326/6326 6320/6320
f 6321/6321 6322/6322 6326/6326
f 6323/6323 6327/6327 6322/6322
f 6323/6323 6324/6324 6327/6327
f 6325/6325 6328/6328 6324/6324
f 5237/5237 5238/5238 6329/6329
f 6330/6330 6329/6329 5238/5238
f 5238/5238 5239/5239 6330/6330
f 6331/6331 6330/6330 5239/5239
f 5239/5239 5240/5240 6331/6331
f 6332/6332 6331/6331 5240/5240
f 5240/5240 5241/5241 6332/6332
f 6333/6333 6332/6332 5241/5241
f 5241/5241 5242/5242 6333/6333
f 6334/6334 6333/6333 5242/5242
f 6335/6335 6329/6329 6336/6336
f 6330/6330 6336/6336 6329/6329
f 6330/6330 6331/6331 6336/6336
f 6337/6337 6336/6336 6331/6331
f 6337/6337 6331/6331 6338/6338
f 6332/6332 6338/6338 6331/6331
f 6332/6332 6333/6333 6338/6338
f 6339/6339 6338/6338 6333/6333
f 6339/6339 6333/6333 6340/6340
f 6334/6334 6340/6340 6333/6333
f 6336/6336 6341/6341 6335/6335
f 6336/6336 6337/6337 6341/6341
f 6338/6338 6342/6342 6337/6337
f 6338/6338 6339/6339 6342/6342
f 6340/6340 6343/6343 6339/6339
f 5276/5276 5277/5277 6344/6344
f 6345/6345 6344/6344 5277/5277
f 5277/5277 5278/5278 6345/6345
f 6346/6346 6345/6345 5278/5278
f 5278/5278 5279/5279 6346/6346
f 6347/6347 6346/6346 5279/5279
f 5279/5279 5280/5280 6347/6347
f 6348/6348 6347/6347 5280/5280
f 5280/5280 5281/5281 6348/6348
f 6349/6349 6348/6348 5281/5281
f 6350/6350 6344/6344 6351/6351
f 6345/6345 6351/6351 6344/6344
f 6345/6345 6346/6346 6351/6351
f 6352/6352 6351/6351 6346/6346
f 6352/6352 6346/6346 6353/6353
f 6347/6347 6353/6353 6346/6346
f 6347/6347 6348/6348 6353/6353
f 6354/6354 6353/6353 6348/6348
f 6354/6354 6348/6348 6355/6355
f 6349/6349 6355/6355 6348/6348
f 6351/6351 6356/6356 6350/6350
f 6351/6351 6352/6352 6356/6356
f 6353/6353 6357/6357 6352/6352
f 6353/6353 6354/6354 6357/6357
f 6355/6355 6358/6358 6354/6354
f 5321/5321 5322/5322 6359/6359
f 6360/6360 6359/6359 5322/5322
f 5322/5322 5323/5323 6360/6360
f 6361/6361 6360/6360 5323/5323
f 5323/5323 5324/5324 6361/6361
f 6362/6362 6361/6361 5324/5324
f 5324/5324 5325/5325 6362/6362
f 6363/6363 6362/6362 5325/5325
f 5325/5325 5326/5326 6363/6363
f 6364/6364 6363/6363 5326/5326
f 6360/6360 6365/6365 6359/6359
f 6360/6360 6361/6361 6365/6365
f 6362/6362 6366/6366 6361/6361
f 6362/6362 6363/6363 6366/6366
f 6364/6364 6367/6367 6363/6363
f 5354/5354 5355/5355 6368/6368
f 6369/6369 6368/6368 5355/5355
f 5355/5355 5356/5356 6369/6369
f 6370/6370 6369/6369 5356/5356
f 5356/5356 5357/5357 6370/6370
f 6371/6371 6370/6370 5357/5357
f 5357/5357 5358/5358 6371/6371
f 6372/6372 6371/6371 5358/5358
f 5358/5358 5359/5359 6372/6372
f 6373/6373 6372/6372 5359/5359
f 6374/6374 6368/6368 6375/6375
f 6369/6369 6375/6375 6368/6368
f 6369/6369 6370/6370 6375/6375
f 6376/6376 6375/6375 6370/6370
f 6376/6376 6370/6370 6377/6377
f 6371/6371 6377/6377 6370/6370
f 6371/6371 6372/6372 6377/6377
f 6378/6378 6377/6377 6372/6372
f 6378/6378 6372/6372 6379/6379
f 6373/6373 6379/6379 6372/6372
f 6375/6375 6380/6380 6374/6374
f 6375/6375 6376/6376 6380/6380
f 6377/6377 6381/6381 6376/6376
f 6377/6377 6378/6378 6381/6381
f 6379/6379 6382/6382 6378/6378
f 5399/5399 5400/5400 6383/6383
f 6384/6384 6383/6383 5400/5400
f 5400/5400 5401/5401 6384/6384
f 6385/6385 6384/6384 5401/5401
f 5401/5401 5402/5402 6385/6385
f 6386/6386 6385/6385 5402/5402
f 5402/5402 5403/5403 6386/6386
f 6387/6387 6386/6386 5403/5403
f 5403/5403 5404/5404 6387/6387
f 6388/6388 6387/6387 5404/5404
f 6384/6384 6389/6389 6383/6383
f 6384/6384 6385/6385 6389/6389
f 6386/6386 6390/6390 6385/6385
f 6386/6386 6387/6387 6390/6390
f 6388/6388 6391/6391 6387/6387
f 5438/5438 5439/5439 6392/6392
f 6393/6393 6392/6392 5439/5439
f 5439/5439 5440/5440 6393/6393
f 6394/6394 6393/6393 5440/5440
f 5440/5440 5441/5441 6394/6394
f 6395/6395 6394/6394 5441/5441
f 5441/5441 5442/5442 6395/6395
f 6396/6396 6395/6395 5442/5442
f 5442/5442 5443/5443 6396/6396
f 6397/6397 6396/6396 5443/5443
f 6393/6393 6398/6398 6392/6392
f 6393/6393 6394/6394 6398/6398
f 6395/6395 6399/6399 6394/6394
f 6395/6395 6396/6396 6399/6399
f 6397/6397 6400/6400 6396/6396
f 5471/5471 5472/5472 6401/6401
f 6402/6402 6401/6401 5472/5472
f 5472/5472 5473/5473 6402/6402
f 6403/6403 6402/6402 5473/5473
f 5473/5473 5474/5474 6403/6403
f 6404/6404 6403/6403 5474/5474
f 5474/5474 5475/5475 6404/6404
f 6405/6405 6404/6404 5475/5475
f 5475/5475 5476/5476 6405/6405
f 6406/6406 6405/6405 5476/5476
f 6407/6407 6401/6401 6408/6408
f 6402/6402 6408/6408 6401/6401
f 6402/6402 6403/6403 6408/6408
f 6409/6409 6408/6408 6403/6403
f 6409/6409 6403/6403 6410/6410
f 6404/6404 6410/6410 6403/6403
f 6404/6404 6405/6405 6410/6410
f 6411/6411 6410/6410 6405/6405
f 6411/6411 6405/6405 6412/6412
f 6406/6406 6412/6412 6405/6405
f 6408/6408 6413/6413 6407/6407
f 6408/6408 6409/6409 6413/6413
f 6410/6410 6414/6414 6409/6409
f 6410/6410 6411/6411 6414/6414
f 6412/6412 6415/6415 6411/6411
f 6416/6416 6417/6417 6418/6418
f 6419/6419 6418/6418 6417/6417
f 6419/6419 6420/6420 6418/6418
f 6421/6421 6418/6418 6420/6420
f 6421/6421 6420/6420 6422/6422
f 6423/6423 6422/6422 6420/6420
f 6423/6423 6424/6424 6422/6422
f 6425/6425 6422/6422 6424/6424
f 6425/6425 6424/6424 6426/6426
f 6427/6427 6426/6426 6424/6424
f 6427/6427 6428/6428 6426/6426
f 6429/6429 6426/6426 6428/6428
f 6429/6429 6428/6428 6430/6430
f 6431/6431 6430/6430 6428/6428
f 6431/6431 6432/6432 6430/6430
f 6433/6433 6430/6430 6432/6432
f 6433/6433 6432/6432 6434/6434
f 6435/6435 6434/6434 6432/6432
f 6435/6435 6436/6436 6434/6434
f 6437/6437 6434/6434 6436/6436
f 6438/6438 6416/6416 6439/6439
f 6418/6418 6439/6439 6416/6416
f 6418/6418 6421/6421 6439/6439
f 6440/6440 6439/6439 6421/6421
f 6440/6440 6421/6421 6441/6441
f 6422/6422 6441/6441 6421/6421
f 6422/6422 6425/6425 6441/6441
f 6442/6442 6441/6441 6425/6425
f 6442/6442 6425/6425 6443/6443
f 6426/6426 6443/6443 6425/6425
f 6426/6426 6429/6429 6443/6443
f 6444/6444 6443/6443 6429/6429
f 6444/6444 6429/6429 6445/6445
f 6430/6430 6445/6445 6429/6429
f 6430/6430 6433/6433 6445/6445
f 6446/6446 6445/6445 6433/6433
f 6446/6446 6433/6433 6447/6447
f 6434/6434 6447/6447 6433/6433
f 6434/6434 6437/6437 6447/6447
f 6448/6448 6447/6447 6437/6437
f 6449/6449 6438/6438 6450/6450
f 6439/6439 6450/6450 6438/6438
f 6439/6439 6440/6440 6450/6450
f 6451/6451 6450/6450 6440/6440
f 6451/6451 6440/6440 6452/6452
f 6441/6441 6452/6452 6440/6440
f 6441/6441 6442/6442 6452/6452
f 6453/6453 6452/6452 6442/6442
f 6453/6453 6442/6442 6454/6454
f 6443/6443 6454/6454 6442/6442
f 6443/6443 6444/6444 6454/6454
f 6455/6455 6454/6454 6444/6444
f 6455/6455 6444/6444 6456/6456
f 6445/6445 6456/6456 6444/6444
f 6445/6445 6446/6446 6456/6456
f 6457/6457 6456/6456 6446/6446
f 6457/6457 6446/6446 6458/6458
f 6447/6447 6458/6458 6446/6446
f 6447/6447 6448/6448 6458/6458
f 6459/6459 6458/6458 6448/6448
f 6460/6460 6449/6449 6461/6461
f 6450/6450 6461/6461 6449/6449
f 6450/6450 6451/6451 6461/6461
f 6462/6462 6461/6461 6451/6451
f 6462/6462 6451/6451 6463/6463
f 6452/6452 6463/6463 6451/6451
f 6452/6452 6453/6453 6463/6463
f 6464/6464 6463/6463 6453/6453
f 6464/6464 6453/6453 6465/6465
f 6454/6454 6465/6465 6453/6453
f 6454/6454 6455/6455 6465/6465
f 6466/6466 6465/6465 6455/6455
f 6466/6466 6455/6455 6467/6467
f 6456/6456 6467/6467 6455/6455
f 6456/6456 6457/6457 6467/6467
f 6468/6468 6467/6467 6457/6457
f 6468/6468 6457/6457 6469/6469
f 6458/6458 6469/6469 6457/6457
f 6458/6458 6459/6459 6469/6469
f 6470/6470 6469/6469 6459/6459
f 6471/6471 6460/6460 6472/6472
f 6461/6461 6472/6472 6460/6460
f 6461/6461 6462/6462 6472/6472
f 6473/6473 6472/6472 6462/6462
f 6473/6473 6462/6462 6474/6474
f 6463/6463 6474/6474 6462/6462
f 6463/6463 6464/6464 6474/6474
f 6475/6475 6474/6474 6464/6464
f 6475/6475 6464/6464 6476/6476
f 6465/6465 6476/6476 6464/6464
f 6465/6465 6466/6466 6476/6476
f 6477/6477 6476/6476 6466/6466
f 6477/6477 6466/6466 6478/6478
f 6467/6467 6478/6478 6466/6466
f 6467/6467 6468/6468 6478/6478
f 6479/6479 6478/6478 6468/6468
f 6479/6479 6468/6468 6480/6480
f 6469/6469 6480/6480 6468/6468
f 6469/6469 6470/6470 6480/6480
f 6481/6481 6480/6480 6470/6470
f 6482/6482 6483/6483 6484/6484
f 6485/6485 6484/6484 6483/6483
f 6485/6485 6486/6486 6484/6484
f 6487/6487 6484/6484 6486/6486
f 6487/6487 6486/6486 6488/6488
f 6489/6489 6488/6488 6486/6486
f 6489/6489 6490/6490 6488/6488
f 6491/6491 6488/6488 6490/6490
f 6491/6491 6490/6490 6492/6492
f 6493/6493 6492/6492 6490/6490
f 6493/6493 6494/6494 6492/6492
f 6495/6495 6492/6492 6494/6494
f 6495/6495 6494/6494 6496/6496
f 6497/6497 6496/6496 6494/6494
f 6497/6497 6498/6498 6496/6496
f 6499/6499 6496/6496 6498/6498
f 6500/6500 6482/6482 6501/6501
f 6484/6484 6501/6501 6482/6482
f 6484/6484 6487/6487 6501/6501
f 6502/6502 6501/6501 6487/6487
f 6502/6502 6487/6487 6503/6503
f 6488/6488 6503/6503 6487/6487
f 6488/6488 6491/6491 6503/6503
f 6504/6504 6503/6503 6491/6491
f 6504/6504 6491/6491 6505/6505
f 6492/6492 6505/6505 6491/6491
f 6492/6492 6495/6495 6505/6505
f 6506/6506 6505/6505 6495/6495
f 6506/6506 6495/6495 6507/6507
f 6496/6496 6507/6507 6495/6495
f 6496/6496 6499/6499 6507/6507
f 6508/6508 6507/6507 6499/6499
f 6509/6509 6500/6500 6510/6510
f 6501/6501 6510/6510 6500/6500
f 6501/6501 6502/6502 6510/6510
f 6511/6511 6510/6510 6502/6502
f 6511/6511 6502/6502 6512/6512
f 6503/6503 6512/6512 6502/6502
f 6503/6503 6504/6504 6512/6512
f 6513/6513 6512/6512 6504/6504
f 6513/6513 6504/6504 6514/6514
f 6505/6505 6514/6514 6504/6504
f 6505/6505 6506/6506 6514/6514
f 6515/6515 6514/6514 6506/6506
f 6515/6515 6506/6506 6516/6516
f 6507/6507 6516/6516 6506/6506
f 6507/6507 6508/6508 6516/6516
f 6517/6517 6516/6516 6508/6508
f 6518/6518 6509/6509 6519/6519
f 6510/6510 6519/6519 6509/6509
f 6510/6510 6511/6511 6519/6519
f 6520/6520 6519/6519 6511/6511
f 6520/6520 6511/6511 6521/6521
f 6512/6512 6521/6521 6511/6511
f 6512/6512 6513/6513 6521/6521
f 6522/6522 6521/6521 6513/6513
f 6522/6522 6513/6513 6523/6523
f 6514/6514 6523/6523 6513/6513
f 6514/6514 6515/6515 6523/6523
f 6524/6524 6523/6523 6515/6515
f 6524/6524 6515/6515 6525/6525
f 6516/6516 6525/6525 6515/6515
f 6516/6516 6517/6517 6525/6525
f 6526/6526 6525/6525 6517/6517

