# metres; Z up; applied/baked transforms
mtllib scrub_bush.mtl
o scrub_bush
g stem_00
usemtl wood
s 1
v -0.02902924 0.00460123 0.00007776
v -0.02131338 -0.01679266 0.01261781
v -0.00914191 -0.01679266 0.03988489
v -0.00468630 0.00460123 0.05461191
v -0.01240216 0.02599513 0.04207186
v -0.02457363 0.02599513 0.01480479
v -0.33686244 -0.02496609 0.21969546
v -0.33200431 -0.03843632 0.22759104
v -0.32434079 -0.03843632 0.24475920
v -0.32153540 -0.02496609 0.25403177
v -0.32639354 -0.01149586 0.24613619
v -0.33405706 -0.01149586 0.22896803
vn -0.52084096 0.00394578 -0.85364461
vn -0.17134774 -0.90097056 -0.39861260
vn 0.39500986 -0.87235868 0.28802352
vn 0.56539354 0.00092219 0.82482077
vn 0.21343082 0.90102784 0.37761901
vn -0.20550970 0.90253004 -0.37842474
vn -0.60003022 -0.00483191 -0.79996274
vn -0.24680829 -0.89963586 -0.36019578
vn 0.26501224 -0.89756730 0.35233712
vn 0.50832103 -0.00528344 0.86115145
vn 0.07646162 0.89369696 0.44210786
vn -0.35191688 0.88302447 -0.31051939
vt 0.83333333 0.00000000
vt 1.00000000 0.00000000
vt 0.83333333 1.00000000
f 6/1/6 1/2/1 12/3/12
vt 0.83333333 1.00000000
vt 1.00000000 0.00000000
vt 1.00000000 1.00000000
f 12/4/12 1/5/1 7/6/7
vt 0.83333333 0.00000000
vt 0.83333333 1.00000000
vt 0.66666667 0.00000000
f 6/7/6 12/8/12 5/9/5
vt 0.66666667 0.00000000
vt 0.83333333 1.00000000
vt 0.66666667 1.00000000
f 5/10/5 12/11/12 11/12/11
vt 0.50000000 1.00000000
vt 0.66666667 0.00000000
vt 0.66666667 1.00000000
f 10/13/10 5/14/5 11/15/11
vt 0.50000000 0.00000000
vt 0.66666667 0.00000000
vt 0.50000000 1.00000000
f 4/16/4 5/17/5 10/18/10
vt 0.33333333 0.00000000
vt 0.66666667 0.00000000
vt 0.50000000 0.00000000
f 3/19/3 5/20/5 4/21/4
vt 0.33333333 0.00000000
vt 0.16666667 0.00000000
vt 0.00000000 0.00000000
f 3/22/3 2/23/2 1/24/1
vt 1.33333333 0.00000000
vt 1.00000000 0.00000000
vt 0.83333333 0.00000000
f 3/25/3 1/26/1 6/27/6
vt 0.83333333 0.00000000
vt 0.66666667 0.00000000
vt 0.33333333 0.00000000
f 6/28/6 5/29/5 3/30/3
vt 0.33333333 0.00000000
vt 0.50000000 1.00000000
vt 0.33333333 1.00000000
f 3/31/3 10/32/10 9/33/9
vt 0.50000000 0.00000000
vt 0.50000000 1.00000000
vt 0.33333333 0.00000000
f 4/34/4 10/35/10 3/36/3
vt 0.66666667 1.00000000
vt 0.83333333 1.00000000
vt 1.16666667 1.00000000
f 11/37/11 12/38/12 8/39/8
vt 1.16666667 1.00000000
vt 0.83333333 1.00000000
vt 1.00000000 1.00000000
f 8/40/8 12/41/12 7/42/7
vt 0.16666667 1.00000000
vt 0.50000000 1.00000000
vt 0.66666667 1.00000000
f 8/43/8 10/44/10 11/45/11
vt 0.33333333 1.00000000
vt 0.50000000 1.00000000
vt 0.16666667 1.00000000
f 9/46/9 10/47/10 8/48/8
vt 0.00000000 1.00000000
vt 0.00000000 0.00000000
vt 0.16666667 1.00000000
f 7/49/7 1/50/1 8/51/8
vt 0.00000000 0.00000000
vt 0.16666667 0.00000000
vt 0.16666667 1.00000000
f 1/52/1 2/53/2 8/54/8
vt 0.16666667 0.00000000
vt 0.33333333 0.00000000
vt 0.16666667 1.00000000
f 2/55/2 3/56/3 8/57/8
vt 0.16666667 1.00000000
vt 0.33333333 0.00000000
vt 0.33333333 1.00000000
f 8/58/8 3/59/3 9/60/9
g stem_01
usemtl wood
s 1
v -0.33571242 -0.02496609 0.21774214
v -0.32984077 -0.03900930 0.22596432
v -0.32332728 -0.03900930 0.24508580
v -0.32268543 -0.02496609 0.25598509
v -0.32855707 -0.01092289 0.24776291
v -0.33507057 -0.01092289 0.22864143
v -0.76090961 -0.11476995 0.45036939
v -0.75895239 -0.11945102 0.45311012
v -0.75678123 -0.11945102 0.45948394
v -0.75656728 -0.11476995 0.46311704
v -0.75852449 -0.11008888 0.46037631
v -0.76069566 -0.11008888 0.45400249
vn -0.43927745 0.00383225 -0.89834327
vn -0.04467309 -0.89673308 -0.44031136
vn 0.40077544 -0.86282090 0.30808950
vn 0.44973355 -0.00139139 0.89316168
vn 0.05431759 0.89801409 0.43660084
vn -0.30766725 0.88790072 -0.34201342
vn -0.50189505 -0.01101906 -0.86485833
vn -0.06530921 -0.89935614 -0.43231151
vn 0.32393553 -0.88424221 0.33642455
vn 0.42265871 -0.00768097 0.90625637
vn 0.01145945 0.89158382 0.45271070
vn -0.37598209 0.87050154 -0.31759178
vt 0.83333333 0.00000000
vt 1.00000000 0.00000000
vt 0.83333333 1.00000000
f 18/61/18 13/62/13 24/63/24
vt 0.83333333 1.00000000
vt 1.00000000 0.00000000
vt 1.00000000 1.00000000
f 24/64/24 13/65/13 19/66/19
vt 0.83333333 1.00000000
vt 0.66666667 0.00000000
vt 0.83333333 0.00000000
f 24/67/24 17/68/17 18/69/18
vt 0.66666667 1.00000000
vt 0.66666667 0.00000000
vt 0.83333333 1.00000000
f 23/70/23 17/71/17 24/72/24
vt 1.33333333 0.00000000
vt 1.00000000 0.00000000
vt 0.83333333 0.00000000
f 15/73/15 13/74/13 18/75/18
vt 0.33333333 0.00000000
vt 0.66666667 0.00000000
vt 0.50000000 0.00000000
f 15/76/15 17/77/17 16/78/16
vt 0.33333333 0.00000000
vt 0.16666667 0.00000000
vt 0.00000000 0.00000000
f 15/79/15 14/80/14 13/81/13
vt 0.83333333 0.00000000
vt 0.66666667 0.00000000
vt 0.33333333 0.00000000
f 18/82/18 17/83/17 15/84/15
vt 0.00000000 0.00000000
vt 0.16666667 0.00000000
vt 0.16666667 1.00000000
f 13/85/13 14/86/14 20/87/20
vt 0.00000000 1.00000000
vt 0.00000000 0.00000000
vt 0.16666667 1.00000000
f 19/88/19 13/89/13 20/90/20
vt 0.16666667 0.00000000
vt 0.33333333 0.00000000
vt 0.16666667 1.00000000
f 14/91/14 15/92/15 20/93/20
vt 0.16666667 1.00000000
vt 0.33333333 0.00000000
vt 0.33333333 1.00000000
f 20/94/20 15/95/15 21/96/21
vt 0.66666667 1.00000000
vt 0.83333333 1.00000000
vt 0.50000000 1.00000000
f 23/97/23 24/98/24 22/99/22
vt 0.50000000 1.00000000
vt 0.83333333 1.00000000
vt 1.00000000 1.00000000
f 22/100/22 24/101/24 19/102/19
vt 0.00000000 1.00000000
vt 0.16666667 1.00000000
vt 0.50000000 1.00000000
f 19/103/19 20/104/20 22/105/22
vt 0.50000000 1.00000000
vt 0.16666667 1.00000000
vt 0.33333333 1.00000000
f 22/106/22 20/107/20 21/108/21
vt 0.50000000 1.00000000
vt 0.66666667 0.00000000
vt 0.66666667 1.00000000
f 22/109/22 17/110/17 23/111/23
vt 0.50000000 0.00000000
vt 0.66666667 0.00000000
vt 0.50000000 1.00000000
f 16/112/16 17/113/17 22/114/22
vt 0.50000000 1.00000000
vt 0.33333333 0.00000000
vt 0.50000000 0.00000000
f 22/115/22 15/116/15 16/117/16
vt 0.33333333 1.00000000
vt 0.33333333 0.00000000
vt 0.50000000 1.00000000
f 21/118/21 15/119/15 22/120/22
g foliage_spray_000
usemtl foliage
s 1
v -0.48910930 -0.00173604 0.22916014
v -0.52841241 -0.04600245 0.37428650
v -0.41811923 -0.06946035 0.23783788
v -0.46813898 -0.12149382 0.41464484
v -0.44793149 0.09764776 0.29806891
v -0.32247842 -0.03265513 0.32940180
v -0.64381741 -0.08123123 0.29752489
v -0.50498958 -0.18044663 0.32650667
v -0.32429461 0.08877466 0.26188314
v -0.62650008 -0.19382592 0.25234480
v -0.36366728 0.05195620 0.36229193
v -0.65878052 -0.22401224 0.37378915
vn -0.25634240 0.29895879 -0.91919107
vn -0.40594693 0.45973278 0.78984357
vn 0.42904635 -0.45446416 -0.78062895
vn 0.26447008 -0.27275173 0.92502004
vn -0.46531869 0.87423821 0.13851377
vn 0.84494449 -0.52548092 0.09969262
vn -0.83253048 0.54982924 -0.06768172
vn 0.48756954 -0.86641573 -0.10770206
vn 0.56737781 0.40951824 -0.71440691
vn -0.18366257 -0.45448835 -0.87161253
vn 0.19254762 0.45714778 0.86829795
vn -0.52931657 -0.37302900 0.76201925
vt 0.83524085 0.24201117
vt 0.47933067 0.07946900
vt 0.56825236 0.42175364
f 33/121/33 25/122/25 29/123/29
vt 0.11293301 0.79787229
vt 0.52461515 1.00081125
vt 0.39445729 0.80034275
f 36/124/36 28/125/28 26/126/26
vt 0.75021727 0.74076314
vt 0.52461515 1.00081125
vt 0.83916283 0.57739081
f 35/127/35 28/128/28 30/129/30
vt 0.83916283 0.57739081
vt 0.83524085 0.24201117
vt 0.75021727 0.74076314
f 30/130/30 33/131/33 35/132/35
vt 0.75021727 0.74076314
vt 0.83524085 0.24201117
vt 0.56825236 0.42175364
f 35/133/35 33/134/33 29/135/29
vt 0.56825236 0.42175364
vt 0.39445729 0.80034275
vt 0.75021727 0.74076314
f 29/136/29 26/137/26 35/138/35
vt 0.75021727 0.74076314
vt 0.39445729 0.80034275
vt 0.52461515 1.00081125
f 35/139/35 26/140/26 28/141/28
vt 0.11293301 0.79787229
vt 0.18264122 0.19463221
vt 0.44503789 0.56301006
f 36/142/36 34/143/34 32/144/32
vt 0.44503789 0.56301006
vt 0.52461515 1.00081125
vt 0.11293301 0.79787229
f 32/145/32 28/146/28 36/147/36
vt 0.83916283 0.57739081
vt 0.52461515 1.00081125
vt 0.44503789 0.56301006
f 30/148/30 28/149/28 32/150/32
vt 0.56825236 0.42175364
vt 0.47933067 0.07946900
vt 0.14524521 0.41905138
f 29/151/29 25/152/25 31/153/31
vt 0.47933067 0.07946900
vt 0.18264122 0.19463221
vt 0.14524521 0.41905138
f 25/154/25 34/155/34 31/156/31
vt 0.14524521 0.41905138
vt 0.18264122 0.19463221
vt 0.11293301 0.79787229
f 31/157/31 34/158/34 36/159/36
vt 0.11293301 0.79787229
vt 0.39445729 0.80034275
vt 0.14524521 0.41905138
f 36/160/36 26/161/26 31/162/31
vt 0.14524521 0.41905138
vt 0.39445729 0.80034275
vt 0.56825236 0.42175364
f 31/163/31 26/164/26 29/165/29
vt 0.63263063 0.12257319
vt 0.83524085 0.24201117
vt 0.83916283 0.57739081
f 27/166/27 33/167/33 30/168/30
vt 0.83916283 0.57739081
vt 0.44503789 0.56301006
vt 0.63263063 0.12257319
f 30/169/30 32/170/32 27/171/27
vt 0.63263063 0.12257319
vt 0.44503789 0.56301006
vt 0.18264122 0.19463221
f 27/172/27 32/173/32 34/174/34
vt 0.47933067 0.07946900
vt 0.83524085 0.24201117
vt 0.63263063 0.12257319
f 25/175/25 33/176/33 27/177/27
vt 0.63263063 0.12257319
vt 0.18264122 0.19463221
vt 0.47933067 0.07946900
f 27/178/27 34/179/34 25/180/25
g foliage_spray_001
usemtl foliage
s 1
v -0.49526809 -0.03302884 0.23239112
v -0.56292882 -0.02162152 0.42316884
v -0.54902003 -0.13827088 0.26340412
v -0.61738477 -0.11141701 0.47233188
v -0.44676804 -0.04903351 0.34085022
v -0.49599801 -0.18636396 0.36802642
v -0.62142779 0.04818868 0.33788005
v -0.70598618 -0.10443565 0.37040034
v -0.35929414 -0.16277553 0.29162633
v -0.67182616 -0.02006207 0.30845085
v -0.43681811 -0.12737527 0.40032914
v -0.71047025 -0.00241578 0.40143241
vn 0.18536200 0.45425600 -0.87137387
vn 0.29441367 0.61630302 0.73040481
vn -0.29520774 -0.59996941 -0.74356513
vn -0.14459048 -0.34541290 0.92724512
vn 0.63883442 0.74542953 0.19032970
vn -0.11251822 -0.98545999 0.12731164
vn 0.13380964 0.99016064 -0.04094980
vn -0.66913064 -0.73182524 -0.12921301
vn 0.74385880 -0.42433882 -0.51634354
vn -0.58375608 0.12209011 -0.80269723
vn 0.57370162 -0.01073698 0.81899400
vn -0.60984501 0.53742418 0.58246400
vt 0.51815762 0.09055892
vt 0.64273033 -0.05053668
vt 0.95785650 0.21895764
f 39/181/39 37/182/37 45/183/45
vt 0.48592333 0.81741867
vt 0.35034914 0.42939190
vt 0.14398895 0.71852739
f 38/184/38 43/185/43 48/186/48
vt 0.64273033 -0.05053668
vt 0.51815762 0.09055892
vt 0.23354849 0.29550188
f 37/187/37 39/188/39 46/189/46
vt 0.14398895 0.71852739
vt 0.35034914 0.42939190
vt 0.23354849 0.29550188
f 48/190/48 43/191/43 46/192/46
vt 0.35034914 0.42939190
vt 0.64273033 -0.05053668
vt 0.23354849 0.29550188
f 43/193/43 37/194/37 46/195/46
vt 0.95785650 0.21895764
vt 0.64273033 -0.05053668
vt 0.75513154 0.44290489
f 45/196/45 37/197/37 41/198/41
vt 0.75513154 0.44290489
vt 0.64273033 -0.05053668
vt 0.35034914 0.42939190
f 41/199/41 37/200/37 43/201/43
vt 0.35034914 0.42939190
vt 0.48592333 0.81741867
vt 0.75513154 0.44290489
f 43/202/43 38/203/38 41/204/41
vt 0.35971904 1.04108903
vt 0.48592333 0.81741867
vt 0.14398895 0.71852739
f 40/205/40 38/206/38 48/207/48
vt 0.64103871 0.56654473
vt 0.51815762 0.09055892
vt 0.95785650 0.21895764
f 42/208/42 39/209/39 45/210/45
vt 0.15438100 0.57734502
vt 0.35971904 1.04108903
vt 0.14398895 0.71852739
f 44/211/44 40/212/40 48/213/48
vt 0.14398895 0.71852739
vt 0.23354849 0.29550188
vt 0.15438100 0.57734502
f 48/214/48 46/215/46 44/216/44
vt 0.15438100 0.57734502
vt 0.23354849 0.29550188
vt 0.51815762 0.09055892
f 44/217/44 46/218/46 39/219/39
vt 0.51815762 0.09055892
vt 0.64103871 0.56654473
vt 0.15438100 0.57734502
f 39/220/39 42/221/42 44/222/44
vt 0.15438100 0.57734502
vt 0.64103871 0.56654473
vt 0.35971904 1.04108903
f 44/223/44 42/224/42 40/225/40
vt 0.48592333 0.81741867
vt 0.35971904 1.04108903
vt 0.77819097 0.71350801
f 38/226/38 40/227/40 47/228/47
vt 0.95785650 0.21895764
vt 0.75513154 0.44290489
vt 0.77819097 0.71350801
f 45/229/45 41/230/41 47/231/47
vt 0.77819097 0.71350801
vt 0.75513154 0.44290489
vt 0.48592333 0.81741867
f 47/232/47 41/233/41 38/234/38
vt 0.77819097 0.71350801
vt 0.64103871 0.56654473
vt 0.95785650 0.21895764
f 47/235/47 42/236/42 45/237/45
vt 0.35971904 1.04108903
vt 0.64103871 0.56654473
vt 0.77819097 0.71350801
f 40/238/40 42/239/42 47/240/47
g foliage_spray_002
usemtl foliage
s 1
v -0.64384142 -0.02323860 0.27433293
v -0.70177091 -0.06241468 0.49828149
v -0.55117109 -0.11087418 0.28144196
v -0.61049223 -0.13956144 0.48298667
v -0.61167340 0.07493475 0.36856073
v -0.44403110 -0.07996635 0.41047619
v -0.78757802 -0.09314508 0.36904309
v -0.63972566 -0.25155076 0.40894103
v -0.47655441 0.05242825 0.32151821
v -0.72462403 -0.17954841 0.33285347
v -0.52435554 0.00772812 0.44553578
v -0.78958550 -0.24029565 0.46238279
vn -0.30091886 0.28844547 -0.90898133
vn -0.39106242 0.45306345 0.80112652
vn 0.39510174 -0.45505443 -0.79801007
vn 0.29552058 -0.28046140 0.91324093
vn -0.39291592 0.91532904 0.08826001
vn 0.88249328 -0.42856978 0.19373577
vn -0.88374420 0.43409764 -0.17480110
vn 0.39180491 -0.91743089 -0.06935038
vn 0.61764846 0.54768644 -0.56440229
vn -0.33228016 -0.48898621 -0.80652488
vn 0.32603110 0.48385282 0.81215157
vn -0.60909863 -0.53706683 0.58357355
vt 0.83685790 0.24076675
vt 0.45872486 0.05836940
vt 0.53143697 0.42261229
f 57/241/57 49/242/49 53/243/53
vt 0.66819547 0.08584976
vt 0.83685790 0.24076675
vt 0.91037310 0.58463889
f 51/244/51 57/245/57 54/246/54
vt 0.45872486 0.05836940
vt 0.83685790 0.24076675
vt 0.66819547 0.08584976
f 49/247/49 57/248/57 51/249/51
vt 0.53143697 0.42261229
vt 0.45872486 0.05836940
vt 0.13382479 0.42447687
f 53/250/53 49/251/49 55/252/55
vt 0.12928710 0.78528680
vt 0.32778189 0.92405524
vt 0.13382479 0.42447687
f 60/253/60 50/254/50 55/255/55
vt 0.13382479 0.42447687
vt 0.32778189 0.92405524
vt 0.53143697 0.42261229
f 55/256/55 50/257/50 53/258/53
vt 0.53410686 0.86493227
vt 0.32778189 0.92405524
vt 0.12928710 0.78528680
f 52/259/52 50/260/50 60/261/60
vt 0.53143697 0.42261229
vt 0.32778189 0.92405524
vt 0.72880896 0.72016371
f 53/262/53 50/263/50 59/264/59
vt 0.91037310 0.58463889
vt 0.83685790 0.24076675
vt 0.72880896 0.72016371
f 54/265/54 57/266/57 59/267/59
vt 0.72880896 0.72016371
vt 0.83685790 0.24076675
vt 0.53143697 0.42261229
f 59/268/59 57/269/57 53/270/53
vt 0.72880896 0.72016371
vt 0.53410686 0.86493227
vt 0.91037310 0.58463889
f 59/271/59 52/272/52 54/273/54
vt 0.32778189 0.92405524
vt 0.53410686 0.86493227
vt 0.72880896 0.72016371
f 50/274/50 52/275/52 59/276/59
vt 0.46802806 0.57870464
vt 0.66819547 0.08584976
vt 0.91037310 0.58463889
f 56/277/56 51/278/51 54/279/54
vt 0.46802806 0.57870464
vt 0.53410686 0.86493227
vt 0.12928710 0.78528680
f 56/280/56 52/281/52 60/282/60
vt 0.91037310 0.58463889
vt 0.53410686 0.86493227
vt 0.46802806 0.57870464
f 54/283/54 52/284/52 56/285/56
vt 0.45872486 0.05836940
vt 0.66819547 0.08584976
vt 0.27612505 0.28458387
f 49/286/49 51/287/51 58/288/58
vt 0.27612505 0.28458387
vt 0.13382479 0.42447687
vt 0.45872486 0.05836940
f 58/289/58 55/290/55 49/291/49
vt 0.12928710 0.78528680
vt 0.13382479 0.42447687
vt 0.27612505 0.28458387
f 60/292/60 55/293/55 58/294/58
vt 0.27612505 0.28458387
vt 0.46802806 0.57870464
vt 0.12928710 0.78528680
f 58/295/58 56/296/56 60/297/60
vt 0.66819547 0.08584976
vt 0.46802806 0.57870464
vt 0.27612505 0.28458387
f 51/298/51 56/299/56 58/300/58
g foliage_spray_003
usemtl foliage
s 1
v -0.64162810 -0.07105468 0.32820675
v -0.70575512 -0.03451386 0.51148954
v -0.68460208 -0.15792102 0.34938407
v -0.74674892 -0.13140741 0.51888409
v -0.54777922 -0.07769046 0.40861645
v -0.60595664 -0.24750801 0.44147356
v -0.78364538 0.04654261 0.40585113
v -0.84408648 -0.12543203 0.43924209
v -0.51884285 -0.18142290 0.37537135
v -0.85897427 -0.02610655 0.36698068
v -0.50826510 -0.18625308 0.48791265
v -0.89348984 -0.01034549 0.47869210
vn 0.18297307 0.34326910 -0.92124219
vn 0.25985309 0.57776399 0.77373454
vn -0.25348805 -0.56829752 -0.78280377
vn -0.20235604 -0.39102087 0.89786119
vn 0.64151113 0.76563663 0.04758182
vn -0.17710774 -0.98251911 0.05735017
vn 0.16965602 0.97794932 -0.12178657
vn -0.63140600 -0.76832158 -0.10492100
vn 0.55225790 -0.36199592 -0.75097947
vn -0.50481620 0.01622186 -0.86307442
vn 0.52519847 -0.05656690 0.84909761
vn -0.62139468 0.34371250 0.70408123
vt 0.87524610 0.78799658
vt 0.67820303 0.57951624
vt 0.85391087 0.28276175
f 71/301/71 66/302/66 69/303/69
vt 0.47691026 0.89384099
vt 0.31980622 0.41959546
vt 0.09825078 0.74660248
f 62/304/62 67/305/67 72/306/72
vt 0.87524610 0.78799658
vt 0.85391087 0.28276175
vt 0.79554642 0.43200989
f 71/307/71 69/308/69 65/309/65
vt 0.79554642 0.43200989
vt 0.47691026 0.89384099
vt 0.87524610 0.78799658
f 65/310/65 62/311/62 71/312/71
vt 0.31980622 0.41959546
vt 0.47691026 0.89384099
vt 0.79554642 0.43200989
f 67/313/67 62/314/62 65/315/65
vt 0.09825078 0.74660248
vt 0.31980622 0.41959546
vt 0.16786842 0.24509326
f 72/316/72 67/317/67 70/318/70
vt 0.39422609 0.92703752
vt 0.47691026 0.89384099
vt 0.09825078 0.74660248
f 64/319/64 62/320/62 72/321/72
vt 0.39422609 0.92703752
vt 0.67820303 0.57951624
vt 0.87524610 0.78799658
f 64/322/64 66/323/66 71/324/71
vt 0.87524610 0.78799658
vt 0.47691026 0.89384099
vt 0.39422609 0.92703752
f 71/325/71 62/326/62 64/327/64
vt 0.09825078 0.74660248
vt 0.16786842 0.24509326
vt 0.19789698 0.56949844
f 72/328/72 70/329/70 68/330/68
vt 0.19789698 0.56949844
vt 0.39422609 0.92703752
vt 0.09825078 0.74660248
f 68/331/68 64/332/64 72/333/72
vt 0.67820303 0.57951624
vt 0.39422609 0.92703752
vt 0.19789698 0.56949844
f 66/334/66 64/335/64 68/336/68
vt 0.60625397 0.07102437
vt 0.16786842 0.24509326
vt 0.31980622 0.41959546
f 61/337/61 70/338/70 67/339/67
vt 0.31980622 0.41959546
vt 0.79554642 0.43200989
vt 0.60625397 0.07102437
f 67/340/67 65/341/65 61/342/61
vt 0.60625397 0.07102437
vt 0.79554642 0.43200989
vt 0.85391087 0.28276175
f 61/343/61 65/344/65 69/345/69
vt 0.16786842 0.24509326
vt 0.60625397 0.07102437
vt 0.51957579 0.16609630
f 70/346/70 61/347/61 63/348/63
vt 0.67820303 0.57951624
vt 0.19789698 0.56949844
vt 0.51957579 0.16609630
f 66/349/66 68/350/68 63/351/63
vt 0.51957579 0.16609630
vt 0.19789698 0.56949844
vt 0.16786842 0.24509326
f 63/352/63 68/353/68 70/354/70
vt 0.51957579 0.16609630
vt 0.85391087 0.28276175
vt 0.67820303 0.57951624
f 63/355/63 69/356/69 66/357/66
vt 0.51957579 0.16609630
vt 0.60625397 0.07102437
vt 0.85391087 0.28276175
f 63/358/63 61/359/61 69/360/69
g foliage_spray_004
usemtl foliage
s 1
v -0.76962396 -0.06310481 0.35183051
v -0.82782737 -0.09768005 0.56898003
v -0.70779817 -0.12737058 0.37398939
v -0.74641357 -0.17326660 0.57552819
v -0.73922903 0.00117911 0.44098459
v -0.61866213 -0.09846911 0.47524099
v -0.89023703 -0.13007259 0.43937817
v -0.77885485 -0.23432654 0.47299214
v -0.60760786 0.02655638 0.38737803
v -0.86160195 -0.21096042 0.39771233
v -0.65697115 -0.01960458 0.51514500
v -0.90000000 -0.24686748 0.52157876
vn -0.34898608 0.35593675 -0.86690123
vn -0.48569901 0.54155200 0.68616172
vn 0.46479103 -0.53058028 -0.70883981
vn 0.37615651 -0.39707575 0.83716016
vn -0.45521472 0.88875762 0.05375364
vn 0.85308962 -0.51650910 0.07386782
vn -0.85321887 0.50192592 -0.14173192
vn 0.45157398 -0.88479147 -0.11499997
vn 0.62268258 0.50281453 -0.59953645
vn -0.27221918 -0.54373730 -0.79388064
vn 0.30564158 0.56131999 0.76909239
vn -0.64689916 -0.56581202 0.51125164
vt 0.15736560 0.76367863
vt 0.52989438 0.98308468
vt 0.33242261 0.95645410
f 84/361/84 76/362/76 74/363/74
vt 0.15736560 0.76367863
vt 0.33242261 0.95645410
vt 0.18104599 0.42937838
f 84/364/84 74/365/74 79/366/79
vt 0.45120701 0.56608248
vt 0.52989438 0.98308468
vt 0.15736560 0.76367863
f 80/367/80 76/368/76 84/369/84
vt 0.74683979 0.73751327
vt 0.33242261 0.95645410
vt 0.52989438 0.98308468
f 83/370/83 74/371/74 76/372/76
vt 0.54732069 0.43591151
vt 0.18104599 0.42937838
vt 0.33242261 0.95645410
f 77/373/77 79/374/79 74/375/74
vt 0.54732069 0.43591151
vt 0.74683979 0.73751327
vt 0.86657204 0.21789986
f 77/376/77 83/377/83 81/378/81
vt 0.33242261 0.95645410
vt 0.74683979 0.73751327
vt 0.54732069 0.43591151
f 74/379/74 83/380/83 77/381/77
vt 0.52989438 0.98308468
vt 0.45120701 0.56608248
vt 0.83975955 0.57522831
f 76/382/76 80/383/80 78/384/78
vt 0.86657204 0.21789986
vt 0.74683979 0.73751327
vt 0.83975955 0.57522831
f 81/385/81 83/386/83 78/387/78
vt 0.83975955 0.57522831
vt 0.74683979 0.73751327
vt 0.52989438 0.98308468
f 78/388/78 83/389/83 76/390/76
vt 0.15736560 0.76367863
vt 0.18104599 0.42937838
vt 0.25050128 0.25992826
f 84/391/84 79/392/79 82/393/82
vt 0.25050128 0.25992826
vt 0.45120701 0.56608248
vt 0.15736560 0.76367863
f 82/394/82 80/395/80 84/396/84
vt 0.47359683 0.07333221
vt 0.25050128 0.25992826
vt 0.18104599 0.42937838
f 73/397/73 82/398/82 79/399/79
vt 0.47359683 0.07333221
vt 0.54732069 0.43591151
vt 0.86657204 0.21789986
f 73/400/73 77/401/77 81/402/81
vt 0.18104599 0.42937838
vt 0.54732069 0.43591151
vt 0.47359683 0.07333221
f 79/403/79 77/404/77 73/405/73
vt 0.86657204 0.21789986
vt 0.83975955 0.57522831
vt 0.62355724 0.16344979
f 81/406/81 78/407/78 75/408/75
vt 0.62355724 0.16344979
vt 0.47359683 0.07333221
vt 0.86657204 0.21789986
f 75/409/75 73/410/73 81/411/81
vt 0.25050128 0.25992826
vt 0.47359683 0.07333221
vt 0.62355724 0.16344979
f 82/412/82 73/413/73 75/414/75
vt 0.62355724 0.16344979
vt 0.83975955 0.57522831
vt 0.45120701 0.56608248
f 75/415/75 78/416/78 80/417/80
vt 0.45120701 0.56608248
vt 0.25050128 0.25992826
vt 0.62355724 0.16344979
f 80/418/80 82/419/82 75/420/75
g stem_02
usemtl wood
s 1
v -0.03279558 0.00460123 0.00317052
v -0.03226346 -0.01472709 0.02262566
v -0.01632565 -0.01472709 0.04679998
v -0.00091996 0.00460123 0.05151916
v -0.00145208 0.02392956 0.03206401
v -0.01738989 0.02392956 0.00788969
v -0.29716263 0.16896616 0.27989357
v -0.29682759 0.15679648 0.29214311
v -0.28679268 0.15679648 0.30736398
v -0.27709280 0.16896616 0.31033531
v -0.27742784 0.18113585 0.29808577
v -0.28746275 0.18113585 0.28286491
vn -0.67953116 -0.01812473 -0.73342273
vn -0.52541573 -0.83350369 -0.17090906
vn 0.04857931 -0.85374735 0.51841635
vn 0.70934500 -0.00423893 0.70484871
vn 0.66493757 0.74280850 0.07806125
vn -0.01588537 0.83894672 -0.54398166
vn -0.73220594 0.02223269 -0.68072033
vn -0.63397330 -0.76681217 -0.10038400
vn -0.05756732 -0.79981209 0.59748357
vn 0.67107021 0.02426732 0.74099654
vn 0.57016806 0.80896139 0.14314276
vn -0.07458991 0.86436472 -0.49730271
vt 0.16666667 1.00000000
vt 0.00000000 0.00000000
vt 0.16666667 0.00000000
f 92/421/92 85/422/85 86/423/86
vt 0.00000000 1.00000000
vt 0.00000000 0.00000000
vt 0.16666667 1.00000000
f 91/424/91 85/425/85 92/426/92
vt 0.33333333 0.00000000
vt 0.16666667 1.00000000
vt 0.16666667 0.00000000
f 87/427/87 92/428/92 86/429/86
vt 0.33333333 1.00000000
vt 0.16666667 1.00000000
vt 0.33333333 0.00000000
f 93/430/93 92/431/92 87/432/87
vt 0.33333333 1.00000000
vt 0.33333333 0.00000000
vt 0.50000000 1.00000000
f 93/433/93 87/434/87 94/435/94
vt 0.50000000 1.00000000
vt 0.33333333 0.00000000
vt 0.50000000 0.00000000
f 94/436/94 87/437/87 88/438/88
vt 0.50000000 0.00000000
vt 0.33333333 0.00000000
vt 0.66666667 0.00000000
f 88/439/88 87/440/87 89/441/89
vt 1.00000000 0.00000000
vt 0.83333333 0.00000000
vt 0.66666667 0.00000000
f 85/442/85 90/443/90 89/444/89
vt 1.16666667 0.00000000
vt 1.00000000 0.00000000
vt 0.66666667 0.00000000
f 86/445/86 85/446/85 89/447/89
vt 0.66666667 0.00000000
vt 0.33333333 0.00000000
vt 0.16666667 0.00000000
f 89/448/89 87/449/87 86/450/86
vt 0.66666667 1.00000000
vt 0.50000000 1.00000000
vt 0.66666667 0.00000000
f 95/451/95 94/452/94 89/453/89
vt 0.66666667 0.00000000
vt 0.50000000 1.00000000
vt 0.50000000 0.00000000
f 89/454/89 94/455/94 88/456/88
vt 0.83333333 1.00000000
vt 1.16666667 1.00000000
vt 1.33333333 1.00000000
f 96/457/96 92/458/92 93/459/93
vt 1.00000000 1.00000000
vt 1.16666667 1.00000000
vt 0.83333333 1.00000000
f 91/460/91 92/461/92 96/462/96
vt 0.33333333 1.00000000
vt 0.50000000 1.00000000
vt 0.83333333 1.00000000
f 93/463/93 94/464/94 96/465/96
vt 0.83333333 1.00000000
vt 0.50000000 1.00000000
vt 0.66666667 1.00000000
f 96/466/96 94/467/94 95/468/95
vt 0.83333333 1.00000000
vt 1.00000000 0.00000000
vt 1.00000000 1.00000000
f 96/469/96 85/470/85 91/471/91
vt 0.83333333 1.00000000
vt 0.83333333 0.00000000
vt 1.00000000 0.00000000
f 96/472/96 90/473/90 85/474/85
vt 0.83333333 1.00000000
vt 0.66666667 0.00000000
vt 0.83333333 0.00000000
f 96/475/96 89/476/89 90/477/90
vt 0.66666667 1.00000000
vt 0.66666667 0.00000000
vt 0.83333333 1.00000000
f 95/478/95 89/479/89 96/480/96
g stem_03
usemtl wood
s 1
v -0.29730236 0.16896616 0.27856707
v -0.29665946 0.15572708 0.29094747
v -0.28648482 0.15572708 0.30749485
v -0.27695307 0.16896616 0.31166182
v -0.27759597 0.18220525 0.29928141
v -0.28777061 0.18220525 0.28273404
v -0.60248478 0.32598518 0.57785965
v -0.60227048 0.32157215 0.58198645
v -0.59887893 0.32157215 0.58750225
v -0.59570169 0.32598518 0.58889124
v -0.59591598 0.33039820 0.58476443
v -0.59930753 0.33039820 0.57924864
vn -0.66556094 -0.00806759 -0.74629991
vn -0.56423708 -0.81001688 -0.15971590
vn 0.08799031 -0.87521491 0.47566434
vn 0.67393107 0.00292767 0.73878843
vn 0.57256035 0.80519348 0.15439593
vn 0.00145313 0.84197665 -0.53951202
vn -0.70156941 0.01451975 -0.71245318
vn -0.58197853 -0.79956758 -0.14829926
vn -0.00145313 -0.84197665 0.53951202
vn 0.65582933 0.01396503 0.75478001
vn 0.53515735 0.82582387 0.17782449
vn -0.06788445 0.86871530 -0.49063777
vt 0.16666667 0.00000000
vt 0.00000000 0.00000000
vt 0.33333333 0.00000000
f 98/481/98 97/482/97 99/483/99
vt 1.00000000 0.00000000
vt 0.83333333 0.00000000
vt 1.33333333 0.00000000
f 97/484/97 102/485/102 99/486/99
vt 0.33333333 0.00000000
vt 0.66666667 0.00000000
vt 0.50000000 0.00000000
f 99/487/99 101/488/101 100/489/100
vt 0.33333333 0.00000000
vt 0.83333333 0.00000000
vt 0.66666667 0.00000000
f 99/490/99 102/491/102 101/492/101
vt 0.16666667 1.00000000
vt 0.00000000 0.00000000
vt 0.16666667 0.00000000
f 104/493/104 97/494/97 98/495/98
vt 0.00000000 1.00000000
vt 0.00000000 0.00000000
vt 0.16666667 1.00000000
f 103/496/103 97/497/97 104/498/104
vt 0.16666667 0.00000000
vt 0.33333333 0.00000000
vt 0.16666667 1.00000000
f 98/499/98 99/500/99 104/501/104
vt 0.16666667 1.00000000
vt 0.33333333 0.00000000
vt 0.33333333 1.00000000
f 104/502/104 99/503/99 105/504/105
vt 0.50000000 1.00000000
vt 0.33333333 0.00000000
vt 0.50000000 0.00000000
f 106/505/106 99/506/99 100/507/100
vt 0.33333333 1.00000000
vt 0.33333333 0.00000000
vt 0.50000000 1.00000000
f 105/508/105 99/509/99 106/510/106
vt 0.50000000 0.00000000
vt 0.66666667 0.00000000
vt 0.50000000 1.00000000
f 100/511/100 101/512/101 106/513/106
vt 0.66666667 0.00000000
vt 0.66666667 1.00000000
vt 0.50000000 1.00000000
f 101/514/101 107/515/107 106/516/106
vt 1.00000000 1.00000000
vt 1.16666667 1.00000000
vt 0.83333333 1.00000000
f 103/517/103 104/518/104 108/519/108
vt 0.83333333 1.00000000
vt 1.16666667 1.00000000
vt 1.33333333 1.00000000
f 108/520/108 104/521/104 105/522/105
vt 0.33333333 1.00000000
vt 0.50000000 1.00000000
vt 0.83333333 1.00000000
f 105/523/105 106/524/106 108/525/108
vt 0.83333333 1.00000000
vt 0.50000000 1.00000000
vt 0.66666667 1.00000000
f 108/526/108 106/527/106 107/528/107
vt 0.83333333 1.00000000
vt 0.83333333 0.00000000
vt 1.00000000 0.00000000
f 108/529/108 102/530/102 97/531/97
vt 0.83333333 1.00000000
vt 1.00000000 0.00000000
vt 1.00000000 1.00000000
f 108/532/108 97/533/97 103/534/103
vt 0.66666667 0.00000000
vt 0.83333333 0.00000000
vt 0.83333333 1.00000000
f 101/535/101 102/536/102 108/537/108
vt 0.83333333 1.00000000
vt 0.66666667 1.00000000
vt 0.66666667 0.00000000
f 108/538/108 107/539/107 101/540/101
g foliage_spray_005
usemtl foliage
s 1
v -0.30774038 0.21884673 0.25954338
v -0.35284269 0.28625660 0.49211343
v -0.44724307 0.15090042 0.28341822
v -0.47813934 0.22861198 0.52206647
v -0.24759914 0.15897590 0.37850029
v -0.43343450 0.07365401 0.41299803
v -0.36154465 0.36468677 0.38008835
v -0.55050267 0.29125880 0.41415523
v -0.31518931 0.06255002 0.34402268
v -0.45925350 0.34911591 0.34558135
v -0.33304642 0.09807056 0.44669573
v -0.49167427 0.41360583 0.45710849
vn 0.38492062 0.20302869 -0.90034186
vn 0.56639452 0.27166909 0.77807015
vn -0.55493069 -0.27970195 -0.78346586
vn -0.34051102 -0.19698092 0.91937520
vn 0.98134751 0.11902720 0.15096221
vn -0.65536114 -0.73950073 0.15375453
vn 0.67826972 0.72601006 -0.11340008
vn -0.98529923 -0.12198236 -0.11960654
vn 0.29256155 -0.81573531 -0.49898260
vn -0.34755224 0.48774188 -0.80082164
vn 0.37593625 -0.46326988 0.80252910
vn -0.22286205 0.80811631 0.54523438
vt 0.66675438 0.28976948
vt 0.68206559 -0.05188237
vt 0.80568530 0.42920410
f 117/541/117 109/542/109 113/543/113
vt 0.18307011 0.57340011
vt 0.30399130 0.74711202
vt 0.37063187 0.29607308
f 116/544/116 120/545/120 118/546/118
vt 0.80568530 0.42920410
vt 0.68206559 -0.05188237
vt 0.57147144 0.43562656
f 113/547/113 109/548/109 115/549/115
vt 0.57147144 0.43562656
vt 0.37063187 0.29607308
vt 0.30399130 0.74711202
f 115/550/115 118/551/118 120/552/120
vt 0.68206559 -0.05188237
vt 0.37063187 0.29607308
vt 0.57147144 0.43562656
f 109/553/109 118/554/118 115/555/115
vt 0.68206559 -0.05188237
vt 0.66675438 0.28976948
vt 0.39531918 0.04467246
f 109/556/109 117/557/117 111/558/111
vt 0.18307011 0.57340011
vt 0.37063187 0.29607308
vt 0.39531918 0.04467246
f 116/559/116 118/560/118 111/561/111
vt 0.39531918 0.04467246
vt 0.37063187 0.29607308
vt 0.68206559 -0.05188237
f 111/562/111 118/563/118 109/564/109
vt 0.33181221 1.00981559
vt 0.30399130 0.74711202
vt 0.18307011 0.57340011
f 112/565/112 120/566/120 116/567/116
vt 0.63004928 0.70500063
vt 0.66675438 0.28976948
vt 0.80568530 0.42920410
f 119/568/119 117/569/117 113/570/113
vt 0.80568530 0.42920410
vt 0.57147144 0.43562656
vt 0.58935823 0.88867925
f 113/571/113 115/572/115 110/573/110
vt 0.58935823 0.88867925
vt 0.63004928 0.70500063
vt 0.80568530 0.42920410
f 110/574/110 119/575/119 113/576/113
vt 0.33181221 1.00981559
vt 0.63004928 0.70500063
vt 0.58935823 0.88867925
f 112/577/112 119/578/119 110/579/110
vt 0.58935823 0.88867925
vt 0.57147144 0.43562656
vt 0.30399130 0.74711202
f 110/580/110 115/581/115 120/582/120
vt 0.30399130 0.74711202
vt 0.33181221 1.00981559
vt 0.58935823 0.88867925
f 120/583/120 112/584/112 110/585/110
vt 0.42370257 0.56872016
vt 0.39531918 0.04467246
vt 0.66675438 0.28976948
f 114/586/114 111/587/111 117/588/117
vt 0.66675438 0.28976948
vt 0.63004928 0.70500063
vt 0.42370257 0.56872016
f 117/589/117 119/590/119 114/591/114
vt 0.42370257 0.56872016
vt 0.63004928 0.70500063
vt 0.33181221 1.00981559
f 114/592/114 119/593/119 112/594/112
vt 0.18307011 0.57340011
vt 0.39531918 0.04467246
vt 0.42370257 0.56872016
f 116/595/116 111/596/111 114/597/114
vt 0.42370257 0.56872016
vt 0.33181221 1.00981559
vt 0.18307011 0.57340011
f 114/598/114 112/599/112 116/600/116
g foliage_spray_006
usemtl foliage
s 1
v -0.42894608 0.30236415 0.35455427
v -0.49794234 0.31690406 0.55541956
v -0.41017117 0.19198660 0.34787283
v -0.48490268 0.18300258 0.57658484
v -0.33053545 0.36999370 0.42809417
v -0.31790896 0.16076502 0.46681784
v -0.56382136 0.32783942 0.43223184
v -0.54659326 0.16124779 0.46317580
v -0.24732783 0.26949561 0.38537338
v -0.63020190 0.23718959 0.38016661
v -0.27118706 0.26748243 0.51697166
v -0.66728728 0.23406041 0.51336111
vn -0.04491902 0.45316126 -0.89029611
vn -0.07432099 0.66754725 0.74084888
vn 0.04746003 -0.63013955 -0.77503012
vn 0.02173288 -0.49135490 0.87068826
vn 0.19363557 0.98100444 0.01164265
vn 0.36433295 -0.92843396 0.07260774
vn -0.38488149 0.90783588 -0.16643391
vn -0.21644392 -0.97095280 -0.10199359
vn 0.73680470 -0.01937209 -0.67582805
vn -0.54296827 -0.16554315 -0.82327451
vn 0.57000153 0.18230330 0.80116400
vn -0.82860264 0.01576762 0.55961509
vt 0.01686421 0.76970085
vt 0.42705607 1.03015491
vt 0.39772923 0.94296324
f 132/601/132 124/602/124 122/603/122
vt 0.96137347 0.24244752
vt 0.77423549 0.41843844
vt 0.90771290 0.78457472
f 129/604/129 125/605/125 131/606/131
vt 0.77423549 0.41843844
vt 1.39772923 0.94296324
vt 0.90771290 0.78457472
f 125/607/125 122/608/122 131/609/131
vt 0.90771290 0.78457472
vt 1.39772923 0.94296324
vt 1.42705607 1.03015491
f 131/610/131 122/611/122 124/612/124
vt 0.55290519 0.11548627
vt 0.77423549 0.41843844
vt 0.96137347 0.24244752
f 121/613/121 125/614/125 129/615/129
vt 0.96137347 0.24244752
vt 0.90771290 0.78457472
vt 0.80263307 0.57796298
f 129/616/129 131/617/131 126/618/126
vt 0.80263307 0.57796298
vt 0.90771290 0.78457472
vt 0.42705607 1.03015491
f 126/619/126 131/620/131 124/621/124
vt 1.24956410 0.43548382
vt 1.39772923 0.94296324
vt 0.77423549 0.41843844
f 127/622/127 122/623/122 125/624/125
vt 0.77423549 0.41843844
vt 0.55290519 0.11548627
vt 1.24956410 0.43548382
f 125/625/125 121/626/121 127/627/127
vt 0.24956410 0.43548382
vt 0.55290519 0.11548627
vt 0.10027103 0.22099789
f 127/628/127 121/629/121 130/630/130
vt 0.24956410 0.43548382
vt 0.10027103 0.22099789
vt 0.01686421 0.76970085
f 127/631/127 130/632/130 132/633/132
vt 0.01686421 0.76970085
vt 0.39772923 0.94296324
vt 0.24956410 0.43548382
f 132/634/132 122/635/122 127/636/127
vt 0.59513087 0.08796166
vt 0.55290519 0.11548627
vt 0.96137347 0.24244752
f 123/637/123 121/638/121 129/639/129
vt 0.10027103 0.22099789
vt 0.55290519 0.11548627
vt 0.59513087 0.08796166
f 130/640/130 121/641/121 123/642/123
vt 0.96137347 0.24244752
vt 0.80263307 0.57796298
vt 0.59513087 0.08796166
f 129/643/129 126/644/126 123/645/123
vt 1.28831095 0.56295935
vt 0.80263307 0.57796298
vt 1.42705607 1.03015491
f 128/646/128 126/647/126 124/648/124
vt 1.28831095 0.56295935
vt 0.59513087 0.08796166
vt 0.80263307 0.57796298
f 128/649/128 123/650/123 126/651/126
vt 0.10027103 0.22099789
vt 0.59513087 0.08796166
vt 0.28831095 0.56295935
f 130/652/130 123/653/123 128/654/128
vt 0.28831095 0.56295935
vt 0.42705607 1.03015491
vt 0.01686421 0.76970085
f 128/655/128 124/656/124 132/657/132
vt 0.01686421 0.76970085
vt 0.10027103 0.22099789
vt 0.28831095 0.56295935
f 132/658/132 130/659/130 128/660/128
g foliage_spray_007
usemtl foliage
s 1
v -0.44578219 0.27625692 0.41304161
v -0.46731955 0.32354860 0.56220680
v -0.53602941 0.23294104 0.42858166
v -0.55770203 0.27833778 0.57315114
v -0.34813572 0.21824748 0.47691331
v -0.54938010 0.11976218 0.51134133
v -0.45900086 0.42274400 0.47801984
v -0.64483816 0.33185516 0.50980818
v -0.40454448 0.08269153 0.43128662
v -0.55418367 0.38034697 0.45249014
v -0.44915701 0.17143275 0.53668298
v -0.59691703 0.46535021 0.55462265
vn 0.24345018 0.17337876 -0.95429126
vn 0.47900642 0.21028361 0.85225211
vn -0.48658107 -0.19745721 -0.85102850
vn -0.25922064 -0.16281538 0.95199570
vn 0.97990172 0.12416965 0.15612337
vn -0.67639620 -0.71586723 0.17326944
vn 0.65882900 0.72981447 -0.18252450
vn -0.98075564 -0.10876228 -0.16213928
vn 0.22912544 -0.70601213 -0.67011075
vn -0.33133573 0.37579585 -0.86544446
vn 0.32262569 -0.37237276 0.87020181
vn -0.25037625 0.71506903 0.65267757
vt 0.88841288 0.41532164
vt 0.74636982 0.18939673
vt 0.64252901 0.09905484
f 137/661/137 141/662/141 133/663/133
vt 0.41527719 0.17600289
vt 0.64252901 0.09905484
vt 0.74636982 0.18939673
f 135/664/135 133/665/133 141/666/141
vt 0.14128553 0.57820377
vt 0.26195588 0.80010690
vt 0.36956288 0.29438800
f 140/667/140 144/668/144 142/669/142
vt 0.36956288 0.29438800
vt 0.41527719 0.17600289
vt 0.14128553 0.57820377
f 142/670/142 135/671/135 140/672/140
vt 0.64252901 0.09905484
vt 0.41527719 0.17600289
vt 0.36956288 0.29438800
f 133/673/133 135/674/135 142/675/142
vt 0.88841288 0.41532164
vt 0.64252901 0.09905484
vt 0.60924303 0.42080073
f 137/676/137 133/677/133 139/678/139
vt 0.64252901 0.09905484
vt 0.36956288 0.29438800
vt 0.60924303 0.42080073
f 133/679/133 142/680/142 139/681/139
vt 0.60924303 0.42080073
vt 0.36956288 0.29438800
vt 0.26195588 0.80010690
f 139/682/139 142/683/142 144/684/144
vt 0.36070329 0.89185246
vt 0.26195588 0.80010690
vt 0.14128553 0.57820377
f 136/685/136 144/686/144 140/687/140
vt 0.63403085 0.71127691
vt 0.74636982 0.18939673
vt 0.88841288 0.41532164
f 143/688/143 141/689/141 137/690/137
vt 0.38165878 0.58579530
vt 0.36070329 0.89185246
vt 0.14128553 0.57820377
f 138/691/138 136/692/136 140/693/140
vt 0.14128553 0.57820377
vt 0.41527719 0.17600289
vt 0.38165878 0.58579530
f 140/694/140 135/695/135 138/696/138
vt 0.38165878 0.58579530
vt 0.41527719 0.17600289
vt 0.74636982 0.18939673
f 138/697/138 135/698/135 141/699/141
vt 0.74636982 0.18939673
vt 0.63403085 0.71127691
vt 0.38165878 0.58579530
f 141/700/141 143/701/143 138/702/138
vt 0.38165878 0.58579530
vt 0.63403085 0.71127691
vt 0.36070329 0.89185246
f 138/703/138 143/704/143 136/705/136
vt 0.26195588 0.80010690
vt 0.36070329 0.89185246
vt 0.58829570 0.83766053
f 144/706/144 136/707/136 134/708/134
vt 0.88841288 0.41532164
vt 0.60924303 0.42080073
vt 0.58829570 0.83766053
f 137/709/137 139/710/139 134/711/134
vt 0.58829570 0.83766053
vt 0.60924303 0.42080073
vt 0.26195588 0.80010690
f 134/712/134 139/713/139 144/714/144
vt 0.58829570 0.83766053
vt 0.63403085 0.71127691
vt 0.88841288 0.41532164
f 134/715/134 143/716/143 137/717/137
vt 0.36070329 0.89185246
vt 0.63403085 0.71127691
vt 0.58829570 0.83766053
f 136/718/136 143/719/143 134/720/134
g foliage_spray_008
usemtl foliage
s 1
v -0.51568387 0.36675873 0.41044687
v -0.58982322 0.34780312 0.62338305
v -0.51960671 0.26290520 0.46761155
v -0.58430019 0.24620984 0.65348727
v -0.44078430 0.39341217 0.52371159
v -0.44355506 0.24110007 0.55433344
v -0.67648882 0.37247686 0.52392243
v -0.68692565 0.19259539 0.55996529
v -0.30440055 0.32334937 0.47075659
v -0.68985180 0.29082589 0.49200144
v -0.37661822 0.31725581 0.60161308
v -0.78370435 0.28290683 0.60490037
vn -0.07170344 0.41840070 -0.90542778
vn -0.05490879 0.69408683 0.71779419
vn 0.04525705 -0.70026736 -0.71244468
vn 0.06412338 -0.45057079 0.89043481
vn 0.15030208 0.97912546 0.13683062
vn 0.33656228 -0.93956124 0.06285310
vn -0.35276305 0.93159179 -0.08772093
vn -0.15181200 -0.97589548 -0.15678368
vn 0.75410145 -0.20207899 -0.62489606
vn -0.49091526 -0.22019809 -0.84292052
vn 0.49998767 0.19141600 0.84461366
vn -0.78423597 0.16087609 0.59924355
vt -0.00251567 0.78051928
vt 0.20764666 0.58588735
vt 0.43050568 0.99096872
f 156/721/156 152/722/152 148/723/148
vt 0.20129231 0.29150854
vt 0.20764666 0.58588735
vt -0.00251567 0.78051928
f 154/724/154 152/725/152 156/726/156
vt 0.57099251 0.18586614
vt 0.57951126 -0.06173713
vt 1.03832912 0.19948857
f 147/727/147 145/728/145 153/729/153
vt 0.20764666 0.58588735
vt 0.20129231 0.29150854
vt 0.57099251 0.18586614
f 152/730/152 154/731/154 147/732/147
vt 0.57099251 0.18586614
vt 0.20129231 0.29150854
vt 0.57951126 -0.06173713
f 147/733/147 154/734/154 145/735/145
vt 0.73614448 0.56149355
vt 1.43050568 0.99096872
vt 1.20764666 0.58588735
f 150/736/150 148/737/148 152/738/152
vt 0.73614448 0.56149355
vt 0.57099251 0.18586614
vt 1.03832912 0.19948857
f 150/739/150 147/740/147 153/741/153
vt 1.20764666 0.58588735
vt 0.57099251 0.18586614
vt 0.73614448 0.56149355
f 152/742/152 147/743/147 150/744/150
vt 1.03832912 0.19948857
vt 0.57951126 -0.06173713
vt 0.74216139 0.42885800
f 153/745/153 145/746/145 149/747/149
vt 1.23031103 0.42977125
vt 0.74216139 0.42885800
vt 0.57951126 -0.06173713
f 151/748/151 149/749/149 145/750/145
vt 0.23031103 0.42977125
vt 0.20129231 0.29150854
vt -0.00251567 0.78051928
f 151/751/151 154/752/154 156/753/156
vt 0.57951126 -0.06173713
vt 0.20129231 0.29150854
vt 0.23031103 0.42977125
f 145/754/145 154/755/154 151/756/151
vt -0.00251567 0.78051928
vt 0.43050568 0.99096872
vt 0.41851200 0.86057522
f 156/757/156 148/758/148 146/759/146
vt 0.41851200 0.86057522
vt 0.23031103 0.42977125
vt -0.00251567 0.78051928
f 146/760/146 151/761/151 156/762/156
vt 0.74216139 0.42885800
vt 1.23031103 0.42977125
vt 1.41851200 0.86057522
f 149/763/149 151/764/151 146/765/146
vt 0.88150294 0.76628074
vt 0.41851200 0.86057522
vt 0.43050568 0.99096872
f 155/766/155 146/767/146 148/768/148
vt 0.88150294 0.76628074
vt 0.73614448 0.56149355
vt 1.03832912 0.19948857
f 155/769/155 150/770/150 153/771/153
vt 0.43050568 0.99096872
vt 0.73614448 0.56149355
vt 0.88150294 0.76628074
f 148/772/148 150/773/150 155/774/155
vt 1.03832912 0.19948857
vt 0.74216139 0.42885800
vt 0.88150294 0.76628074
f 153/775/153 149/776/149 155/777/155
vt 0.74216139 0.42885800
vt 0.41851200 0.86057522
vt 0.88150294 0.76628074
f 149/778/149 146/779/146 155/780/155
g foliage_spray_009
usemtl foliage
s 1
v -0.54895610 0.31944131 0.47722615
v -0.57299175 0.37011451 0.67198087
v -0.62754339 0.27788499 0.48679712
v -0.66986699 0.33522252 0.73321616
v -0.47319706 0.25870242 0.56354056
v -0.62445663 0.16915978 0.60582398
v -0.57415421 0.48018658 0.56130252
v -0.70758272 0.38396527 0.60046791
v -0.50485128 0.13852339 0.51033073
v -0.67048801 0.46800039 0.51418603
v -0.52170782 0.17205366 0.65837045
v -0.67485188 0.47668080 0.64209418
vn 0.44309765 0.22076633 -0.86886518
vn 0.66194086 0.35114082 0.66221931
vn -0.65361695 -0.30393186 -0.69311637
vn -0.46555978 -0.17820466 0.86688938
vn 0.97618860 0.20649213 0.06645917
vn -0.75469329 -0.65520310 0.03386632
vn 0.73296983 0.67674530 -0.06907267
vn -0.98088429 -0.16308160 -0.10616216
vn 0.26503468 -0.72364832 -0.63725169
vn -0.47535827 0.43209099 -0.76637581
vn 0.50453451 -0.40396009 0.76306040
vn -0.25570076 0.78781313 0.56032811
vt 0.44151737 0.58419406
vt 0.33681070 1.06198312
vt 0.24984621 0.56410594
f 162/781/162 160/782/160 164/783/164
vt 0.24984621 0.56410594
vt 0.33681070 1.06198312
vt 0.32531661 0.72022678
f 164/784/164 160/785/160 168/786/168
vt 0.79028991 0.42560853
vt 0.55750411 0.41721467
vt 0.56018450 0.83231791
f 161/787/161 163/788/163 158/789/158
vt 0.55750411 0.41721467
vt 0.32531661 0.72022678
vt 0.56018450 0.83231791
f 163/790/163 168/791/168 158/792/158
vt 0.56018450 0.83231791
vt 0.32531661 0.72022678
vt 0.33681070 1.06198312
f 158/793/158 168/794/168 160/795/160
vt 0.33681070 1.06198312
vt 0.44151737 0.58419406
vt 0.67843436 0.78127152
f 160/796/160 162/797/162 167/798/167
vt 0.79028991 0.42560853
vt 0.56018450 0.83231791
vt 0.67843436 0.78127152
f 161/799/161 158/800/158 167/801/167
vt 0.67843436 0.78127152
vt 0.56018450 0.83231791
vt 0.33681070 1.06198312
f 167/802/167 158/803/158 160/804/160
vt 0.43439997 0.13777943
vt 0.44151737 0.58419406
vt 0.24984621 0.56410594
f 159/805/159 162/806/162 164/807/164
vt 0.61560562 0.10188315
vt 0.55750411 0.41721467
vt 0.79028991 0.42560853
f 157/808/157 163/809/163 161/810/161
vt 0.33537877 0.24050255
vt 0.43439997 0.13777943
vt 0.24984621 0.56410594
f 166/811/166 159/812/159 164/813/164
vt 0.24984621 0.56410594
vt 0.32531661 0.72022678
vt 0.33537877 0.24050255
f 164/814/164 168/815/168 166/816/166
vt 0.33537877 0.24050255
vt 0.32531661 0.72022678
vt 0.55750411 0.41721467
f 166/817/166 168/818/168 163/819/163
vt 0.55750411 0.41721467
vt 0.61560562 0.10188315
vt 0.33537877 0.24050255
f 163/820/163 157/821/157 166/822/166
vt 0.33537877 0.24050255
vt 0.61560562 0.10188315
vt 0.43439997 0.13777943
f 166/823/166 157/824/157 159/825/159
vt 0.44151737 0.58419406
vt 0.43439997 0.13777943
vt 0.71730199 0.22604311
f 162/826/162 159/827/159 165/828/165
vt 0.79028991 0.42560853
vt 0.67843436 0.78127152
vt 0.71730199 0.22604311
f 161/829/161 167/830/167 165/831/165
vt 0.71730199 0.22604311
vt 0.67843436 0.78127152
vt 0.44151737 0.58419406
f 165/832/165 167/833/167 162/834/162
vt 0.71730199 0.22604311
vt 0.61560562 0.10188315
vt 0.79028991 0.42560853
f 165/835/165 157/836/157 161/837/161
vt 0.43439997 0.13777943
vt 0.61560562 0.10188315
vt 0.71730199 0.22604311
f 159/838/159 157/839/157 165/840/165
g stem_04
usemtl wood
s 1
v -0.03802424 0.00460123 0.01023187
v -0.02004917 -0.01238880 0.00504904
v 0.00111731 -0.01238880 0.02216201
v 0.00430871 0.00460123 0.04445781
v -0.01366637 0.02159127 0.04964063
v -0.03483285 0.02159127 0.03252766
v -0.14005828 -0.14617375 0.22079325
v -0.12874063 -0.15687118 0.21753000
v -0.11541360 -0.15687118 0.22830483
v -0.11340420 -0.14617375 0.24234292
v -0.12472184 -0.13547632 0.24560618
v -0.13804888 -0.13547632 0.23483135
vn -0.86040385 0.03670259 -0.50828943
vn -0.13075250 -0.75358514 -0.64421520
vn 0.76770510 -0.60397184 -0.21411891
vn 0.88499489 0.00858118 0.46552165
vn 0.16061303 0.78767236 0.59479047
vn -0.62098852 0.78243947 0.04649438
vn -0.92396964 -0.10446244 -0.36792350
vn -0.16846051 -0.79617135 -0.58114735
vn 0.67086711 -0.73510985 -0.09772837
vn 0.83741343 -0.07363213 0.54158753
vn 0.10527319 0.72240655 0.68340789
vn -0.73791467 0.65178573 0.17509227
vt 0.83333333 0.00000000
vt 1.00000000 0.00000000
vt 0.83333333 1.00000000
f 174/841/174 169/842/169 180/843/180
vt 0.83333333 1.00000000
vt 1.00000000 0.00000000
vt 1.00000000 1.00000000
f 180/844/180 169/845/169 175/846/175
vt 0.83333333 0.00000000
vt 0.83333333 1.00000000
vt 0.66666667 0.00000000
f 174/847/174 180/848/180 173/849/173
vt 0.66666667 0.00000000
vt 0.83333333 1.00000000
vt 0.66666667 1.00000000
f 173/850/173 180/851/180 179/852/179
vt 0.33333333 0.00000000
vt 0.66666667 0.00000000
vt 0.50000000 0.00000000
f 171/853/171 173/854/173 172/855/172
vt 1.33333333 0.00000000
vt 1.00000000 0.00000000
vt 0.83333333 0.00000000
f 171/856/171 169/857/169 174/858/174
vt 0.16666667 0.00000000
vt 0.00000000 0.00000000
vt 0.33333333 0.00000000
f 170/859/170 169/860/169 171/861/171
vt 0.83333333 0.00000000
vt 0.66666667 0.00000000
vt 0.33333333 0.00000000
f 174/862/174 173/863/173 171/864/171
vt 0.00000000 1.00000000
vt 0.00000000 0.00000000
vt 0.16666667 1.00000000
f 175/865/175 169/866/169 176/867/176
vt 0.16666667 1.00000000
vt 0.00000000 0.00000000
vt 0.16666667 0.00000000
f 176/868/176 169/869/169 170/870/170
vt 0.16666667 0.00000000
vt 0.33333333 0.00000000
vt 0.16666667 1.00000000
f 170/871/170 171/872/171 176/873/176
vt 0.16666667 1.00000000
vt 0.33333333 0.00000000
vt 0.33333333 1.00000000
f 176/874/176 171/875/171 177/876/177
vt 0.66666667 1.00000000
vt 0.83333333 1.00000000
vt 0.50000000 1.00000000
f 179/877/179 180/878/180 178/879/178
vt 0.50000000 1.00000000
vt 0.83333333 1.00000000
vt 1.00000000 1.00000000
f 178/880/178 180/881/180 175/882/175
vt 0.00000000 1.00000000
vt 0.16666667 1.00000000
vt 0.50000000 1.00000000
f 175/883/175 176/884/176 178/885/178
vt 0.50000000 1.00000000
vt 0.16666667 1.00000000
vt 0.33333333 1.00000000
f 178/886/178 176/887/176 177/888/177
vt 0.50000000 1.00000000
vt 0.66666667 0.00000000
vt 0.66666667 1.00000000
f 178/889/178 173/890/173 179/891/179
vt 0.50000000 0.00000000
vt 0.66666667 0.00000000
vt 0.50000000 1.00000000
f 172/892/172 173/893/173 178/894/178
vt 0.50000000 1.00000000
vt 0.33333333 0.00000000
vt 0.50000000 0.00000000
f 178/895/178 171/896/171 172/897/172
vt 0.33333333 1.00000000
vt 0.33333333 0.00000000
vt 0.50000000 1.00000000
f 177/898/177 171/899/171 178/900/178
g stem_05
usemtl wood
s 1
v -0.13876790 -0.14617375 0.21701939
v -0.12541110 -0.15619567 0.21516992
v -0.11337443 -0.15619567 0.22971861
v -0.11469457 -0.14617375 0.24611678
v -0.12805137 -0.13615183 0.24796626
v -0.14008804 -0.13615183 0.23341756
v -0.30259683 -0.39024190 0.44038163
v -0.29814456 -0.39358254 0.43976514
v -0.29413234 -0.39358254 0.44461470
v -0.29457238 -0.39024190 0.45008076
v -0.29902465 -0.38690126 0.45069725
v -0.30303687 -0.38690126 0.44584769
vn -0.78264672 -0.00643187 -0.62243292
vn 0.09942723 -0.67475384 -0.73131490
vn 0.81631545 -0.56917011 -0.09835889
vn 0.78848157 0.01764864 0.61480512
vn -0.09146037 0.68460206 0.72315629
vn -0.74328679 0.66770547 0.04115997
vn -0.79490786 -0.03039932 -0.60596813
vn 0.05091093 -0.73195779 -0.67944526
vn 0.76441007 -0.64223013 -0.05672471
vn 0.76116318 -0.03235044 0.64775309
vn -0.11197293 0.65887618 0.74387112
vn -0.80478940 0.58690705 0.08862358
vt 1.33333333 0.00000000
vt 1.16666667 0.00000000
vt 0.83333333 0.00000000
f 183/901/183 182/902/182 186/903/186
vt 0.83333333 0.00000000
vt 0.50000000 0.00000000
vt 0.33333333 0.00000000
f 186/904/186 184/905/184 183/906/183
vt 1.16666667 0.00000000
vt 1.00000000 0.00000000
vt 0.83333333 0.00000000
f 182/907/182 181/908/181 186/909/186
vt 0.66666667 0.00000000
vt 0.50000000 0.00000000
vt 0.83333333 0.00000000
f 185/910/185 184/911/184 186/912/186
vt 1.00000000 1.00000000
vt 0.83333333 0.00000000
vt 1.00000000 0.00000000
f 187/913/187 186/914/186 181/915/181
vt 0.83333333 1.00000000
vt 0.83333333 0.00000000
vt 1.00000000 1.00000000
f 192/916/192 186/917/186 187/918/187
vt 0.00000000 1.00000000
vt 0.00000000 0.00000000
vt 0.16666667 0.00000000
f 187/919/187 181/920/181 182/921/182
vt 0.16666667 0.00000000
vt 0.16666667 1.00000000
vt 0.00000000 1.00000000
f 182/922/182 188/923/188 187/924/187
vt 0.33333333 1.00000000
vt 0.16666667 0.00000000
vt 0.33333333 0.00000000
f 189/925/189 182/926/182 183/927/183
vt 0.33333333 1.00000000
vt 0.16666667 1.00000000
vt 0.16666667 0.00000000
f 189/928/189 188/929/188 182/930/182
vt 0.33333333 0.00000000
vt 0.50000000 0.00000000
vt 0.33333333 1.00000000
f 183/931/183 184/932/184 189/933/189
vt 0.50000000 0.00000000
vt 0.50000000 1.00000000
vt 0.33333333 1.00000000
f 184/934/184 190/935/190 189/936/189
vt 0.83333333 1.00000000
vt 1.00000000 1.00000000
vt 0.66666667 1.00000000
f 192/937/192 187/938/187 191/939/191
vt 0.16666667 1.00000000
vt 0.33333333 1.00000000
vt 0.66666667 1.00000000
f 188/940/188 189/941/189 191/942/191
vt 0.66666667 1.00000000
vt 1.00000000 1.00000000
vt 1.16666667 1.00000000
f 191/943/191 187/944/187 188/945/188
vt 0.66666667 1.00000000
vt 0.33333333 1.00000000
vt 0.50000000 1.00000000
f 191/946/191 189/947/189 190/948/190
vt 0.66666667 0.00000000
vt 0.83333333 0.00000000
vt 0.66666667 1.00000000
f 185/949/185 186/950/186 191/951/191
vt 0.66666667 1.00000000
vt 0.83333333 0.00000000
vt 0.83333333 1.00000000
f 191/952/191 186/953/186 192/954/192
vt 0.66666667 1.00000000
vt 0.50000000 0.00000000
vt 0.66666667 0.00000000
f 191/955/191 184/956/184 185/957/185
vt 0.66666667 1.00000000
vt 0.50000000 1.00000000
vt 0.50000000 0.00000000
f 191/958/191 190/959/190 184/960/184
g foliage_spray_010
usemtl foliage
s 1
v -0.23628342 -0.20285419 0.20197086
v -0.23258297 -0.25709094 0.38371918
v -0.13538008 -0.20287080 0.21916801
v -0.12536173 -0.26738945 0.43632529
v -0.27335857 -0.12506185 0.28887335
v -0.10279624 -0.13182332 0.32296222
v -0.28528634 -0.34836737 0.28690844
v -0.09796222 -0.34113809 0.32431992
v -0.18515065 -0.04707907 0.24469359
v -0.18854781 -0.40956739 0.23199443
v -0.18534764 -0.06809950 0.37465965
v -0.18891190 -0.44841713 0.37880009
vn -0.44807844 0.03486658 -0.89331407
vn -0.69183895 0.01856589 0.72181311
vn 0.67890186 0.01749625 -0.73402054
vn 0.44312001 0.00926483 0.89641442
vn -0.94867494 0.30238788 0.09261442
vn 0.95379730 0.29697759 0.04555236
vn -0.96473556 -0.25588631 -0.06170487
vn 0.95612609 -0.27236923 -0.10787907
vn 0.14272602 0.76893773 -0.62318861
vn 0.17303488 -0.55676712 -0.81244649
vn -0.18719862 0.59419941 0.78222998
vn -0.16732519 -0.75534193 0.63360939
vt 0.70820847 0.57162814
vt 0.64405014 1.01808624
vt 0.49524192 0.78878840
f 200/961/200 196/962/196 204/963/204
vt 0.49609448 0.20361489
vt 0.49524192 0.78878840
vt 0.26957286 0.42250443
f 202/964/202 204/965/204 199/966/199
vt 0.70820847 0.57162814
vt 0.49524192 0.78878840
vt 0.49609448 0.20361489
f 200/967/200 204/968/204 202/969/202
vt 0.69688918 0.56621633
vt 0.64405014 1.01808624
vt 0.70820847 0.57162814
f 198/970/198 196/971/196 200/972/200
vt 0.50404923 0.25423426
vt 0.50358794 0.77228443
vt 0.69688918 0.56621633
f 201/973/201 203/974/203 198/975/198
vt 0.69688918 0.56621633
vt 0.50358794 0.77228443
vt 0.64405014 1.01808624
f 198/976/198 203/977/203 196/978/196
vt 0.38431743 0.08393968
vt 0.49609448 0.20361489
vt 0.26957286 0.42250443
f 193/979/193 202/980/202 199/981/199
vt 0.29750277 0.43033664
vt 0.50358794 0.77228443
vt 0.50404923 0.25423426
f 197/982/197 203/983/203 201/984/201
vt 0.29750277 0.43033664
vt 0.38431743 0.08393968
vt 0.26957286 0.42250443
f 197/985/197 193/986/193 199/987/199
vt 0.50404923 0.25423426
vt 0.38431743 0.08393968
vt 0.29750277 0.43033664
f 201/988/201 193/989/193 197/990/197
vt 0.64405014 1.01808624
vt 0.50358794 0.77228443
vt 0.39298235 0.80839610
f 196/991/196 203/992/203 194/993/194
vt 0.26957286 0.42250443
vt 0.49524192 0.78878840
vt 0.39298235 0.80839610
f 199/994/199 204/995/204 194/996/194
vt 0.39298235 0.80839610
vt 0.49524192 0.78878840
vt 0.64405014 1.01808624
f 194/997/194 204/998/204 196/999/196
vt 0.39298235 0.80839610
vt 0.29750277 0.43033664
vt 0.26957286 0.42250443
f 194/1000/194 197/1001/197 199/1002/199
vt 0.50358794 0.77228443
vt 0.29750277 0.43033664
vt 0.39298235 0.80839610
f 203/1003/203 197/1004/197 194/1005/194
vt 0.50404923 0.25423426
vt 0.69688918 0.56621633
vt 0.62059132 0.15248824
f 201/1006/201 198/1007/198 195/1008/195
vt 0.62059132 0.15248824
vt 0.38431743 0.08393968
vt 0.50404923 0.25423426
f 195/1009/195 193/1010/193 201/1011/201
vt 0.49609448 0.20361489
vt 0.38431743 0.08393968
vt 0.62059132 0.15248824
f 202/1012/202 193/1013/193 195/1014/195
vt 0.70820847 0.57162814
vt 0.49609448 0.20361489
vt 0.62059132 0.15248824
f 200/1015/200 202/1016/202 195/1017/195
vt 0.62059132 0.15248824
vt 0.69688918 0.56621633
vt 0.70820847 0.57162814
f 195/1018/195 198/1019/198 200/1020/200
g foliage_spray_011
usemtl foliage
s 1
v -0.21512221 -0.21679806 0.25657073
v -0.26681393 -0.22592467 0.42863724
v -0.17681681 -0.31703258 0.27467419
v -0.22124033 -0.35031232 0.45716286
v -0.15356139 -0.11752821 0.32530414
v -0.09581589 -0.33598547 0.36015076
v -0.36074554 -0.20470029 0.32683580
v -0.28010407 -0.42870781 0.36371943
v -0.05060274 -0.21368363 0.28468544
v -0.37590964 -0.33400487 0.27373170
v -0.09012179 -0.22830054 0.40221798
v -0.36029060 -0.32822785 0.39604011
vn -0.09480448 0.29569978 -0.95056496
vn -0.20834677 0.51308885 0.83266527
vn 0.22676132 -0.51356390 -0.82754542
vn 0.12265386 -0.32508049 0.93769862
vn 0.03645436 0.99581048 0.08386035
vn 0.69530862 -0.71559772 0.06682684
vn -0.69012133 0.71501473 -0.11174295
vn -0.00754909 -0.99327143 -0.11556333
vn 0.75397915 0.11150353 -0.64736574
vn -0.49185854 -0.31622178 -0.81122066
vn 0.52892283 0.29552083 0.79555520
vn -0.75659239 -0.15906808 0.63424388
vt 0.50697709 0.12170710
vt 0.66657071 0.41637750
vt 0.93348629 0.24223908
f 205/1021/205 209/1022/209 213/1023/213
vt 0.09014305 0.19527874
vt 0.12945531 0.42294393
vt 0.50697709 0.12170710
f 214/1024/214 211/1025/211 205/1026/205
vt 0.50697709 0.12170710
vt 1.12945531 0.42294393
vt 0.66657071 0.41637750
f 205/1027/205 211/1028/211 209/1029/209
vt 0.93348629 0.24223908
vt 0.66657071 0.41637750
vt 0.83103497 0.74611854
f 213/1030/213 209/1031/209 215/1032/215
vt 0.13063470 0.71963311
vt 0.12945531 0.42294393
vt 0.09014305 0.19527874
f 216/1033/216 211/1034/211 214/1035/214
vt 0.09014305 0.19527874
vt 0.33851462 0.58106955
vt 0.13063470 0.71963311
f 214/1036/214 212/1037/212 216/1038/216
vt 0.13063470 0.71963311
vt 0.33851462 0.58106955
vt 0.49111616 0.98167542
f 216/1039/216 212/1040/212 208/1041/208
vt 0.66657071 0.41637750
vt 1.12945531 0.42294393
vt 1.37296870 0.85938184
f 209/1042/209 211/1043/211 206/1044/206
vt 0.37296870 0.85938184
vt 0.83103497 0.74611854
vt 0.66657071 0.41637750
f 206/1045/206 215/1046/215 209/1047/209
vt 0.49111616 0.98167542
vt 0.83103497 0.74611854
vt 0.37296870 0.85938184
f 208/1048/208 215/1049/215 206/1050/206
vt 0.37296870 0.85938184
vt 0.13063470 0.71963311
vt 0.49111616 0.98167542
f 206/1051/206 216/1052/216 208/1053/208
vt 0.12945531 0.42294393
vt 0.13063470 0.71963311
vt 0.37296870 0.85938184
f 211/1054/211 216/1055/216 206/1056/206
vt 0.60628210 0.19931935
vt 1.33851462 0.58106955
vt 1.09014305 0.19527874
f 207/1057/207 212/1058/212 214/1059/214
vt 1.09014305 0.19527874
vt 0.50697709 0.12170710
vt 0.60628210 0.19931935
f 214/1060/214 205/1061/205 207/1062/207
vt 0.60628210 0.19931935
vt 0.50697709 0.12170710
vt 0.93348629 0.24223908
f 207/1063/207 205/1064/205 213/1065/213
vt 0.49111616 0.98167542
vt 0.33851462 0.58106955
vt 0.81627326 0.56577014
f 208/1066/208 212/1067/212 210/1068/210
vt 0.93348629 0.24223908
vt 0.83103497 0.74611854
vt 0.81627326 0.56577014
f 213/1069/213 215/1070/215 210/1071/210
vt 0.81627326 0.56577014
vt 0.83103497 0.74611854
vt 0.49111616 0.98167542
f 210/1072/210 215/1073/215 208/1074/208
vt 0.81627326 0.56577014
vt 0.60628210 0.19931935
vt 0.93348629 0.24223908
f 210/1075/210 207/1076/207 213/1077/213
vt 0.33851462 0.58106955
vt 0.60628210 0.19931935
vt 0.81627326 0.56577014
f 212/1078/212 207/1079/207 210/1080/210
g foliage_spray_012
usemtl foliage
s 1
v -0.30800586 -0.28468197 0.28570217
v -0.30278406 -0.34072560 0.44765425
v -0.18211264 -0.28583237 0.30349979
v -0.18545103 -0.34312676 0.46806789
v -0.34800794 -0.21118192 0.36439440
v -0.14790432 -0.22004016 0.39259020
v -0.36334021 -0.42913914 0.36252259
v -0.15033336 -0.41020574 0.39249909
v -0.24348741 -0.12009820 0.32296330
v -0.24658053 -0.45014338 0.33016114
v -0.24426925 -0.20352264 0.41900274
v -0.24668940 -0.46176007 0.42139943
vn -0.32392542 -0.00340929 -0.94607648
vn -0.49956238 0.01681978 0.86611462
vn 0.55753951 -0.01904371 -0.82993195
vn 0.31814494 0.00260262 0.94803851
vn -0.89984389 0.38705496 0.20117016
vn 0.91066669 0.36461792 0.19426774
vn -0.91889008 -0.38406294 -0.09020352
vn 0.91849512 -0.38332114 -0.09711654
vn 0.10843330 0.81129270 -0.57449663
vn 0.14903628 -0.56258816 -0.81319293
vn -0.10667222 0.51914351 0.84800416
vn -0.05366802 -0.74740789 0.66219422
vt 0.19688215 0.41647712
vt 0.33898847 0.02697631
vt 0.49673727 0.25239560
f 223/1081/223 217/1082/217 226/1083/226
vt 0.19688215 0.41647712
vt 0.35239877 0.84811822
vt 0.23625755 0.42596772
f 223/1084/223 218/1085/218 221/1086/221
vt 0.23625755 0.42596772
vt 0.33898847 0.02697631
vt 0.19688215 0.41647712
f 221/1087/221 217/1088/217 223/1089/223
vt 0.50468082 0.21590054
vt 0.33898847 0.02697631
vt 0.23625755 0.42596772
f 225/1090/225 217/1091/217 221/1092/221
vt 0.75015150 0.56892822
vt 0.50468082 0.21590054
vt 0.50267296 0.70284711
f 222/1093/222 225/1094/225 227/1095/227
vt 0.50468082 0.21590054
vt 0.23625755 0.42596772
vt 0.50267296 0.70284711
f 225/1096/225 221/1097/221 227/1098/227
vt 0.50267296 0.70284711
vt 0.23625755 0.42596772
vt 0.35239877 0.84811822
f 227/1099/227 221/1100/221 218/1101/218
vt 0.49645768 0.71499899
vt 0.35239877 0.84811822
vt 0.19688215 0.41647712
f 228/1102/228 218/1103/218 223/1104/223
vt 0.19688215 0.41647712
vt 0.49673727 0.25239560
vt 0.49645768 0.71499899
f 223/1105/223 226/1106/226 228/1107/228
vt 0.49645768 0.71499899
vt 0.49673727 0.25239560
vt 0.74391338 0.56846628
f 228/1108/228 226/1109/226 224/1110/224
vt 0.66229977 0.11721519
vt 0.33898847 0.02697631
vt 0.50468082 0.21590054
f 219/1111/219 217/1112/217 225/1113/225
vt 0.66229977 0.11721519
vt 0.49673727 0.25239560
vt 0.33898847 0.02697631
f 219/1114/219 226/1115/226 217/1116/217
vt 0.74391338 0.56846628
vt 0.49673727 0.25239560
vt 0.66229977 0.11721519
f 224/1117/224 226/1118/226 219/1119/219
vt 0.66229977 0.11721519
vt 0.50468082 0.21590054
vt 0.75015150 0.56892822
f 219/1120/219 225/1121/225 222/1122/222
vt 0.75015150 0.56892822
vt 0.74391338 0.56846628
vt 0.66229977 0.11721519
f 222/1123/222 224/1124/224 219/1125/219
vt 0.75015150 0.56892822
vt 0.50267296 0.70284711
vt 0.65372631 0.95162100
f 222/1126/222 227/1127/227 220/1128/220
vt 0.65372631 0.95162100
vt 0.50267296 0.70284711
vt 0.35239877 0.84811822
f 220/1129/220 227/1130/227 218/1131/218
vt 0.65372631 0.95162100
vt 0.74391338 0.56846628
vt 0.75015150 0.56892822
f 220/1132/220 224/1133/224 222/1134/222
vt 0.65372631 0.95162100
vt 0.49645768 0.71499899
vt 0.74391338 0.56846628
f 220/1135/220 228/1136/228 224/1137/224
vt 0.35239877 0.84811822
vt 0.49645768 0.71499899
vt 0.65372631 0.95162100
f 218/1138/218 228/1139/228 220/1140/220
g foliage_spray_013
usemtl foliage
s 1
v -0.26338520 -0.28554209 0.28430974
v -0.33249865 -0.30315326 0.53039415
v -0.21307670 -0.40414211 0.29589497
v -0.28066414 -0.41041903 0.52066216
v -0.21313501 -0.24497880 0.39676092
v -0.15361919 -0.39679723 0.42972908
v -0.38681532 -0.31234167 0.39735335
v -0.33181416 -0.46107546 0.42941981
v -0.08682151 -0.28484139 0.34377903
v -0.41238919 -0.40525908 0.34805516
v -0.10046353 -0.28988716 0.49359371
v -0.44578211 -0.41761011 0.47772973
vn -0.20307841 0.51909311 -0.83024183
vn -0.26862315 0.65211856 0.70893088
vn 0.24105478 -0.67382722 -0.69846222
vn 0.16947559 -0.54185167 0.82321005
vn -0.07279805 0.99647284 0.04174120
vn 0.59637372 -0.79424673 0.11623473
vn -0.62563374 0.77202979 -0.11203759
vn 0.04474120 -0.99845655 -0.03290492
vn 0.80967387 0.22337521 -0.54270779
vn -0.57216256 -0.35416777 -0.73972644
vn 0.54814108 0.33055267 0.76829441
vn -0.81145082 -0.25954316 0.52362670
vt 0.52095527 0.04324860
vt 0.63272278 0.44180094
vt 0.91367189 0.25402118
f 229/1141/229 233/1142/233 237/1143/237
vt 0.91367189 0.25402118
vt 0.63272278 0.44180094
vt 0.88332902 0.78499823
f 237/1144/237 233/1145/233 239/1146/239
vt 0.63285249 0.08430926
vt 0.52095527 0.04324860
vt 0.91367189 0.25402118
f 231/1147/231 229/1148/229 237/1149/237
vt 0.63272278 0.44180094
vt 0.52095527 0.04324860
vt 0.24641946 0.44390067
f 233/1150/233 229/1151/229 235/1152/235
vt 0.52095527 0.04324860
vt 0.63285249 0.08430926
vt 0.18953752 0.26917673
f 229/1153/229 231/1154/231 238/1155/238
vt 0.11526431 0.72877270
vt 0.24641946 0.44390067
vt 0.18953752 0.26917673
f 240/1156/240 235/1157/235 238/1158/238
vt 0.18953752 0.26917673
vt 0.24641946 0.44390067
vt 0.52095527 0.04324860
f 238/1159/238 235/1160/235 229/1161/229
vt 0.91367189 0.25402118
vt 0.88332902 0.78499823
vt 0.76509910 0.55864757
f 237/1162/237 239/1163/239 234/1164/234
vt 0.76509910 0.55864757
vt 0.63285249 0.08430926
vt 0.91367189 0.25402118
f 234/1165/234 231/1166/231 237/1167/237
vt 0.88332902 0.78499823
vt 0.48252311 0.88093493
vt 0.76509910 0.55864757
f 239/1168/239 232/1169/232 234/1170/234
vt 1.36723172 0.91542727
vt 0.88332902 0.78499823
vt 0.63272278 0.44180094
f 230/1171/230 239/1172/239 233/1173/233
vt 0.63272278 0.44180094
vt 0.24641946 0.44390067
vt 0.36723172 0.91542727
f 233/1174/233 235/1175/235 230/1176/230
vt 0.36723172 0.91542727
vt 0.24641946 0.44390067
vt 0.11526431 0.72877270
f 230/1177/230 235/1178/235 240/1179/240
vt 0.11526431 0.72877270
vt 0.48252311 0.88093493
vt 0.36723172 0.91542727
f 240/1180/240 232/1181/232 230/1182/230
vt 1.36723172 0.91542727
vt 1.48252311 0.88093493
vt 0.88332902 0.78499823
f 230/1183/230 232/1184/232 239/1185/239
vt 0.36875418 0.55755142
vt 0.48252311 0.88093493
vt 0.11526431 0.72877270
f 236/1186/236 232/1187/232 240/1188/240
vt 0.11526431 0.72877270
vt 0.18953752 0.26917673
vt 0.36875418 0.55755142
f 240/1189/240 238/1190/238 236/1191/236
vt 0.36875418 0.55755142
vt 0.18953752 0.26917673
vt 0.63285249 0.08430926
f 236/1192/236 238/1193/238 231/1194/231
vt 0.63285249 0.08430926
vt 0.76509910 0.55864757
vt 0.36875418 0.55755142
f 231/1195/231 234/1196/234 236/1197/236
vt 0.36875418 0.55755142
vt 0.76509910 0.55864757
vt 0.48252311 0.88093493
f 236/1198/236 234/1199/234 232/1200/232
g foliage_spray_014
usemtl foliage
s 1
v -0.36688688 -0.35688357 0.31501609
v -0.34678003 -0.41271073 0.51897917
v -0.24599500 -0.36572449 0.36475932
v -0.24371745 -0.41703862 0.54983288
v -0.39706879 -0.28865681 0.42728962
v -0.18656614 -0.27885764 0.46525468
v -0.41870674 -0.50968395 0.42375917
v -0.21591245 -0.47551710 0.46029218
v -0.29655968 -0.17417588 0.36739022
v -0.29986602 -0.52697275 0.38364022
v -0.29745711 -0.26993448 0.49942416
v -0.30021157 -0.56384360 0.50777377
vn -0.37178146 -0.01111842 -0.92825370
vn -0.59338788 0.03334050 0.80422586
vn 0.66051829 -0.05028446 -0.74912420
vn 0.37356211 -0.00950391 0.92755648
vn -0.91089304 0.36033117 0.20108536
vn 0.94126017 0.31358863 0.12526555
vn -0.93519769 -0.35267568 -0.03201771
vn 0.92337188 -0.36746716 -0.11114070
vn 0.12395483 0.83903988 -0.52976153
vn 0.24612812 -0.61267007 -0.75103684
vn -0.18200648 0.55837661 0.80937581
vn -0.03494826 -0.78734622 0.61551974
vt 0.19487375 0.41388497
vt 0.32650311 -0.02223656
vt 0.49674504 0.25298521
f 247/1201/247 241/1202/241 250/1203/250
vt 0.78454184 0.58030555
vt 0.50514358 0.18781346
vt 0.50286399 0.71734460
f 246/1204/246 249/1205/249 251/1206/251
vt 0.63358461 0.17726204
vt 0.49674504 0.25298521
vt 0.32650311 -0.02223656
f 243/1207/243 250/1208/250 241/1209/241
vt 0.63358461 0.17726204
vt 0.50514358 0.18781346
vt 0.78454184 0.58030555
f 243/1210/243 249/1211/249 246/1212/246
vt 0.63358461 0.17726204
vt 0.32650311 -0.02223656
vt 0.50514358 0.18781346
f 243/1213/243 241/1214/241 249/1215/249
vt 0.24983705 0.42804407
vt 0.50286399 0.71734460
vt 0.50514358 0.18781346
f 245/1216/245 251/1217/251 249/1218/249
vt 0.24983705 0.42804407
vt 0.32650311 -0.02223656
vt 0.19487375 0.41388497
f 245/1219/245 241/1220/241 247/1221/247
vt 0.50514358 0.18781346
vt 0.32650311 -0.02223656
vt 0.24983705 0.42804407
f 249/1222/249 241/1223/241 245/1224/245
vt 0.19487375 0.41388497
vt 0.49674504 0.25298521
vt 0.49586731 0.75083126
f 247/1225/247 250/1226/250 252/1227/252
vt 0.70999830 0.56040312
vt 0.49586731 0.75083126
vt 0.49674504 0.25298521
f 248/1228/248 252/1229/252 250/1230/250
vt 0.70999830 0.56040312
vt 0.63358461 0.17726204
vt 0.78454184 0.58030555
f 248/1231/248 243/1232/243 246/1233/246
vt 0.49674504 0.25298521
vt 0.63358461 0.17726204
vt 0.70999830 0.56040312
f 250/1234/250 243/1235/243 248/1236/248
vt 0.19487375 0.41388497
vt 0.49586731 0.75083126
vt 0.37757718 0.79577128
f 247/1237/247 252/1238/252 242/1239/242
vt 0.37757718 0.79577128
vt 0.24983705 0.42804407
vt 0.19487375 0.41388497
f 242/1240/242 245/1241/245 247/1242/247
vt 0.50286399 0.71734460
vt 0.24983705 0.42804407
vt 0.37757718 0.79577128
f 251/1243/251 245/1244/245 242/1245/242
vt 0.63936991 0.91951220
vt 0.37757718 0.79577128
vt 0.49586731 0.75083126
f 244/1246/244 242/1247/242 252/1248/252
vt 0.63936991 0.91951220
vt 0.70999830 0.56040312
vt 0.78454184 0.58030555
f 244/1249/244 248/1250/248 246/1251/246
vt 0.49586731 0.75083126
vt 0.70999830 0.56040312
vt 0.63936991 0.91951220
f 252/1252/252 248/1253/248 244/1254/244
vt 0.78454184 0.58030555
vt 0.50286399 0.71734460
vt 0.63936991 0.91951220
f 246/1255/246 251/1256/251 244/1257/244
vt 0.50286399 0.71734460
vt 0.37757718 0.79577128
vt 0.63936991 0.91951220
f 251/1258/251 242/1259/242 244/1260/244
g stem_06
usemtl wood
s 1
v -0.03888777 0.00460123 0.04273312
v -0.03502322 -0.01157154 0.01965577
v -0.01299322 -0.01157154 0.00426749
v 0.00517223 0.00460123 0.01195656
v 0.00130768 0.02077400 0.03503391
v -0.02072232 0.02077400 0.05042219
v 0.05435300 -0.14213349 0.22007489
v 0.05678623 -0.15231635 0.20554470
v 0.07065697 -0.15231635 0.19585579
v 0.08209447 -0.14213349 0.20069705
v 0.07966124 -0.13195064 0.21522723
v 0.06579050 -0.13195064 0.22491615
vn -0.91079216 0.01009614 0.41274170
vn -0.74171345 -0.62811804 -0.23522092
vn 0.09502408 -0.61049597 -0.78629835
vn 0.88786770 0.04315524 -0.45807048
vn 0.71057013 0.67636161 0.19397178
vn -0.22267104 0.81098656 0.54103458
vn -0.88072824 -0.05774336 0.47008878
vn -0.63188138 -0.76827702 -0.10235398
vn 0.19598956 -0.77383804 -0.60229792
vn 0.92563847 -0.05284346 -0.37470121
vn 0.76428104 0.58662214 0.26785996
vn -0.13759104 0.68331898 0.71703827
vt 0.33333333 1.00000000
vt 0.16666667 0.00000000
vt 0.33333333 0.00000000
f 261/1261/261 254/1262/254 255/1263/255
vt 0.16666667 1.00000000
vt 0.16666667 0.00000000
vt 0.33333333 1.00000000
f 260/1264/260 254/1265/254 261/1266/261
vt 0.50000000 0.00000000
vt 0.33333333 1.00000000
vt 0.33333333 0.00000000
f 256/1267/256 261/1268/261 255/1269/255
vt 0.50000000 1.00000000
vt 0.33333333 1.00000000
vt 0.50000000 0.00000000
f 262/1270/262 261/1271/261 256/1272/256
vt 0.00000000 1.00000000
vt 0.16666667 0.00000000
vt 0.16666667 1.00000000
f 259/1273/259 254/1274/254 260/1275/260
vt 0.00000000 0.00000000
vt 0.16666667 0.00000000
vt 0.00000000 1.00000000
f 253/1276/253 254/1277/254 259/1278/259
vt 0.66666667 1.00000000
vt 0.33333333 1.00000000
vt 0.50000000 1.00000000
f 263/1279/263 261/1280/261 262/1281/262
vt 0.16666667 1.00000000
vt 0.33333333 1.00000000
vt 0.66666667 1.00000000
f 260/1282/260 261/1283/261 263/1284/263
vt 0.66666667 1.00000000
vt 1.00000000 1.00000000
vt 1.16666667 1.00000000
f 263/1285/263 259/1286/259 260/1287/260
vt 0.83333333 1.00000000
vt 1.00000000 1.00000000
vt 0.66666667 1.00000000
f 264/1288/264 259/1289/259 263/1290/263
vt 0.50000000 1.00000000
vt 0.50000000 0.00000000
vt 0.66666667 1.00000000
f 262/1291/262 256/1292/256 263/1293/263
vt 0.66666667 1.00000000
vt 0.50000000 0.00000000
vt 0.66666667 0.00000000
f 263/1294/263 256/1295/256 257/1296/257
vt 0.83333333 0.00000000
vt 0.50000000 0.00000000
vt 0.33333333 0.00000000
f 258/1297/258 256/1298/256 255/1299/255
vt 0.83333333 0.00000000
vt 1.16666667 0.00000000
vt 1.00000000 0.00000000
f 258/1300/258 254/1301/254 253/1302/253
vt 1.33333333 0.00000000
vt 1.16666667 0.00000000
vt 0.83333333 0.00000000
f 255/1303/255 254/1304/254 258/1305/258
vt 0.66666667 0.00000000
vt 0.50000000 0.00000000
vt 0.83333333 0.00000000
f 257/1306/257 256/1307/256 258/1308/258
vt 0.83333333 0.00000000
vt 1.00000000 1.00000000
vt 0.83333333 1.00000000
f 258/1309/258 259/1310/259 264/1311/264
vt 1.00000000 0.00000000
vt 1.00000000 1.00000000
vt 0.83333333 0.00000000
f 253/1312/253 259/1313/259 258/1314/258
vt 0.83333333 1.00000000
vt 0.66666667 1.00000000
vt 0.83333333 0.00000000
f 264/1315/264 263/1316/263 258/1317/258
vt 0.83333333 0.00000000
vt 0.66666667 1.00000000
vt 0.66666667 0.00000000
f 258/1318/258 263/1319/263 257/1320/257
g stem_07
usemtl wood
s 1
v 0.05572781 -0.14213349 0.22434065
v 0.05447393 -0.15142035 0.20726832
v 0.06696986 -0.15142035 0.19331364
v 0.08071967 -0.14213349 0.19643129
v 0.08197355 -0.13284664 0.21350362
v 0.06947762 -0.13284664 0.22745830
v 0.20435839 -0.38105950 0.40383467
v 0.20394043 -0.38415512 0.39814389
v 0.20810574 -0.38415512 0.39349233
v 0.21268901 -0.38105950 0.39453155
v 0.21310697 -0.37796388 0.40022233
v 0.20894166 -0.37796388 0.40487389
vn -0.75866354 0.04934069 0.64961152
vn -0.82176413 -0.55437128 -0.13181883
vn -0.02783014 -0.57674069 -0.81645309
vn 0.78538112 0.03723567 -0.61789157
vn 0.81776237 0.56105841 0.12836731
vn 0.02239221 0.73169659 0.68126257
vn -0.88166584 -0.25463026 0.39727670
vn -0.78041655 -0.61754347 -0.09792892
vn -0.36623613 -0.73378886 -0.57221063
vn 0.81729339 -0.03499484 -0.57515813
vn 0.83055364 0.53917119 0.13955317
vn 0.10821284 0.61009697 0.78490233
vt 1.16666667 0.00000000
vt 1.00000000 0.00000000
vt 0.83333333 0.00000000
f 266/1321/266 265/1322/265 270/1323/270
vt 0.83333333 0.00000000
vt 1.33333333 0.00000000
vt 1.16666667 0.00000000
f 270/1324/270 267/1325/267 266/1326/266
vt 0.66666667 0.00000000
vt 0.50000000 0.00000000
vt 0.83333333 0.00000000
f 269/1327/269 268/1328/268 270/1329/270
vt 0.83333333 0.00000000
vt 0.50000000 0.00000000
vt 0.33333333 0.00000000
f 270/1330/270 268/1331/268 267/1332/267
vt 0.16666667 0.00000000
vt 0.33333333 0.00000000
vt 0.33333333 1.00000000
f 266/1333/266 267/1334/267 273/1335/273
vt 0.33333333 1.00000000
vt 0.16666667 1.00000000
vt 0.16666667 0.00000000
f 273/1336/273 272/1337/272 266/1338/266
vt 0.00000000 1.00000000
vt 0.00000000 0.00000000
vt 0.16666667 0.00000000
f 271/1339/271 265/1340/265 266/1341/266
vt 0.16666667 0.00000000
vt 0.16666667 1.00000000
vt 0.00000000 1.00000000
f 266/1342/266 272/1343/272 271/1344/271
vt 0.50000000 1.00000000
vt 0.50000000 0.00000000
vt 0.66666667 0.00000000
f 274/1345/274 268/1346/268 269/1347/269
vt 0.50000000 1.00000000
vt 0.66666667 0.00000000
vt 0.66666667 1.00000000
f 274/1348/274 269/1349/269 275/1350/275
vt 0.33333333 0.00000000
vt 0.50000000 0.00000000
vt 0.50000000 1.00000000
f 267/1351/267 268/1352/268 274/1353/274
vt 0.50000000 1.00000000
vt 0.33333333 1.00000000
vt 0.33333333 0.00000000
f 274/1354/274 273/1355/273 267/1356/267
vt 1.16666667 1.00000000
vt 1.33333333 1.00000000
vt 0.83333333 1.00000000
f 272/1357/272 273/1358/273 276/1359/276
vt 0.83333333 1.00000000
vt 0.50000000 1.00000000
vt 0.66666667 1.00000000
f 276/1360/276 274/1361/274 275/1362/275
vt 0.83333333 1.00000000
vt 1.00000000 1.00000000
vt 1.16666667 1.00000000
f 276/1363/276 271/1364/271 272/1365/272
vt 0.33333333 1.00000000
vt 0.50000000 1.00000000
vt 0.83333333 1.00000000
f 273/1366/273 274/1367/274 276/1368/276
vt 0.66666667 0.00000000
vt 0.83333333 0.00000000
vt 0.83333333 1.00000000
f 269/1369/269 270/1370/270 276/1371/276
vt 0.66666667 1.00000000
vt 0.66666667 0.00000000
vt 0.83333333 1.00000000
f 275/1372/275 269/1373/269 276/1374/276
vt 0.83333333 1.00000000
vt 0.83333333 0.00000000
vt 1.00000000 0.00000000
f 276/1375/276 270/1376/270 265/1377/265
vt 1.00000000 0.00000000
vt 1.00000000 1.00000000
vt 0.83333333 1.00000000
f 265/1378/265 271/1379/271 276/1380/276
g foliage_spray_015
usemtl foliage
s 1
v 0.06738687 -0.19053443 0.17749264
v 0.05044239 -0.25841918 0.37378009
v 0.18676208 -0.19185226 0.17544409
v 0.18451226 -0.27314104 0.40960603
v 0.01222169 -0.06922359 0.25544529
v 0.24127411 -0.09374036 0.29658140
v -0.00088978 -0.35167499 0.25727801
v 0.22281149 -0.38285119 0.29755979
v 0.13566465 -0.00449744 0.21259884
v 0.10081387 -0.42504289 0.20454137
v 0.13301118 -0.03651689 0.34476339
v 0.10293459 -0.39945201 0.32660138
vn -0.40559124 0.03997149 -0.91318017
vn -0.62578931 0.02061035 0.77971979
vn 0.58992975 -0.03548707 -0.80667438
vn 0.37015802 -0.05832706 0.92713591
vn -0.92889725 0.36637061 0.05405999
vn 0.96658847 0.24037970 0.08901869
vn -0.96221055 -0.24817923 -0.11206214
vn 0.91356850 -0.39828502 -0.08222925
vn 0.14707570 0.71005765 -0.68861228
vn 0.03882647 -0.56252164 -0.82587039
vn -0.10885387 0.55709684 0.82328242
vn -0.22754052 -0.72896020 0.64563329
vt 0.75319493 0.58124232
vt 0.53745652 0.24206996
vt 0.53203603 0.77583032
f 282/1381/282 285/1382/285 287/1383/287
vt 0.39797907 0.10028991
vt 0.46626355 0.20952906
vt 0.25850390 0.42251147
f 277/1384/277 286/1385/286 283/1386/283
vt 0.28528796 0.41510984
vt 0.53203603 0.77583032
vt 0.53745652 0.24206996
f 281/1387/281 287/1388/287 285/1389/285
vt 0.28528796 0.41510984
vt 0.39797907 0.10028991
vt 0.25850390 0.42251147
f 281/1390/281 277/1391/277 283/1392/283
vt 0.53745652 0.24206996
vt 0.39797907 0.10028991
vt 0.28528796 0.41510984
f 285/1393/285 277/1394/277 281/1395/281
vt 0.75319493 0.58124232
vt 0.53203603 0.77583032
vt 0.63724214 1.03770406
f 282/1396/282 287/1397/287 280/1398/280
vt 0.64183807 0.09201666
vt 0.39797907 0.10028991
vt 0.53745652 0.24206996
f 279/1399/279 277/1400/277 285/1401/285
vt 0.46626355 0.20952906
vt 0.39797907 0.10028991
vt 0.64183807 0.09201666
f 286/1402/286 277/1403/277 279/1404/279
vt 0.64183807 0.09201666
vt 0.53745652 0.24206996
vt 0.75319493 0.58124232
f 279/1405/279 285/1406/285 282/1407/282
vt 0.75319493 0.58124232
vt 0.63724214 1.03770406
vt 0.71547960 0.58519363
f 282/1408/282 280/1409/280 284/1410/284
vt 0.71547960 0.58519363
vt 0.64183807 0.09201666
vt 0.75319493 0.58124232
f 284/1411/284 279/1412/279 282/1413/282
vt 0.46626355 0.20952906
vt 0.64183807 0.09201666
vt 0.71547960 0.58519363
f 286/1414/286 279/1415/279 284/1416/284
vt 0.53203603 0.77583032
vt 0.28528796 0.41510984
vt 0.36336499 0.89301725
f 287/1417/287 281/1418/281 278/1419/278
vt 0.36336499 0.89301725
vt 0.63724214 1.03770406
vt 0.53203603 0.77583032
f 278/1420/278 280/1421/280 287/1422/287
vt 0.36336499 0.89301725
vt 0.28528796 0.41510984
vt 0.25850390 0.42251147
f 278/1423/278 281/1424/281 283/1425/283
vt 0.47059575 0.70248112
vt 0.71547960 0.58519363
vt 0.63724214 1.03770406
f 288/1426/288 284/1427/284 280/1428/280
vt 0.47059575 0.70248112
vt 0.36336499 0.89301725
vt 0.25850390 0.42251147
f 288/1429/288 278/1430/278 283/1431/283
vt 0.63724214 1.03770406
vt 0.36336499 0.89301725
vt 0.47059575 0.70248112
f 280/1432/280 278/1433/278 288/1434/288
vt 0.25850390 0.42251147
vt 0.46626355 0.20952906
vt 0.47059575 0.70248112
f 283/1435/283 286/1436/286 288/1437/288
vt 0.46626355 0.20952906
vt 0.71547960 0.58519363
vt 0.47059575 0.70248112
f 286/1438/286 284/1439/284 288/1440/288
g foliage_spray_016
usemtl foliage
s 1
v 0.08485381 -0.30504212 0.16604893
v 0.14820674 -0.32570438 0.41014553
v 0.13599961 -0.20211401 0.19374974
v 0.18673946 -0.24101542 0.42089940
v -0.01994237 -0.30195751 0.28666477
v 0.08315965 -0.15195489 0.32956118
v 0.19470519 -0.37122272 0.29368387
v 0.29217515 -0.23821234 0.33233959
v -0.03839848 -0.18292092 0.23683943
v 0.29151152 -0.33940448 0.23471199
v 0.00388804 -0.20297835 0.38098044
v 0.30729125 -0.34688915 0.37743903
vn -0.21821108 -0.51183351 -0.83090937
vn -0.28353871 -0.66317899 0.69267556
vn 0.31285302 0.68481992 -0.65813727
vn 0.21105384 0.45501246 0.86511267
vn -0.64427418 -0.75849874 0.09793077
vn 0.13997580 0.98218799 0.12535364
vn -0.13021928 -0.99034613 -0.04751295
vn 0.66091643 0.75009805 -0.02328920
vn -0.66180419 0.55695702 -0.50181081
vn 0.64257392 -0.21087829 -0.73663363
vn -0.58714149 0.17649972 0.79000805
vn 0.60513893 -0.54230647 0.58284695
vt 0.18251015 0.74538579
vt 0.36397300 0.56649454
vt 0.08571089 0.24390899
f 299/1441/299 294/1442/294 297/1443/297
vt 0.08571089 0.24390899
vt 0.36397300 0.56649454
vt 0.48493042 0.09399690
f 297/1444/297 294/1445/294 291/1446/291
vt 0.48493042 0.09399690
vt 0.36785114 -0.00237617
vt 0.08571089 0.24390899
f 291/1447/291 289/1448/289 297/1449/297
vt 0.36397300 0.56649454
vt 0.18251015 0.74538579
vt 0.60108044 0.88426667
f 294/1450/294 299/1451/299 292/1452/292
vt 0.08571089 0.24390899
vt 0.36785114 -0.00237617
vt 0.12795929 0.41725488
f 297/1453/297 289/1454/289 293/1455/293
vt 0.12795929 0.41725488
vt 0.18251015 0.74538579
vt 0.08571089 0.24390899
f 293/1456/293 299/1457/299 297/1458/297
vt 0.84243622 0.57616082
vt 0.48493042 0.09399690
vt 0.36397300 0.56649454
f 296/1459/296 291/1460/291 294/1461/294
vt 0.84243622 0.57616082
vt 0.60108044 0.88426667
vt 0.87703889 0.73306495
f 296/1462/296 292/1463/292 300/1464/300
vt 0.36397300 0.56649454
vt 0.60108044 0.88426667
vt 0.84243622 0.57616082
f 294/1465/294 292/1466/292 296/1467/296
vt 0.61931502 0.44167484
vt 0.12795929 0.41725488
vt 0.36785114 -0.00237617
f 295/1468/295 293/1469/293 289/1470/289
vt 0.87703889 0.73306495
vt 0.60108044 0.88426667
vt 0.51287412 0.84685320
f 300/1471/300 292/1472/292 290/1473/290
vt 0.51287412 0.84685320
vt 0.61931502 0.44167484
vt 0.87703889 0.73306495
f 290/1474/290 295/1475/295 300/1476/300
vt 0.12795929 0.41725488
vt 0.61931502 0.44167484
vt 0.51287412 0.84685320
f 293/1477/293 295/1478/295 290/1479/290
vt 0.51287412 0.84685320
vt 0.60108044 0.88426667
vt 0.18251015 0.74538579
f 290/1480/290 292/1481/292 299/1482/299
vt 0.18251015 0.74538579
vt 0.12795929 0.41725488
vt 0.51287412 0.84685320
f 299/1483/299 293/1484/293 290/1485/290
vt 0.36785114 -0.00237617
vt 0.48493042 0.09399690
vt 0.84091707 0.23650747
f 289/1486/289 291/1487/291 298/1488/298
vt 0.48493042 0.09399690
vt 0.84243622 0.57616082
vt 0.84091707 0.23650747
f 291/1489/291 296/1490/296 298/1491/298
vt 0.84091707 0.23650747
vt 0.84243622 0.57616082
vt 0.87703889 0.73306495
f 298/1492/298 296/1493/296 300/1494/300
vt 0.87703889 0.73306495
vt 0.61931502 0.44167484
vt 0.84091707 0.23650747
f 300/1495/300 295/1496/295 298/1497/298
vt 0.84091707 0.23650747
vt 0.61931502 0.44167484
vt 0.36785114 -0.00237617
f 298/1498/298 295/1499/295 289/1500/289
g foliage_spray_017
usemtl foliage
s 1
v 0.09904671 -0.26508257 0.19786540
v 0.11344037 -0.32917983 0.42348714
v 0.22482308 -0.28127761 0.24465605
v 0.21224468 -0.33698048 0.44282790
v 0.06059431 -0.16884664 0.31800528
v 0.29796278 -0.18031367 0.36458688
v 0.05613092 -0.41076944 0.32105148
v 0.24300340 -0.41013271 0.35756712
v 0.18098882 -0.11442542 0.27230278
v 0.15391740 -0.44109714 0.28113780
v 0.17849949 -0.14446424 0.41278908
v 0.15021223 -0.48580748 0.40412784
vn -0.39593248 0.00473457 -0.91826742
vn -0.62587987 0.02814318 0.77941154
vn 0.66245507 -0.08989161 -0.74368863
vn 0.39353489 -0.07809633 0.91598649
vn -0.91120457 0.38731510 0.14033260
vn 0.96974413 0.22035850 0.10506407
vn -0.95394931 -0.29598186 -0.04873864
vn 0.89522106 -0.43807652 -0.08165912
vn 0.19742353 0.78941219 -0.58125067
vn 0.16095673 -0.64980009 -0.74286794
vn -0.12714025 0.57590979 0.80756627
vn -0.12974258 -0.79216920 0.59635126
vt 0.79939537 0.58665050
vt 0.53594155 0.25250223
vt 0.53033497 0.76118417
f 306/1501/306 309/1502/309 311/1503/311
vt 0.79939537 0.58665050
vt 0.67561348 0.56123291
vt 0.63466697 0.15239714
f 306/1504/306 308/1505/308 303/1506/303
vt 0.63466697 0.15239714
vt 0.53594155 0.25250223
vt 0.79939537 0.58665050
f 303/1507/303 309/1508/309 306/1509/306
vt 0.63466697 0.15239714
vt 0.35138797 -0.01702551
vt 0.53594155 0.25250223
f 303/1510/303 301/1511/301 309/1512/309
vt 0.60633735 0.86995068
vt 0.67561348 0.56123291
vt 0.79939537 0.58665050
f 304/1513/304 308/1514/308 306/1515/306
vt 0.79939537 0.58665050
vt 0.53033497 0.76118417
vt 0.60633735 0.86995068
f 306/1516/306 311/1517/311 304/1518/304
vt 0.53594155 0.25250223
vt 0.35138797 -0.01702551
vt 0.26478379 0.41798481
f 309/1519/309 301/1520/301 305/1521/305
vt 0.26478379 0.41798481
vt 0.53033497 0.76118417
vt 0.53594155 0.25250223
f 305/1522/305 311/1523/311 309/1524/309
vt 0.26478379 0.41798481
vt 0.35138797 -0.01702551
vt 0.25473115 0.42901470
f 305/1525/305 301/1526/301 307/1527/307
vt 0.35138797 -0.01702551
vt 0.63466697 0.15239714
vt 0.47497011 0.28449262
f 301/1528/301 303/1529/303 310/1530/310
vt 0.47497011 0.28449262
vt 0.63466697 0.15239714
vt 0.67561348 0.56123291
f 310/1531/310 303/1532/303 308/1533/308
vt 0.25473115 0.42901470
vt 0.35138797 -0.01702551
vt 0.47497011 0.28449262
f 307/1534/307 301/1535/301 310/1536/310
vt 0.67561348 0.56123291
vt 0.60633735 0.86995068
vt 0.46662518 0.72982297
f 308/1537/308 304/1538/304 312/1539/312
vt 0.25473115 0.42901470
vt 0.47497011 0.28449262
vt 0.46662518 0.72982297
f 307/1540/307 310/1541/310 312/1542/312
vt 0.46662518 0.72982297
vt 0.47497011 0.28449262
vt 0.67561348 0.56123291
f 312/1543/312 310/1544/310 308/1545/308
vt 0.38380599 0.79992039
vt 0.60633735 0.86995068
vt 0.53033497 0.76118417
f 302/1546/302 304/1547/304 311/1548/311
vt 0.38380599 0.79992039
vt 0.46662518 0.72982297
vt 0.60633735 0.86995068
f 302/1549/302 312/1550/312 304/1551/304
vt 0.53033497 0.76118417
vt 0.26478379 0.41798481
vt 0.38380599 0.79992039
f 311/1552/311 305/1553/305 302/1554/302
vt 0.38380599 0.79992039
vt 0.26478379 0.41798481
vt 0.25473115 0.42901470
f 302/1555/302 305/1556/305 307/1557/307
vt 0.25473115 0.42901470
vt 0.46662518 0.72982297
vt 0.38380599 0.79992039
f 307/1558/307 312/1559/312 302/1560/302
g foliage_spray_018
usemtl foliage
s 1
v 0.14229011 -0.38257765 0.27068054
v 0.18458483 -0.42754492 0.48636724
v 0.18979047 -0.27945613 0.27859386
v 0.24888912 -0.29445311 0.50701027
v 0.05050480 -0.39628632 0.35206401
v 0.13889325 -0.19338418 0.39172971
v 0.23233298 -0.48539655 0.35159981
v 0.30414024 -0.30172761 0.38687522
v 0.00958000 -0.26083933 0.29603909
v 0.32485798 -0.41038261 0.29861639
v 0.08400007 -0.29613841 0.42528249
v 0.34694138 -0.42085725 0.43793377
vn -0.17640500 -0.37827724 -0.90872857
vn -0.29623708 -0.56555444 0.76966991
vn 0.28897275 0.55082946 -0.78299531
vn 0.18778198 0.41386512 0.89076012
vn -0.74473916 -0.66367629 0.06998122
vn 0.06273235 0.99277649 0.10227168
vn -0.05813018 -0.98582635 -0.15737625
vn 0.73325635 0.66839012 -0.12485899
vn -0.73325813 0.40978313 -0.54259589
vn 0.62692740 -0.13039621 -0.76808780
vn -0.65159666 0.15622894 0.74230339
vn 0.76904515 -0.41218233 0.48854404
vt 0.91626828 0.75731443
vt 0.66030841 1.02232591
vt 0.49244569 0.94312909
f 324/1561/324 316/1562/316 314/1563/314
vt 0.22987488 0.70877791
vt 0.37317043 0.58005292
vt 0.03560549 0.21293655
f 323/1564/323 318/1565/318 321/1566/321
vt 0.22987488 0.70877791
vt 0.66030841 1.02232591
vt 0.37317043 0.58005292
f 323/1567/323 316/1568/316 318/1569/318
vt 0.22987488 0.70877791
vt 0.49244569 0.94312909
vt 0.66030841 1.02232591
f 323/1570/323 314/1571/314 316/1572/316
vt 0.03560549 0.21293655
vt 0.37317043 0.58005292
vt 0.50603473 0.14600805
f 321/1573/321 318/1574/318 315/1575/315
vt 0.14243737 0.42787573
vt 0.22987488 0.70877791
vt 0.03560549 0.21293655
f 317/1576/317 323/1577/323 321/1578/321
vt 0.49244569 0.94312909
vt 0.22987488 0.70877791
vt 0.14243737 0.42787573
f 314/1579/314 323/1580/323 317/1581/317
vt 0.91626828 0.75731443
vt 0.49244569 0.94312909
vt 0.61708954 0.42609484
f 324/1582/324 314/1583/314 319/1584/319
vt 0.61708954 0.42609484
vt 0.85862081 0.22282436
vt 0.91626828 0.75731443
f 319/1585/319 322/1586/322 324/1587/324
vt 0.49244569 0.94312909
vt 0.14243737 0.42787573
vt 0.61708954 0.42609484
f 314/1588/314 317/1589/317 319/1590/319
vt 0.37317043 0.58005292
vt 0.66030841 1.02232591
vt 0.80453835 0.56142870
f 318/1591/318 316/1592/316 320/1593/320
vt 0.80453835 0.56142870
vt 0.50603473 0.14600805
vt 0.37317043 0.58005292
f 320/1594/320 315/1595/315 318/1596/318
vt 0.85862081 0.22282436
vt 0.50603473 0.14600805
vt 0.80453835 0.56142870
f 322/1597/322 315/1598/315 320/1599/320
vt 0.80453835 0.56142870
vt 0.66030841 1.02232591
vt 0.91626828 0.75731443
f 320/1600/320 316/1601/316 324/1602/324
vt 0.91626828 0.75731443
vt 0.85862081 0.22282436
vt 0.80453835 0.56142870
f 324/1603/324 322/1604/322 320/1605/320
vt 0.38203773 0.11564867
vt 0.14243737 0.42787573
vt 0.03560549 0.21293655
f 313/1606/313 317/1607/317 321/1608/321
vt 0.38203773 0.11564867
vt 0.61708954 0.42609484
vt 0.14243737 0.42787573
f 313/1609/313 319/1610/319 317/1611/317
vt 0.85862081 0.22282436
vt 0.61708954 0.42609484
vt 0.38203773 0.11564867
f 322/1612/322 319/1613/319 313/1614/313
vt 0.03560549 0.21293655
vt 0.50603473 0.14600805
vt 0.38203773 0.11564867
f 321/1615/321 315/1616/315 313/1617/313
vt 0.38203773 0.11564867
vt 0.50603473 0.14600805
vt 0.85862081 0.22282436
f 313/1618/313 315/1619/315 322/1620/322
g foliage_spray_019
usemtl foliage
s 1
v 0.15262479 -0.34414001 0.29851714
v 0.14693414 -0.40885096 0.48116071
v 0.27355528 -0.35171487 0.31262408
v 0.26764659 -0.42010832 0.50565499
v 0.11607575 -0.25323921 0.38245613
v 0.31254865 -0.27767378 0.41467909
v 0.12686265 -0.46221875 0.38701855
v 0.28744368 -0.49017576 0.41346242
v 0.22060180 -0.23531266 0.35800621
v 0.19419865 -0.55392035 0.33811986
v 0.22081090 -0.23278954 0.45155961
v 0.19038001 -0.60000000 0.46103894
vn -0.42439471 0.05682029 -0.90369275
vn -0.62703557 0.05013417 0.77737569
vn 0.60785688 -0.01960316 -0.79380459
vn 0.40824939 -0.02157359 0.91261548
vn -0.91754164 0.39038100 0.07563070
vn 0.95927831 0.26772349 0.09005137
vn -0.96748318 -0.22689461 -0.11178160
vn 0.92390047 -0.36815489 -0.10425878
vn 0.17495937 0.75881143 -0.62737105
vn 0.05030672 -0.54701891 -0.83560729
vn -0.07616259 0.58324228 0.80871979
vn -0.22038331 -0.74575757 0.62871047
vt 0.52986207 0.29436624
vt 0.36179474 -0.00271679
vt 0.27143038 0.41646695
f 333/1621/333 325/1622/325 329/1623/329
vt 0.27143038 0.41646695
vt 0.36179474 -0.00271679
vt 0.29810007 0.43925127
f 329/1624/329 325/1625/325 331/1626/331
vt 0.75719275 0.57738553
vt 0.64617626 1.03171100
vt 0.69512286 0.57130960
f 330/1627/330 328/1628/328 332/1629/332
vt 0.69512286 0.57130960
vt 0.64617626 1.03171100
vt 0.45514128 0.80890247
f 332/1630/332 328/1631/328 336/1632/336
vt 0.53037903 0.76156353
vt 0.64617626 1.03171100
vt 0.75719275 0.57738553
f 335/1633/335 328/1634/328 330/1635/330
vt 0.53037903 0.76156353
vt 0.52986207 0.29436624
vt 0.27143038 0.41646695
f 335/1636/335 333/1637/333 329/1638/329
vt 0.75719275 0.57738553
vt 0.52986207 0.29436624
vt 0.53037903 0.76156353
f 330/1639/330 333/1640/333 335/1641/335
vt 0.45514128 0.80890247
vt 0.64617626 1.03171100
vt 0.34772511 0.90938875
f 336/1642/336 328/1643/328 326/1644/326
vt 0.27143038 0.41646695
vt 0.29810007 0.43925127
vt 0.34772511 0.90938875
f 329/1645/329 331/1646/331 326/1647/326
vt 0.34772511 0.90938875
vt 0.29810007 0.43925127
vt 0.45514128 0.80890247
f 326/1648/326 331/1649/331 336/1650/336
vt 0.34772511 0.90938875
vt 0.53037903 0.76156353
vt 0.27143038 0.41646695
f 326/1651/326 335/1652/335 329/1653/329
vt 0.64617626 1.03171100
vt 0.53037903 0.76156353
vt 0.34772511 0.90938875
f 328/1654/328 335/1655/335 326/1656/326
vt 0.66078499 0.06773198
vt 0.52986207 0.29436624
vt 0.75719275 0.57738553
f 327/1657/327 333/1658/333 330/1659/330
vt 0.36179474 -0.00271679
vt 0.52986207 0.29436624
vt 0.66078499 0.06773198
f 325/1660/325 333/1661/333 327/1662/327
vt 0.75719275 0.57738553
vt 0.69512286 0.57130960
vt 0.66078499 0.06773198
f 330/1663/330 332/1664/332 327/1665/327
vt 0.45514128 0.80890247
vt 0.29810007 0.43925127
vt 0.46458254 0.19505560
f 336/1666/336 331/1667/331 334/1668/334
vt 0.46458254 0.19505560
vt 0.29810007 0.43925127
vt 0.36179474 -0.00271679
f 334/1669/334 331/1670/331 325/1671/325
vt 0.36179474 -0.00271679
vt 0.66078499 0.06773198
vt 0.46458254 0.19505560
f 325/1672/325 327/1673/327 334/1674/334
vt 0.46458254 0.19505560
vt 0.69512286 0.57130960
vt 0.45514128 0.80890247
f 334/1675/334 332/1676/332 336/1677/336
vt 0.46458254 0.19505560
vt 0.66078499 0.06773198
vt 0.69512286 0.57130960
f 334/1678/334 327/1679/327 332/1680/332
g stem_08
usemtl wood
s 1
v -0.02891259 0.00460123 0.05468967
v -0.02505223 -0.01673416 0.03958162
v -0.01299741 -0.01673416 0.01223678
v -0.00480295 0.00460123 0.00000000
v -0.00866331 0.02593662 0.01510805
v -0.02071813 0.02593662 0.04245289
v 0.30780201 -0.03708686 0.26467180
v 0.31023260 -0.05052025 0.25515932
v 0.31782268 -0.05052025 0.23794220
v 0.32298215 -0.03708686 0.23023756
v 0.32055156 -0.02365346 0.23975003
v 0.31296149 -0.02365346 0.25696715
vn -0.58504698 0.00485340 0.81098488
vn -0.33355311 -0.88657311 0.32051591
vn -0.02287251 -0.93214783 -0.36135476
vn 0.55614026 -0.00056458 -0.83108826
vn 0.26008651 0.89836065 -0.35398184
vn -0.15372572 0.94745072 0.28054507
vn -0.50958222 -0.00613672 0.86040008
vn -0.26182915 -0.89815270 0.35322404
vn 0.31019309 -0.77511714 -0.55043044
vn 0.62814104 -0.01144898 -0.77801527
vn 0.37470031 0.87714744 -0.30035319
vn -0.22604594 0.77160956 0.59457709
vt 0.83333333 1.00000000
vt 0.83333333 0.00000000
vt 1.00000000 0.00000000
f 348/1681/348 342/1682/342 337/1683/337
vt 1.00000000 0.00000000
vt 1.00000000 1.00000000
vt 0.83333333 1.00000000
f 337/1684/337 343/1685/343 348/1686/348
vt 0.33333333 0.00000000
vt 0.66666667 0.00000000
vt 0.50000000 0.00000000
f 339/1687/339 341/1688/341 340/1689/340
vt 0.83333333 0.00000000
vt 0.66666667 0.00000000
vt 0.33333333 0.00000000
f 342/1690/342 341/1691/341 339/1692/339
vt 1.00000000 0.00000000
vt 0.83333333 0.00000000
vt 1.33333333 0.00000000
f 337/1693/337 342/1694/342 339/1695/339
vt 0.33333333 0.00000000
vt 0.16666667 0.00000000
vt 0.00000000 0.00000000
f 339/1696/339 338/1697/338 337/1698/337
vt 0.50000000 0.00000000
vt 0.66666667 0.00000000
vt 0.66666667 1.00000000
f 340/1699/340 341/1700/341 347/1701/347
vt 0.50000000 1.00000000
vt 0.50000000 0.00000000
vt 0.66666667 1.00000000
f 346/1702/346 340/1703/340 347/1704/347
vt 0.66666667 1.00000000
vt 0.66666667 0.00000000
vt 0.83333333 0.00000000
f 347/1705/347 341/1706/341 342/1707/342
vt 0.83333333 0.00000000
vt 0.83333333 1.00000000
vt 0.66666667 1.00000000
f 342/1708/342 348/1709/348 347/1710/347
vt 0.33333333 1.00000000
vt 0.33333333 0.00000000
vt 0.50000000 0.00000000
f 345/1711/345 339/1712/339 340/1713/340
vt 0.33333333 1.00000000
vt 0.50000000 0.00000000
vt 0.50000000 1.00000000
f 345/1714/345 340/1715/340 346/1716/346
vt 1.16666667 1.00000000
vt 0.83333333 1.00000000
vt 1.00000000 1.00000000
f 344/1717/344 348/1718/348 343/1719/343
vt 1.16666667 1.00000000
vt 0.66666667 1.00000000
vt 0.83333333 1.00000000
f 344/1720/344 347/1721/347 348/1722/348
vt 0.50000000 1.00000000
vt 0.66666667 1.00000000
vt 0.16666667 1.00000000
f 346/1723/346 347/1724/347 344/1725/344
vt 0.16666667 1.00000000
vt 0.33333333 1.00000000
vt 0.50000000 1.00000000
f 344/1726/344 345/1727/345 346/1728/346
vt 0.00000000 0.00000000
vt 0.16666667 0.00000000
vt 0.16666667 1.00000000
f 337/1729/337 338/1730/338 344/1731/344
vt 0.16666667 1.00000000
vt 0.00000000 1.00000000
vt 0.00000000 0.00000000
f 344/1732/344 343/1733/343 337/1734/337
vt 0.16666667 0.00000000
vt 0.33333333 0.00000000
vt 0.16666667 1.00000000
f 338/1735/338 339/1736/339 344/1737/344
vt 0.33333333 0.00000000
vt 0.33333333 1.00000000
vt 0.16666667 1.00000000
f 339/1738/339 345/1739/345 344/1740/344
g stem_09
usemtl wood
s 1
v 0.30801730 -0.03708686 0.26610019
v 0.30853690 -0.05098071 0.25489456
v 0.31591168 -0.05098071 0.23624905
v 0.32276686 -0.03708686 0.22880916
v 0.32224726 -0.02319300 0.24001479
v 0.31487249 -0.02319300 0.25866030
v 0.70378285 -0.14231714 0.48598243
v 0.70395605 -0.14694843 0.48224722
v 0.70641431 -0.14694843 0.47603205
v 0.70869937 -0.14231714 0.47355208
v 0.70852617 -0.13768586 0.47728729
v 0.70606792 -0.13768586 0.48350247
vn -0.50059557 -0.00317923 0.86567544
vn -0.44097330 -0.87270004 0.20961199
vn 0.03746094 -0.89032666 -0.45377870
vn 0.49463372 0.00500088 -0.86908715
vn 0.34646683 0.90442230 -0.24895992
vn -0.06003046 0.89423718 0.44354956
vn -0.46889690 -0.01277606 0.88316050
vn -0.47553937 -0.69571518 0.53837041
vn 0.06284006 -0.89468501 -0.44225542
vn 0.53982901 -0.00901150 -0.84172646
vn 0.52565815 0.67727756 -0.51476074
vn -0.00336579 0.88336645 0.46867087
vt 0.83333333 0.00000000
vt 0.66666667 0.00000000
vt 1.16666667 0.00000000
f 354/1741/354 353/1742/353 350/1743/350
vt 1.00000000 0.00000000
vt 0.83333333 0.00000000
vt 1.16666667 0.00000000
f 349/1744/349 354/1745/354 350/1746/350
vt 0.50000000 0.00000000
vt 0.33333333 0.00000000
vt 0.16666667 0.00000000
f 352/1747/352 351/1748/351 350/1749/350
vt 0.16666667 0.00000000
vt 0.66666667 0.00000000
vt 0.50000000 0.00000000
f 350/1750/350 353/1751/353 352/1752/352
vt 0.50000000 0.00000000
vt 0.66666667 0.00000000
vt 0.66666667 1.00000000
f 352/1753/352 353/1754/353 359/1755/359
vt 0.50000000 1.00000000
vt 0.50000000 0.00000000
vt 0.66666667 1.00000000
f 358/1756/358 352/1757/352 359/1758/359
vt 0.00000000 0.00000000
vt 0.16666667 0.00000000
vt 0.16666667 1.00000000
f 349/1759/349 350/1760/350 356/1761/356
vt 0.16666667 1.00000000
vt 0.00000000 1.00000000
vt 0.00000000 0.00000000
f 356/1762/356 355/1763/355 349/1764/349
vt 0.83333333 1.00000000
vt 0.83333333 0.00000000
vt 1.00000000 0.00000000
f 360/1765/360 354/1766/354 349/1767/349
vt 1.00000000 0.00000000
vt 1.00000000 1.00000000
vt 0.83333333 1.00000000
f 349/1768/349 355/1769/355 360/1770/360
vt 0.83333333 1.00000000
vt 0.66666667 0.00000000
vt 0.83333333 0.00000000
f 360/1771/360 353/1772/353 354/1773/354
vt 0.83333333 1.00000000
vt 0.66666667 1.00000000
vt 0.66666667 0.00000000
f 360/1774/360 359/1775/359 353/1776/353
vt 0.50000000 1.00000000
vt 0.66666667 1.00000000
vt 0.33333333 1.00000000
f 358/1777/358 359/1778/359 357/1779/357
vt 1.33333333 1.00000000
vt 0.83333333 1.00000000
vt 1.00000000 1.00000000
f 357/1780/357 360/1781/360 355/1782/355
vt 0.00000000 1.00000000
vt 0.16666667 1.00000000
vt 0.33333333 1.00000000
f 355/1783/355 356/1784/356 357/1785/357
vt 0.66666667 1.00000000
vt 0.83333333 1.00000000
vt 0.33333333 1.00000000
f 359/1786/359 360/1787/360 357/1788/357
vt 0.33333333 1.00000000
vt 0.33333333 0.00000000
vt 0.50000000 0.00000000
f 357/1789/357 351/1790/351 352/1791/352
vt 0.33333333 1.00000000
vt 0.50000000 0.00000000
vt 0.50000000 1.00000000
f 357/1792/357 352/1793/352 358/1794/358
vt 0.33333333 1.00000000
vt 0.16666667 0.00000000
vt 0.33333333 0.00000000
f 357/1795/357 350/1796/350 351/1797/351
vt 0.33333333 1.00000000
vt 0.16666667 1.00000000
vt 0.16666667 0.00000000
f 357/1798/357 356/1799/356 350/1800/350
g foliage_spray_020
usemtl foliage
s 1
v 0.44793231 -0.14439243 0.22058122
v 0.51896985 -0.13136819 0.43669797
v 0.39931273 -0.02842829 0.24330262
v 0.45594654 -0.01171407 0.42424961
v 0.40013822 -0.19169835 0.31431629
v 0.32881613 -0.02675780 0.34334897
v 0.58182798 -0.12347216 0.31343848
v 0.51992433 0.07935329 0.34756529
v 0.28514358 -0.14203819 0.27275952
v 0.59554749 -0.01545638 0.26866890
v 0.29224606 -0.13914182 0.39581159
v 0.64423167 0.00439688 0.39314918
vn 0.14731424 -0.39396471 -0.90724326
vn 0.23185748 -0.56749483 0.79005805
vn -0.24708827 0.54597780 -0.80053459
vn -0.17870208 0.40633694 0.89607804
vn 0.04854902 -0.99819482 0.03535668
vn -0.67862083 0.72577275 0.11281705
vn 0.65718714 -0.73564062 -0.16412782
vn -0.07588091 0.99332670 -0.08685714
vn -0.75290664 -0.20992339 -0.62374976
vn 0.47775374 0.30418740 -0.82414889
vn -0.52270643 -0.31417353 0.79251055
vn 0.76726993 0.22342234 0.60114833
vt 0.37772551 0.14479467
vt 0.49015604 0.05035721
vt 0.11371463 0.26722700
f 363/1801/363 361/1802/361 369/1803/369
vt 0.83150931 0.25022508
vt 0.65663427 0.57814390
vt 0.94408923 0.76760522
f 370/1804/370 368/1805/368 372/1806/372
vt 0.83150931 0.25022508
vt 0.37772551 0.14479467
vt 0.65663427 0.57814390
f 370/1807/370 363/1808/363 368/1809/368
vt 0.49015604 0.05035721
vt 0.37772551 0.14479467
vt 0.83150931 0.25022508
f 361/1810/361 363/1811/363 370/1812/370
vt 0.94408923 0.76760522
vt 0.65663427 0.57814390
vt 0.50868858 0.89686860
f 372/1813/372 368/1814/368 364/1815/364
vt 0.79978358 0.43630189
vt 0.83150931 0.25022508
vt 0.94408923 0.76760522
f 367/1816/367 370/1817/370 372/1818/372
vt 0.49015604 0.05035721
vt 0.83150931 0.25022508
vt 0.79978358 0.43630189
f 361/1819/361 370/1820/370 367/1821/367
vt 0.65663427 0.57814390
vt 0.37772551 0.14479467
vt 0.21470538 0.56061949
f 368/1822/368 363/1823/363 366/1824/366
vt 0.21470538 0.56061949
vt 0.50868858 0.89686860
vt 0.65663427 0.57814390
f 366/1825/366 364/1826/364 368/1827/368
vt 0.13013879 0.77867106
vt 0.50868858 0.89686860
vt 0.21470538 0.56061949
f 371/1828/371 364/1829/364 366/1830/366
vt 0.11371463 0.26722700
vt 0.13013879 0.77867106
vt 0.21470538 0.56061949
f 369/1831/369 371/1832/371 366/1833/366
vt 0.21470538 0.56061949
vt 0.37772551 0.14479467
vt 0.11371463 0.26722700
f 366/1834/366 363/1835/363 369/1836/369
vt 0.94408923 0.76760522
vt 0.50868858 0.89686860
vt 0.65442706 0.94860801
f 372/1837/372 364/1838/364 362/1839/362
vt 0.65442706 0.94860801
vt 0.50868858 0.89686860
vt 1.13013879 0.77867106
f 362/1840/362 364/1841/364 371/1842/371
vt 0.65442706 0.94860801
vt 0.79978358 0.43630189
vt 0.94408923 0.76760522
f 362/1843/362 367/1844/367 372/1845/372
vt 0.49015604 0.05035721
vt 0.79978358 0.43630189
vt 0.37963441 0.43995032
f 361/1846/361 367/1847/367 365/1848/365
vt 0.79978358 0.43630189
vt 0.65442706 0.94860801
vt 0.37963441 0.43995032
f 367/1849/367 362/1850/362 365/1851/365
vt 1.37963441 0.43995032
vt 0.65442706 0.94860801
vt 1.13013879 0.77867106
f 365/1852/365 362/1853/362 371/1854/371
vt 0.11371463 0.26722700
vt 0.49015604 0.05035721
vt 0.37963441 0.43995032
f 369/1855/369 361/1856/361 365/1857/365
vt 0.37963441 0.43995032
vt 0.13013879 0.77867106
vt 0.11371463 0.26722700
f 365/1858/365 371/1859/371 369/1860/369
g foliage_spray_021
usemtl foliage
s 1
v 0.46341964 -0.10536734 0.28440564
v 0.50786565 -0.14858477 0.43847661
v 0.53783193 -0.03480381 0.29984614
v 0.58504034 -0.07963626 0.46167555
v 0.37654847 -0.07090016 0.35631120
v 0.50643723 0.04507811 0.38429640
v 0.54019220 -0.24403125 0.35554820
v 0.66152384 -0.11376301 0.38416417
v 0.36887875 0.06336321 0.31609892
v 0.67051696 -0.24329787 0.30498168
v 0.38904770 0.04285841 0.42975966
v 0.67476720 -0.24761888 0.42455186
vn -0.29335522 -0.25947109 -0.92011818
vn -0.42277765 -0.42262153 0.80165460
vn 0.42535931 0.43937069 -0.79121606
vn 0.28921174 0.27141353 0.91798217
vn -0.86646700 -0.48931634 0.09901745
vn 0.50712260 0.85794003 0.08225311
vn -0.51451063 -0.85481780 -0.06756731
vn 0.86057624 0.50293528 -0.08040299
vn -0.35801848 0.56940658 -0.73999927
vn 0.43336806 -0.22509659 -0.87265322
vn -0.42220311 0.24055026 0.87400235
vn 0.36116939 -0.53723179 0.76219333
vt 0.81076010 0.74932667
vt 0.62758714 0.92082318
vt 0.47003882 0.81365343
f 384/1861/384 376/1862/376 374/1863/374
vt 0.81076010 0.74932667
vt 0.47003882 0.81365343
vt 0.53603187 0.43055755
f 384/1864/384 374/1865/374 379/1866/379
vt 0.78372444 0.56275179
vt 0.62758714 0.92082318
vt 0.81076010 0.74932667
f 380/1867/380 376/1868/376 384/1869/384
vt 0.22747782 0.77338463
vt 0.47003882 0.81365343
vt 0.62758714 0.92082318
f 383/1870/383 374/1871/374 376/1872/376
vt 0.81076010 0.74932667
vt 0.53603187 0.43055755
vt 0.80208344 0.19696056
f 384/1873/384 379/1874/379 382/1875/382
vt 0.80208344 0.19696056
vt 0.78372444 0.56275179
vt 0.81076010 0.74932667
f 382/1876/382 380/1877/380 384/1878/384
vt 0.53603187 0.43055755
vt 0.37930447 0.10190755
vt 0.80208344 0.19696056
f 379/1879/379 373/1880/373 382/1881/382
vt 0.62758714 0.92082318
vt 0.78372444 0.56275179
vt 0.46712276 0.56336268
f 376/1882/376 380/1883/380 378/1884/378
vt 0.46712276 0.56336268
vt 0.22747782 0.77338463
vt 0.62758714 0.92082318
f 378/1885/378 383/1886/383 376/1887/376
vt 0.18630390 0.24831774
vt 0.22747782 0.77338463
vt 0.46712276 0.56336268
f 381/1888/381 383/1889/383 378/1890/378
vt 0.20196126 0.43408229
vt 0.53603187 0.43055755
vt 0.47003882 0.81365343
f 377/1891/377 379/1892/379 374/1893/374
vt 0.47003882 0.81365343
vt 0.22747782 0.77338463
vt 0.20196126 0.43408229
f 374/1894/374 383/1895/383 377/1896/377
vt 0.20196126 0.43408229
vt 0.22747782 0.77338463
vt 0.18630390 0.24831774
f 377/1897/377 383/1898/383 381/1899/381
vt 0.18630390 0.24831774
vt 0.37930447 0.10190755
vt 0.20196126 0.43408229
f 381/1900/381 373/1901/373 377/1902/377
vt 0.20196126 0.43408229
vt 0.37930447 0.10190755
vt 0.53603187 0.43055755
f 377/1903/377 373/1904/373 379/1905/379
vt 0.78372444 0.56275179
vt 0.80208344 0.19696056
vt 0.53121350 0.17323645
f 380/1906/380 382/1907/382 375/1908/375
vt 0.53121350 0.17323645
vt 0.46712276 0.56336268
vt 0.78372444 0.56275179
f 375/1909/375 378/1910/378 380/1911/380
vt 0.18630390 0.24831774
vt 0.46712276 0.56336268
vt 0.53121350 0.17323645
f 381/1912/381 378/1913/378 375/1914/375
vt 0.53121350 0.17323645
vt 0.37930447 0.10190755
vt 0.18630390 0.24831774
f 375/1915/375 373/1916/373 381/1917/381
vt 0.53121350 0.17323645
vt 0.80208344 0.19696056
vt 0.37930447 0.10190755
f 375/1918/375 382/1919/382 373/1920/373
g foliage_spray_022
usemtl foliage
s 1
v 0.57690509 -0.18561868 0.27977066
v 0.63352394 -0.14766508 0.49017068
v 0.52546555 -0.06297487 0.30633296
v 0.59057764 -0.05860501 0.49387161
v 0.51528448 -0.24609888 0.38965673
v 0.45621086 -0.06840612 0.42348043
v 0.71551665 -0.15148896 0.39182844
v 0.65302790 0.02310456 0.42536608
v 0.43698348 -0.17008823 0.35805037
v 0.69875978 -0.06333662 0.36004826
v 0.43453297 -0.17108754 0.47092058
v 0.77455121 -0.03242910 0.47133694
vn 0.17088459 -0.38623045 -0.90643505
vn 0.23877260 -0.56499044 0.78979330
vn -0.24633404 0.59816730 -0.76257158
vn -0.16746848 0.38714699 0.90668160
vn 0.06623829 -0.99088301 0.11731731
vn -0.66244588 0.73251965 0.15678144
vn 0.67493955 -0.73122263 -0.09884366
vn -0.06709536 0.99585108 -0.06147233
vn -0.80886629 -0.17973505 -0.55984876
vn 0.50168796 0.34718129 -0.79232212
vn -0.48751061 -0.30264650 0.81898626
vn 0.76206850 0.20641935 0.61371218
vt 0.13306998 0.77646256
vt 0.32988929 0.42081378
vt 0.61807971 0.86071001
f 395/1921/395 389/1922/389 386/1923/386
vt 0.32988929 0.42081378
vt 0.48008001 -0.06009922
vt 0.81792424 0.43031821
f 389/1924/389 385/1925/385 391/1926/391
vt 0.96181186 0.77828476
vt 0.61807971 0.86071001
vt 0.81792424 0.43031821
f 396/1927/396 386/1928/386 391/1929/391
vt 0.81792424 0.43031821
vt 0.61807971 0.86071001
vt 0.32988929 0.42081378
f 391/1930/391 386/1931/386 389/1932/389
vt 0.13904272 0.28248954
vt 0.35470407 0.05614986
vt 0.48008001 -0.06009922
f 393/1933/393 387/1934/387 385/1935/385
vt 0.13904272 0.28248954
vt 0.32988929 0.42081378
vt 0.13306998 0.77646256
f 393/1936/393 389/1937/389 395/1938/395
vt 0.13904272 0.28248954
vt 0.48008001 -0.06009922
vt 0.32988929 0.42081378
f 393/1939/393 385/1940/385 389/1941/389
vt 0.48008001 -0.06009922
vt 0.35470407 0.05614986
vt 0.77708197 0.29123324
f 385/1942/385 387/1943/387 394/1944/394
vt 0.96181186 0.77828476
vt 0.81792424 0.43031821
vt 0.77708197 0.29123324
f 396/1945/396 391/1946/391 394/1947/394
vt 0.77708197 0.29123324
vt 0.81792424 0.43031821
vt 0.48008001 -0.06009922
f 394/1948/394 391/1949/391 385/1950/385
vt 0.77708197 0.29123324
vt 0.66561758 0.57709467
vt 0.96181186 0.77828476
f 394/1951/394 392/1952/392 396/1953/396
vt 0.35470407 0.05614986
vt 0.66561758 0.57709467
vt 0.77708197 0.29123324
f 387/1954/387 392/1955/392 394/1956/394
vt 0.96181186 0.77828476
vt 0.66561758 0.57709467
vt 0.51340474 0.87690705
f 396/1957/396 392/1958/392 388/1959/388
vt 0.13306998 0.77646256
vt 0.61807971 0.86071001
vt 0.51340474 0.87690705
f 395/1960/395 386/1961/386 388/1962/388
vt 0.51340474 0.87690705
vt 0.61807971 0.86071001
vt 0.96181186 0.77828476
f 388/1963/388 386/1964/386 396/1965/396
vt 0.18590648 0.56884218
vt 0.66561758 0.57709467
vt 0.35470407 0.05614986
f 390/1966/390 392/1967/392 387/1968/387
vt 0.18590648 0.56884218
vt 0.13904272 0.28248954
vt 0.13306998 0.77646256
f 390/1969/390 393/1970/393 395/1971/395
vt 0.35470407 0.05614986
vt 0.13904272 0.28248954
vt 0.18590648 0.56884218
f 387/1972/387 393/1973/393 390/1974/390
vt 0.13306998 0.77646256
vt 0.51340474 0.87690705
vt 0.18590648 0.56884218
f 395/1975/395 388/1976/388 390/1977/390
vt 0.18590648 0.56884218
vt 0.51340474 0.87690705
vt 0.66561758 0.57709467
f 390/1978/390 388/1979/388 392/1980/392
g foliage_spray_023
usemtl foliage
s 1
v 0.59310549 -0.13921456 0.36572818
v 0.62815421 -0.19460633 0.52766305
v 0.66286777 -0.07317074 0.38005977
v 0.72168051 -0.10930014 0.55252805
v 0.52988520 -0.11146891 0.43335237
v 0.63425190 0.01638932 0.45922071
v 0.66286307 -0.28964318 0.42860001
v 0.80246999 -0.14634688 0.46013654
v 0.53112715 -0.00810626 0.40252675
v 0.78094227 -0.26208129 0.38425005
v 0.53772596 -0.01481496 0.49492413
v 0.77261153 -0.25361183 0.49041150
vn -0.30333435 -0.22093841 -0.92691666
vn -0.44067537 -0.42170176 0.79244738
vn 0.38019706 0.42005968 -0.82401460
vn 0.27652207 0.26457588 0.92386966
vn -0.90342039 -0.42617093 0.04700992
vn 0.44803987 0.89336725 0.03398869
vn -0.49555398 -0.86047468 -0.11836210
vn 0.87588227 0.46244090 -0.13776309
vn -0.44125797 0.53346335 -0.72160117
vn 0.43190009 -0.23808645 -0.86992940
vn -0.50963453 0.27315809 0.81587824
vn 0.42070460 -0.58821543 0.69065928
vt 0.47077471 0.56895370
vt 0.66200013 1.01886495
vt 0.83870435 0.57336964
f 402/1981/402 400/1982/400 404/1983/404
vt 0.24250198 0.44422116
vt 0.53335356 0.42130615
vt 0.45743773 0.89897037
f 401/1984/401 403/1985/403 398/1986/398
vt 0.83870435 0.57336964
vt 0.66200013 1.01886495
vt 0.77339737 0.71935009
f 404/1987/404 400/1988/400 408/1989/408
vt 0.77339737 0.71935009
vt 0.45743773 0.89897037
vt 0.53335356 0.42130615
f 408/1990/408 398/1991/398 403/1992/403
vt 0.66200013 1.01886495
vt 0.45743773 0.89897037
vt 0.77339737 0.71935009
f 400/1993/400 398/1994/398 408/1995/408
vt 0.53336385 0.18725381
vt 0.47077471 0.56895370
vt 0.83870435 0.57336964
f 399/1996/399 402/1997/402 404/1998/404
vt 0.24250198 0.44422116
vt 0.45743773 0.89897037
vt 0.25965144 0.74110919
f 401/1999/401 398/2000/398 407/2001/407
vt 0.66200013 1.01886495
vt 0.47077471 0.56895370
vt 0.25965144 0.74110919
f 400/2002/400 402/2003/402 407/2004/407
vt 0.25965144 0.74110919
vt 0.45743773 0.89897037
vt 0.66200013 1.01886495
f 407/2005/407 398/2006/398 400/2007/400
vt 0.79161852 0.20745860
vt 0.53336385 0.18725381
vt 0.83870435 0.57336964
f 406/2008/406 399/2009/399 404/2010/404
vt 0.83870435 0.57336964
vt 0.77339737 0.71935009
vt 0.79161852 0.20745860
f 404/2011/404 408/2012/408 406/2013/406
vt 0.79161852 0.20745860
vt 0.77339737 0.71935009
vt 0.53335356 0.42130615
f 406/2014/406 408/2015/408 403/2016/403
vt 0.47077471 0.56895370
vt 0.53336385 0.18725381
vt 0.24521839 0.29558556
f 402/2017/402 399/2018/399 405/2019/405
vt 0.24521839 0.29558556
vt 0.25965144 0.74110919
vt 0.47077471 0.56895370
f 405/2020/405 407/2021/407 402/2022/402
vt 0.24250198 0.44422116
vt 0.25965144 0.74110919
vt 0.24521839 0.29558556
f 401/2023/401 407/2024/407 405/2025/405
vt 0.53336385 0.18725381
vt 0.79161852 0.20745860
vt 0.38077854 0.11814944
f 399/2026/399 406/2027/406 397/2028/397
vt 0.38077854 0.11814944
vt 0.24521839 0.29558556
vt 0.53336385 0.18725381
f 397/2029/397 405/2030/405 399/2031/399
vt 0.38077854 0.11814944
vt 0.79161852 0.20745860
vt 0.53335356 0.42130615
f 397/2032/397 406/2033/406 403/2034/403
vt 0.38077854 0.11814944
vt 0.53335356 0.42130615
vt 0.24250198 0.44422116
f 397/2035/397 403/2036/403 401/2037/401
vt 0.24250198 0.44422116
vt 0.24521839 0.29558556
vt 0.38077854 0.11814944
f 401/2038/401 405/2039/405 397/2040/397
g foliage_spray_024
usemtl foliage
s 1
v 0.70279869 -0.22490110 0.34000566
v 0.75860970 -0.18905524 0.57470718
v 0.63994933 -0.08315283 0.35958572
v 0.70982832 -0.05625999 0.62540674
v 0.63740402 -0.30871226 0.45712565
v 0.55586430 -0.08081489 0.49987205
v 0.83676476 -0.19569970 0.46231675
v 0.76160467 -0.00849069 0.49797720
v 0.56485915 -0.19997230 0.42542017
v 0.81927608 -0.09622181 0.42543925
v 0.54010021 -0.21006892 0.55961958
v 0.90000000 -0.06330283 0.55424798
vn 0.17123829 -0.37093185 -0.91273600
vn 0.27100752 -0.59840774 0.75396492
vn -0.23112365 0.58306651 -0.77885513
vn -0.14443698 0.40072436 0.90474192
vn 0.02888640 -0.99594632 0.08518514
vn -0.69894361 0.71268541 0.05964352
vn 0.72106619 -0.68323622 -0.11511652
vn 0.00618155 0.99003108 -0.14071338
vn -0.80537916 -0.21075574 -0.55402746
vn 0.55438839 0.36129656 -0.74974550
vn -0.54663887 -0.38374052 0.74426418
vn 0.85789452 0.21442408 0.46694679
vt 1.09764659 0.80315224
vt 1.33329307 0.41404315
vt 0.62682415 0.86043099
f 419/2041/419 413/2042/413 410/2043/410
vt 0.33329307 0.41404315
vt 0.49166327 -0.03059244
vt 0.81609695 0.43375072
f 413/2044/413 409/2045/409 415/2046/415
vt 0.96923753 0.78275942
vt 0.62682415 0.86043099
vt 0.81609695 0.43375072
f 420/2047/420 410/2048/410 415/2049/415
vt 0.81609695 0.43375072
vt 0.62682415 0.86043099
vt 0.33329307 0.41404315
f 415/2050/415 410/2051/410 413/2052/413
vt 0.49166327 -0.03059244
vt 0.33945721 0.04374150
vt 0.77374357 0.29374855
f 409/2053/409 411/2054/411 418/2055/418
vt 0.96923753 0.78275942
vt 0.81609695 0.43375072
vt 0.77374357 0.29374855
f 420/2056/420 415/2057/415 418/2058/418
vt 0.77374357 0.29374855
vt 0.81609695 0.43375072
vt 0.49166327 -0.03059244
f 418/2059/418 415/2060/415 409/2061/409
vt 0.15760679 0.29367613
vt 0.33329307 0.41404315
vt 0.09764659 0.80315224
f 417/2062/417 413/2063/413 419/2064/419
vt 0.09764659 0.80315224
vt 0.13582344 0.57632606
vt 0.15760679 0.29367613
f 419/2065/419 414/2066/414 417/2067/417
vt 0.15760679 0.29367613
vt 0.13582344 0.57632606
vt 0.33945721 0.04374150
f 417/2068/417 414/2069/414 411/2070/411
vt 0.15760679 0.29367613
vt 0.49166327 -0.03059244
vt 0.33329307 0.41404315
f 417/2071/417 409/2072/409 413/2073/413
vt 0.15760679 0.29367613
vt 0.33945721 0.04374150
vt 0.49166327 -0.03059244
f 417/2074/417 411/2075/411 409/2076/409
vt 1.09764659 0.80315224
vt 0.62682415 0.86043099
vt 0.50868734 1.05290733
f 419/2077/419 410/2078/410 412/2079/412
vt 0.50868734 1.05290733
vt 0.62682415 0.86043099
vt 0.96923753 0.78275942
f 412/2080/412 410/2081/410 420/2082/420
vt 0.50868734 1.05290733
vt 0.13582344 0.57632606
vt 0.09764659 0.80315224
f 412/2083/412 414/2084/414 419/2085/419
vt 0.33945721 0.04374150
vt 0.13582344 0.57632606
vt 0.63407724 0.56913244
f 411/2086/411 414/2087/414 416/2088/416
vt 0.13582344 0.57632606
vt 0.50868734 1.05290733
vt 0.63407724 0.56913244
f 414/2089/414 412/2090/412 416/2091/416
vt 0.63407724 0.56913244
vt 0.50868734 1.05290733
vt 0.96923753 0.78275942
f 416/2092/416 412/2093/412 420/2094/420
vt 0.96923753 0.78275942
vt 0.77374357 0.29374855
vt 0.63407724 0.56913244
f 420/2095/420 418/2096/418 416/2097/416
vt 0.63407724 0.56913244
vt 0.77374357 0.29374855
vt 0.33945721 0.04374150
f 416/2098/416 418/2099/418 411/2100/411
g stem_10
usemtl wood
s 1
v -0.03263027 0.00460123 0.05168154
v -0.01806837 -0.01518510 0.04601480
v -0.00229587 -0.01518510 0.02167810
v -0.00108527 0.00460123 0.00300813
v -0.01564716 0.02438756 0.00867487
v -0.03141967 0.02438756 0.03301157
v 0.23183663 0.14068438 0.29455096
v 0.24100524 0.12822631 0.29098302
v 0.25093607 0.12822631 0.27565991
v 0.25169830 0.14068438 0.26390474
v 0.24252970 0.15314244 0.26747269
v 0.23259887 0.15314244 0.28279580
vn -0.70387681 -0.00407693 0.71031036
vn -0.07905129 -0.86706676 0.49188019
vn 0.48504164 -0.85128622 -0.20011592
vn 0.67058639 -0.01744496 -0.74162630
vn 0.04320396 0.85355325 -0.51921120
vn -0.63917513 0.76272660 0.09850528
vn -0.66112377 0.02336048 0.74991309
vn 0.03754583 -0.81635891 0.57632320
vn 0.60500715 -0.78666067 -0.12300952
vn 0.72932825 0.02136504 -0.68383027
vn 0.10750056 0.87646340 -0.46931390
vn -0.53448841 0.82793390 0.16984581
vt 0.33333333 0.00000000
vt 0.50000000 0.00000000
vt 0.33333333 1.00000000
f 423/2101/423 424/2102/424 429/2103/429
vt 0.33333333 1.00000000
vt 0.50000000 0.00000000
vt 0.50000000 1.00000000
f 429/2104/429 424/2105/424 430/2106/430
vt 0.33333333 1.00000000
vt 0.16666667 0.00000000
vt 0.33333333 0.00000000
f 429/2107/429 422/2108/422 423/2109/423
vt 0.16666667 1.00000000
vt 0.16666667 0.00000000
vt 0.33333333 1.00000000
f 428/2110/428 422/2111/422 429/2112/429
vt 0.00000000 1.00000000
vt 0.16666667 0.00000000
vt 0.16666667 1.00000000
f 427/2113/427 422/2114/422 428/2115/428
vt 0.00000000 0.00000000
vt 0.16666667 0.00000000
vt 0.00000000 1.00000000
f 421/2116/421 422/2117/422 427/2118/427
vt 0.16666667 1.00000000
vt 0.33333333 1.00000000
vt 0.66666667 1.00000000
f 428/2119/428 429/2120/429 431/2121/431
vt 0.66666667 1.00000000
vt 0.33333333 1.00000000
vt 0.50000000 1.00000000
f 431/2122/431 429/2123/429 430/2124/430
vt 0.66666667 1.00000000
vt 1.00000000 1.00000000
vt 1.16666667 1.00000000
f 431/2125/431 427/2126/427 428/2127/428
vt 0.83333333 1.00000000
vt 1.00000000 1.00000000
vt 0.66666667 1.00000000
f 432/2128/432 427/2129/427 431/2130/431
vt 0.50000000 1.00000000
vt 0.50000000 0.00000000
vt 0.66666667 1.00000000
f 430/2131/430 424/2132/424 431/2133/431
vt 0.50000000 0.00000000
vt 0.66666667 0.00000000
vt 0.66666667 1.00000000
f 424/2134/424 425/2135/425 431/2136/431
vt 0.83333333 0.00000000
vt 1.16666667 0.00000000
vt 1.00000000 0.00000000
f 426/2137/426 422/2138/422 421/2139/421
vt 0.83333333 0.00000000
vt 0.66666667 0.00000000
vt 0.50000000 0.00000000
f 426/2140/426 425/2141/425 424/2142/424
vt 0.83333333 0.00000000
vt 0.50000000 0.00000000
vt 0.33333333 0.00000000
f 426/2143/426 424/2144/424 423/2145/423
vt 1.33333333 0.00000000
vt 1.16666667 0.00000000
vt 0.83333333 0.00000000
f 423/2146/423 422/2147/422 426/2148/426
vt 0.83333333 0.00000000
vt 1.00000000 1.00000000
vt 0.83333333 1.00000000
f 426/2149/426 427/2150/427 432/2151/432
vt 1.00000000 0.00000000
vt 1.00000000 1.00000000
vt 0.83333333 0.00000000
f 421/2152/421 427/2153/427 426/2154/426
vt 0.83333333 1.00000000
vt 0.66666667 1.00000000
vt 0.83333333 0.00000000
f 432/2155/432 431/2156/431 426/2157/426
vt 0.83333333 0.00000000
vt 0.66666667 1.00000000
vt 0.66666667 0.00000000
f 426/2158/426 431/2159/431 425/2160/425
g stem_11
usemtl wood
s 1
v 0.23297587 0.14068438 0.29692629
v 0.24088395 0.12694680 0.29069894
v 0.24967555 0.12694680 0.27300050
v 0.25055907 0.14068438 0.26152942
v 0.24265099 0.15442195 0.26775677
v 0.23385939 0.15442195 0.28545520
v 0.60001074 0.26170839 0.55473886
v 0.60264677 0.25712919 0.55266308
v 0.60557730 0.25712919 0.54676360
v 0.60587181 0.26170839 0.54293990
v 0.60323578 0.26628758 0.54501569
v 0.60030525 0.26628758 0.55091516
vn -0.58884688 0.00370486 0.80823612
vn -0.08108108 -0.88774933 0.45313021
vn 0.40309543 -0.89200919 -0.20453282
vn 0.58344785 -0.00582833 -0.81212969
vn 0.05961669 0.88307551 -0.46542830
vn -0.49257271 0.85577590 0.15817629
vn -0.56006058 0.01489728 0.82831770
vn -0.02711930 -0.87495333 0.48344722
vn 0.59949430 -0.65939507 -0.45365705
vn 0.62419810 0.01049415 -0.78119562
vn 0.08375044 0.88829196 -0.45157862
vn -0.55300445 0.68042362 0.48084278
vt 0.83333333 0.00000000
vt 1.33333333 0.00000000
vt 1.16666667 0.00000000
f 438/2161/438 435/2162/435 434/2163/434
vt 0.83333333 0.00000000
vt 1.16666667 0.00000000
vt 1.00000000 0.00000000
f 438/2164/438 434/2165/434 433/2166/433
vt 0.83333333 0.00000000
vt 0.66666667 0.00000000
vt 0.50000000 0.00000000
f 438/2167/438 437/2168/437 436/2169/436
vt 0.50000000 0.00000000
vt 0.33333333 0.00000000
vt 0.83333333 0.00000000
f 436/2170/436 435/2171/435 438/2172/438
vt 0.33333333 1.00000000
vt 0.33333333 0.00000000
vt 0.50000000 0.00000000
f 441/2173/441 435/2174/435 436/2175/436
vt 0.33333333 1.00000000
vt 0.50000000 0.00000000
vt 0.50000000 1.00000000
f 441/2176/441 436/2177/436 442/2178/442
vt 0.83333333 1.00000000
vt 0.83333333 0.00000000
vt 1.00000000 0.00000000
f 444/2179/444 438/2180/438 433/2181/433
vt 1.00000000 0.00000000
vt 1.00000000 1.00000000
vt 0.83333333 1.00000000
f 433/2182/433 439/2183/439 444/2184/444
vt 0.00000000 0.00000000
vt 0.16666667 0.00000000
vt 0.16666667 1.00000000
f 433/2185/433 434/2186/434 440/2187/440
vt 0.16666667 1.00000000
vt 0.00000000 1.00000000
vt 0.00000000 0.00000000
f 440/2188/440 439/2189/439 433/2190/433
vt 0.16666667 0.00000000
vt 0.33333333 0.00000000
vt 0.16666667 1.00000000
f 434/2191/434 435/2192/435 440/2193/440
vt 0.33333333 0.00000000
vt 0.33333333 1.00000000
vt 0.16666667 1.00000000
f 435/2194/435 441/2195/441 440/2196/440
vt 0.66666667 1.00000000
vt 0.33333333 1.00000000
vt 0.50000000 1.00000000
f 443/2197/443 441/2198/441 442/2199/442
vt 1.00000000 1.00000000
vt 1.16666667 1.00000000
vt 0.66666667 1.00000000
f 439/2200/439 440/2201/440 443/2202/443
vt 0.66666667 1.00000000
vt 0.83333333 1.00000000
vt 1.00000000 1.00000000
f 443/2203/443 444/2204/444 439/2205/439
vt 0.66666667 1.00000000
vt 0.16666667 1.00000000
vt 0.33333333 1.00000000
f 443/2206/443 440/2207/440 441/2208/441
vt 0.50000000 0.00000000
vt 0.66666667 0.00000000
vt 0.66666667 1.00000000
f 436/2209/436 437/2210/437 443/2211/443
vt 0.50000000 1.00000000
vt 0.50000000 0.00000000
vt 0.66666667 1.00000000
f 442/2212/442 436/2213/436 443/2214/443
vt 0.66666667 0.00000000
vt 0.83333333 0.00000000
vt 0.66666667 1.00000000
f 437/2215/437 438/2216/438 443/2217/443
vt 0.83333333 0.00000000
vt 0.83333333 1.00000000
vt 0.66666667 1.00000000
f 438/2218/438 444/2219/444 443/2220/443
g foliage_spray_025
usemtl foliage
s 1
v 0.33185308 0.14261140 0.28430066
v 0.38735906 0.12706046 0.45292251
v 0.34377837 0.25425816 0.27267502
v 0.42246183 0.24346245 0.50702652
v 0.24449710 0.11891661 0.35780564
v 0.28221638 0.28578121 0.38890023
v 0.44470782 0.09157759 0.35996329
v 0.52382967 0.26374483 0.39345871
v 0.16092538 0.22386309 0.31128005
v 0.54816774 0.14759226 0.30592976
v 0.21890696 0.21244310 0.42970638
v 0.60519009 0.13636120 0.44485091
vn -0.09937306 -0.50392416 -0.85801249
vn -0.14930290 -0.68274290 0.71524176
vn 0.09600547 0.61055975 -0.78612959
vn 0.03371194 0.39289027 0.91896722
vn -0.44024901 -0.89398230 0.08352522
vn -0.14799075 0.98264260 0.11185825
vn 0.06118859 -0.99218986 -0.10869792
vn 0.44426370 0.88916250 -0.10963493
vn -0.75988879 0.20730734 -0.61611095
vn 0.52093391 -0.08900152 -0.84894440
vn -0.58311628 -0.07021037 0.80934907
vn 0.66212581 -0.43506103 0.61017318
vt 0.04593383 0.24239290
vt 0.31166780 0.56328714
vt 0.44654269 0.08279351
f 453/2221/453 450/2222/450 447/2223/447
vt 0.84101338 0.58213261
vt 1.44654269 0.08279351
vt 1.31166780 0.56328714
f 452/2224/452 447/2225/447 450/2226/450
vt 0.17296449 0.73198630
vt 0.31166780 0.56328714
vt 0.04593383 0.24239290
f 455/2227/455 450/2228/450 453/2229/453
vt 0.04593383 0.24239290
vt 0.44654269 0.08279351
vt 0.42041581 0.13085578
f 453/2230/453 447/2231/447 445/2232/445
vt 0.61892867 1.05164014
vt 0.84101338 0.58213261
vt 1.31166780 0.56328714
f 448/2233/448 452/2234/452 450/2235/450
vt 0.31166780 0.56328714
vt 0.17296449 0.73198630
vt 0.61892867 1.05164014
f 450/2236/450 455/2237/455 448/2238/448
vt 1.01926427 0.79459619
vt 0.84101338 0.58213261
vt 0.61892867 1.05164014
f 456/2239/456 452/2240/452 448/2241/448
vt 0.89433517 0.22027393
vt 0.42041581 0.13085578
vt 0.44654269 0.08279351
f 454/2242/454 445/2243/445 447/2244/447
vt 0.89433517 0.22027393
vt 0.84101338 0.58213261
vt 1.01926427 0.79459619
f 454/2245/454 452/2246/452 456/2247/456
vt 0.44654269 0.08279351
vt 0.84101338 0.58213261
vt 0.89433517 0.22027393
f 447/2248/447 452/2249/452 454/2250/454
vt 0.22902941 0.43473710
vt 0.17296449 0.73198630
vt 0.04593383 0.24239290
f 449/2251/449 455/2252/455 453/2253/453
vt 0.04593383 0.24239290
vt 0.42041581 0.13085578
vt 0.22902941 0.43473710
f 453/2254/453 445/2255/445 449/2256/449
vt 1.01926427 0.79459619
vt 0.61892867 1.05164014
vt 0.54202273 0.82796549
f 456/2257/456 448/2258/448 446/2259/446
vt 0.54202273 0.82796549
vt 0.61892867 1.05164014
vt 0.17296449 0.73198630
f 446/2260/446 448/2261/448 455/2262/455
vt 0.17296449 0.73198630
vt 0.22902941 0.43473710
vt 0.54202273 0.82796549
f 455/2263/455 449/2264/449 446/2265/446
vt 0.66766696 0.44365721
vt 0.89433517 0.22027393
vt 1.01926427 0.79459619
f 451/2266/451 454/2267/454 456/2268/456
vt 1.01926427 0.79459619
vt 0.54202273 0.82796549
vt 0.66766696 0.44365721
f 456/2269/456 446/2270/446 451/2271/451
vt 0.66766696 0.44365721
vt 0.54202273 0.82796549
vt 0.22902941 0.43473710
f 451/2272/451 446/2273/446 449/2274/449
vt 0.42041581 0.13085578
vt 0.89433517 0.22027393
vt 0.66766696 0.44365721
f 445/2275/445 454/2276/454 451/2277/451
vt 0.66766696 0.44365721
vt 0.22902941 0.43473710
vt 0.42041581 0.13085578
f 451/2278/451 449/2279/449 445/2280/445
g foliage_spray_026
usemtl foliage
s 1
v 0.46286667 0.14681322 0.28908274
v 0.49359401 0.20292806 0.52027514
v 0.37358198 0.20670109 0.32526357
v 0.40635280 0.25728866 0.54242843
v 0.44465907 0.09250733 0.40622865
v 0.28010211 0.15319622 0.44441670
v 0.54921652 0.24395880 0.40522450
v 0.42155925 0.31872209 0.43823817
v 0.31321598 0.02163293 0.34316904
v 0.51171030 0.32472462 0.35751260
v 0.34291334 0.06697943 0.49640416
v 0.52011345 0.33755585 0.47932532
vn 0.47524104 -0.28634651 -0.83195650
vn 0.63419801 -0.38809346 0.66871246
vn -0.58567942 0.43033696 -0.68686950
vn -0.38964644 0.32377519 0.86217474
vn 0.66694260 -0.73956233 0.09074758
vn -0.94641488 0.31372169 0.07666540
vn 0.96140446 -0.26967114 -0.05457964
vn -0.60982956 0.78845090 -0.08033106
vn -0.45776541 -0.68179380 -0.57062075
vn 0.18577043 0.66351252 -0.72473477
vn -0.09224677 -0.63832430 0.76422027
vn 0.53130511 0.66217533 0.52843043
vt 0.77152638 0.43802882
vt 0.56945034 0.01208073
vt 0.68375428 0.26304617
f 463/2281/463 457/2282/457 466/2283/466
vt 0.14174449 0.58176560
vt 0.21923762 0.21044141
vt 0.28873542 0.77242877
f 462/2284/462 465/2285/465 467/2286/467
vt 0.36050622 0.14477337
vt 0.68375428 0.26304617
vt 0.56945034 0.01208073
f 459/2287/459 466/2288/466 457/2289/457
vt 0.36050622 0.14477337
vt 0.21923762 0.21044141
vt 0.14174449 0.58176560
f 459/2290/459 465/2291/465 462/2292/462
vt 0.36050622 0.14477337
vt 0.56945034 0.01208073
vt 0.21923762 0.21044141
f 459/2293/459 457/2294/457 465/2295/465
vt 0.52684089 0.44171152
vt 0.56945034 0.01208073
vt 0.77152638 0.43802882
f 461/2296/461 457/2297/457 463/2298/463
vt 0.21923762 0.21044141
vt 0.56945034 0.01208073
vt 0.52684089 0.44171152
f 465/2299/465 457/2300/457 461/2301/461
vt 0.52684089 0.44171152
vt 0.28873542 0.77242877
vt 0.21923762 0.21044141
f 461/2302/461 467/2303/467 465/2304/465
vt 0.14174449 0.58176560
vt 0.28873542 0.77242877
vt 0.43719653 0.94122207
f 462/2305/462 467/2306/467 460/2307/460
vt 0.64135851 0.85997523
vt 0.52684089 0.44171152
vt 0.77152638 0.43802882
f 458/2308/458 461/2309/461 463/2310/463
vt 0.28873542 0.77242877
vt 0.52684089 0.44171152
vt 0.64135851 0.85997523
f 467/2311/467 461/2312/461 458/2313/458
vt 0.64135851 0.85997523
vt 0.43719653 0.94122207
vt 0.28873542 0.77242877
f 458/2314/458 460/2315/460 467/2316/467
vt 0.14174449 0.58176560
vt 0.43719653 0.94122207
vt 0.47278268 0.55910594
f 462/2317/462 460/2318/460 464/2319/464
vt 0.47278268 0.55910594
vt 0.36050622 0.14477337
vt 0.14174449 0.58176560
f 464/2320/464 459/2321/459 462/2322/462
vt 0.68375428 0.26304617
vt 0.36050622 0.14477337
vt 0.47278268 0.55910594
f 466/2323/466 459/2324/459 464/2325/464
vt 0.43719653 0.94122207
vt 0.64135851 0.85997523
vt 0.70341935 0.70979242
f 460/2326/460 458/2327/458 468/2328/468
vt 0.68375428 0.26304617
vt 0.47278268 0.55910594
vt 0.70341935 0.70979242
f 466/2329/466 464/2330/464 468/2331/468
vt 0.70341935 0.70979242
vt 0.47278268 0.55910594
vt 0.43719653 0.94122207
f 468/2332/468 464/2333/464 460/2334/460
vt 0.77152638 0.43802882
vt 0.68375428 0.26304617
vt 0.70341935 0.70979242
f 463/2335/463 466/2336/466 468/2337/468
vt 0.70341935 0.70979242
vt 0.64135851 0.85997523
vt 0.77152638 0.43802882
f 468/2338/468 458/2339/458 463/2340/463
g foliage_spray_027
usemtl foliage
s 1
v 0.43707276 0.15817015 0.35612103
v 0.50885529 0.16251595 0.53232807
v 0.46746664 0.30529808 0.37706013
v 0.52864288 0.27032250 0.54151975
v 0.36642936 0.15068650 0.45198612
v 0.41728871 0.32296870 0.47666892
v 0.59730589 0.08166036 0.44879712
v 0.64264545 0.31370079 0.48142381
v 0.32107350 0.25765503 0.42188940
v 0.65199702 0.19247669 0.41386755
v 0.30969242 0.25989663 0.52312011
v 0.69874905 0.18326847 0.51829650
vn -0.09538476 -0.34205983 -0.93482449
vn -0.10342724 -0.49983470 0.85992330
vn 0.07912926 0.56248206 -0.82301427
vn 0.05311011 0.33623869 0.94027807
vn -0.51479404 -0.84121567 0.16535809
vn -0.16636253 0.96757819 0.19004197
vn 0.12877249 -0.98984119 -0.06026658
vn 0.47338676 0.88024718 -0.03270893
vn -0.72603781 0.28141923 -0.62743312
vn 0.52127232 0.01685132 -0.85322401
vn -0.49789112 0.02142674 0.86697481
vn 0.61770057 -0.21459261 0.75656858
vt 0.53951927 0.82950190
vt 0.73504015 0.41911989
vt 0.95928120 0.76056577
f 470/2341/470 475/2342/475 480/2343/480
vt 1.22468540 0.43478724
vt 1.38084329 -0.03619157
vt 0.73504015 0.41911989
f 473/2344/473 469/2345/469 475/2346/475
vt 0.22468540 0.43478724
vt 0.53951927 0.82950190
vt 0.09926786 0.78426384
f 473/2347/473 470/2348/470 479/2349/479
vt 0.73504015 0.41911989
vt 0.53951927 0.82950190
vt 1.22468540 0.43478724
f 475/2350/475 470/2351/470 473/2352/473
vt 0.12442584 0.28692407
vt 0.44802926 0.06668083
vt 0.38084329 -0.03619157
f 477/2353/477 471/2354/471 469/2355/469
vt 0.12442584 0.28692407
vt 0.22468540 0.43478724
vt 0.09926786 0.78426384
f 477/2356/477 473/2357/473 479/2358/479
vt 0.38084329 -0.03619157
vt 0.22468540 0.43478724
vt 0.12442584 0.28692407
f 469/2359/469 473/2360/473 477/2361/477
vt 0.95928120 0.76056577
vt 0.83526367 0.57941267
vt 0.58325990 0.87466004
f 480/2362/480 476/2363/476 472/2364/472
vt 0.09926786 0.78426384
vt 0.53951927 0.82950190
vt 0.58325990 0.87466004
f 479/2365/479 470/2366/470 472/2367/472
vt 0.58325990 0.87466004
vt 0.53951927 0.82950190
vt 0.95928120 0.76056577
f 472/2368/472 470/2369/470 480/2370/480
vt 0.33711048 0.55605222
vt 0.83526367 0.57941267
vt 0.44802926 0.06668083
f 474/2371/474 476/2372/476 471/2373/471
vt 0.33711048 0.55605222
vt 0.12442584 0.28692407
vt 0.09926786 0.78426384
f 474/2374/474 477/2375/477 479/2376/479
vt 0.44802926 0.06668083
vt 0.12442584 0.28692407
vt 0.33711048 0.55605222
f 471/2377/471 477/2378/477 474/2379/474
vt 0.09926786 0.78426384
vt 0.58325990 0.87466004
vt 0.33711048 0.55605222
f 479/2380/479 472/2381/472 474/2382/474
vt 0.33711048 0.55605222
vt 0.58325990 0.87466004
vt 0.83526367 0.57941267
f 474/2383/474 472/2384/472 476/2385/476
vt 0.44802926 0.06668083
vt 0.83526367 0.57941267
vt 0.85593539 0.24751324
f 471/2386/471 476/2387/476 478/2388/478
vt 0.73504015 0.41911989
vt 0.38084329 -0.03619157
vt 0.85593539 0.24751324
f 475/2389/475 469/2390/469 478/2391/478
vt 0.38084329 -0.03619157
vt 0.44802926 0.06668083
vt 0.85593539 0.24751324
f 469/2392/469 471/2393/471 478/2394/478
vt 0.95928120 0.76056577
vt 0.73504015 0.41911989
vt 0.85593539 0.24751324
f 480/2395/480 475/2396/475 478/2397/478
vt 0.85593539 0.24751324
vt 0.83526367 0.57941267
vt 0.95928120 0.76056577
f 478/2398/478 476/2399/476 480/2400/480
g foliage_spray_028
usemtl foliage
s 1
v 0.58682645 0.18775859 0.40007775
v 0.60895286 0.23426415 0.58632516
v 0.48888353 0.25279819 0.43086630
v 0.51446471 0.29383788 0.60601469
v 0.57932956 0.12755691 0.49369122
v 0.40683296 0.21837191 0.52571441
v 0.68718383 0.26811425 0.49150958
v 0.51906527 0.35627200 0.52268815
v 0.46344482 0.11327449 0.45200232
v 0.61784753 0.34904032 0.45130423
v 0.46617089 0.11743707 0.57665812
v 0.64996532 0.39808270 0.57528922
vn 0.31514572 -0.22234414 -0.92263007
vn 0.50872663 -0.34267762 0.78979065
vn -0.50654249 0.34599046 -0.78975015
vn -0.33157742 0.24063119 0.91222423
vn 0.57543762 -0.81164256 0.10053806
vn -0.97333793 0.21947774 0.06665435
vn 0.97377891 -0.20594555 -0.09664920
vn -0.57596289 0.80818487 -0.12289824
vn -0.48439732 -0.63327159 -0.60359451
vn 0.17107354 0.60586869 -0.77695365
vn -0.18822569 -0.60793012 0.77135728
vn 0.47624335 0.66366226 0.57684025
vt 0.67915235 0.26898042
vt 0.76244394 0.77066623
vt 0.85896333 0.43166508
f 490/2401/490 492/2402/492 487/2403/487
vt 0.85896333 0.43166508
vt 0.59870485 0.06170051
vt 0.67915235 0.26898042
f 487/2404/487 481/2405/481 490/2406/490
vt 0.13192476 0.57006953
vt 0.28580678 0.77620529
vt 0.41104797 0.89499204
f 486/2407/486 491/2408/491 484/2409/484
vt 0.85896333 0.43166508
vt 0.76244394 0.77066623
vt 0.65608565 0.81532145
f 487/2410/487 492/2411/492 482/2412/482
vt 0.76244394 0.77066623
vt 0.41104797 0.89499204
vt 0.65608565 0.81532145
f 492/2413/492 484/2414/484 482/2415/482
vt 0.65608565 0.81532145
vt 0.41104797 0.89499204
vt 0.28580678 0.77620529
f 482/2416/482 484/2417/484 491/2418/491
vt 0.27873724 0.27180513
vt 0.28580678 0.77620529
vt 0.13192476 0.57006953
f 489/2419/489 491/2420/491 486/2421/486
vt 0.57926306 0.44049274
vt 0.59870485 0.06170051
vt 0.85896333 0.43166508
f 485/2422/485 481/2423/481 487/2424/487
vt 0.85896333 0.43166508
vt 0.65608565 0.81532145
vt 0.57926306 0.44049274
f 487/2425/487 482/2426/482 485/2427/485
vt 0.57926306 0.44049274
vt 0.65608565 0.81532145
vt 0.28580678 0.77620529
f 485/2428/485 482/2429/482 491/2430/491
vt 0.57926306 0.44049274
vt 0.27873724 0.27180513
vt 0.59870485 0.06170051
f 485/2431/485 489/2432/489 481/2433/481
vt 0.28580678 0.77620529
vt 0.27873724 0.27180513
vt 0.57926306 0.44049274
f 491/2434/491 489/2435/489 485/2436/485
vt 0.76244394 0.77066623
vt 0.67915235 0.26898042
vt 0.42297867 0.55782427
f 492/2437/492 490/2438/490 488/2439/488
vt 0.13192476 0.57006953
vt 0.41104797 0.89499204
vt 0.42297867 0.55782427
f 486/2440/486 484/2441/484 488/2442/488
vt 0.42297867 0.55782427
vt 0.41104797 0.89499204
vt 0.76244394 0.77066623
f 488/2443/488 484/2444/484 492/2445/492
vt 0.34470786 0.18628156
vt 0.67915235 0.26898042
vt 0.59870485 0.06170051
f 483/2446/483 490/2447/490 481/2448/481
vt 0.34470786 0.18628156
vt 0.27873724 0.27180513
vt 0.13192476 0.57006953
f 483/2449/483 489/2450/489 486/2451/486
vt 0.59870485 0.06170051
vt 0.27873724 0.27180513
vt 0.34470786 0.18628156
f 481/2452/481 489/2453/489 483/2454/483
vt 0.13192476 0.57006953
vt 0.42297867 0.55782427
vt 0.34470786 0.18628156
f 486/2455/486 488/2456/488 483/2457/483
vt 0.34470786 0.18628156
vt 0.42297867 0.55782427
vt 0.67915235 0.26898042
f 483/2458/483 488/2459/488 490/2460/490
g foliage_spray_029
usemtl foliage
s 1
v 0.55873187 0.21560574 0.44208564
v 0.62331163 0.20809090 0.62708396
v 0.58271662 0.31494235 0.47115447
v 0.64969774 0.31046717 0.66174359
v 0.50137609 0.21352444 0.53621226
v 0.51507870 0.35936057 0.56371807
v 0.69828965 0.15573634 0.53269304
v 0.71732410 0.31597321 0.56306007
v 0.38940254 0.30376674 0.48693245
v 0.76009150 0.23075625 0.49187461
v 0.44899717 0.29202905 0.60464198
v 0.77910069 0.22701222 0.59990969
vn -0.09794715 -0.46095482 -0.88200171
vn -0.13678467 -0.67159942 0.72817867
vn 0.14106477 0.66683133 -0.73173541
vn 0.09940001 0.44277028 0.89110836
vn -0.44354350 -0.88772402 0.12335000
vn -0.07058685 0.99478963 0.07356013
vn 0.07017557 -0.99581695 -0.05851493
vn 0.45219572 0.88455551 -0.11437038
vn -0.74319243 0.23755492 -0.62548595
vn 0.57260566 0.09076923 -0.81479059
vn -0.56422291 -0.10688752 0.81867427
vn 0.72983629 -0.26099552 0.63183885
vt 0.94674350 0.75345270
vt 0.74180521 0.41986863
vt 0.89853584 0.21729414
f 504/2461/504 499/2462/499 502/2463/502
vt 1.38788414 -0.02979951
vt 0.89853584 0.21729414
vt 0.74180521 0.41986863
f 493/2464/493 502/2465/502 499/2466/499
vt 0.44870992 0.11446385
vt 0.38788414 -0.02979951
vt -0.04153811 0.19276711
f 495/2467/495 493/2468/493 501/2469/501
vt 0.89853584 0.21729414
vt 1.38788414 -0.02979951
vt 1.44870992 0.11446385
f 502/2470/502 493/2471/493 495/2472/495
vt 0.79007694 0.57057469
vt 0.61857526 1.06032317
vt 0.94674350 0.75345270
f 500/2473/500 496/2474/496 504/2475/504
vt 0.94674350 0.75345270
vt 0.89853584 0.21729414
vt 0.79007694 0.57057469
f 504/2476/504 502/2477/502 500/2478/500
vt 0.89853584 0.21729414
vt 0.44870992 0.11446385
vt 0.79007694 0.57057469
f 502/2479/502 495/2480/495 500/2481/500
vt 0.24242885 0.43733386
vt 0.10959496 0.77693819
vt -0.04153811 0.19276711
f 497/2482/497 503/2483/503 501/2484/501
vt -0.04153811 0.19276711
vt 0.38788414 -0.02979951
vt 0.24242885 0.43733386
f 501/2485/501 493/2486/493 497/2487/497
vt 0.24242885 0.43733386
vt 0.38788414 -0.02979951
vt 0.74180521 0.41986863
f 497/2488/497 493/2489/493 499/2490/499
vt 0.61857526 1.06032317
vt 1.10959496 0.77693819
vt 0.55165959 0.88831368
f 496/2491/496 503/2492/503 494/2493/494
vt 0.55165959 0.88831368
vt 0.74180521 0.41986863
vt 0.94674350 0.75345270
f 494/2494/494 499/2495/499 504/2496/504
vt 0.94674350 0.75345270
vt 0.61857526 1.06032317
vt 0.55165959 0.88831368
f 504/2497/504 496/2498/496 494/2499/494
vt 0.55165959 0.88831368
vt 0.24242885 0.43733386
vt 0.74180521 0.41986863
f 494/2500/494 497/2501/497 499/2502/499
vt 0.10959496 0.77693819
vt 0.24242885 0.43733386
vt 0.55165959 0.88831368
f 503/2503/503 497/2504/497 494/2505/494
vt 0.27717891 0.57384026
vt 0.44870992 0.11446385
vt -0.04153811 0.19276711
f 498/2506/498 495/2507/495 501/2508/501
vt -0.04153811 0.19276711
vt 0.10959496 0.77693819
vt 0.27717891 0.57384026
f 501/2509/501 503/2510/503 498/2511/498
vt 1.27717891 0.57384026
vt 1.10959496 0.77693819
vt 0.61857526 1.06032317
f 498/2512/498 503/2513/503 496/2514/496
vt 0.61857526 1.06032317
vt 0.79007694 0.57057469
vt 1.27717891 0.57384026
f 496/2515/496 500/2516/500 498/2517/498
vt 1.27717891 0.57384026
vt 0.79007694 0.57057469
vt 1.44870992 0.11446385
f 498/2518/498 500/2519/500 495/2520/495
g stem_12
usemtl wood
s 1
v -0.04056794 0.00460123 0.03835893
v -0.02415659 -0.01280367 0.04759141
v -0.00044643 -0.01280367 0.03657731
v 0.00685240 0.00460123 0.01633074
v -0.00955895 0.02200613 0.00709826
v -0.03326911 0.02200613 0.01811236
v 0.06080783 0.18916744 0.33382242
v 0.07114090 0.17820880 0.33963546
v 0.08606952 0.17820880 0.33270066
v 0.09066508 0.18916744 0.31995282
v 0.08033201 0.20012608 0.31413978
v 0.06540338 0.20012608 0.32107458
vn -0.95742954 -0.00623239 0.28859979
vn -0.31685786 -0.78491912 0.53245006
vn 0.60124290 -0.78276388 0.16058544
vn 0.94577965 -0.02656024 -0.32372118
vn 0.30425474 0.76013319 -0.57413116
vn -0.68656638 0.65449854 -0.31663586
vn -0.93458842 0.05320865 0.35172905
vn -0.29316364 -0.73801047 0.60777926
vn 0.66890894 -0.68852094 0.28017804
vn 0.97458678 0.07697312 -0.21037051
vn 0.32010324 0.79123257 -0.52104215
vn -0.62998911 0.74812340 -0.20838689
vt 0.33333333 0.00000000
vt 0.50000000 0.00000000
vt 0.33333333 1.00000000
f 507/2521/507 508/2522/508 513/2523/513
vt 0.33333333 1.00000000
vt 0.50000000 0.00000000
vt 0.50000000 1.00000000
f 513/2524/513 508/2525/508 514/2526/514
vt 0.16666667 0.00000000
vt 0.33333333 0.00000000
vt 0.33333333 1.00000000
f 506/2527/506 507/2528/507 513/2529/513
vt 0.33333333 1.00000000
vt 0.16666667 1.00000000
vt 0.16666667 0.00000000
f 513/2530/513 512/2531/512 506/2532/506
vt 0.66666667 1.00000000
vt 0.50000000 0.00000000
vt 0.66666667 0.00000000
f 515/2533/515 508/2534/508 509/2535/509
vt 0.50000000 1.00000000
vt 0.50000000 0.00000000
vt 0.66666667 1.00000000
f 514/2536/514 508/2537/508 515/2538/515
vt 0.66666667 0.00000000
vt 0.50000000 0.00000000
vt 0.83333333 0.00000000
f 509/2539/509 508/2540/508 510/2541/510
vt 0.83333333 0.00000000
vt 1.16666667 0.00000000
vt 1.00000000 0.00000000
f 510/2542/510 506/2543/506 505/2544/505
vt 0.83333333 0.00000000
vt 1.33333333 0.00000000
vt 1.16666667 0.00000000
f 510/2545/510 507/2546/507 506/2547/506
vt 0.83333333 0.00000000
vt 0.50000000 0.00000000
vt 0.33333333 0.00000000
f 510/2548/510 508/2549/508 507/2550/507
vt 0.83333333 1.00000000
vt 0.66666667 1.00000000
vt 0.83333333 0.00000000
f 516/2551/516 515/2552/515 510/2553/510
vt 0.83333333 0.00000000
vt 0.66666667 1.00000000
vt 0.66666667 0.00000000
f 510/2554/510 515/2555/515 509/2556/509
vt 0.50000000 1.00000000
vt 0.66666667 1.00000000
vt 1.00000000 1.00000000
f 514/2557/514 515/2558/515 511/2559/511
vt 0.00000000 1.00000000
vt 0.33333333 1.00000000
vt 0.50000000 1.00000000
f 511/2560/511 513/2561/513 514/2562/514
vt 0.16666667 1.00000000
vt 0.33333333 1.00000000
vt 0.00000000 1.00000000
f 512/2563/512 513/2564/513 511/2565/511
vt 1.00000000 1.00000000
vt 0.66666667 1.00000000
vt 0.83333333 1.00000000
f 511/2566/511 515/2567/515 516/2568/516
vt 0.00000000 0.00000000
vt 0.16666667 0.00000000
vt 0.00000000 1.00000000
f 505/2569/505 506/2570/506 511/2571/511
vt 0.16666667 0.00000000
vt 0.16666667 1.00000000
vt 0.00000000 1.00000000
f 506/2572/506 512/2573/512 511/2574/511
vt 1.00000000 1.00000000
vt 0.83333333 0.00000000
vt 1.00000000 0.00000000
f 511/2575/511 510/2576/510 505/2577/505
vt 0.83333333 1.00000000
vt 0.83333333 0.00000000
vt 1.00000000 1.00000000
f 516/2578/516 510/2579/510 511/2580/511
g stem_13
usemtl wood
s 1
v 0.05965204 0.18916744 0.33326022
v 0.07019902 0.17727351 0.33957441
v 0.08628343 0.17727351 0.33320181
v 0.09182087 0.18916744 0.32051502
v 0.08127389 0.20106137 0.31420083
v 0.06518947 0.20106137 0.32057343
v 0.15620776 0.37189717 0.65457177
v 0.15972342 0.36793252 0.65667650
v 0.16508489 0.36793252 0.65455230
v 0.16693070 0.37189717 0.65032337
v 0.16341504 0.37586181 0.64821864
v 0.15805357 0.37586181 0.65034284
vn -0.96424976 0.00849703 0.26485885
vn -0.27167377 -0.82246691 0.49974147
vn 0.60390115 -0.77042885 0.20431052
vn 0.96262220 -0.01336015 -0.27051803
vn 0.26767532 0.81446967 -0.51477090
vn -0.66040190 0.67572941 -0.32750435
vn -0.95874828 0.02431744 0.28321442
vn -0.63290598 -0.56516093 0.52917212
vn 0.63920935 -0.71718460 0.27759261
vn 0.97601179 0.03373518 -0.21508818
vn 0.64451469 0.60264989 -0.47054640
vn -0.61107146 0.76084245 -0.21842720
vt 0.83333333 0.00000000
vt 1.33333333 0.00000000
vt 1.16666667 0.00000000
f 522/2581/522 519/2582/519 518/2583/518
vt 0.83333333 0.00000000
vt 1.16666667 0.00000000
vt 1.00000000 0.00000000
f 522/2584/522 518/2585/518 517/2586/517
vt 0.66666667 0.00000000
vt 0.50000000 0.00000000
vt 0.83333333 0.00000000
f 521/2587/521 520/2588/520 522/2589/522
vt 0.50000000 0.00000000
vt 0.33333333 0.00000000
vt 0.83333333 0.00000000
f 520/2590/520 519/2591/519 522/2592/522
vt 0.00000000 0.00000000
vt 0.16666667 0.00000000
vt 0.16666667 1.00000000
f 517/2593/517 518/2594/518 524/2595/524
vt 0.16666667 1.00000000
vt 0.00000000 1.00000000
vt 0.00000000 0.00000000
f 524/2596/524 523/2597/523 517/2598/517
vt 0.66666667 1.00000000
vt 0.50000000 0.00000000
vt 0.66666667 0.00000000
f 527/2599/527 520/2600/520 521/2601/521
vt 0.50000000 1.00000000
vt 0.50000000 0.00000000
vt 0.66666667 1.00000000
f 526/2602/526 520/2603/520 527/2604/527
vt 0.33333333 1.00000000
vt 0.33333333 0.00000000
vt 0.50000000 0.00000000
f 525/2605/525 519/2606/519 520/2607/520
vt 0.33333333 1.00000000
vt 0.50000000 0.00000000
vt 0.50000000 1.00000000
f 525/2608/525 520/2609/520 526/2610/526
vt 0.16666667 0.00000000
vt 0.33333333 0.00000000
vt 0.33333333 1.00000000
f 518/2611/518 519/2612/519 525/2613/525
vt 0.33333333 1.00000000
vt 0.16666667 1.00000000
vt 0.16666667 0.00000000
f 525/2614/525 524/2615/524 518/2616/518
vt 1.00000000 1.00000000
vt 1.16666667 1.00000000
vt 0.83333333 1.00000000
f 523/2617/523 524/2618/524 528/2619/528
vt 0.50000000 1.00000000
vt 0.66666667 1.00000000
vt 0.83333333 1.00000000
f 526/2620/526 527/2621/527 528/2622/528
vt 0.83333333 1.00000000
vt 0.33333333 1.00000000
vt 0.50000000 1.00000000
f 528/2623/528 525/2624/525 526/2625/526
vt 1.16666667 1.00000000
vt 1.33333333 1.00000000
vt 0.83333333 1.00000000
f 524/2626/524 525/2627/525 528/2628/528
vt 0.83333333 1.00000000
vt 0.83333333 0.00000000
vt 1.00000000 0.00000000
f 528/2629/528 522/2630/522 517/2631/517
vt 1.00000000 0.00000000
vt 1.00000000 1.00000000
vt 0.83333333 1.00000000
f 517/2632/517 523/2633/523 528/2634/528
vt 0.66666667 0.00000000
vt 0.83333333 0.00000000
vt 0.83333333 1.00000000
f 521/2635/521 522/2636/522 528/2637/528
vt 0.83333333 1.00000000
vt 0.66666667 1.00000000
vt 0.66666667 0.00000000
f 528/2638/528 527/2639/527 521/2640/521
g foliage_spray_030
usemtl foliage
s 1
v 0.15716702 0.22808307 0.31624853
v 0.14400593 0.28976262 0.53490015
v 0.05697102 0.20634370 0.32073589
v 0.04388700 0.28327972 0.59087877
v 0.19265564 0.16029402 0.42284775
v 0.04772982 0.12870558 0.46038052
v 0.16843924 0.38742782 0.41973325
v 0.00532747 0.36045414 0.46162935
v 0.13365785 0.08041394 0.38024075
v 0.08130813 0.40470683 0.37433864
v 0.12679223 0.12294465 0.49793854
v 0.08075697 0.40812113 0.49521289
vn 0.57578943 0.07177631 -0.81444134
vn 0.75357584 0.11789950 0.64670175
vn -0.73483665 -0.13048509 -0.66557399
vn -0.47444918 -0.07559175 0.87703128
vn 0.98758461 -0.12416573 0.09622639
vn -0.88830866 -0.45014550 0.09097668
vn 0.90717511 0.41792980 -0.04866206
vn -0.98979891 0.12653804 -0.06546946
vn 0.09944924 -0.86878130 -0.48510709
vn -0.25020752 0.61874352 -0.74468292
vn 0.35904954 -0.57554443 0.73473263
vn 0.07562309 0.83715822 0.54170773
vt 0.69858918 0.43252105
vt 0.56372925 0.27266899
vt 0.61746762 0.03258427
f 533/2641/533 537/2642/537 529/2643/529
vt 0.36731089 0.57333571
vt 0.35852681 1.06293639
vt 0.27038561 0.57802106
f 534/2644/534 532/2645/532 536/2646/536
vt 0.69858918 0.43252105
vt 0.61746762 0.03258427
vt 0.64323420 0.42083614
f 533/2647/533 529/2648/529 535/2649/535
vt 0.38843488 0.04941986
vt 0.36731089 0.57333571
vt 0.27038561 0.57802106
f 531/2650/531 534/2651/534 536/2652/536
vt 0.38843488 0.04941986
vt 0.61746762 0.03258427
vt 0.56372925 0.27266899
f 531/2653/531 529/2654/529 537/2655/537
vt 0.56372925 0.27266899
vt 0.36731089 0.57333571
vt 0.38843488 0.04941986
f 537/2656/537 534/2657/534 531/2658/531
vt 0.35852681 1.06293639
vt 0.36731089 0.57333571
vt 0.54803551 0.71424513
f 532/2659/532 534/2660/534 539/2661/539
vt 0.54803551 0.71424513
vt 0.56372925 0.27266899
vt 0.69858918 0.43252105
f 539/2662/539 537/2663/537 533/2664/533
vt 0.54803551 0.71424513
vt 0.36731089 0.57333571
vt 0.56372925 0.27266899
f 539/2665/539 534/2666/534 537/2667/537
vt 0.69858918 0.43252105
vt 0.64323420 0.42083614
vt 0.58738340 0.85291696
f 533/2668/533 535/2669/535 530/2670/530
vt 0.58738340 0.85291696
vt 0.54803551 0.71424513
vt 0.69858918 0.43252105
f 530/2671/530 539/2672/539 533/2673/533
vt 0.35852681 1.06293639
vt 0.54803551 0.71424513
vt 0.58738340 0.85291696
f 532/2674/532 539/2675/539 530/2676/530
vt 0.27038561 0.57802106
vt 0.35852681 1.06293639
vt 0.44280593 0.70401912
f 536/2677/536 532/2678/532 540/2679/540
vt 0.35852681 1.06293639
vt 0.58738340 0.85291696
vt 0.44280593 0.70401912
f 532/2680/532 530/2681/530 540/2682/540
vt 0.44280593 0.70401912
vt 0.58738340 0.85291696
vt 0.64323420 0.42083614
f 540/2683/540 530/2684/530 535/2685/535
vt 0.44406580 0.25052557
vt 0.64323420 0.42083614
vt 0.61746762 0.03258427
f 538/2686/538 535/2687/535 529/2688/529
vt 0.61746762 0.03258427
vt 0.38843488 0.04941986
vt 0.44406580 0.25052557
f 529/2689/529 531/2690/531 538/2691/538
vt 0.44406580 0.25052557
vt 0.38843488 0.04941986
vt 0.27038561 0.57802106
f 538/2692/538 531/2693/531 536/2694/536
vt 0.27038561 0.57802106
vt 0.44280593 0.70401912
vt 0.44406580 0.25052557
f 536/2695/536 540/2696/540 538/2697/538
vt 0.44406580 0.25052557
vt 0.44280593 0.70401912
vt 0.64323420 0.42083614
f 538/2698/538 540/2699/540 535/2700/535
g foliage_spray_031
usemtl foliage
s 1
v 0.11017497 0.21920596 0.38422627
v 0.17077672 0.26801421 0.57068801
v 0.07315373 0.30347842 0.43030162
v 0.13085082 0.34417976 0.59973858
v 0.04142909 0.15056999 0.48314289
v 0.00294851 0.28525699 0.51148855
v 0.27840860 0.28702044 0.48341569
v 0.19317356 0.40812933 0.51412265
v -0.10310541 0.15827200 0.43776617
v 0.27473109 0.37342365 0.44667325
v -0.04494840 0.19138838 0.55655141
v 0.36697432 0.42594976 0.56698904
vn 0.22336911 -0.36399591 -0.90421967
vn 0.33278915 -0.60652391 0.72206657
vn -0.36363152 0.64523822 -0.67189267
vn -0.27385769 0.43028240 0.86015058
vn 0.30738848 -0.94174120 0.13651312
vn -0.65585359 0.75220827 0.06355147
vn 0.66645610 -0.74243558 -0.06801234
vn -0.33502140 0.93393699 -0.12458874
vn -0.74197753 -0.04695955 -0.66877809
vn 0.24791333 0.44138380 -0.86239163
vn -0.32877255 -0.33400872 0.88337239
vn 0.66095318 0.22299233 0.71653005
vt 0.47813776 -0.03352046
vt 0.34216033 0.42455525
vt 0.05627509 0.21441892
f 541/2701/541 545/2702/545 549/2703/549
vt 0.05627509 0.21441892
vt 0.34216033 0.42455525
vt 0.17130804 0.76450473
f 549/2704/549 545/2705/545 551/2706/551
vt 0.34216033 0.42455525
vt 0.47813776 -0.03352046
vt 0.81089923 0.42581853
f 545/2707/545 541/2708/541 547/2709/547
vt 0.59800634 0.82997032
vt 0.17130804 0.76450473
vt 0.34216033 0.42455525
f 542/2710/542 551/2711/551 545/2712/545
vt 0.59800634 0.82997032
vt 0.81089923 0.42581853
vt 0.98607976 0.81284064
f 542/2713/542 547/2714/547 552/2715/552
vt 0.34216033 0.42455525
vt 0.81089923 0.42581853
vt 0.59800634 0.82997032
f 545/2716/545 547/2717/547 542/2718/542
vt 0.40491078 0.17985115
vt 0.47813776 -0.03352046
vt 0.05627509 0.21441892
f 543/2719/543 541/2720/541 549/2721/549
vt 0.80362520 0.25566696
vt 0.64230667 0.56802023
vt 0.98607976 0.81284064
f 550/2722/550 548/2723/548 552/2724/552
vt 0.98607976 0.81284064
vt 0.81089923 0.42581853
vt 0.80362520 0.25566696
f 552/2725/552 547/2726/547 550/2727/550
vt 0.80362520 0.25566696
vt 0.81089923 0.42581853
vt 0.47813776 -0.03352046
f 550/2728/550 547/2729/547 541/2730/541
vt 0.47813776 -0.03352046
vt 0.40491078 0.17985115
vt 0.80362520 0.25566696
f 541/2731/541 543/2732/543 550/2733/550
vt 0.80362520 0.25566696
vt 0.40491078 0.17985115
vt 0.64230667 0.56802023
f 550/2734/550 543/2735/543 548/2736/548
vt 0.05627509 0.21441892
vt 0.17130804 0.76450473
vt 0.26604679 0.55582192
f 549/2737/549 551/2738/551 546/2739/546
vt 0.26604679 0.55582192
vt 0.40491078 0.17985115
vt 0.05627509 0.21441892
f 546/2740/546 543/2741/543 549/2742/549
vt 0.64230667 0.56802023
vt 0.40491078 0.17985115
vt 0.26604679 0.55582192
f 548/2743/548 543/2744/543 546/2745/546
vt 0.98607976 0.81284064
vt 0.64230667 0.56802023
vt 0.51903402 0.96450140
f 552/2746/552 548/2747/548 544/2748/544
vt 0.51903402 0.96450140
vt 0.59800634 0.82997032
vt 0.98607976 0.81284064
f 544/2749/544 542/2750/542 552/2751/552
vt 0.17130804 0.76450473
vt 0.59800634 0.82997032
vt 0.51903402 0.96450140
f 551/2752/551 542/2753/542 544/2754/544
vt 0.51903402 0.96450140
vt 0.26604679 0.55582192
vt 0.17130804 0.76450473
f 544/2755/544 546/2756/546 551/2757/551
vt 0.64230667 0.56802023
vt 0.26604679 0.55582192
vt 0.51903402 0.96450140
f 548/2758/548 546/2759/546 544/2760/544
g foliage_spray_032
usemtl foliage
s 1
v 0.21407287 0.28998318 0.43011286
v 0.20637521 0.36603822 0.65584974
v 0.07914652 0.27555758 0.46998699
v 0.07027319 0.33591183 0.65079904
v 0.27557396 0.20651826 0.53259190
v 0.05852563 0.20327996 0.56606385
v 0.20975011 0.42481013 0.53729730
v 0.01177834 0.41050529 0.56810928
v 0.16108541 0.15341746 0.50284664
v 0.10875604 0.47758427 0.49047268
v 0.15979645 0.16140221 0.60938435
v 0.10212715 0.51864856 0.61270326
vn 0.35502951 0.05226210 -0.93339312
vn 0.56758617 0.10398459 0.81672097
vn -0.59895135 -0.12611339 -0.79079245
vn -0.42511654 -0.08320962 0.90130577
vn 0.97695191 -0.19854022 0.07840116
vn -0.85664457 -0.50578079 0.10171469
vn 0.84867188 0.51038829 -0.13877982
vn -0.98327736 0.15181831 -0.10058248
vn -0.08429070 -0.79512494 -0.60055925
vn -0.20402196 0.53630017 -0.81899766
vn 0.11979826 -0.58287183 0.80368452
vn -0.03064355 0.79663453 0.60368403
vt 0.55838576 0.29172995
vt 0.67680841 -0.01946752
vt 0.81425835 0.41899749
f 561/2761/561 553/2762/553 557/2763/557
vt 0.22469666 0.57096155
vt 0.42661887 0.76176059
vt 0.44143391 0.23878696
f 560/2764/560 564/2765/564 562/2766/562
vt 0.81425835 0.41899749
vt 0.67680841 -0.01946752
vt 0.66714740 0.43912995
f 557/2767/557 553/2768/553 559/2769/559
vt 0.66714740 0.43912995
vt 0.44143391 0.23878696
vt 0.42661887 0.76176059
f 559/2770/559 562/2771/562 564/2772/564
vt 0.67680841 -0.01946752
vt 0.44143391 0.23878696
vt 0.66714740 0.43912995
f 553/2773/553 562/2774/562 559/2775/559
vt 0.67680841 -0.01946752
vt 0.55838576 0.29172995
vt 0.37525905 0.15113722
f 553/2776/553 561/2777/561 555/2778/555
vt 0.22469666 0.57096155
vt 0.44143391 0.23878696
vt 0.37525905 0.15113722
f 560/2779/560 562/2780/562 555/2781/555
vt 0.37525905 0.15113722
vt 0.44143391 0.23878696
vt 0.67680841 -0.01946752
f 555/2782/555 562/2783/562 553/2784/553
vt 0.55550505 0.74756036
vt 0.55838576 0.29172995
vt 0.81425835 0.41899749
f 563/2785/563 561/2786/561 557/2787/557
vt 0.65960477 0.94636636
vt 0.55550505 0.74756036
vt 0.81425835 0.41899749
f 554/2788/554 563/2789/563 557/2790/557
vt 0.81425835 0.41899749
vt 0.66714740 0.43912995
vt 0.65960477 0.94636636
f 557/2791/557 559/2792/559 554/2793/554
vt 0.65960477 0.94636636
vt 0.66714740 0.43912995
vt 0.42661887 0.76176059
f 554/2794/554 559/2795/559 564/2796/564
vt 0.22469666 0.57096155
vt 0.37525905 0.15113722
vt 0.32917304 0.56221003
f 560/2797/560 555/2798/555 558/2799/558
vt 0.32917304 0.56221003
vt 0.37525905 0.15113722
vt 0.55838576 0.29172995
f 558/2800/558 555/2801/555 561/2802/561
vt 0.55838576 0.29172995
vt 0.55550505 0.74756036
vt 0.32917304 0.56221003
f 561/2803/561 563/2804/563 558/2805/558
vt 0.55550505 0.74756036
vt 0.65960477 0.94636636
vt 0.35542786 0.92475653
f 563/2806/563 554/2807/554 556/2808/556
vt 0.35542786 0.92475653
vt 0.32917304 0.56221003
vt 0.55550505 0.74756036
f 556/2809/556 558/2810/558 563/2811/563
vt 0.22469666 0.57096155
vt 0.32917304 0.56221003
vt 0.35542786 0.92475653
f 560/2812/560 558/2813/558 556/2814/556
vt 0.35542786 0.92475653
vt 0.42661887 0.76176059
vt 0.22469666 0.57096155
f 556/2815/556 564/2816/564 560/2817/560
vt 0.35542786 0.92475653
vt 0.65960477 0.94636636
vt 0.42661887 0.76176059
f 556/2818/556 554/2819/554 564/2820/564
g foliage_spray_033
usemtl foliage
s 1
v 0.14630453 0.26368930 0.47830803
v 0.20024933 0.31778121 0.67523244
v 0.10081804 0.36928854 0.53710514
v 0.15070736 0.41254880 0.70916556
v 0.08710470 0.19999456 0.58720305
v -0.01493566 0.36397658 0.62051042
v 0.29030681 0.32762119 0.58899032
v 0.19545398 0.45418887 0.61607267
v -0.01531801 0.25109408 0.55425461
v 0.28755886 0.42356142 0.55136076
v 0.00562553 0.26301997 0.65744839
v 0.32875476 0.44701963 0.65780218
vn 0.17829681 -0.30940701 -0.93406507
vn 0.31531643 -0.54329712 0.77807698
vn -0.31786572 0.57617025 -0.75298687
vn -0.18547652 0.36211289 0.91349478
vn 0.22899131 -0.95901532 0.16689096
vn -0.70674777 0.70653579 0.03625965
vn 0.73230295 -0.67962300 -0.04295320
vn -0.22725225 0.96036286 -0.16142984
vn -0.71985160 -0.19775905 -0.66536083
vn 0.31931960 0.47100024 -0.82231002
vn -0.34134151 -0.41371375 0.84399461
vn 0.69109965 0.29967189 0.65770665
vt 0.49497287 -0.06371305
vt 0.37044050 0.42617383
vt 0.15498477 0.27794841
f 565/2821/565 569/2822/569 573/2823/573
vt 0.37044050 0.42617383
vt 0.49497287 -0.06371305
vt 0.79789510 0.43421422
f 569/2824/569 565/2825/565 571/2826/571
vt 0.15498477 0.27794841
vt 0.37044050 0.42617383
vt 0.19904147 0.74218711
f 573/2827/573 569/2828/569 575/2829/575
vt 0.87877396 0.74377869
vt 0.50423464 0.97484756
vt 0.60845080 0.82219233
f 576/2830/576 568/2831/568 566/2832/566
vt 0.60845080 0.82219233
vt 0.79789510 0.43421422
vt 0.87877396 0.74377869
f 566/2833/566 571/2834/571 576/2835/576
vt 0.37044050 0.42617383
vt 0.79789510 0.43421422
vt 0.60845080 0.82219233
f 569/2836/569 571/2837/571 566/2838/566
vt 0.60845080 0.82219233
vt 0.19904147 0.74218711
vt 0.37044050 0.42617383
f 566/2839/566 575/2840/575 569/2841/569
vt 0.50423464 0.97484756
vt 0.19904147 0.74218711
vt 0.60845080 0.82219233
f 568/2842/568 575/2843/575 566/2844/566
vt 0.39928780 0.20079798
vt 0.49497287 -0.06371305
vt 0.15498477 0.27794841
f 567/2845/567 565/2846/565 573/2847/573
vt 0.49497287 -0.06371305
vt 0.39928780 0.20079798
vt 0.79211453 0.26492983
f 565/2848/565 567/2849/567 574/2850/574
vt 0.87877396 0.74377869
vt 0.79789510 0.43421422
vt 0.79211453 0.26492983
f 576/2851/576 571/2852/571 574/2853/574
vt 0.79211453 0.26492983
vt 0.79789510 0.43421422
vt 0.49497287 -0.06371305
f 574/2854/574 571/2855/571 565/2856/565
vt 0.15578909 0.57601395
vt 0.39928780 0.20079798
vt 0.15498477 0.27794841
f 570/2857/570 567/2858/567 573/2859/573
vt 0.15498477 0.27794841
vt 0.19904147 0.74218711
vt 0.15578909 0.57601395
f 573/2860/573 575/2861/575 570/2862/570
vt 0.15578909 0.57601395
vt 0.19904147 0.74218711
vt 0.50423464 0.97484756
f 570/2863/570 575/2864/575 568/2865/568
vt 0.59836333 0.55604983
vt 0.79211453 0.26492983
vt 0.39928780 0.20079798
f 572/2866/572 574/2867/574 567/2868/567
vt 0.39928780 0.20079798
vt 0.15578909 0.57601395
vt 0.59836333 0.55604983
f 567/2869/567 570/2870/570 572/2871/572
vt 0.87877396 0.74377869
vt 0.79211453 0.26492983
vt 0.59836333 0.55604983
f 576/2872/576 574/2873/574 572/2874/572
vt 0.59836333 0.55604983
vt 0.50423464 0.97484756
vt 0.87877396 0.74377869
f 572/2875/572 568/2876/568 576/2877/576
vt 0.59836333 0.55604983
vt 0.15578909 0.57601395
vt 0.50423464 0.97484756
f 572/2878/572 570/2879/570 568/2880/568
g foliage_spray_034
usemtl foliage
s 1
v 0.24023964 0.34367551 0.50382151
v 0.21281544 0.41116813 0.74596828
v 0.10189771 0.32616973 0.54355127
v 0.10408982 0.39251692 0.76103906
v 0.29096286 0.26270139 0.63113796
v 0.08149603 0.24294217 0.67168346
v 0.24656778 0.50878427 0.63202847
v 0.06059533 0.45710941 0.66907678
v 0.19185968 0.18425567 0.58829582
v 0.12879948 0.57489726 0.56567058
v 0.19021324 0.19445495 0.72829926
v 0.12474721 0.60000000 0.73043243
vn 0.45586574 0.03983519 -0.88915667
vn 0.63127377 0.10198982 0.76882476
vn -0.69933898 -0.13567248 -0.70179625
vn -0.47019789 -0.06799221 0.87993807
vn 0.97901749 -0.16324499 0.12196654
vn -0.88904834 -0.44496165 0.10771342
vn 0.89439986 0.44621294 -0.03070676
vn -0.99224293 0.11991924 -0.03276180
vn -0.03593207 -0.83056363 -0.55576338
vn -0.30249924 0.56668547 -0.76639532
vn 0.20691701 -0.55987189 0.80232713
vn -0.06258646 0.74139081 0.66814864
vt 0.56387017 0.27216634
vt 0.66588369 -0.02784252
vt 0.77283819 0.42431935
f 585/2881/585 577/2882/577 581/2883/581
vt 0.28708741 0.55905831
vt 0.42235744 0.77696168
vt 0.43090201 0.19181324
f 584/2884/584 588/2885/588 586/2886/586
vt 0.56039849 0.76938580
vt 0.56387017 0.27216634
vt 0.77283819 0.42431935
f 587/2887/587 585/2888/585 581/2889/581
vt 0.28708741 0.55905831
vt 0.43090201 0.19181324
vt 0.37417719 0.11325692
f 584/2890/584 586/2891/586 579/2892/579
vt 0.66588369 -0.02784252
vt 0.56387017 0.27216634
vt 0.37417719 0.11325692
f 577/2893/577 585/2894/585 579/2895/579
vt 0.37417719 0.11325692
vt 0.43090201 0.19181324
vt 0.66588369 -0.02784252
f 579/2896/579 586/2897/586 577/2898/577
vt 0.67922714 0.42748196
vt 0.43090201 0.19181324
vt 0.42235744 0.77696168
f 583/2899/583 586/2900/586 588/2901/588
vt 0.77283819 0.42431935
vt 0.66588369 -0.02784252
vt 0.67922714 0.42748196
f 581/2902/581 577/2903/577 583/2904/583
vt 0.66588369 -0.02784252
vt 0.43090201 0.19181324
vt 0.67922714 0.42748196
f 577/2905/577 586/2906/586 583/2907/583
vt 0.60805728 0.83213696
vt 0.56039849 0.76938580
vt 0.77283819 0.42431935
f 578/2908/578 587/2909/587 581/2910/581
vt 0.77283819 0.42431935
vt 0.67922714 0.42748196
vt 0.60805728 0.83213696
f 581/2911/581 583/2912/583 578/2913/578
vt 0.60805728 0.83213696
vt 0.67922714 0.42748196
vt 0.42235744 0.77696168
f 578/2914/578 583/2915/583 588/2916/588
vt 0.37879947 0.88566054
vt 0.42235744 0.77696168
vt 0.28708741 0.55905831
f 580/2917/580 588/2918/588 584/2919/584
vt 0.37879947 0.88566054
vt 0.60805728 0.83213696
vt 0.42235744 0.77696168
f 580/2920/580 578/2921/578 588/2922/588
vt 0.56039849 0.76938580
vt 0.60805728 0.83213696
vt 0.37879947 0.88566054
f 587/2923/587 578/2924/578 580/2925/580
vt 0.56387017 0.27216634
vt 0.56039849 0.76938580
vt 0.33115842 0.56831588
f 585/2926/585 587/2927/587 582/2928/582
vt 0.33115842 0.56831588
vt 0.37417719 0.11325692
vt 0.56387017 0.27216634
f 582/2929/582 579/2930/579 585/2931/585
vt 0.56039849 0.76938580
vt 0.37879947 0.88566054
vt 0.33115842 0.56831588
f 587/2932/587 580/2933/580 582/2934/582
vt 0.28708741 0.55905831
vt 0.37417719 0.11325692
vt 0.33115842 0.56831588
f 584/2935/584 579/2936/579 582/2937/582
vt 0.33115842 0.56831588
vt 0.37879947 0.88566054
vt 0.28708741 0.55905831
f 582/2938/582 580/2939/580 584/2940/584
g stem_14
usemtl wood
s 1
v -0.04166835 0.00460123 0.02093594
v -0.03004631 -0.01654596 0.02869704
v -0.00523574 -0.01654596 0.03510594
v 0.00795281 0.00460123 0.03375373
v -0.00366923 0.02574842 0.02599263
v -0.02847980 0.02574842 0.01958374
v -0.10854549 0.06795978 0.46583169
v -0.10122791 0.05464488 0.47071831
v -0.08560644 0.05464488 0.47475354
v -0.07730254 0.06795978 0.47390215
v -0.08462012 0.08127468 0.46901553
v -0.10024159 0.08127468 0.46498030
vn -0.97991640 -0.00664898 -0.19929787
vn -0.50996858 -0.85973308 0.02812621
vn 0.47001584 -0.87402038 0.12318072
vn 0.98673049 -0.00156272 0.16235913
vn 0.51941543 0.85214090 -0.06374559
vn -0.43559119 0.85209305 -0.29016850
vn -0.99651552 0.01943163 -0.08111243
vn -0.52186265 -0.84986248 0.07343796
vn 0.44761694 -0.86157225 0.23944173
vn 0.97331512 0.01331205 0.22908614
vn 0.50172763 0.86502512 0.00095998
vn -0.46318660 0.87119865 -0.16269936
vt 0.83333333 0.00000000
vt 1.00000000 0.00000000
vt 0.83333333 1.00000000
f 594/2941/594 589/2942/589 600/2943/600
vt 0.83333333 1.00000000
vt 1.00000000 0.00000000
vt 1.00000000 1.00000000
f 600/2944/600 589/2945/589 595/2946/595
vt 0.83333333 0.00000000
vt 0.83333333 1.00000000
vt 0.66666667 0.00000000
f 594/2947/594 600/2948/600 593/2949/593
vt 0.66666667 0.00000000
vt 0.83333333 1.00000000
vt 0.66666667 1.00000000
f 593/2950/593 600/2951/600 599/2952/599
vt 0.33333333 0.00000000
vt 0.66666667 0.00000000
vt 0.50000000 0.00000000
f 591/2953/591 593/2954/593 592/2955/592
vt 0.16666667 0.00000000
vt 0.00000000 0.00000000
vt 0.33333333 0.00000000
f 590/2956/590 589/2957/589 591/2958/591
vt 1.33333333 0.00000000
vt 1.00000000 0.00000000
vt 0.83333333 0.00000000
f 591/2959/591 589/2960/589 594/2961/594
vt 0.83333333 0.00000000
vt 0.66666667 0.00000000
vt 0.33333333 0.00000000
f 594/2962/594 593/2963/593 591/2964/591
vt 0.00000000 1.00000000
vt 0.00000000 0.00000000
vt 0.16666667 1.00000000
f 595/2965/595 589/2966/589 596/2967/596
vt 0.16666667 1.00000000
vt 0.00000000 0.00000000
vt 0.16666667 0.00000000
f 596/2968/596 589/2969/589 590/2970/590
vt 0.16666667 0.00000000
vt 0.33333333 0.00000000
vt 0.16666667 1.00000000
f 590/2971/590 591/2972/591 596/2973/596
vt 0.16666667 1.00000000
vt 0.33333333 0.00000000
vt 0.33333333 1.00000000
f 596/2974/596 591/2975/591 597/2976/597
vt 0.66666667 1.00000000
vt 0.83333333 1.00000000
vt 0.50000000 1.00000000
f 599/2977/599 600/2978/600 598/2979/598
vt 0.50000000 1.00000000
vt 0.83333333 1.00000000
vt 1.00000000 1.00000000
f 598/2980/598 600/2981/600 595/2982/595
vt 0.00000000 1.00000000
vt 0.16666667 1.00000000
vt 0.50000000 1.00000000
f 595/2983/595 596/2984/596 598/2985/598
vt 0.50000000 1.00000000
vt 0.16666667 1.00000000
vt 0.33333333 1.00000000
f 598/2986/598 596/2987/596 597/2988/597
vt 0.50000000 1.00000000
vt 0.66666667 0.00000000
vt 0.66666667 1.00000000
f 598/2989/598 593/2990/593 599/2991/599
vt 0.50000000 0.00000000
vt 0.66666667 0.00000000
vt 0.50000000 1.00000000
f 592/2992/592 593/2993/593 598/2994/598
vt 0.50000000 1.00000000
vt 0.33333333 0.00000000
vt 0.50000000 0.00000000
f 598/2995/598 591/2996/591 592/2997/592
vt 0.33333333 1.00000000
vt 0.33333333 0.00000000
vt 0.50000000 1.00000000
f 597/2998/597 591/2999/591 598/3000/598
g stem_15
usemtl wood
s 1
v -0.10961274 0.06795978 0.46657336
v -0.10143411 0.05368219 0.46948211
v -0.08474538 0.05368219 0.47277566
v -0.07623529 0.06795978 0.47316047
v -0.08441392 0.08223737 0.47025173
v -0.10110265 0.08223737 0.46695818
v -0.16328410 0.09642522 0.96217428
v -0.16055789 0.09166602 0.96314386
v -0.15499498 0.09166602 0.96424171
v -0.15215828 0.09642522 0.96436998
v -0.15488449 0.10118441 0.96340040
v -0.16044740 0.10118441 0.96230255
vn -0.99272577 0.00088184 -0.12039422
vn -0.47871235 -0.87325553 -0.09088048
vn 0.47564415 -0.87105507 0.12257937
vn 0.99476307 -0.00251569 0.10217680
vn 0.50018875 0.86582871 -0.01232304
vn -0.47248283 0.87007794 -0.14044344
vn -0.99476307 0.00251569 -0.10217680
vn -0.50067954 -0.86550200 0.01504287
vn 0.47248283 -0.87007794 0.14044344
vn 0.98762161 0.00239849 0.15683685
vn 0.48607031 0.87196555 0.05841006
vn -0.48147821 0.87214502 -0.08684353
vt 1.00000000 0.00000000
vt 0.83333333 0.00000000
vt 1.16666667 0.00000000
f 601/3001/601 606/3002/606 602/3003/602
vt 0.50000000 0.00000000
vt 0.33333333 0.00000000
vt 0.16666667 0.00000000
f 604/3004/604 603/3005/603 602/3006/602
vt 0.16666667 0.00000000
vt 0.66666667 0.00000000
vt 0.50000000 0.00000000
f 602/3007/602 605/3008/605 604/3009/604
vt 1.16666667 0.00000000
vt 0.83333333 0.00000000
vt 0.66666667 0.00000000
f 602/3010/602 606/3011/606 605/3012/605
vt 0.50000000 1.00000000
vt 0.33333333 0.00000000
vt 0.50000000 0.00000000
f 610/3013/610 603/3014/603 604/3015/604
vt 0.50000000 1.00000000
vt 0.33333333 1.00000000
vt 0.33333333 0.00000000
f 610/3016/610 609/3017/609 603/3018/603
vt 0.50000000 0.00000000
vt 0.66666667 0.00000000
vt 0.50000000 1.00000000
f 604/3019/604 605/3020/605 610/3021/610
vt 0.66666667 0.00000000
vt 0.66666667 1.00000000
vt 0.50000000 1.00000000
f 605/3022/605 611/3023/611 610/3024/610
vt 0.83333333 1.00000000
vt 0.83333333 0.00000000
vt 1.00000000 0.00000000
f 612/3025/612 606/3026/606 601/3027/601
vt 0.83333333 1.00000000
vt 1.00000000 0.00000000
vt 1.00000000 1.00000000
f 612/3028/612 601/3029/601 607/3030/607
vt 0.66666667 0.00000000
vt 0.83333333 0.00000000
vt 0.83333333 1.00000000
f 605/3031/605 606/3032/606 612/3033/612
vt 0.83333333 1.00000000
vt 0.66666667 1.00000000
vt 0.66666667 0.00000000
f 612/3034/612 611/3035/611 605/3036/605
vt 0.16666667 1.00000000
vt 0.50000000 1.00000000
vt 0.66666667 1.00000000
f 608/3037/608 610/3038/610 611/3039/611
vt 1.16666667 1.00000000
vt 0.83333333 1.00000000
vt 1.00000000 1.00000000
f 608/3040/608 612/3041/612 607/3042/607
vt 0.33333333 1.00000000
vt 0.50000000 1.00000000
vt 0.16666667 1.00000000
f 609/3043/609 610/3044/610 608/3045/608
vt 0.66666667 1.00000000
vt 0.83333333 1.00000000
vt 1.16666667 1.00000000
f 611/3046/611 612/3047/612 608/3048/608
vt 0.00000000 0.00000000
vt 0.16666667 0.00000000
vt 0.16666667 1.00000000
f 601/3049/601 602/3050/602 608/3051/608
vt 0.00000000 1.00000000
vt 0.00000000 0.00000000
vt 0.16666667 1.00000000
f 607/3052/607 601/3053/601 608/3054/608
vt 0.16666667 1.00000000
vt 0.16666667 0.00000000
vt 0.33333333 0.00000000
f 608/3055/608 602/3056/602 603/3057/603
vt 0.33333333 0.00000000
vt 0.33333333 1.00000000
vt 0.16666667 1.00000000
f 603/3058/603 609/3059/609 608/3060/608
g foliage_spray_035
usemtl foliage
s 1
v -0.04007278 0.07276485 0.52684253
v -0.07423584 0.12262529 0.71886997
v -0.16495635 0.02459001 0.55151526
v -0.18520725 0.08267584 0.74919598
v -0.00672088 0.03060980 0.62915995
v -0.17219716 -0.05784920 0.65942060
v -0.05247229 0.22937616 0.62374935
v -0.22902576 0.12720860 0.65651630
v -0.05812299 -0.06166024 0.59382819
v -0.17148540 0.21362588 0.58332244
v -0.05122547 -0.07840998 0.71080009
v -0.19649481 0.27435803 0.71113736
vn 0.39317424 0.11100515 -0.91273867
vn 0.57670559 0.21315734 0.78865367
vn -0.56948899 -0.24398591 -0.78495425
vn -0.38207718 -0.14189837 0.91317133
vn 0.99305647 0.00814262 0.11735647
vn -0.73744843 -0.67187909 0.06890788
vn 0.75771895 0.64837507 -0.07397132
vn -0.99262679 -0.04437049 -0.11279769
vn 0.26035065 -0.76025798 -0.59516832
vn -0.39028124 0.46023942 -0.79740845
vn 0.39756672 -0.48339557 0.77991629
vn -0.25235590 0.73941527 0.62416469
vt 0.32365963 0.97450038
vt 0.29506292 0.80515213
vt 0.21264666 0.56210648
f 616/3061/616 624/3062/624 620/3063/620
vt 0.60480261 0.83955965
vt 0.66309875 0.80365136
vt 0.77584990 0.44037979
f 614/3064/614 623/3065/623 617/3066/617
vt 0.29506292 0.80515213
vt 0.32365963 0.97450038
vt 0.60480261 0.83955965
f 624/3067/624 616/3068/616 614/3069/614
vt 0.60480261 0.83955965
vt 0.32365963 0.97450038
vt 0.66309875 0.80365136
f 614/3070/614 616/3071/616 623/3072/623
vt 0.21264666 0.56210648
vt 0.29506292 0.80515213
vt 0.35842356 0.23641810
f 620/3073/620 624/3074/624 622/3075/622
vt 0.21264666 0.56210648
vt 0.35842356 0.23641810
vt 0.37496472 0.09488667
f 620/3076/620 622/3077/622 615/3078/615
vt 0.37496472 0.09488667
vt 0.35842356 0.23641810
vt 0.69135378 -0.01489878
f 615/3079/615 622/3080/622 613/3081/613
vt 0.77584990 0.44037979
vt 0.66309875 0.80365136
vt 0.64562408 0.28316517
f 617/3082/617 623/3083/623 621/3084/621
vt 0.64562408 0.28316517
vt 0.69135378 -0.01489878
vt 0.77584990 0.44037979
f 621/3085/621 613/3086/613 617/3087/617
vt 0.64562408 0.28316517
vt 0.37496472 0.09488667
vt 0.69135378 -0.01489878
f 621/3088/621 615/3089/615 613/3090/613
vt 0.29506292 0.80515213
vt 0.60480261 0.83955965
vt 0.65993998 0.41630445
f 624/3091/624 614/3092/614 619/3093/619
vt 0.65993998 0.41630445
vt 0.35842356 0.23641810
vt 0.29506292 0.80515213
f 619/3094/619 622/3095/622 624/3096/624
vt 0.69135378 -0.01489878
vt 0.35842356 0.23641810
vt 0.65993998 0.41630445
f 613/3097/613 622/3098/622 619/3099/619
vt 0.77584990 0.44037979
vt 0.69135378 -0.01489878
vt 0.65993998 0.41630445
f 617/3100/617 613/3101/613 619/3102/619
vt 0.65993998 0.41630445
vt 0.60480261 0.83955965
vt 0.77584990 0.44037979
f 619/3103/619 614/3104/614 617/3105/617
vt 0.66309875 0.80365136
vt 0.32365963 0.97450038
vt 0.35662032 0.57502966
f 623/3106/623 616/3107/616 618/3108/618
vt 0.35662032 0.57502966
vt 0.64562408 0.28316517
vt 0.66309875 0.80365136
f 618/3109/618 621/3110/621 623/3111/623
vt 0.37496472 0.09488667
vt 0.64562408 0.28316517
vt 0.35662032 0.57502966
f 615/3112/615 621/3113/621 618/3114/618
vt 0.35662032 0.57502966
vt 0.32365963 0.97450038
vt 0.21264666 0.56210648
f 618/3115/618 616/3116/616 620/3117/620
vt 0.21264666 0.56210648
vt 0.37496472 0.09488667
vt 0.35662032 0.57502966
f 620/3118/620 615/3119/615 618/3120/618
g foliage_spray_036
usemtl foliage
s 1
v -0.09397210 0.15702052 0.60689910
v -0.16168929 0.15480645 0.83023064
v -0.09697403 0.01989675 0.64437454
v -0.15196195 0.02817776 0.82369660
v -0.01049641 0.20431271 0.71208877
v -0.03407073 -0.00919948 0.74638342
v -0.24098305 0.19560400 0.71305451
v -0.21399712 -0.00702364 0.74569400
v 0.05213262 0.08515110 0.67221686
v -0.30015344 0.08101822 0.66009283
v 0.03241512 0.08491978 0.79720618
v -0.34080157 0.08054135 0.80178243
vn 0.01425869 0.36128211 -0.93234753
vn -0.00314168 0.56004792 0.82845425
vn 0.02515093 -0.65019378 -0.75935202
vn 0.01069988 -0.46779346 0.88377304
vn 0.35994612 0.92731170 0.10262454
vn 0.34122168 -0.93259742 0.11760022
vn -0.37181398 0.92250710 -0.10360988
vn -0.28978832 -0.95524962 -0.05933710
vn 0.79377728 -0.17854310 -0.58141206
vn -0.57901154 -0.20195631 -0.78991094
vn 0.59332047 0.04663194 0.80361451
vn -0.77236522 -0.02051700 0.63484724
vt 0.58313085 -0.02423747
vt 0.79155633 0.41878673
vt 0.94793103 0.25085940
f 625/3121/625 629/3122/629 633/3123/633
vt 0.94793103 0.25085940
vt 0.79155633 0.41878673
vt 0.89869956 0.77727318
f 633/3124/633 629/3125/629 635/3126/635
vt 0.57563550 0.13359673
vt 0.58313085 -0.02423747
vt 0.94793103 0.25085940
f 627/3127/627 625/3128/625 633/3129/633
vt 0.79155633 0.41878673
vt 0.58313085 -0.02423747
vt 1.21606797 0.42285412
f 629/3130/629 625/3131/625 631/3132/631
vt 0.41405182 0.91636131
vt 0.89869956 0.77727318
vt 0.79155633 0.41878673
f 626/3133/626 635/3134/635 629/3135/629
vt 0.41405182 0.91636131
vt 0.21606797 0.42285412
vt -0.03316295 0.79654686
f 626/3136/626 631/3137/631 636/3138/636
vt 0.79155633 0.41878673
vt 1.21606797 0.42285412
vt 1.41405182 0.91636131
f 629/3139/629 631/3140/631 626/3141/626
vt 0.58313085 -0.02423747
vt 0.57563550 0.13359673
vt 1.06832895 0.19979700
f 625/3142/625 627/3143/627 634/3144/634
vt -0.03316295 0.79654686
vt 0.21606797 0.42285412
vt 0.06832895 0.19979700
f 636/3145/636 631/3146/631 634/3147/634
vt 1.06832895 0.19979700
vt 1.21606797 0.42285412
vt 0.58313085 -0.02423747
f 634/3148/634 631/3149/631 625/3150/625
vt -0.03316295 0.79654686
vt 0.06832895 0.19979700
vt 0.28344753 0.56032088
f 636/3151/636 634/3152/634 632/3153/632
vt 1.28344753 0.56032088
vt 1.06832895 0.19979700
vt 0.57563550 0.13359673
f 632/3154/632 634/3155/634 627/3156/627
vt 0.94793103 0.25085940
vt 0.89869956 0.77727318
vt 0.73269500 0.56322450
f 633/3157/633 635/3158/635 630/3159/630
vt 0.73269500 0.56322450
vt 0.57563550 0.13359673
vt 0.94793103 0.25085940
f 630/3160/630 627/3161/627 633/3162/633
vt 0.73269500 0.56322450
vt 0.28344753 0.56032088
vt 0.57563550 0.13359673
f 630/3163/630 632/3164/632 627/3165/627
vt -0.03316295 0.79654686
vt 0.28344753 0.56032088
vt 0.43833944 0.88884208
f 636/3166/636 632/3167/632 628/3168/628
vt 0.28344753 0.56032088
vt 0.73269500 0.56322450
vt 0.43833944 0.88884208
f 632/3169/632 630/3170/630 628/3171/628
vt 0.43833944 0.88884208
vt 0.73269500 0.56322450
vt 0.89869956 0.77727318
f 628/3172/628 630/3173/630 635/3174/635
vt 0.43833944 0.88884208
vt 0.41405182 0.91636131
vt -0.03316295 0.79654686
f 628/3175/628 626/3176/626 636/3177/636
vt 0.89869956 0.77727318
vt 0.41405182 0.91636131
vt 0.43833944 0.88884208
f 635/3178/635 626/3179/626 628/3180/628
g foliage_spray_037
usemtl foliage
s 1
v -0.06768835 0.07918857 0.68908594
v -0.09835434 0.13482299 0.89704114
v -0.19063194 0.02388692 0.69330396
v -0.21601182 0.09702741 0.94616160
v 0.00383176 0.01518323 0.79096027
v -0.18808169 -0.05981060 0.82958731
v -0.08882831 0.23021480 0.79167291
v -0.28234104 0.16167781 0.83011623
v -0.05822661 -0.10522992 0.74185945
v -0.21273253 0.26996795 0.72936653
v -0.06901554 -0.07903039 0.88428166
v -0.22031525 0.28838162 0.88159586
vn 0.46021776 0.17061457 -0.87125787
vn 0.62012859 0.26179250 0.73953041
vn -0.59967046 -0.26710462 -0.75435433
vn -0.37946256 -0.15378905 0.91233607
vn 0.99052508 0.09054673 0.10325384
vn -0.74527064 -0.65890548 0.10205514
vn 0.77248940 0.63295283 -0.05129174
vn -0.99453461 -0.08152306 -0.06522963
vn 0.22587190 -0.77888084 -0.58508676
vn -0.31922583 0.51951519 -0.79258995
vn 0.38279414 -0.47037945 0.79511749
vn -0.10733579 0.76862476 0.63063064
vt 0.32360131 1.02806246
vt 0.31391593 0.77707992
vt 0.17431932 0.57696626
f 640/3181/640 648/3182/648 644/3183/644
vt 0.38646148 0.57491021
vt 0.32360131 1.02806246
vt 0.17431932 0.57696626
f 642/3184/642 640/3185/640 644/3186/644
vt 0.17431932 0.57696626
vt 0.31391593 0.77707992
vt 0.33098176 0.18532795
f 644/3187/644 648/3188/648 646/3189/646
vt 0.31391593 0.77707992
vt 0.32360131 1.02806246
vt 0.58840380 0.83711945
f 648/3190/648 640/3191/640 638/3192/638
vt 0.32360131 1.02806246
vt 0.38646148 0.57491021
vt 0.65443434 0.78752028
f 640/3193/640 642/3194/642 647/3195/647
vt 0.81838606 0.42475764
vt 0.58840380 0.83711945
vt 0.65443434 0.78752028
f 641/3196/641 638/3197/638 647/3198/647
vt 0.65443434 0.78752028
vt 0.58840380 0.83711945
vt 0.32360131 1.02806246
f 647/3199/647 638/3200/638 640/3201/640
vt 0.60984328 0.42752783
vt 0.33098176 0.18532795
vt 0.31391593 0.77707992
f 643/3202/643 646/3203/646 648/3204/648
vt 0.60984328 0.42752783
vt 0.58840380 0.83711945
vt 0.81838606 0.42475764
f 643/3205/643 638/3206/638 641/3207/641
vt 0.31391593 0.77707992
vt 0.58840380 0.83711945
vt 0.60984328 0.42752783
f 648/3208/648 638/3209/638 643/3210/643
vt 0.38072183 0.04514411
vt 0.38646148 0.57491021
vt 0.17431932 0.57696626
f 639/3211/639 642/3212/642 644/3213/644
vt 0.17431932 0.57696626
vt 0.33098176 0.18532795
vt 0.38072183 0.04514411
f 644/3214/644 646/3215/646 639/3216/639
vt 0.65742134 0.02874762
vt 0.38072183 0.04514411
vt 0.33098176 0.18532795
f 637/3217/637 639/3218/639 646/3219/646
vt 0.65742134 0.02874762
vt 0.60984328 0.42752783
vt 0.81838606 0.42475764
f 637/3220/637 643/3221/643 641/3222/641
vt 0.33098176 0.18532795
vt 0.60984328 0.42752783
vt 0.65742134 0.02874762
f 646/3223/646 643/3224/643 637/3225/637
vt 0.67871614 0.23389096
vt 0.65443434 0.78752028
vt 0.38646148 0.57491021
f 645/3226/645 647/3227/647 642/3228/642
vt 0.38646148 0.57491021
vt 0.38072183 0.04514411
vt 0.67871614 0.23389096
f 642/3229/642 639/3230/639 645/3231/645
vt 0.81838606 0.42475764
vt 0.65443434 0.78752028
vt 0.67871614 0.23389096
f 641/3232/641 647/3233/647 645/3234/645
vt 0.67871614 0.23389096
vt 0.65742134 0.02874762
vt 0.81838606 0.42475764
f 645/3235/645 637/3236/637 641/3237/641
vt 0.38072183 0.04514411
vt 0.65742134 0.02874762
vt 0.67871614 0.23389096
f 639/3238/639 637/3239/637 645/3240/645
g foliage_spray_038
usemtl foliage
s 1
v -0.12274090 0.14644503 0.79162306
v -0.18116438 0.15911743 0.98789567
v -0.11762216 0.03081341 0.79890530
v -0.17625590 0.03143205 0.99847049
v -0.05548722 0.18515243 0.87345890
v -0.03996288 -0.01135774 0.90727636
v -0.26785290 0.20698628 0.86927665
v -0.26753572 -0.02800229 0.90967905
v 0.03476516 0.09429955 0.82689988
v -0.27968432 0.09061055 0.83308202
v -0.01862928 0.09367314 0.94445502
v -0.35616169 0.08971335 0.96028721
vn 0.00059953 0.39456379 -0.91886836
vn 0.03482521 0.60803748 0.79314414
vn 0.00467461 -0.57597388 -0.81745473
vn 0.04418864 -0.38692042 0.92105372
vn 0.36823500 0.92630710 0.07973792
vn 0.40384320 -0.90486583 0.13464212
vn -0.34989446 0.92014318 -0.17581353
vn -0.33282974 -0.93463676 -0.12521379
vn 0.81831258 -0.02343353 -0.57429556
vn -0.56107804 -0.12573908 -0.81815715
vn 0.60926618 0.15508861 0.77765175
vn -0.82207362 0.07174448 0.56484306
vt -0.04177341 0.80133602
vt 0.18889135 0.58662463
vt 0.42646321 0.96333331
f 660/3241/660 656/3242/656 652/3243/652
vt -0.04177341 0.80133602
vt 0.42646321 0.96333331
vt 0.41368804 0.91846830
f 660/3244/660 652/3245/652 650/3246/650
vt 0.15727246 0.26165222
vt 0.18889135 0.58662463
vt -0.04177341 0.80133602
f 658/3247/658 656/3248/656 660/3249/660
vt 0.78118992 0.57643091
vt 1.42646321 0.96333331
vt 1.18889135 0.58662463
f 654/3250/654 652/3251/652 656/3252/656
vt 0.18889135 0.58662463
vt 0.15727246 0.26165222
vt 0.57906789 0.11665327
f 656/3253/656 658/3254/658 651/3255/651
vt 0.97568285 0.23542375
vt 0.78118992 0.57643091
vt 0.57906789 0.11665327
f 657/3256/657 654/3257/654 651/3258/651
vt 0.57906789 0.11665327
vt 0.78118992 0.57643091
vt 1.18889135 0.58662463
f 651/3259/651 654/3260/654 656/3261/656
vt -0.04177341 0.80133602
vt 0.41368804 0.91846830
vt 0.18806583 0.41521242
f 660/3262/660 650/3263/650 655/3264/655
vt 0.18806583 0.41521242
vt 0.15727246 0.26165222
vt -0.04177341 0.80133602
f 655/3265/655 658/3266/658 660/3267/660
vt 0.83671438 0.73416596
vt 0.41368804 0.91846830
vt 0.42646321 0.96333331
f 659/3268/659 650/3269/650 652/3270/652
vt 0.42646321 0.96333331
vt 0.78118992 0.57643091
vt 0.83671438 0.73416596
f 652/3271/652 654/3272/654 659/3273/659
vt 0.83671438 0.73416596
vt 0.78118992 0.57643091
vt 0.97568285 0.23542375
f 659/3274/659 654/3275/654 657/3276/657
vt 0.74078507 0.43295616
vt 1.18806583 0.41521242
vt 1.41368804 0.91846830
f 653/3277/653 655/3278/655 650/3279/650
vt 0.74078507 0.43295616
vt 0.83671438 0.73416596
vt 0.97568285 0.23542375
f 653/3280/653 659/3281/659 657/3282/657
vt 0.41368804 0.91846830
vt 0.83671438 0.73416596
vt 0.74078507 0.43295616
f 650/3283/650 659/3284/659 653/3285/653
vt 0.56574548 0.08575745
vt 0.57906789 0.11665327
vt 0.15727246 0.26165222
f 649/3286/649 651/3287/651 658/3288/658
vt 0.15727246 0.26165222
vt 0.18806583 0.41521242
vt 0.56574548 0.08575745
f 658/3289/658 655/3290/655 649/3291/649
vt 0.97568285 0.23542375
vt 0.57906789 0.11665327
vt 0.56574548 0.08575745
f 657/3292/657 651/3293/651 649/3294/649
vt 0.56574548 0.08575745
vt 0.74078507 0.43295616
vt 0.97568285 0.23542375
f 649/3295/649 653/3296/653 657/3297/657
vt 1.18806583 0.41521242
vt 0.74078507 0.43295616
vt 0.56574548 0.08575745
f 655/3298/655 653/3299/653 649/3300/649
g foliage_spray_039
usemtl foliage
s 1
v -0.09574349 0.08505212 0.84867848
v -0.11956921 0.14871317 1.05994638
v -0.19906793 0.03975878 0.85850259
v -0.23167012 0.10999507 1.10000000
v -0.03945790 0.02516830 0.94636301
v -0.20455206 -0.08072105 0.98604956
v -0.11619217 0.25351626 0.94307340
v -0.27928356 0.16966992 0.98065295
v -0.06149737 -0.13724202 0.88447252
v -0.22294786 0.25481986 0.89648458
v -0.09415593 -0.05793490 1.02835851
v -0.22890002 0.26927392 1.02156191
vn 0.46281874 0.19764148 -0.86413926
vn 0.64691705 0.26696923 0.71430089
vn -0.63105685 -0.22667179 -0.74188083
vn -0.41650244 -0.13873810 0.89848620
vn 0.98799536 0.11909719 0.09839216
vn -0.78494435 -0.61177482 0.09794865
vn 0.77828222 0.62256994 -0.08175240
vn -0.99287832 -0.06855266 -0.09743288
vn 0.30540550 -0.72929823 -0.61225123
vn -0.38347273 0.47581642 -0.79154747
vn 0.44307383 -0.40478905 0.79989462
vn -0.20390988 0.78209673 0.58885097
vt 0.24868227 0.56533539
vt 0.34711816 1.01396716
vt 0.35284506 0.71911430
f 668/3301/668 664/3302/664 672/3303/672
vt 0.40318197 0.58562155
vt 0.34711816 1.01396716
vt 0.24868227 0.56533539
f 666/3304/666 664/3305/664 668/3306/668
vt 0.63141466 0.74466307
vt 0.69893287 0.20378817
vt 0.74449723 0.43643774
f 671/3307/671 669/3308/669 665/3309/665
vt 0.63141466 0.74466307
vt 0.40318197 0.58562155
vt 0.69893287 0.20378817
f 671/3310/671 666/3311/666 669/3312/669
vt 0.34711816 1.01396716
vt 0.40318197 0.58562155
vt 0.63141466 0.74466307
f 664/3313/664 666/3314/666 671/3315/671
vt 0.57887530 0.86340351
vt 0.35284506 0.71911430
vt 0.34711816 1.01396716
f 662/3316/662 672/3317/672 664/3318/664
vt 0.57887530 0.86340351
vt 0.63141466 0.74466307
vt 0.74449723 0.43643774
f 662/3319/662 671/3320/671 665/3321/665
vt 0.34711816 1.01396716
vt 0.63141466 0.74466307
vt 0.57887530 0.86340351
f 664/3322/664 671/3323/671 662/3324/662
vt 0.24868227 0.56533539
vt 0.35284506 0.71911430
vt 0.36515054 0.24894214
f 668/3325/668 672/3326/672 670/3327/670
vt 0.74449723 0.43643774
vt 0.69893287 0.20378817
vt 0.62813254 0.06923651
f 665/3328/665 669/3329/669 661/3330/661
vt 0.41451985 0.10616585
vt 0.40318197 0.58562155
vt 0.24868227 0.56533539
f 663/3331/663 666/3332/666 668/3333/668
vt 0.24868227 0.56533539
vt 0.36515054 0.24894214
vt 0.41451985 0.10616585
f 668/3334/668 670/3335/670 663/3336/663
vt 0.69893287 0.20378817
vt 0.40318197 0.58562155
vt 0.41451985 0.10616585
f 669/3337/669 666/3338/666 663/3339/663
vt 0.41451985 0.10616585
vt 0.62813254 0.06923651
vt 0.69893287 0.20378817
f 663/3340/663 661/3341/661 669/3342/669
vt 0.36515054 0.24894214
vt 0.62813254 0.06923651
vt 0.41451985 0.10616585
f 670/3343/670 661/3344/661 663/3345/663
vt 0.58585699 0.42407190
vt 0.57887530 0.86340351
vt 0.74449723 0.43643774
f 667/3346/667 662/3347/662 665/3348/665
vt 0.74449723 0.43643774
vt 0.62813254 0.06923651
vt 0.58585699 0.42407190
f 665/3349/665 661/3350/661 667/3351/667
vt 0.58585699 0.42407190
vt 0.62813254 0.06923651
vt 0.36515054 0.24894214
f 667/3352/667 661/3353/661 670/3354/670
vt 0.35284506 0.71911430
vt 0.57887530 0.86340351
vt 0.58585699 0.42407190
f 672/3355/672 662/3356/662 667/3357/667
vt 0.58585699 0.42407190
vt 0.36515054 0.24894214
vt 0.35284506 0.71911430
f 667/3358/667 670/3359/670 672/3360/672
g stem_16
usemtl wood
s 1
v -0.03892104 0.00460123 0.04266130
v -0.02542806 -0.01630681 0.04033119
v -0.00336478 -0.01630681 0.02501473
v 0.00520551 0.00460123 0.01202837
v -0.00828748 0.02550928 0.01435849
v -0.03035076 0.02550928 0.02967495
v 0.13208865 0.08008055 0.38948661
v 0.14058424 0.06691622 0.38801951
v 0.15447593 0.06691622 0.37837581
v 0.15987204 0.08008055 0.37019922
v 0.15137645 0.09324487 0.37166632
v 0.13748476 0.09324487 0.38131002
vn -0.93541553 -0.02016899 0.35297449
vn -0.36989915 -0.88015003 0.29750722
vn 0.48347617 -0.86743473 -0.11750651
vn 0.90952781 0.00115163 -0.41564147
vn 0.24957437 0.83636168 -0.48806944
vn -0.52192903 0.85062436 0.06346877
vn -0.88663170 0.01342923 0.46228118
vn -0.28615386 -0.85376114 0.43498032
vn 0.54913682 -0.83542168 -0.02278978
vn 0.92527260 0.01231651 -0.37910279
vn 0.37738768 0.88144666 -0.28395479
vn -0.49977589 0.86092320 0.09505425
vt 0.33333333 0.00000000
vt 0.50000000 0.00000000
vt 0.33333333 1.00000000
f 675/3361/675 676/3362/676 681/3363/681
vt 0.33333333 1.00000000
vt 0.50000000 0.00000000
vt 0.50000000 1.00000000
f 681/3364/681 676/3365/676 682/3366/682
vt 0.33333333 1.00000000
vt 0.16666667 0.00000000
vt 0.33333333 0.00000000
f 681/3367/681 674/3368/674 675/3369/675
vt 0.16666667 1.00000000
vt 0.16666667 0.00000000
vt 0.33333333 1.00000000
f 680/3370/680 674/3371/674 681/3372/681
vt 0.66666667 0.00000000
vt 0.50000000 0.00000000
vt 0.33333333 0.00000000
f 677/3373/677 676/3374/676 675/3375/675
vt 1.00000000 0.00000000
vt 0.83333333 0.00000000
vt 0.66666667 0.00000000
f 673/3376/673 678/3377/678 677/3378/677
vt 0.66666667 0.00000000
vt 1.16666667 0.00000000
vt 1.00000000 0.00000000
f 677/3379/677 674/3380/674 673/3381/673
vt 0.33333333 0.00000000
vt 0.16666667 0.00000000
vt 0.66666667 0.00000000
f 675/3382/675 674/3383/674 677/3384/677
vt 0.00000000 0.00000000
vt 0.16666667 0.00000000
vt 0.00000000 1.00000000
f 673/3385/673 674/3386/674 679/3387/679
vt 0.00000000 1.00000000
vt 0.16666667 0.00000000
vt 0.16666667 1.00000000
f 679/3388/679 674/3389/674 680/3390/680
vt 1.00000000 1.00000000
vt 0.83333333 0.00000000
vt 1.00000000 0.00000000
f 679/3391/679 678/3392/678 673/3393/673
vt 1.00000000 1.00000000
vt 0.83333333 1.00000000
vt 0.83333333 0.00000000
f 679/3394/679 684/3395/684 678/3396/678
vt 0.66666667 1.00000000
vt 0.33333333 1.00000000
vt 0.50000000 1.00000000
f 683/3397/683 681/3398/681 682/3399/682
vt 0.16666667 1.00000000
vt 0.33333333 1.00000000
vt 0.66666667 1.00000000
f 680/3400/680 681/3401/681 683/3402/683
vt 0.66666667 1.00000000
vt 1.00000000 1.00000000
vt 1.16666667 1.00000000
f 683/3403/683 679/3404/679 680/3405/680
vt 0.83333333 1.00000000
vt 1.00000000 1.00000000
vt 0.66666667 1.00000000
f 684/3406/684 679/3407/679 683/3408/683
vt 0.50000000 1.00000000
vt 0.50000000 0.00000000
vt 0.66666667 1.00000000
f 682/3409/682 676/3410/676 683/3411/683
vt 0.50000000 0.00000000
vt 0.66666667 0.00000000
vt 0.66666667 1.00000000
f 676/3412/676 677/3413/677 683/3414/683
vt 0.66666667 1.00000000
vt 0.66666667 0.00000000
vt 0.83333333 0.00000000
f 683/3415/683 677/3416/677 678/3417/678
vt 0.83333333 0.00000000
vt 0.83333333 1.00000000
vt 0.66666667 1.00000000
f 678/3418/678 684/3419/684 683/3420/683
g stem_17
usemtl wood
s 1
v 0.13119441 0.08008055 0.38988521
v 0.13946140 0.06587565 0.38679793
v 0.15424733 0.06587565 0.37675564
v 0.16076627 0.08008055 0.36980062
v 0.15249929 0.09428545 0.37288790
v 0.13771336 0.09428545 0.38293019
v 0.31628579 0.12397241 0.77091521
v 0.31904146 0.11923744 0.76988612
v 0.32397010 0.11923744 0.76653869
v 0.32614308 0.12397241 0.76422035
v 0.32338742 0.12870738 0.76524944
v 0.31845877 0.12870738 0.76859687
vn -0.92157085 0.08261048 0.37931870
vn -0.38036510 -0.88005766 0.28429019
vn 0.43123226 -0.88078979 -0.19557115
vn 0.91607374 0.00177228 -0.40100593
vn 0.30567241 0.91351106 -0.26844353
vn -0.51018671 0.85665989 0.07644186
vn -0.82751793 -0.34307914 0.44442185
vn -0.36191998 -0.87769255 0.31411735
vn 0.50006987 -0.86100353 -0.09275262
vn 0.92962092 0.00703803 -0.36845002
vn 0.64916355 0.68059093 -0.33968024
vn -0.46295770 0.87362706 0.14981965
vt 1.00000000 0.00000000
vt 0.83333333 0.00000000
vt 1.33333333 0.00000000
f 685/3421/685 690/3422/690 687/3423/687
vt 0.33333333 0.00000000
vt 0.16666667 0.00000000
vt 0.00000000 0.00000000
f 687/3424/687 686/3425/686 685/3426/685
vt 0.33333333 0.00000000
vt 0.66666667 0.00000000
vt 0.50000000 0.00000000
f 687/3427/687 689/3428/689 688/3429/688
vt 0.33333333 0.00000000
vt 0.83333333 0.00000000
vt 0.66666667 0.00000000
f 687/3430/687 690/3431/690 689/3432/689
vt 0.50000000 0.00000000
vt 0.66666667 0.00000000
vt 0.66666667 1.00000000
f 688/3433/688 689/3434/689 695/3435/695
vt 0.50000000 1.00000000
vt 0.50000000 0.00000000
vt 0.66666667 1.00000000
f 694/3436/694 688/3437/688 695/3438/695
vt 0.33333333 1.00000000
vt 0.33333333 0.00000000
vt 0.50000000 0.00000000
f 693/3439/693 687/3440/687 688/3441/688
vt 0.33333333 1.00000000
vt 0.50000000 0.00000000
vt 0.50000000 1.00000000
f 693/3442/693 688/3443/688 694/3444/694
vt 0.16666667 0.00000000
vt 0.33333333 0.00000000
vt 0.33333333 1.00000000
f 686/3445/686 687/3446/687 693/3447/693
vt 0.33333333 1.00000000
vt 0.16666667 1.00000000
vt 0.16666667 0.00000000
f 693/3448/693 692/3449/692 686/3450/686
vt 0.00000000 0.00000000
vt 0.16666667 0.00000000
vt 0.00000000 1.00000000
f 685/3451/685 686/3452/686 691/3453/691
vt 0.16666667 0.00000000
vt 0.16666667 1.00000000
vt 0.00000000 1.00000000
f 686/3454/686 692/3455/692 691/3456/691
vt 0.50000000 1.00000000
vt 0.66666667 1.00000000
vt 0.83333333 1.00000000
f 694/3457/694 695/3458/695 696/3459/696
vt 0.83333333 1.00000000
vt 0.33333333 1.00000000
vt 0.50000000 1.00000000
f 696/3460/696 693/3461/693 694/3462/694
vt 1.16666667 1.00000000
vt 1.33333333 1.00000000
vt 0.83333333 1.00000000
f 692/3463/692 693/3464/693 696/3465/696
vt 0.83333333 1.00000000
vt 1.00000000 1.00000000
vt 1.16666667 1.00000000
f 696/3466/696 691/3467/691 692/3468/692
vt 0.66666667 0.00000000
vt 0.83333333 0.00000000
vt 0.83333333 1.00000000
f 689/3469/689 690/3470/690 696/3471/696
vt 0.83333333 1.00000000
vt 0.66666667 1.00000000
vt 0.66666667 0.00000000
f 696/3472/696 695/3473/695 689/3474/689
vt 0.83333333 1.00000000
vt 0.83333333 0.00000000
vt 1.00000000 0.00000000
f 696/3475/696 690/3476/690 685/3477/685
vt 1.00000000 0.00000000
vt 1.00000000 1.00000000
vt 0.83333333 1.00000000
f 685/3478/685 691/3479/691 696/3480/696
g foliage_spray_040
usemtl foliage
s 1
v 0.23395546 0.03408127 0.40834412
v 0.25663417 0.09161429 0.57855206
v 0.15782104 0.09928425 0.45232485
v 0.17881173 0.16108178 0.63022246
v 0.21321596 -0.06283726 0.49816736
v 0.07770660 0.05820066 0.53004024
v 0.34359401 0.13460310 0.50030642
v 0.20234577 0.22859633 0.53016698
v 0.06878340 -0.09259386 0.45042754
v 0.30807850 0.23222093 0.45632071
v 0.13290734 -0.00555320 0.55927853
v 0.34224315 0.27859540 0.57897436
vn 0.30146717 -0.19865675 -0.93255190
vn 0.49452580 -0.39471184 0.77436864
vn -0.52682784 0.39798004 -0.75104215
vn -0.32327088 0.19146979 0.92673365
vn 0.59847450 -0.77487508 0.20346224
vn -0.94080074 0.33035117 0.07590837
vn 0.93838244 -0.34260852 -0.04536297
vn -0.62188163 0.76483115 -0.16821580
vn -0.63014694 -0.46833857 -0.61933337
vn 0.11968680 0.51880288 -0.84647424
vn -0.15371826 -0.49562429 0.85482586
vn 0.55989638 0.47787767 0.67686704
vt 0.73345280 0.22225313
vt 0.81260464 0.79745191
vt 0.81573429 0.42852929
f 706/3481/706 708/3482/708 703/3483/703
vt 0.43397061 1.03778591
vt 0.81260464 0.79745191
vt 0.48849373 0.56856393
f 700/3484/700 708/3485/708 704/3486/704
vt 0.81260464 0.79745191
vt 0.73345280 0.22225313
vt 0.48849373 0.56856393
f 708/3487/708 706/3488/706 704/3489/704
vt 0.17905960 0.19461638
vt 0.51367752 0.41849793
vt 0.32762042 0.70508595
f 705/3490/705 701/3491/701 707/3492/707
vt 0.56172630 -0.00273878
vt 0.73345280 0.22225313
vt 0.81573429 0.42852929
f 697/3493/697 706/3494/706 703/3495/703
vt 0.81573429 0.42852929
vt 0.51367752 0.41849793
vt 0.56172630 -0.00273878
f 703/3496/703 701/3497/701 697/3498/697
vt 0.56172630 -0.00273878
vt 0.51367752 0.41849793
vt 0.17905960 0.19461638
f 697/3499/697 701/3500/701 705/3501/705
vt 0.61426779 0.79547147
vt 0.81260464 0.79745191
vt 0.43397061 1.03778591
f 698/3502/698 708/3503/708 700/3504/700
vt 0.43397061 1.03778591
vt 0.32762042 0.70508595
vt 0.61426779 0.79547147
f 700/3505/700 707/3506/707 698/3507/698
vt 0.61426779 0.79547147
vt 0.32762042 0.70508595
vt 0.51367752 0.41849793
f 698/3508/698 707/3509/707 701/3510/701
vt 0.81573429 0.42852929
vt 0.81260464 0.79745191
vt 0.61426779 0.79547147
f 703/3511/703 708/3512/708 698/3513/698
vt 0.61426779 0.79547147
vt 0.51367752 0.41849793
vt 0.81573429 0.42852929
f 698/3514/698 701/3515/701 703/3516/703
vt 0.43397061 1.03778591
vt 0.48849373 0.56856393
vt 0.19973265 0.56796956
f 700/3517/700 704/3518/704 702/3519/702
vt 0.17905960 0.19461638
vt 0.32762042 0.70508595
vt 0.19973265 0.56796956
f 705/3520/705 707/3521/707 702/3522/702
vt 0.19973265 0.56796956
vt 0.32762042 0.70508595
vt 0.43397061 1.03778591
f 702/3523/702 707/3524/707 700/3525/700
vt 0.38533988 0.20351404
vt 0.48849373 0.56856393
vt 0.73345280 0.22225313
f 699/3526/699 704/3527/704 706/3528/706
vt 0.38533988 0.20351404
vt 0.56172630 -0.00273878
vt 0.17905960 0.19461638
f 699/3529/699 697/3530/697 705/3531/705
vt 0.73345280 0.22225313
vt 0.56172630 -0.00273878
vt 0.38533988 0.20351404
f 706/3532/706 697/3533/697 699/3534/699
vt 0.17905960 0.19461638
vt 0.19973265 0.56796956
vt 0.38533988 0.20351404
f 705/3535/705 702/3536/702 699/3537/699
vt 0.38533988 0.20351404
vt 0.19973265 0.56796956
vt 0.48849373 0.56856393
f 699/3538/699 702/3539/702 704/3540/704
g foliage_spray_041
usemtl foliage
s 1
v 0.19603280 0.05875671 0.50791698
v 0.25390279 0.04500643 0.64700955
v 0.22408443 0.16060083 0.52480555
v 0.28125597 0.14749240 0.66199777
v 0.08657471 0.03000178 0.57047651
v 0.15024747 0.22831523 0.59895192
v 0.31893597 -0.00960448 0.57303223
v 0.38764049 0.17500208 0.59985674
v -0.01108146 0.16664724 0.52501578
v 0.38244279 0.06697503 0.54200694
v 0.04244182 0.15309081 0.64460782
v 0.44576305 0.05093721 0.63527390
vn -0.03746614 -0.30808856 -0.95061965
vn -0.10675673 -0.51911109 0.84801337
vn 0.14756961 0.49068659 -0.85874902
vn 0.08879991 0.30359406 0.94865443
vn -0.47102347 -0.87523824 0.10997686
vn -0.02156004 0.99369508 0.11002386
vn 0.08198619 -0.98453680 -0.15480811
vn 0.52034983 0.83967911 -0.15548329
vn -0.53464890 0.28448247 -0.79575139
vn 0.44341499 -0.01986446 -0.89609628
vn -0.42184920 -0.00020219 0.90666599
vn 0.60456288 -0.31537083 0.73146768
vt 0.08340559 0.79925840
vt 0.31206318 0.56874137
vt -0.03011820 0.19543718
f 719/3541/719 714/3542/714 717/3543/717
vt -0.03011820 0.19543718
vt 0.31206318 0.56874137
vt 0.46867261 0.19437575
f 717/3544/717 714/3545/714 711/3546/711
vt 0.46867261 0.19437575
vt 0.40917464 0.10910518
vt -0.03011820 0.19543718
f 711/3547/711 709/3548/709 717/3549/717
vt 1.31206318 0.56874137
vt 1.08340559 0.79925840
vt 0.58993442 0.88706039
f 714/3550/714 719/3551/719 712/3552/712
vt -0.03011820 0.19543718
vt 0.40917464 0.10910518
vt 0.17701220 0.42496879
f 717/3553/717 709/3554/709 713/3555/713
vt 0.17701220 0.42496879
vt 0.08340559 0.79925840
vt -0.03011820 0.19543718
f 713/3556/713 719/3557/719 717/3558/717
vt 0.81557777 0.57330983
vt 1.46867261 0.19437575
vt 1.31206318 0.56874137
f 716/3559/716 711/3560/711 714/3561/714
vt 0.81557777 0.57330983
vt 0.58993442 0.88706039
vt 0.93885669 0.75213138
f 716/3562/716 712/3563/712 720/3564/720
vt 1.31206318 0.56874137
vt 0.58993442 0.88706039
vt 0.81557777 0.57330983
f 714/3565/714 712/3566/712 716/3567/716
vt 0.66985433 0.43787264
vt 0.17701220 0.42496879
vt 0.40917464 0.10910518
f 715/3568/715 713/3569/713 709/3570/709
vt 0.08340559 0.79925840
vt 0.17701220 0.42496879
vt 0.53191786 0.81138478
f 719/3571/719 713/3572/713 710/3573/710
vt 0.93885669 0.75213138
vt 0.58993442 0.88706039
vt 0.53191786 0.81138478
f 720/3574/720 712/3575/712 710/3576/710
vt 0.53191786 0.81138478
vt 0.58993442 0.88706039
vt 1.08340559 0.79925840
f 710/3577/710 712/3578/712 719/3579/719
vt 0.53191786 0.81138478
vt 0.66985433 0.43787264
vt 0.93885669 0.75213138
f 710/3580/710 715/3581/715 720/3582/720
vt 0.17701220 0.42496879
vt 0.66985433 0.43787264
vt 0.53191786 0.81138478
f 713/3583/713 715/3584/715 710/3585/710
vt 0.40917464 0.10910518
vt 0.46867261 0.19437575
vt 0.80455335 0.28122570
f 709/3586/709 711/3587/711 718/3588/718
vt 0.46867261 0.19437575
vt 0.81557777 0.57330983
vt 0.80455335 0.28122570
f 711/3589/711 716/3590/716 718/3591/718
vt 0.80455335 0.28122570
vt 0.66985433 0.43787264
vt 0.40917464 0.10910518
f 718/3592/718 715/3593/715 709/3594/709
vt 0.80455335 0.28122570
vt 0.81557777 0.57330983
vt 0.93885669 0.75213138
f 718/3595/718 716/3596/716 720/3597/720
vt 0.93885669 0.75213138
vt 0.66985433 0.43787264
vt 0.80455335 0.28122570
f 720/3598/720 715/3599/715 718/3600/718
g foliage_spray_042
usemtl foliage
s 1
v 0.28416398 0.05891954 0.55740835
v 0.32127867 0.11063657 0.71892884
v 0.21228785 0.11009422 0.57553150
v 0.25056466 0.15899785 0.73241610
v 0.26075124 -0.00999871 0.63457788
v 0.12731430 0.05709707 0.66292783
v 0.38948442 0.15715258 0.63371115
v 0.27446261 0.25876278 0.66314818
v 0.10778167 -0.10560734 0.57930964
v 0.36156953 0.23887966 0.59673326
v 0.15924193 -0.03575612 0.70495130
v 0.41224017 0.30765907 0.70954950
vn 0.40119564 -0.26600904 -0.87651654
vn 0.54150311 -0.41040723 0.73371677
vn -0.51044593 0.40310194 -0.75957473
vn -0.34793649 0.24651827 0.90452692
vn 0.66709152 -0.73815350 0.10058983
vn -0.91057466 0.39740958 0.11366358
vn 0.91086667 -0.39816780 -0.10855556
vn -0.64576384 0.75639205 -0.10421196
vn -0.44874104 -0.52025845 -0.72661037
vn 0.15692541 0.45362389 -0.87726837
vn -0.08080036 -0.48353178 0.87158954
vn 0.54429512 0.45460327 0.70503808
vt 0.18519157 0.20045112
vt 0.53417383 0.10406300
vt 0.48785042 0.44368806
f 729/3601/729 721/3602/721 725/3603/725
vt 0.39196289 0.18382344
vt 0.53417383 0.10406300
vt 0.18519157 0.20045112
f 723/3604/723 721/3605/721 729/3606/729
vt 0.68732504 0.27713291
vt 0.51497914 0.56942666
vt 0.78757975 0.77364004
f 730/3607/730 728/3608/728 732/3609/732
vt 0.53417383 0.10406300
vt 0.39196289 0.18382344
vt 0.68732504 0.27713291
f 721/3610/721 723/3611/723 730/3612/730
vt 0.68732504 0.27713291
vt 0.39196289 0.18382344
vt 0.51497914 0.56942666
f 730/3613/730 723/3614/723 728/3615/728
vt 0.46769571 0.87427653
vt 0.60760732 0.81491877
vt 0.78757975 0.77364004
f 724/3616/724 722/3617/722 732/3618/732
vt 0.78757975 0.77364004
vt 0.51497914 0.56942666
vt 0.46769571 0.87427653
f 732/3619/732 728/3620/728 724/3621/724
vt 0.74255622 0.43987353
vt 0.48785042 0.44368806
vt 0.53417383 0.10406300
f 727/3622/727 725/3623/725 721/3624/721
vt 0.74255622 0.43987353
vt 0.68732504 0.27713291
vt 0.78757975 0.77364004
f 727/3625/727 730/3626/730 732/3627/732
vt 0.53417383 0.10406300
vt 0.68732504 0.27713291
vt 0.74255622 0.43987353
f 721/3628/721 730/3629/730 727/3630/727
vt 0.78757975 0.77364004
vt 0.60760732 0.81491877
vt 0.74255622 0.43987353
f 732/3631/732 722/3632/722 727/3633/727
vt 0.60760732 0.81491877
vt 0.48785042 0.44368806
vt 0.74255622 0.43987353
f 722/3634/722 725/3635/725 727/3636/727
vt 0.60760732 0.81491877
vt 0.46769571 0.87427653
vt 0.28700858 0.75340326
f 722/3637/722 724/3638/724 731/3639/731
vt 0.18519157 0.20045112
vt 0.48785042 0.44368806
vt 0.28700858 0.75340326
f 729/3640/729 725/3641/725 731/3642/731
vt 0.28700858 0.75340326
vt 0.48785042 0.44368806
vt 0.60760732 0.81491877
f 731/3643/731 725/3644/725 722/3645/722
vt 0.22383797 0.56845690
vt 0.46769571 0.87427653
vt 0.51497914 0.56942666
f 726/3646/726 724/3647/724 728/3648/728
vt 0.22383797 0.56845690
vt 0.28700858 0.75340326
vt 0.46769571 0.87427653
f 726/3649/726 731/3650/731 724/3651/724
vt 0.18519157 0.20045112
vt 0.28700858 0.75340326
vt 0.22383797 0.56845690
f 729/3652/729 731/3653/731 726/3654/726
vt 0.22383797 0.56845690
vt 0.39196289 0.18382344
vt 0.18519157 0.20045112
f 726/3655/726 723/3656/723 729/3657/729
vt 0.51497914 0.56942666
vt 0.39196289 0.18382344
vt 0.22383797 0.56845690
f 728/3658/728 723/3659/723 726/3660/726
g foliage_spray_043
usemtl foliage
s 1
v 0.24430047 0.07896895 0.60601268
v 0.32424091 0.05032785 0.80686030
v 0.27604302 0.16059783 0.64661839
v 0.34547281 0.15574354 0.81263109
v 0.16913094 0.08005680 0.69613470
v 0.18632616 0.22707522 0.72517453
v 0.39270802 0.01863449 0.69521491
v 0.41214039 0.15217210 0.72177726
v 0.06440980 0.17577484 0.65244841
v 0.44993845 0.07812777 0.66151813
v 0.09449457 0.16815494 0.77133446
v 0.48199368 0.07000879 0.75563205
vn -0.09615117 -0.42511498 -0.90001789
vn -0.15529696 -0.68667879 0.71017962
vn 0.19088224 0.66367148 -0.72325938
vn 0.16767909 0.51386353 0.84132514
vn -0.44416861 -0.89455155 0.04991771
vn 0.05807627 0.99812267 0.01944933
vn 0.00075283 -0.99171411 -0.12846226
vn 0.46583827 0.87231819 -0.14851155
vn -0.58142596 0.30478480 -0.75435408
vn 0.52057001 0.12766704 -0.84422034
vn -0.52201514 -0.05734271 0.85100647
vn 0.76711893 -0.21892026 0.60299458
vt 0.03604879 0.23345136
vt 0.28142169 0.57377494
vt 0.46198880 0.20616965
f 741/3661/741 738/3662/738 735/3663/735
vt 0.46198880 0.20616965
vt 0.39810270 0.01615424
vt 0.03604879 0.23345136
f 735/3664/735 733/3665/733 741/3666/741
vt 0.09659839 0.78978142
vt 0.28142169 0.57377494
vt 0.03604879 0.23345136
f 743/3667/743 738/3668/738 741/3669/741
vt 0.60172550 0.98302998
vt 0.55899348 0.95602541
vt 0.87649191 0.71630165
f 736/3670/736 734/3671/734 744/3672/744
vt 1.28142169 0.57377494
vt 1.09659839 0.78978142
vt 0.60172550 0.98302998
f 738/3673/738 743/3674/743 736/3675/736
vt 0.60172550 0.98302998
vt 1.09659839 0.78978142
vt 0.55899348 0.95602541
f 736/3676/736 743/3677/743 734/3678/734
vt 0.03604879 0.23345136
vt 0.39810270 0.01615424
vt 0.24681402 0.43788235
f 741/3679/741 733/3680/733 737/3681/737
vt 0.24681402 0.43788235
vt 0.09659839 0.78978142
vt 0.03604879 0.23345136
f 737/3682/737 743/3683/743 741/3684/741
vt 0.55899348 0.95602541
vt 0.09659839 0.78978142
vt 0.24681402 0.43788235
f 734/3685/734 743/3686/743 737/3687/737
vt 0.87649191 0.71630165
vt 0.55899348 0.95602541
vt 0.69679264 0.43357820
f 744/3688/744 734/3689/734 739/3690/739
vt 0.69679264 0.43357820
vt 0.24681402 0.43788235
vt 0.39810270 0.01615424
f 739/3691/739 737/3692/737 733/3693/733
vt 0.55899348 0.95602541
vt 0.24681402 0.43788235
vt 0.69679264 0.43357820
f 734/3694/734 737/3695/737 739/3696/739
vt 0.39810270 0.01615424
vt 0.46198880 0.20616965
vt 0.81197651 0.27589332
f 733/3697/733 735/3698/735 742/3699/742
vt 0.87649191 0.71630165
vt 0.69679264 0.43357820
vt 0.81197651 0.27589332
f 744/3700/744 739/3701/739 742/3702/742
vt 0.81197651 0.27589332
vt 0.69679264 0.43357820
vt 0.39810270 0.01615424
f 742/3703/742 739/3704/739 733/3705/733
vt 0.73590288 0.55787735
vt 0.46198880 0.20616965
vt 0.28142169 0.57377494
f 740/3706/740 735/3707/735 738/3708/738
vt 0.73590288 0.55787735
vt 0.81197651 0.27589332
vt 0.46198880 0.20616965
f 740/3709/740 742/3710/742 735/3711/735
vt 0.28142169 0.57377494
vt 0.60172550 0.98302998
vt 0.73590288 0.55787735
f 738/3712/738 736/3713/736 740/3714/740
vt 0.73590288 0.55787735
vt 0.60172550 0.98302998
vt 0.87649191 0.71630165
f 740/3715/740 736/3716/736 744/3717/744
vt 0.87649191 0.71630165
vt 0.81197651 0.27589332
vt 0.73590288 0.55787735
f 744/3718/744 742/3719/742 740/3720/740
g foliage_spray_044
usemtl foliage
s 1
v 0.33876473 0.06006719 0.66297384
v 0.38891820 0.12794507 0.85246550
v 0.27011181 0.12097385 0.70348719
v 0.30560149 0.18082321 0.86061571
v 0.30393585 -0.04383794 0.75120413
v 0.21275400 0.07627838 0.77884986
v 0.43452128 0.17379759 0.75578158
v 0.33818686 0.28880930 0.78364147
v 0.20779823 -0.02997667 0.72458154
v 0.42248553 0.26143594 0.71957580
v 0.20314495 -0.03629295 0.82352044
v 0.46163864 0.31458166 0.82079041
vn 0.32957825 -0.23276597 -0.91498535
vn 0.55358280 -0.38642217 0.73771539
vn -0.56185026 0.38798504 -0.73061063
vn -0.40915657 0.28590485 0.86651562
vn 0.66090345 -0.74811318 0.05944158
vn -0.92101893 0.38719758 0.04245193
vn 0.91983572 -0.37277519 -0.12223301
vn -0.67226522 0.72954546 -0.12578912
vn -0.63494687 -0.30773520 -0.70861944
vn 0.14915369 0.43865309 -0.88619221
vn -0.25281967 -0.42356787 0.86986923
vn 0.58946448 0.44331342 0.67528131
vt 0.26468735 0.77995960
vt 0.46556376 0.41812438
vt 0.63493370 0.92478645
f 755/3721/755 749/3722/749 746/3723/746
vt 0.70183344 0.25987178
vt 0.53382606 0.58042486
vt 0.77986564 0.76629986
f 754/3724/754 752/3725/752 756/3726/756
vt 0.53497777 -0.02333661
vt 0.39815239 0.17937227
vt 0.70183344 0.25987178
f 745/3727/745 747/3728/747 754/3729/754
vt 0.70183344 0.25987178
vt 0.39815239 0.17937227
vt 0.53382606 0.58042486
f 754/3730/754 747/3731/747 752/3732/752
vt 0.77986564 0.76629986
vt 0.53382606 0.58042486
vt 0.46888338 0.96556610
f 756/3733/756 752/3734/752 748/3735/748
vt 0.46888338 0.96556610
vt 0.63493370 0.92478645
vt 0.77986564 0.76629986
f 748/3736/748 746/3737/746 756/3738/756
vt 0.26468735 0.77995960
vt 0.63493370 0.92478645
vt 0.46888338 0.96556610
f 755/3739/755 746/3740/746 748/3741/748
vt 0.46556376 0.41812438
vt 0.53497777 -0.02333661
vt 0.72582070 0.44102764
f 749/3742/749 745/3743/745 751/3744/751
vt 0.72582070 0.44102764
vt 0.63493370 0.92478645
vt 0.46556376 0.41812438
f 751/3745/751 746/3746/746 749/3747/749
vt 0.77986564 0.76629986
vt 0.63493370 0.92478645
vt 0.72582070 0.44102764
f 756/3748/756 746/3749/746 751/3750/751
vt 0.72582070 0.44102764
vt 0.70183344 0.25987178
vt 0.77986564 0.76629986
f 751/3751/751 754/3752/754 756/3753/756
vt 0.53497777 -0.02333661
vt 0.70183344 0.25987178
vt 0.72582070 0.44102764
f 745/3754/745 754/3755/754 751/3756/751
vt 0.27396135 0.28491800
vt 0.39815239 0.17937227
vt 0.53497777 -0.02333661
f 753/3757/753 747/3758/747 745/3759/745
vt 0.27396135 0.28491800
vt 0.46556376 0.41812438
vt 0.26468735 0.77995960
f 753/3760/753 749/3761/749 755/3762/755
vt 0.27396135 0.28491800
vt 0.53497777 -0.02333661
vt 0.46556376 0.41812438
f 753/3763/753 745/3764/745 749/3765/749
vt 0.53382606 0.58042486
vt 0.39815239 0.17937227
vt 0.28383820 0.55644996
f 752/3766/752 747/3767/747 750/3768/750
vt 0.26468735 0.77995960
vt 0.46888338 0.96556610
vt 0.28383820 0.55644996
f 755/3769/755 748/3770/748 750/3771/750
vt 0.28383820 0.55644996
vt 0.46888338 0.96556610
vt 0.53382606 0.58042486
f 750/3772/750 748/3773/748 752/3774/752
vt 0.28383820 0.55644996
vt 0.27396135 0.28491800
vt 0.26468735 0.77995960
f 750/3775/750 753/3776/753 755/3777/755
vt 0.39815239 0.17937227
vt 0.27396135 0.28491800
vt 0.28383820 0.55644996
f 747/3778/747 753/3779/753 750/3780/750
